lead_id,created_date,company_name,lead_source,industry,company_size,region,lead_status
1,2025-10-16,Company_00001,Website,Professional Services,SMB,Japan,New
2,2024-05-22,Company_00002,Outbound,Professional Services,Mid-Market,Taiwan,New
3,2025-08-27,Company_00003,Paid Ads,Technology,SMB,Japan,New
4,2025-06-01,Company_00004,Referral,Financial Services,SMB,Hong Kong,New
5,2024-08-13,Company_00005,Paid Ads,Manufacturing,Mid-Market,Taiwan,New
6,2024-06-12,Company_00006,Outbound,Manufacturing,SMB,Japan,New
7,2024-12-10,Company_00007,Website,Healthcare,SMB,Singapore,New
8,2025-09-10,Company_00008,Website,Technology,Mid-Market,Taiwan,New
9,2025-01-22,Company_00009,Website,Manufacturing,Mid-Market,Singapore,New
10,2025-08-14,Company_00010,Website,Technology,SMB,Japan,New
11,2024-10-23,Company_00011,Event,Retail,Enterprise,Hong Kong,New
12,2024-10-11,Company_00012,Paid Ads,Manufacturing,SMB,Singapore,New
13,2024-08-02,Company_00013,Outbound,Professional Services,Enterprise,Taiwan,New
14,2025-09-15,Company_00014,Referral,Financial Services,Mid-Market,Japan,New
15,2025-04-18,Company_00015,Paid Ads,Professional Services,Mid-Market,Japan,New
16,2025-12-02,Company_00016,Paid Ads,Technology,SMB,Taiwan,New
17,2024-11-19,Company_00017,Paid Ads,Technology,SMB,Singapore,New
18,2024-08-05,Company_00018,Outbound,Healthcare,Enterprise,Hong Kong,New
19,2024-05-26,Company_00019,Website,Retail,Mid-Market,Singapore,New
20,2025-08-21,Company_00020,Paid Ads,Financial Services,SMB,Japan,New
21,2024-05-21,Company_00021,Referral,Technology,Mid-Market,Taiwan,New
22,2024-06-05,Company_00022,Referral,Professional Services,SMB,Taiwan,New
23,2025-01-29,Company_00023,Paid Ads,Healthcare,SMB,Taiwan,New
24,2025-11-27,Company_00024,Outbound,Professional Services,Enterprise,Singapore,New
25,2025-10-18,Company_00025,Paid Ads,Manufacturing,SMB,Hong Kong,New
26,2024-01-04,Company_00026,Event,Professional Services,SMB,Japan,New
27,2025-06-03,Company_00027,Partner,Professional Services,SMB,Japan,New
28,2024-06-05,Company_00028,Paid Ads,Retail,SMB,Taiwan,New
29,2025-09-05,Company_00029,Paid Ads,Technology,SMB,Singapore,New
30,2024-11-10,Company_00030,Website,Retail,Enterprise,Taiwan,New
31,2024-03-28,Company_00031,Outbound,Technology,Enterprise,Japan,New
32,2024-05-11,Company_00032,Outbound,Financial Services,SMB,Hong Kong,New
33,2024-08-04,Company_00033,Partner,Professional Services,Mid-Market,Singapore,New
34,2025-02-12,Company_00034,Event,Professional Services,SMB,Hong Kong,New
35,2024-05-03,Company_00035,Website,Technology,SMB,Japan,New
36,2025-08-25,Company_00036,Website,Technology,Mid-Market,Taiwan,New
37,2024-08-22,Company_00037,Website,Technology,Enterprise,Taiwan,New
38,2025-06-10,Company_00038,Website,Professional Services,SMB,Japan,New
39,2025-08-07,Company_00039,Referral,Retail,Mid-Market,Hong Kong,New
40,2024-07-13,Company_00040,Website,Professional Services,SMB,Hong Kong,New
41,2025-02-24,Company_00041,Paid Ads,Professional Services,SMB,Taiwan,New
42,2024-03-03,Company_00042,Paid Ads,Manufacturing,Mid-Market,Taiwan,New
43,2024-09-11,Company_00043,Website,Financial Services,SMB,Hong Kong,New
44,2024-07-06,Company_00044,Website,Retail,Enterprise,Taiwan,New
45,2025-03-29,Company_00045,Outbound,Financial Services,SMB,Taiwan,New
46,2024-04-05,Company_00046,Partner,Retail,SMB,Hong Kong,New
47,2025-05-07,Company_00047,Website,Healthcare,Enterprise,Japan,New
48,2025-01-23,Company_00048,Website,Healthcare,SMB,Hong Kong,New
49,2024-10-19,Company_00049,Paid Ads,Professional Services,Enterprise,Hong Kong,New
50,2024-06-07,Company_00050,Website,Retail,Enterprise,Taiwan,New
51,2024-11-17,Company_00051,Website,Financial Services,SMB,Japan,New
52,2024-02-28,Company_00052,Event,Technology,Enterprise,Taiwan,New
53,2025-09-01,Company_00053,Website,Retail,SMB,Japan,New
54,2025-08-15,Company_00054,Referral,Financial Services,SMB,Singapore,New
55,2024-09-24,Company_00055,Website,Professional Services,SMB,Singapore,New
56,2025-02-09,Company_00056,Website,Professional Services,SMB,Singapore,New
57,2024-03-15,Company_00057,Website,Financial Services,Enterprise,Taiwan,New
58,2024-03-16,Company_00058,Referral,Financial Services,SMB,Singapore,New
59,2024-03-11,Company_00059,Partner,Manufacturing,SMB,Hong Kong,New
60,2025-07-10,Company_00060,Outbound,Financial Services,Enterprise,Taiwan,New
61,2025-11-14,Company_00061,Outbound,Manufacturing,Enterprise,Taiwan,New
62,2024-05-17,Company_00062,Website,Technology,Mid-Market,Japan,New
63,2024-10-05,Company_00063,Website,Retail,Mid-Market,Japan,New
64,2025-12-04,Company_00064,Referral,Manufacturing,SMB,Singapore,New
65,2024-02-22,Company_00065,Website,Healthcare,Mid-Market,Taiwan,New
66,2024-01-04,Company_00066,Paid Ads,Retail,Mid-Market,Singapore,New
67,2024-06-14,Company_00067,Outbound,Financial Services,Mid-Market,Taiwan,New
68,2024-04-24,Company_00068,Website,Professional Services,Enterprise,Taiwan,New
69,2025-01-13,Company_00069,Referral,Retail,SMB,Taiwan,New
70,2024-11-11,Company_00070,Paid Ads,Technology,Enterprise,Japan,New
71,2025-11-29,Company_00071,Website,Technology,SMB,Hong Kong,New
72,2025-09-27,Company_00072,Outbound,Retail,Enterprise,Japan,New
73,2025-02-26,Company_00073,Website,Professional Services,Enterprise,Hong Kong,New
74,2025-11-16,Company_00074,Partner,Retail,SMB,Taiwan,New
75,2025-01-26,Company_00075,Partner,Healthcare,SMB,Hong Kong,New
76,2024-12-24,Company_00076,Paid Ads,Retail,SMB,Japan,New
77,2025-02-12,Company_00077,Paid Ads,Technology,Enterprise,Singapore,New
78,2024-12-25,Company_00078,Referral,Healthcare,Mid-Market,Singapore,New
79,2024-01-29,Company_00079,Website,Manufacturing,SMB,Singapore,New
80,2024-02-09,Company_00080,Website,Healthcare,SMB,Singapore,New
81,2025-03-22,Company_00081,Referral,Financial Services,SMB,Japan,New
82,2024-09-17,Company_00082,Website,Healthcare,SMB,Japan,New
83,2025-01-07,Company_00083,Paid Ads,Professional Services,Enterprise,Singapore,New
84,2025-11-10,Company_00084,Outbound,Professional Services,Enterprise,Singapore,New
85,2025-11-13,Company_00085,Paid Ads,Healthcare,Mid-Market,Japan,New
86,2024-07-15,Company_00086,Paid Ads,Healthcare,Mid-Market,Japan,New
87,2025-09-22,Company_00087,Referral,Healthcare,SMB,Taiwan,New
88,2024-11-07,Company_00088,Website,Healthcare,Mid-Market,Singapore,New
89,2025-04-21,Company_00089,Paid Ads,Professional Services,SMB,Hong Kong,New
90,2024-06-22,Company_00090,Outbound,Manufacturing,SMB,Singapore,New
91,2024-04-05,Company_00091,Outbound,Retail,Mid-Market,Japan,New
92,2024-07-22,Company_00092,Website,Technology,SMB,Hong Kong,New
93,2025-09-17,Company_00093,Outbound,Technology,SMB,Japan,New
94,2025-12-14,Company_00094,Paid Ads,Healthcare,SMB,Taiwan,New
95,2024-04-19,Company_00095,Outbound,Retail,SMB,Hong Kong,New
96,2024-02-21,Company_00096,Referral,Technology,SMB,Hong Kong,New
97,2025-11-14,Company_00097,Referral,Financial Services,Mid-Market,Hong Kong,New
98,2025-09-19,Company_00098,Outbound,Financial Services,SMB,Hong Kong,New
99,2024-06-11,Company_00099,Outbound,Healthcare,SMB,Japan,New
100,2025-10-14,Company_00100,Website,Financial Services,SMB,Japan,New
101,2024-10-08,Company_00101,Paid Ads,Professional Services,SMB,Singapore,New
102,2024-12-09,Company_00102,Paid Ads,Financial Services,SMB,Japan,New
103,2024-08-24,Company_00103,Paid Ads,Retail,Mid-Market,Taiwan,New
104,2025-02-28,Company_00104,Paid Ads,Financial Services,SMB,Taiwan,New
105,2024-07-30,Company_00105,Outbound,Healthcare,Enterprise,Taiwan,New
106,2025-08-12,Company_00106,Paid Ads,Technology,Enterprise,Singapore,New
107,2025-02-03,Company_00107,Partner,Healthcare,SMB,Japan,New
108,2025-05-14,Company_00108,Website,Healthcare,SMB,Hong Kong,New
109,2024-12-10,Company_00109,Outbound,Healthcare,Mid-Market,Hong Kong,New
110,2024-05-10,Company_00110,Event,Financial Services,SMB,Hong Kong,New
111,2025-08-29,Company_00111,Referral,Technology,SMB,Hong Kong,New
112,2024-05-18,Company_00112,Partner,Retail,SMB,Hong Kong,New
113,2024-12-01,Company_00113,Website,Manufacturing,SMB,Hong Kong,New
114,2024-10-11,Company_00114,Outbound,Healthcare,SMB,Taiwan,New
115,2025-04-26,Company_00115,Website,Financial Services,SMB,Singapore,New
116,2024-08-17,Company_00116,Outbound,Professional Services,SMB,Taiwan,New
117,2024-09-10,Company_00117,Website,Technology,Mid-Market,Japan,New
118,2024-05-09,Company_00118,Paid Ads,Technology,Mid-Market,Japan,New
119,2025-04-21,Company_00119,Outbound,Manufacturing,SMB,Taiwan,New
120,2024-06-16,Company_00120,Event,Technology,Mid-Market,Singapore,New
121,2025-08-12,Company_00121,Outbound,Healthcare,SMB,Japan,New
122,2024-03-18,Company_00122,Referral,Professional Services,SMB,Singapore,New
123,2025-12-01,Company_00123,Referral,Technology,Mid-Market,Taiwan,New
124,2024-12-21,Company_00124,Referral,Professional Services,SMB,Singapore,New
125,2024-01-13,Company_00125,Outbound,Healthcare,SMB,Singapore,New
126,2025-10-12,Company_00126,Partner,Healthcare,Mid-Market,Hong Kong,New
127,2024-06-29,Company_00127,Outbound,Professional Services,SMB,Hong Kong,New
128,2025-04-21,Company_00128,Paid Ads,Professional Services,Mid-Market,Singapore,New
129,2024-09-08,Company_00129,Outbound,Technology,SMB,Hong Kong,New
130,2024-09-06,Company_00130,Outbound,Financial Services,Mid-Market,Hong Kong,New
131,2024-12-10,Company_00131,Website,Manufacturing,SMB,Japan,New
132,2024-12-29,Company_00132,Outbound,Manufacturing,SMB,Singapore,New
133,2025-07-23,Company_00133,Website,Retail,SMB,Hong Kong,New
134,2025-05-15,Company_00134,Referral,Retail,Mid-Market,Hong Kong,New
135,2025-04-03,Company_00135,Outbound,Technology,SMB,Hong Kong,New
136,2025-12-09,Company_00136,Website,Professional Services,Mid-Market,Hong Kong,New
137,2025-07-20,Company_00137,Referral,Healthcare,Enterprise,Singapore,New
138,2024-12-26,Company_00138,Outbound,Manufacturing,SMB,Japan,New
139,2024-05-03,Company_00139,Outbound,Manufacturing,SMB,Japan,New
140,2024-07-15,Company_00140,Website,Healthcare,SMB,Singapore,New
141,2024-04-12,Company_00141,Outbound,Manufacturing,SMB,Japan,New
142,2024-11-05,Company_00142,Website,Financial Services,SMB,Taiwan,New
143,2024-02-25,Company_00143,Referral,Professional Services,Enterprise,Hong Kong,New
144,2024-04-15,Company_00144,Partner,Financial Services,SMB,Hong Kong,New
145,2025-03-27,Company_00145,Paid Ads,Technology,SMB,Hong Kong,New
146,2024-04-26,Company_00146,Outbound,Healthcare,SMB,Taiwan,New
147,2024-06-04,Company_00147,Website,Financial Services,Enterprise,Taiwan,New
148,2024-09-11,Company_00148,Website,Healthcare,Mid-Market,Japan,New
149,2025-06-19,Company_00149,Paid Ads,Healthcare,SMB,Hong Kong,New
150,2024-11-08,Company_00150,Referral,Technology,Mid-Market,Taiwan,New
151,2024-07-31,Company_00151,Referral,Manufacturing,Mid-Market,Japan,New
152,2024-09-02,Company_00152,Website,Technology,SMB,Hong Kong,New
153,2025-04-06,Company_00153,Outbound,Healthcare,SMB,Japan,New
154,2024-10-22,Company_00154,Outbound,Professional Services,Enterprise,Taiwan,New
155,2025-12-04,Company_00155,Website,Manufacturing,Mid-Market,Japan,New
156,2025-03-11,Company_00156,Website,Retail,Mid-Market,Singapore,New
157,2024-05-25,Company_00157,Website,Retail,Mid-Market,Singapore,New
158,2025-03-25,Company_00158,Website,Professional Services,SMB,Hong Kong,New
159,2024-10-05,Company_00159,Referral,Healthcare,SMB,Taiwan,New
160,2025-03-18,Company_00160,Outbound,Financial Services,SMB,Taiwan,New
161,2024-08-22,Company_00161,Event,Financial Services,Mid-Market,Taiwan,New
162,2025-11-19,Company_00162,Outbound,Financial Services,SMB,Japan,New
163,2025-04-26,Company_00163,Referral,Healthcare,Enterprise,Japan,New
164,2025-08-22,Company_00164,Paid Ads,Healthcare,Enterprise,Hong Kong,New
165,2024-12-22,Company_00165,Paid Ads,Manufacturing,Mid-Market,Japan,New
166,2024-12-03,Company_00166,Paid Ads,Healthcare,SMB,Hong Kong,New
167,2025-07-17,Company_00167,Website,Technology,SMB,Singapore,New
168,2024-04-28,Company_00168,Event,Healthcare,Enterprise,Taiwan,New
169,2025-11-04,Company_00169,Partner,Healthcare,SMB,Japan,New
170,2025-06-14,Company_00170,Paid Ads,Healthcare,Mid-Market,Taiwan,New
171,2024-07-27,Company_00171,Website,Retail,Enterprise,Hong Kong,New
172,2025-12-16,Company_00172,Paid Ads,Technology,Enterprise,Japan,New
173,2025-12-27,Company_00173,Website,Financial Services,SMB,Hong Kong,New
174,2024-04-05,Company_00174,Website,Technology,SMB,Taiwan,New
175,2025-10-25,Company_00175,Outbound,Healthcare,Enterprise,Singapore,New
176,2025-06-05,Company_00176,Outbound,Healthcare,Mid-Market,Hong Kong,New
177,2024-09-06,Company_00177,Paid Ads,Retail,SMB,Japan,New
178,2024-03-12,Company_00178,Website,Healthcare,SMB,Singapore,New
179,2024-01-03,Company_00179,Website,Manufacturing,Mid-Market,Hong Kong,New
180,2024-06-01,Company_00180,Paid Ads,Healthcare,SMB,Hong Kong,New
181,2025-04-11,Company_00181,Partner,Retail,Enterprise,Japan,New
182,2025-08-08,Company_00182,Paid Ads,Healthcare,SMB,Hong Kong,New
183,2025-12-23,Company_00183,Partner,Healthcare,SMB,Japan,New
184,2025-05-22,Company_00184,Event,Retail,SMB,Singapore,New
185,2024-04-12,Company_00185,Partner,Healthcare,SMB,Hong Kong,New
186,2024-01-16,Company_00186,Outbound,Healthcare,Enterprise,Japan,New
187,2024-03-17,Company_00187,Paid Ads,Manufacturing,SMB,Hong Kong,New
188,2025-10-27,Company_00188,Website,Manufacturing,Enterprise,Hong Kong,New
189,2024-11-20,Company_00189,Referral,Healthcare,Enterprise,Taiwan,New
190,2025-09-24,Company_00190,Website,Professional Services,Mid-Market,Singapore,New
191,2024-08-20,Company_00191,Outbound,Healthcare,Enterprise,Taiwan,New
192,2025-03-30,Company_00192,Website,Manufacturing,Enterprise,Taiwan,New
193,2024-11-28,Company_00193,Outbound,Manufacturing,SMB,Hong Kong,New
194,2024-05-29,Company_00194,Website,Healthcare,Mid-Market,Japan,New
195,2024-06-23,Company_00195,Website,Financial Services,Enterprise,Japan,New
196,2025-05-24,Company_00196,Partner,Retail,SMB,Singapore,New
197,2025-04-15,Company_00197,Website,Technology,Enterprise,Hong Kong,New
198,2024-10-21,Company_00198,Outbound,Retail,SMB,Singapore,New
199,2025-08-24,Company_00199,Website,Healthcare,Mid-Market,Hong Kong,New
200,2024-11-05,Company_00200,Website,Healthcare,Enterprise,Taiwan,New
201,2024-08-30,Company_00201,Paid Ads,Manufacturing,Mid-Market,Singapore,New
202,2024-01-23,Company_00202,Event,Professional Services,SMB,Taiwan,New
203,2025-08-02,Company_00203,Partner,Professional Services,Enterprise,Hong Kong,New
204,2024-10-20,Company_00204,Outbound,Retail,Mid-Market,Singapore,New
205,2024-08-12,Company_00205,Referral,Financial Services,SMB,Japan,New
206,2025-10-05,Company_00206,Website,Professional Services,Mid-Market,Singapore,New
207,2025-03-27,Company_00207,Website,Manufacturing,Mid-Market,Taiwan,New
208,2024-10-29,Company_00208,Paid Ads,Healthcare,SMB,Japan,New
209,2025-07-06,Company_00209,Partner,Manufacturing,SMB,Singapore,New
210,2024-06-17,Company_00210,Website,Healthcare,Enterprise,Singapore,New
211,2024-12-12,Company_00211,Outbound,Healthcare,Enterprise,Japan,New
212,2024-08-19,Company_00212,Partner,Professional Services,Mid-Market,Hong Kong,New
213,2025-07-24,Company_00213,Paid Ads,Healthcare,SMB,Taiwan,New
214,2025-04-10,Company_00214,Paid Ads,Professional Services,Mid-Market,Hong Kong,New
215,2025-10-15,Company_00215,Partner,Technology,Mid-Market,Hong Kong,New
216,2024-01-26,Company_00216,Referral,Financial Services,SMB,Japan,New
217,2025-10-25,Company_00217,Website,Healthcare,Enterprise,Singapore,New
218,2025-10-26,Company_00218,Paid Ads,Retail,SMB,Taiwan,New
219,2024-11-07,Company_00219,Event,Technology,SMB,Japan,New
220,2025-02-01,Company_00220,Paid Ads,Professional Services,Enterprise,Hong Kong,New
221,2025-08-24,Company_00221,Outbound,Retail,Enterprise,Taiwan,New
222,2025-05-16,Company_00222,Referral,Manufacturing,SMB,Singapore,New
223,2024-08-10,Company_00223,Paid Ads,Retail,Enterprise,Taiwan,New
224,2025-12-03,Company_00224,Paid Ads,Professional Services,SMB,Hong Kong,New
225,2024-10-09,Company_00225,Website,Technology,Enterprise,Hong Kong,New
226,2024-04-03,Company_00226,Outbound,Professional Services,Mid-Market,Taiwan,New
227,2024-02-21,Company_00227,Outbound,Retail,Enterprise,Japan,New
228,2024-03-11,Company_00228,Outbound,Financial Services,SMB,Japan,New
229,2024-08-26,Company_00229,Paid Ads,Retail,Mid-Market,Taiwan,New
230,2024-10-10,Company_00230,Partner,Retail,Enterprise,Singapore,New
231,2024-06-27,Company_00231,Website,Technology,SMB,Singapore,New
232,2024-08-31,Company_00232,Referral,Technology,SMB,Taiwan,New
233,2024-05-09,Company_00233,Outbound,Financial Services,SMB,Taiwan,New
234,2025-05-02,Company_00234,Paid Ads,Manufacturing,SMB,Taiwan,New
235,2025-04-07,Company_00235,Referral,Financial Services,SMB,Singapore,New
236,2025-04-14,Company_00236,Referral,Technology,SMB,Hong Kong,New
237,2025-02-15,Company_00237,Paid Ads,Technology,SMB,Hong Kong,New
238,2024-03-16,Company_00238,Partner,Manufacturing,Mid-Market,Taiwan,New
239,2024-05-09,Company_00239,Website,Professional Services,Mid-Market,Singapore,New
240,2025-01-25,Company_00240,Event,Financial Services,SMB,Hong Kong,New
241,2024-04-11,Company_00241,Outbound,Technology,Enterprise,Japan,New
242,2025-03-16,Company_00242,Paid Ads,Retail,SMB,Hong Kong,New
243,2025-02-12,Company_00243,Paid Ads,Technology,SMB,Singapore,New
244,2025-11-12,Company_00244,Website,Retail,Mid-Market,Hong Kong,New
245,2024-03-09,Company_00245,Website,Technology,SMB,Taiwan,New
246,2025-01-16,Company_00246,Outbound,Financial Services,SMB,Singapore,New
247,2025-11-17,Company_00247,Website,Manufacturing,Enterprise,Hong Kong,New
248,2024-02-22,Company_00248,Event,Financial Services,SMB,Taiwan,New
249,2025-08-14,Company_00249,Referral,Retail,Mid-Market,Japan,New
250,2024-04-20,Company_00250,Paid Ads,Financial Services,SMB,Singapore,New
251,2025-08-10,Company_00251,Website,Healthcare,Mid-Market,Taiwan,New
252,2025-09-15,Company_00252,Partner,Professional Services,SMB,Japan,New
253,2024-10-06,Company_00253,Outbound,Manufacturing,Enterprise,Singapore,New
254,2024-01-07,Company_00254,Website,Retail,Mid-Market,Hong Kong,New
255,2024-03-12,Company_00255,Website,Professional Services,Enterprise,Taiwan,New
256,2025-06-27,Company_00256,Website,Healthcare,SMB,Japan,New
257,2025-01-13,Company_00257,Paid Ads,Manufacturing,Mid-Market,Taiwan,New
258,2024-02-23,Company_00258,Website,Financial Services,SMB,Taiwan,New
259,2024-10-05,Company_00259,Paid Ads,Healthcare,SMB,Hong Kong,New
260,2025-02-28,Company_00260,Website,Financial Services,SMB,Hong Kong,New
261,2024-04-23,Company_00261,Website,Professional Services,Mid-Market,Singapore,New
262,2024-02-16,Company_00262,Website,Financial Services,SMB,Japan,New
263,2024-11-04,Company_00263,Partner,Retail,Mid-Market,Singapore,New
264,2024-12-01,Company_00264,Website,Healthcare,Mid-Market,Japan,New
265,2024-05-12,Company_00265,Paid Ads,Professional Services,SMB,Singapore,New
266,2024-03-14,Company_00266,Paid Ads,Professional Services,SMB,Taiwan,New
267,2025-04-15,Company_00267,Partner,Manufacturing,Mid-Market,Hong Kong,New
268,2025-12-27,Company_00268,Referral,Manufacturing,SMB,Taiwan,New
269,2024-11-28,Company_00269,Website,Financial Services,SMB,Singapore,New
270,2024-03-31,Company_00270,Paid Ads,Technology,SMB,Hong Kong,New
271,2025-06-20,Company_00271,Website,Manufacturing,Mid-Market,Japan,New
272,2024-12-07,Company_00272,Outbound,Technology,SMB,Taiwan,New
273,2025-06-27,Company_00273,Referral,Manufacturing,SMB,Japan,New
274,2024-08-29,Company_00274,Website,Manufacturing,SMB,Japan,New
275,2025-11-02,Company_00275,Website,Professional Services,SMB,Hong Kong,New
276,2025-11-28,Company_00276,Partner,Financial Services,Mid-Market,Singapore,New
277,2025-10-04,Company_00277,Paid Ads,Healthcare,SMB,Hong Kong,New
278,2025-10-08,Company_00278,Paid Ads,Manufacturing,Mid-Market,Singapore,New
279,2025-06-03,Company_00279,Website,Healthcare,SMB,Taiwan,New
280,2025-01-12,Company_00280,Outbound,Technology,Mid-Market,Taiwan,New
281,2025-09-21,Company_00281,Referral,Healthcare,SMB,Taiwan,New
282,2025-04-05,Company_00282,Partner,Financial Services,Mid-Market,Singapore,New
283,2025-09-11,Company_00283,Paid Ads,Retail,Enterprise,Hong Kong,New
284,2024-04-15,Company_00284,Outbound,Manufacturing,Enterprise,Taiwan,New
285,2025-05-31,Company_00285,Referral,Technology,SMB,Hong Kong,New
286,2025-03-25,Company_00286,Referral,Financial Services,SMB,Singapore,New
287,2024-10-16,Company_00287,Paid Ads,Manufacturing,Mid-Market,Taiwan,New
288,2025-10-08,Company_00288,Referral,Technology,SMB,Hong Kong,New
289,2024-10-17,Company_00289,Website,Professional Services,Enterprise,Japan,New
290,2024-12-07,Company_00290,Website,Professional Services,SMB,Singapore,New
291,2024-11-13,Company_00291,Event,Professional Services,Mid-Market,Japan,New
292,2025-09-01,Company_00292,Outbound,Technology,SMB,Hong Kong,New
293,2025-10-20,Company_00293,Outbound,Retail,Mid-Market,Taiwan,New
294,2025-10-23,Company_00294,Outbound,Financial Services,SMB,Singapore,New
295,2024-11-12,Company_00295,Website,Retail,SMB,Hong Kong,New
296,2024-07-15,Company_00296,Website,Retail,SMB,Singapore,New
297,2024-04-13,Company_00297,Referral,Financial Services,Mid-Market,Taiwan,New
298,2025-11-08,Company_00298,Paid Ads,Financial Services,SMB,Hong Kong,New
299,2024-06-06,Company_00299,Website,Professional Services,Mid-Market,Japan,New
300,2025-03-24,Company_00300,Website,Manufacturing,Mid-Market,Japan,New
301,2025-03-30,Company_00301,Referral,Professional Services,Mid-Market,Japan,New
302,2025-06-30,Company_00302,Website,Healthcare,Enterprise,Japan,New
303,2025-01-11,Company_00303,Outbound,Financial Services,Enterprise,Hong Kong,New
304,2024-10-15,Company_00304,Outbound,Financial Services,SMB,Japan,New
305,2024-07-23,Company_00305,Outbound,Retail,Enterprise,Taiwan,New
306,2025-10-18,Company_00306,Paid Ads,Manufacturing,Mid-Market,Taiwan,New
307,2025-12-29,Company_00307,Outbound,Technology,SMB,Japan,New
308,2024-10-06,Company_00308,Paid Ads,Financial Services,SMB,Hong Kong,New
309,2024-04-03,Company_00309,Partner,Retail,Mid-Market,Singapore,New
310,2024-01-28,Company_00310,Paid Ads,Healthcare,SMB,Japan,New
311,2025-01-30,Company_00311,Event,Manufacturing,SMB,Singapore,New
312,2024-04-11,Company_00312,Outbound,Professional Services,SMB,Japan,New
313,2024-05-20,Company_00313,Website,Healthcare,Mid-Market,Japan,New
314,2025-12-23,Company_00314,Paid Ads,Financial Services,SMB,Taiwan,New
315,2024-01-20,Company_00315,Website,Retail,SMB,Hong Kong,New
316,2024-04-23,Company_00316,Outbound,Retail,SMB,Taiwan,New
317,2024-09-01,Company_00317,Paid Ads,Financial Services,SMB,Taiwan,New
318,2025-05-26,Company_00318,Referral,Technology,Mid-Market,Japan,New
319,2024-05-27,Company_00319,Website,Technology,Mid-Market,Japan,New
320,2025-08-07,Company_00320,Paid Ads,Professional Services,Mid-Market,Singapore,New
321,2024-03-10,Company_00321,Event,Financial Services,SMB,Taiwan,New
322,2025-02-03,Company_00322,Partner,Technology,Mid-Market,Singapore,New
323,2024-09-16,Company_00323,Outbound,Manufacturing,Mid-Market,Singapore,New
324,2024-09-03,Company_00324,Outbound,Professional Services,SMB,Singapore,New
325,2024-05-16,Company_00325,Website,Financial Services,SMB,Japan,New
326,2025-12-02,Company_00326,Paid Ads,Professional Services,SMB,Japan,New
327,2024-05-18,Company_00327,Website,Healthcare,SMB,Japan,New
328,2024-02-14,Company_00328,Outbound,Technology,SMB,Singapore,New
329,2025-06-11,Company_00329,Paid Ads,Financial Services,SMB,Taiwan,New
330,2025-10-24,Company_00330,Website,Manufacturing,Enterprise,Taiwan,New
331,2025-11-02,Company_00331,Paid Ads,Technology,Mid-Market,Hong Kong,New
332,2025-02-13,Company_00332,Outbound,Healthcare,SMB,Japan,New
333,2025-05-23,Company_00333,Outbound,Manufacturing,Enterprise,Singapore,New
334,2024-03-25,Company_00334,Outbound,Technology,SMB,Japan,New
335,2025-07-12,Company_00335,Website,Technology,SMB,Singapore,New
336,2024-11-09,Company_00336,Paid Ads,Professional Services,SMB,Hong Kong,New
337,2024-12-25,Company_00337,Paid Ads,Professional Services,Enterprise,Singapore,New
338,2025-09-21,Company_00338,Event,Manufacturing,Mid-Market,Taiwan,New
339,2024-03-17,Company_00339,Outbound,Healthcare,SMB,Japan,New
340,2024-02-01,Company_00340,Website,Financial Services,Mid-Market,Hong Kong,New
341,2024-02-05,Company_00341,Website,Retail,Mid-Market,Singapore,New
342,2025-01-05,Company_00342,Paid Ads,Financial Services,SMB,Japan,New
343,2025-11-26,Company_00343,Paid Ads,Manufacturing,SMB,Taiwan,New
344,2025-08-10,Company_00344,Website,Manufacturing,SMB,Singapore,New
345,2024-09-12,Company_00345,Event,Technology,Mid-Market,Hong Kong,New
346,2025-06-14,Company_00346,Paid Ads,Financial Services,SMB,Singapore,New
347,2025-12-21,Company_00347,Paid Ads,Financial Services,SMB,Hong Kong,New
348,2024-07-23,Company_00348,Website,Technology,SMB,Hong Kong,New
349,2024-03-30,Company_00349,Outbound,Manufacturing,Mid-Market,Taiwan,New
350,2025-07-17,Company_00350,Referral,Manufacturing,Enterprise,Japan,New
351,2025-01-05,Company_00351,Referral,Technology,Enterprise,Japan,New
352,2024-08-30,Company_00352,Outbound,Technology,SMB,Singapore,New
353,2025-04-23,Company_00353,Outbound,Financial Services,SMB,Taiwan,New
354,2024-03-08,Company_00354,Paid Ads,Professional Services,Mid-Market,Hong Kong,New
355,2025-02-23,Company_00355,Outbound,Technology,SMB,Singapore,New
356,2025-10-19,Company_00356,Website,Healthcare,Mid-Market,Singapore,New
357,2024-05-11,Company_00357,Partner,Financial Services,Mid-Market,Japan,New
358,2024-05-12,Company_00358,Paid Ads,Technology,Mid-Market,Japan,New
359,2024-11-07,Company_00359,Website,Manufacturing,Enterprise,Japan,New
360,2024-12-20,Company_00360,Partner,Financial Services,Enterprise,Taiwan,New
361,2024-09-13,Company_00361,Website,Financial Services,SMB,Singapore,New
362,2025-09-21,Company_00362,Referral,Financial Services,Mid-Market,Japan,New
363,2024-06-24,Company_00363,Outbound,Professional Services,Enterprise,Singapore,New
364,2025-07-31,Company_00364,Website,Technology,SMB,Singapore,New
365,2025-10-28,Company_00365,Website,Financial Services,SMB,Taiwan,New
366,2025-05-24,Company_00366,Partner,Financial Services,SMB,Singapore,New
367,2025-05-09,Company_00367,Website,Professional Services,SMB,Hong Kong,New
368,2024-03-15,Company_00368,Outbound,Retail,SMB,Hong Kong,New
369,2025-04-20,Company_00369,Website,Financial Services,SMB,Singapore,New
370,2024-12-19,Company_00370,Event,Retail,Mid-Market,Taiwan,New
371,2024-11-22,Company_00371,Website,Technology,SMB,Japan,New
372,2024-05-24,Company_00372,Website,Manufacturing,Enterprise,Hong Kong,New
373,2024-09-11,Company_00373,Event,Retail,Mid-Market,Singapore,New
374,2024-07-13,Company_00374,Outbound,Healthcare,Enterprise,Hong Kong,New
375,2025-05-25,Company_00375,Partner,Healthcare,SMB,Hong Kong,New
376,2025-06-01,Company_00376,Paid Ads,Retail,SMB,Singapore,New
377,2024-02-19,Company_00377,Website,Healthcare,Mid-Market,Hong Kong,New
378,2024-10-19,Company_00378,Referral,Technology,SMB,Singapore,New
379,2025-01-09,Company_00379,Outbound,Manufacturing,SMB,Taiwan,New
380,2025-08-06,Company_00380,Referral,Manufacturing,Mid-Market,Taiwan,New
381,2025-01-30,Company_00381,Referral,Financial Services,SMB,Taiwan,New
382,2024-05-11,Company_00382,Event,Healthcare,SMB,Singapore,New
383,2025-07-25,Company_00383,Partner,Retail,SMB,Hong Kong,New
384,2025-05-27,Company_00384,Website,Technology,SMB,Singapore,New
385,2025-04-30,Company_00385,Referral,Retail,Mid-Market,Japan,New
386,2024-12-01,Company_00386,Partner,Manufacturing,SMB,Singapore,New
387,2025-08-30,Company_00387,Paid Ads,Financial Services,SMB,Singapore,New
388,2025-05-01,Company_00388,Outbound,Manufacturing,SMB,Taiwan,New
389,2025-03-02,Company_00389,Referral,Professional Services,Enterprise,Taiwan,New
390,2025-09-03,Company_00390,Paid Ads,Professional Services,Mid-Market,Japan,New
391,2024-02-22,Company_00391,Referral,Retail,SMB,Hong Kong,New
392,2024-05-31,Company_00392,Outbound,Retail,SMB,Taiwan,New
393,2024-07-14,Company_00393,Website,Manufacturing,SMB,Hong Kong,New
394,2025-12-08,Company_00394,Website,Financial Services,Mid-Market,Hong Kong,New
395,2024-03-04,Company_00395,Outbound,Financial Services,SMB,Singapore,New
396,2025-11-09,Company_00396,Paid Ads,Healthcare,SMB,Japan,New
397,2025-04-15,Company_00397,Partner,Manufacturing,SMB,Singapore,New
398,2025-09-16,Company_00398,Paid Ads,Retail,SMB,Singapore,New
399,2024-08-18,Company_00399,Partner,Manufacturing,Mid-Market,Japan,New
400,2025-12-07,Company_00400,Outbound,Manufacturing,SMB,Singapore,New
401,2024-10-21,Company_00401,Website,Professional Services,SMB,Hong Kong,New
402,2024-12-19,Company_00402,Event,Retail,SMB,Singapore,New
403,2024-03-21,Company_00403,Paid Ads,Healthcare,Mid-Market,Hong Kong,New
404,2024-08-07,Company_00404,Website,Financial Services,SMB,Singapore,New
405,2024-05-20,Company_00405,Website,Professional Services,Mid-Market,Japan,New
406,2024-02-21,Company_00406,Outbound,Financial Services,SMB,Japan,New
407,2024-02-23,Company_00407,Website,Manufacturing,Mid-Market,Taiwan,New
408,2025-11-28,Company_00408,Outbound,Technology,Enterprise,Japan,New
409,2025-02-20,Company_00409,Outbound,Healthcare,SMB,Japan,New
410,2024-10-21,Company_00410,Paid Ads,Professional Services,SMB,Taiwan,New
411,2025-10-29,Company_00411,Referral,Financial Services,Mid-Market,Taiwan,New
412,2024-06-28,Company_00412,Paid Ads,Retail,Enterprise,Taiwan,New
413,2025-02-10,Company_00413,Outbound,Retail,Enterprise,Singapore,New
414,2024-02-08,Company_00414,Website,Financial Services,Mid-Market,Singapore,New
415,2024-10-18,Company_00415,Paid Ads,Professional Services,SMB,Hong Kong,New
416,2024-05-17,Company_00416,Partner,Healthcare,SMB,Taiwan,New
417,2024-12-04,Company_00417,Website,Healthcare,Mid-Market,Japan,New
418,2024-01-15,Company_00418,Outbound,Manufacturing,Mid-Market,Japan,New
419,2024-06-28,Company_00419,Referral,Professional Services,Enterprise,Hong Kong,New
420,2025-06-11,Company_00420,Paid Ads,Healthcare,Mid-Market,Japan,New
421,2024-05-23,Company_00421,Paid Ads,Retail,SMB,Hong Kong,New
422,2024-08-29,Company_00422,Paid Ads,Manufacturing,Enterprise,Singapore,New
423,2025-08-19,Company_00423,Outbound,Technology,SMB,Singapore,New
424,2025-12-10,Company_00424,Website,Professional Services,SMB,Singapore,New
425,2024-06-12,Company_00425,Paid Ads,Financial Services,Enterprise,Singapore,New
426,2025-12-07,Company_00426,Website,Manufacturing,SMB,Japan,New
427,2024-08-12,Company_00427,Event,Healthcare,SMB,Singapore,New
428,2025-03-01,Company_00428,Outbound,Healthcare,Mid-Market,Japan,New
429,2024-09-10,Company_00429,Outbound,Financial Services,Enterprise,Taiwan,New
430,2025-06-22,Company_00430,Paid Ads,Professional Services,SMB,Taiwan,New
431,2024-03-04,Company_00431,Outbound,Financial Services,SMB,Japan,New
432,2024-06-17,Company_00432,Paid Ads,Financial Services,SMB,Japan,New
433,2025-08-20,Company_00433,Paid Ads,Financial Services,SMB,Taiwan,New
434,2025-04-09,Company_00434,Website,Healthcare,SMB,Taiwan,New
435,2025-07-26,Company_00435,Paid Ads,Manufacturing,Mid-Market,Hong Kong,New
436,2024-09-17,Company_00436,Outbound,Professional Services,SMB,Taiwan,New
437,2024-02-16,Company_00437,Paid Ads,Professional Services,SMB,Taiwan,New
438,2024-03-11,Company_00438,Event,Healthcare,SMB,Hong Kong,New
439,2024-07-03,Company_00439,Outbound,Professional Services,Enterprise,Hong Kong,New
440,2025-01-18,Company_00440,Event,Healthcare,SMB,Hong Kong,New
441,2025-01-19,Company_00441,Website,Professional Services,Enterprise,Japan,New
442,2025-10-31,Company_00442,Partner,Technology,SMB,Hong Kong,New
443,2025-06-25,Company_00443,Website,Retail,Mid-Market,Taiwan,New
444,2024-11-01,Company_00444,Paid Ads,Professional Services,SMB,Hong Kong,New
445,2024-08-23,Company_00445,Website,Manufacturing,SMB,Japan,New
446,2024-04-25,Company_00446,Website,Professional Services,SMB,Taiwan,New
447,2024-09-03,Company_00447,Website,Technology,Mid-Market,Hong Kong,New
448,2025-09-04,Company_00448,Outbound,Technology,SMB,Taiwan,New
449,2025-02-15,Company_00449,Paid Ads,Financial Services,SMB,Taiwan,New
450,2024-05-23,Company_00450,Referral,Manufacturing,SMB,Singapore,New
451,2025-08-14,Company_00451,Referral,Professional Services,Mid-Market,Japan,New
452,2024-11-05,Company_00452,Partner,Professional Services,SMB,Hong Kong,New
453,2024-11-03,Company_00453,Website,Financial Services,Enterprise,Japan,New
454,2025-10-03,Company_00454,Outbound,Financial Services,SMB,Singapore,New
455,2025-10-20,Company_00455,Outbound,Financial Services,SMB,Hong Kong,New
456,2025-02-22,Company_00456,Website,Healthcare,SMB,Hong Kong,New
457,2024-09-03,Company_00457,Outbound,Manufacturing,Enterprise,Japan,New
458,2025-04-19,Company_00458,Partner,Financial Services,SMB,Hong Kong,New
459,2025-07-24,Company_00459,Referral,Healthcare,SMB,Japan,New
460,2024-12-04,Company_00460,Referral,Healthcare,Mid-Market,Taiwan,New
461,2025-07-02,Company_00461,Outbound,Retail,SMB,Hong Kong,New
462,2025-11-20,Company_00462,Referral,Technology,Enterprise,Japan,New
463,2025-08-24,Company_00463,Outbound,Financial Services,SMB,Japan,New
464,2024-12-06,Company_00464,Paid Ads,Technology,SMB,Japan,New
465,2024-04-30,Company_00465,Outbound,Healthcare,Enterprise,Japan,New
466,2025-02-10,Company_00466,Partner,Financial Services,SMB,Singapore,New
467,2025-01-24,Company_00467,Paid Ads,Professional Services,SMB,Singapore,New
468,2025-01-03,Company_00468,Referral,Healthcare,SMB,Hong Kong,New
469,2024-11-23,Company_00469,Partner,Manufacturing,SMB,Taiwan,New
470,2025-07-30,Company_00470,Partner,Professional Services,SMB,Singapore,New
471,2025-07-20,Company_00471,Partner,Financial Services,Mid-Market,Singapore,New
472,2024-06-05,Company_00472,Website,Retail,SMB,Japan,New
473,2025-05-26,Company_00473,Referral,Professional Services,SMB,Hong Kong,New
474,2025-10-19,Company_00474,Outbound,Healthcare,SMB,Singapore,New
475,2024-06-22,Company_00475,Website,Financial Services,SMB,Taiwan,New
476,2025-06-20,Company_00476,Website,Technology,Enterprise,Taiwan,New
477,2024-01-07,Company_00477,Paid Ads,Professional Services,SMB,Japan,New
478,2024-01-10,Company_00478,Website,Healthcare,SMB,Hong Kong,New
479,2025-11-06,Company_00479,Paid Ads,Technology,SMB,Hong Kong,New
480,2024-01-13,Company_00480,Website,Professional Services,SMB,Singapore,New
481,2024-01-18,Company_00481,Referral,Professional Services,Mid-Market,Japan,New
482,2024-04-19,Company_00482,Partner,Financial Services,SMB,Japan,New
483,2025-09-26,Company_00483,Referral,Manufacturing,SMB,Hong Kong,New
484,2024-03-21,Company_00484,Paid Ads,Healthcare,SMB,Japan,New
485,2025-12-14,Company_00485,Website,Professional Services,Mid-Market,Taiwan,New
486,2025-10-31,Company_00486,Event,Professional Services,Mid-Market,Taiwan,New
487,2025-02-19,Company_00487,Paid Ads,Financial Services,SMB,Taiwan,New
488,2025-12-20,Company_00488,Website,Healthcare,Mid-Market,Singapore,New
489,2025-08-02,Company_00489,Event,Technology,Enterprise,Taiwan,New
490,2024-08-23,Company_00490,Website,Professional Services,Enterprise,Hong Kong,New
491,2024-10-04,Company_00491,Website,Technology,Mid-Market,Singapore,New
492,2025-07-10,Company_00492,Referral,Technology,SMB,Singapore,New
493,2024-01-17,Company_00493,Event,Financial Services,SMB,Hong Kong,New
494,2024-03-19,Company_00494,Website,Financial Services,SMB,Hong Kong,New
495,2025-11-24,Company_00495,Partner,Manufacturing,SMB,Japan,New
496,2025-12-06,Company_00496,Outbound,Financial Services,Mid-Market,Singapore,New
497,2024-02-24,Company_00497,Website,Retail,Mid-Market,Singapore,New
498,2025-09-11,Company_00498,Outbound,Financial Services,SMB,Singapore,New
499,2024-01-31,Company_00499,Referral,Healthcare,SMB,Singapore,New
500,2025-07-20,Company_00500,Partner,Healthcare,SMB,Hong Kong,New
501,2024-03-28,Company_00501,Outbound,Manufacturing,Mid-Market,Taiwan,New
502,2024-03-25,Company_00502,Website,Healthcare,Mid-Market,Japan,New
503,2025-02-02,Company_00503,Paid Ads,Technology,SMB,Singapore,New
504,2025-03-31,Company_00504,Paid Ads,Manufacturing,SMB,Taiwan,New
505,2024-07-10,Company_00505,Paid Ads,Financial Services,Mid-Market,Hong Kong,New
506,2024-04-15,Company_00506,Website,Manufacturing,Mid-Market,Singapore,New
507,2025-01-29,Company_00507,Website,Healthcare,SMB,Taiwan,New
508,2025-07-26,Company_00508,Partner,Retail,Mid-Market,Japan,New
509,2025-12-02,Company_00509,Paid Ads,Retail,SMB,Singapore,New
510,2025-05-19,Company_00510,Website,Retail,SMB,Hong Kong,New
511,2024-11-02,Company_00511,Paid Ads,Technology,SMB,Japan,New
512,2025-10-02,Company_00512,Paid Ads,Financial Services,SMB,Taiwan,New
513,2024-05-18,Company_00513,Paid Ads,Healthcare,SMB,Hong Kong,New
514,2024-12-03,Company_00514,Paid Ads,Healthcare,Mid-Market,Japan,New
515,2024-11-03,Company_00515,Paid Ads,Professional Services,SMB,Singapore,New
516,2024-06-30,Company_00516,Event,Manufacturing,SMB,Hong Kong,New
517,2025-08-12,Company_00517,Outbound,Manufacturing,SMB,Hong Kong,New
518,2025-01-08,Company_00518,Website,Financial Services,SMB,Japan,New
519,2025-11-29,Company_00519,Outbound,Technology,Enterprise,Hong Kong,New
520,2025-12-26,Company_00520,Website,Manufacturing,Mid-Market,Taiwan,New
521,2025-02-22,Company_00521,Outbound,Retail,Mid-Market,Japan,New
522,2024-09-15,Company_00522,Outbound,Professional Services,SMB,Hong Kong,New
523,2024-03-16,Company_00523,Paid Ads,Financial Services,SMB,Hong Kong,New
524,2025-07-01,Company_00524,Referral,Professional Services,SMB,Taiwan,New
525,2025-01-03,Company_00525,Outbound,Financial Services,Mid-Market,Taiwan,New
526,2024-04-21,Company_00526,Outbound,Professional Services,Mid-Market,Japan,New
527,2025-10-24,Company_00527,Referral,Financial Services,Enterprise,Hong Kong,New
528,2024-12-05,Company_00528,Event,Healthcare,SMB,Taiwan,New
529,2024-09-21,Company_00529,Website,Professional Services,SMB,Japan,New
530,2025-04-01,Company_00530,Paid Ads,Healthcare,Mid-Market,Japan,New
531,2024-12-19,Company_00531,Event,Healthcare,SMB,Hong Kong,New
532,2024-03-28,Company_00532,Website,Professional Services,SMB,Singapore,New
533,2024-12-17,Company_00533,Paid Ads,Retail,SMB,Singapore,New
534,2025-05-02,Company_00534,Website,Professional Services,Mid-Market,Singapore,New
535,2024-03-09,Company_00535,Paid Ads,Professional Services,SMB,Singapore,New
536,2025-10-25,Company_00536,Website,Retail,Enterprise,Japan,New
537,2025-06-12,Company_00537,Website,Retail,SMB,Hong Kong,New
538,2025-04-18,Company_00538,Website,Healthcare,Mid-Market,Japan,New
539,2025-10-17,Company_00539,Outbound,Healthcare,SMB,Japan,New
540,2025-04-05,Company_00540,Referral,Healthcare,SMB,Japan,New
541,2024-07-29,Company_00541,Website,Professional Services,Mid-Market,Taiwan,New
542,2025-08-14,Company_00542,Website,Financial Services,SMB,Singapore,New
543,2024-07-20,Company_00543,Paid Ads,Manufacturing,Mid-Market,Hong Kong,New
544,2025-06-24,Company_00544,Event,Manufacturing,Mid-Market,Hong Kong,New
545,2025-08-24,Company_00545,Website,Manufacturing,Mid-Market,Japan,New
546,2025-11-20,Company_00546,Outbound,Manufacturing,Enterprise,Taiwan,New
547,2025-11-19,Company_00547,Website,Technology,SMB,Taiwan,New
548,2024-07-06,Company_00548,Paid Ads,Retail,SMB,Hong Kong,New
549,2025-09-02,Company_00549,Website,Healthcare,SMB,Hong Kong,New
550,2025-10-12,Company_00550,Referral,Professional Services,Enterprise,Japan,New
551,2025-07-22,Company_00551,Website,Manufacturing,SMB,Singapore,New
552,2025-04-06,Company_00552,Referral,Manufacturing,Enterprise,Hong Kong,New
553,2024-05-19,Company_00553,Website,Healthcare,Enterprise,Hong Kong,New
554,2025-02-22,Company_00554,Outbound,Healthcare,Mid-Market,Hong Kong,New
555,2025-05-15,Company_00555,Website,Financial Services,SMB,Japan,New
556,2024-10-26,Company_00556,Website,Retail,SMB,Japan,New
557,2025-04-13,Company_00557,Referral,Healthcare,SMB,Taiwan,New
558,2025-08-09,Company_00558,Website,Financial Services,Mid-Market,Singapore,New
559,2025-07-09,Company_00559,Outbound,Technology,Mid-Market,Hong Kong,New
560,2025-07-13,Company_00560,Website,Healthcare,SMB,Japan,New
561,2024-10-31,Company_00561,Partner,Technology,SMB,Singapore,New
562,2024-03-30,Company_00562,Paid Ads,Technology,Mid-Market,Japan,New
563,2024-08-02,Company_00563,Outbound,Financial Services,Mid-Market,Hong Kong,New
564,2024-06-18,Company_00564,Referral,Retail,Mid-Market,Taiwan,New
565,2025-08-06,Company_00565,Paid Ads,Manufacturing,Mid-Market,Japan,New
566,2024-11-27,Company_00566,Event,Manufacturing,SMB,Singapore,New
567,2025-06-10,Company_00567,Event,Professional Services,Mid-Market,Japan,New
568,2025-02-25,Company_00568,Partner,Manufacturing,Enterprise,Japan,New
569,2025-12-19,Company_00569,Partner,Retail,SMB,Singapore,New
570,2024-09-10,Company_00570,Outbound,Professional Services,SMB,Japan,New
571,2025-08-14,Company_00571,Referral,Professional Services,SMB,Hong Kong,New
572,2024-03-18,Company_00572,Referral,Technology,SMB,Singapore,New
573,2025-12-12,Company_00573,Partner,Manufacturing,SMB,Hong Kong,New
574,2024-12-01,Company_00574,Referral,Professional Services,SMB,Hong Kong,New
575,2025-10-12,Company_00575,Outbound,Manufacturing,Enterprise,Hong Kong,New
576,2024-08-11,Company_00576,Event,Retail,SMB,Singapore,New
577,2024-10-17,Company_00577,Paid Ads,Financial Services,SMB,Hong Kong,New
578,2024-12-17,Company_00578,Partner,Technology,SMB,Hong Kong,New
579,2024-01-17,Company_00579,Website,Retail,SMB,Taiwan,New
580,2025-03-14,Company_00580,Website,Professional Services,Enterprise,Singapore,New
581,2024-06-11,Company_00581,Partner,Manufacturing,SMB,Singapore,New
582,2024-09-13,Company_00582,Website,Professional Services,Enterprise,Japan,New
583,2024-02-23,Company_00583,Paid Ads,Manufacturing,Mid-Market,Japan,New
584,2025-03-15,Company_00584,Outbound,Professional Services,SMB,Japan,New
585,2025-05-03,Company_00585,Website,Financial Services,SMB,Hong Kong,New
586,2024-01-10,Company_00586,Website,Manufacturing,Mid-Market,Hong Kong,New
587,2025-12-11,Company_00587,Website,Technology,SMB,Taiwan,New
588,2024-04-14,Company_00588,Website,Manufacturing,Enterprise,Japan,New
589,2025-01-26,Company_00589,Outbound,Retail,Mid-Market,Japan,New
590,2024-03-11,Company_00590,Referral,Technology,Mid-Market,Japan,New
591,2025-03-26,Company_00591,Paid Ads,Retail,Mid-Market,Japan,New
592,2025-02-25,Company_00592,Referral,Healthcare,Enterprise,Taiwan,New
593,2024-04-12,Company_00593,Website,Technology,Mid-Market,Hong Kong,New
594,2024-12-25,Company_00594,Event,Manufacturing,Mid-Market,Japan,New
595,2024-10-10,Company_00595,Referral,Retail,Mid-Market,Singapore,New
596,2025-12-08,Company_00596,Website,Professional Services,Enterprise,Japan,New
597,2025-06-14,Company_00597,Referral,Retail,Mid-Market,Singapore,New
598,2025-10-23,Company_00598,Website,Retail,SMB,Taiwan,New
599,2024-09-03,Company_00599,Paid Ads,Financial Services,SMB,Taiwan,New
600,2025-01-04,Company_00600,Partner,Retail,SMB,Hong Kong,New
601,2025-01-09,Company_00601,Referral,Retail,Mid-Market,Taiwan,New
602,2024-01-18,Company_00602,Referral,Technology,SMB,Taiwan,New
603,2024-03-02,Company_00603,Partner,Healthcare,SMB,Hong Kong,New
604,2025-03-09,Company_00604,Outbound,Technology,Mid-Market,Japan,New
605,2024-10-11,Company_00605,Website,Technology,SMB,Japan,New
606,2024-06-08,Company_00606,Referral,Healthcare,Mid-Market,Taiwan,New
607,2024-11-13,Company_00607,Outbound,Professional Services,Enterprise,Japan,New
608,2024-02-29,Company_00608,Website,Healthcare,SMB,Taiwan,New
609,2024-11-12,Company_00609,Outbound,Professional Services,Mid-Market,Taiwan,New
610,2024-01-13,Company_00610,Outbound,Professional Services,SMB,Hong Kong,New
611,2024-12-21,Company_00611,Referral,Professional Services,SMB,Singapore,New
612,2024-05-09,Company_00612,Outbound,Manufacturing,Mid-Market,Taiwan,New
613,2024-01-31,Company_00613,Paid Ads,Healthcare,SMB,Taiwan,New
614,2024-09-26,Company_00614,Outbound,Financial Services,Mid-Market,Hong Kong,New
615,2025-04-11,Company_00615,Referral,Technology,SMB,Japan,New
616,2025-01-11,Company_00616,Website,Technology,Enterprise,Taiwan,New
617,2024-08-21,Company_00617,Outbound,Technology,SMB,Taiwan,New
618,2024-09-07,Company_00618,Website,Manufacturing,SMB,Japan,New
619,2024-07-02,Company_00619,Partner,Technology,Mid-Market,Hong Kong,New
620,2024-08-17,Company_00620,Paid Ads,Healthcare,Enterprise,Singapore,New
621,2024-10-04,Company_00621,Outbound,Financial Services,SMB,Taiwan,New
622,2024-07-02,Company_00622,Website,Financial Services,Enterprise,Hong Kong,New
623,2024-03-11,Company_00623,Partner,Manufacturing,Mid-Market,Singapore,New
624,2024-12-01,Company_00624,Website,Healthcare,SMB,Japan,New
625,2024-10-25,Company_00625,Referral,Manufacturing,Mid-Market,Japan,New
626,2025-04-20,Company_00626,Paid Ads,Healthcare,Enterprise,Japan,New
627,2025-07-13,Company_00627,Outbound,Retail,SMB,Hong Kong,New
628,2024-01-25,Company_00628,Website,Manufacturing,Mid-Market,Taiwan,New
629,2024-12-09,Company_00629,Website,Professional Services,SMB,Singapore,New
630,2024-04-16,Company_00630,Website,Retail,SMB,Taiwan,New
631,2024-05-25,Company_00631,Outbound,Technology,SMB,Japan,New
632,2025-06-16,Company_00632,Paid Ads,Manufacturing,SMB,Taiwan,New
633,2025-08-17,Company_00633,Website,Retail,Mid-Market,Hong Kong,New
634,2024-03-17,Company_00634,Referral,Technology,SMB,Japan,New
635,2024-08-30,Company_00635,Website,Manufacturing,Enterprise,Hong Kong,New
636,2025-12-18,Company_00636,Outbound,Manufacturing,SMB,Singapore,New
637,2024-08-27,Company_00637,Website,Retail,SMB,Taiwan,New
638,2024-06-08,Company_00638,Website,Healthcare,SMB,Hong Kong,New
639,2024-05-03,Company_00639,Referral,Retail,SMB,Hong Kong,New
640,2024-09-28,Company_00640,Partner,Technology,SMB,Singapore,New
641,2025-12-22,Company_00641,Outbound,Technology,SMB,Singapore,New
642,2024-05-31,Company_00642,Website,Retail,Enterprise,Hong Kong,New
643,2025-06-09,Company_00643,Website,Manufacturing,SMB,Japan,New
644,2024-02-01,Company_00644,Event,Healthcare,Mid-Market,Japan,New
645,2024-04-06,Company_00645,Paid Ads,Retail,SMB,Taiwan,New
646,2024-08-15,Company_00646,Website,Healthcare,SMB,Taiwan,New
647,2025-08-19,Company_00647,Referral,Technology,SMB,Taiwan,New
648,2024-07-21,Company_00648,Partner,Healthcare,Mid-Market,Taiwan,New
649,2024-12-05,Company_00649,Website,Healthcare,SMB,Hong Kong,New
650,2025-02-08,Company_00650,Paid Ads,Healthcare,Mid-Market,Japan,New
651,2024-12-28,Company_00651,Website,Retail,SMB,Hong Kong,New
652,2024-06-01,Company_00652,Website,Financial Services,Mid-Market,Singapore,New
653,2025-05-25,Company_00653,Paid Ads,Financial Services,SMB,Taiwan,New
654,2024-10-13,Company_00654,Paid Ads,Healthcare,SMB,Japan,New
655,2025-10-07,Company_00655,Event,Financial Services,Mid-Market,Hong Kong,New
656,2025-01-02,Company_00656,Paid Ads,Healthcare,SMB,Singapore,New
657,2025-02-01,Company_00657,Website,Technology,SMB,Japan,New
658,2024-01-31,Company_00658,Partner,Manufacturing,SMB,Hong Kong,New
659,2025-06-26,Company_00659,Paid Ads,Financial Services,Enterprise,Japan,New
660,2024-04-12,Company_00660,Website,Retail,SMB,Taiwan,New
661,2024-08-12,Company_00661,Referral,Healthcare,SMB,Japan,New
662,2024-06-29,Company_00662,Website,Manufacturing,Mid-Market,Singapore,New
663,2025-08-28,Company_00663,Website,Professional Services,SMB,Japan,New
664,2025-07-30,Company_00664,Partner,Healthcare,SMB,Japan,New
665,2025-05-17,Company_00665,Website,Technology,SMB,Japan,New
666,2024-01-21,Company_00666,Referral,Technology,SMB,Japan,New
667,2024-05-13,Company_00667,Paid Ads,Retail,Enterprise,Singapore,New
668,2024-03-01,Company_00668,Website,Financial Services,Mid-Market,Japan,New
669,2024-04-23,Company_00669,Outbound,Manufacturing,Enterprise,Singapore,New
670,2025-12-22,Company_00670,Partner,Healthcare,Mid-Market,Singapore,New
671,2024-11-05,Company_00671,Paid Ads,Retail,Mid-Market,Hong Kong,New
672,2025-10-16,Company_00672,Event,Professional Services,SMB,Singapore,New
673,2024-08-16,Company_00673,Outbound,Retail,SMB,Singapore,New
674,2024-05-10,Company_00674,Website,Technology,Enterprise,Hong Kong,New
675,2025-08-04,Company_00675,Website,Financial Services,SMB,Japan,New
676,2025-10-16,Company_00676,Referral,Healthcare,SMB,Taiwan,New
677,2024-08-31,Company_00677,Paid Ads,Manufacturing,SMB,Taiwan,New
678,2025-12-26,Company_00678,Outbound,Professional Services,Enterprise,Hong Kong,New
679,2024-01-12,Company_00679,Website,Retail,Mid-Market,Singapore,New
680,2024-09-19,Company_00680,Outbound,Professional Services,SMB,Hong Kong,New
681,2025-03-24,Company_00681,Outbound,Retail,Enterprise,Hong Kong,New
682,2025-01-22,Company_00682,Paid Ads,Healthcare,SMB,Hong Kong,New
683,2025-08-14,Company_00683,Outbound,Professional Services,SMB,Hong Kong,New
684,2024-03-16,Company_00684,Outbound,Technology,SMB,Singapore,New
685,2024-09-24,Company_00685,Event,Technology,SMB,Hong Kong,New
686,2024-06-13,Company_00686,Outbound,Financial Services,Enterprise,Taiwan,New
687,2024-12-12,Company_00687,Referral,Financial Services,Enterprise,Taiwan,New
688,2025-03-17,Company_00688,Partner,Retail,Mid-Market,Hong Kong,New
689,2024-06-09,Company_00689,Website,Manufacturing,SMB,Japan,New
690,2025-02-23,Company_00690,Outbound,Professional Services,Enterprise,Singapore,New
691,2025-11-07,Company_00691,Website,Retail,SMB,Hong Kong,New
692,2025-08-08,Company_00692,Referral,Healthcare,SMB,Singapore,New
693,2024-01-04,Company_00693,Paid Ads,Manufacturing,Mid-Market,Hong Kong,New
694,2024-07-23,Company_00694,Website,Retail,SMB,Singapore,New
695,2024-03-24,Company_00695,Paid Ads,Technology,SMB,Hong Kong,New
696,2025-04-27,Company_00696,Paid Ads,Professional Services,SMB,Hong Kong,New
697,2024-07-08,Company_00697,Paid Ads,Healthcare,SMB,Hong Kong,New
698,2024-02-15,Company_00698,Website,Healthcare,SMB,Singapore,New
699,2025-07-31,Company_00699,Website,Professional Services,Mid-Market,Taiwan,New
700,2025-11-15,Company_00700,Paid Ads,Financial Services,SMB,Japan,New
701,2025-07-20,Company_00701,Website,Healthcare,Mid-Market,Hong Kong,New
702,2025-07-02,Company_00702,Outbound,Healthcare,Mid-Market,Japan,New
703,2025-05-02,Company_00703,Website,Healthcare,Enterprise,Taiwan,New
704,2025-05-29,Company_00704,Referral,Financial Services,Mid-Market,Japan,New
705,2024-05-03,Company_00705,Partner,Healthcare,SMB,Japan,New
706,2024-08-04,Company_00706,Outbound,Retail,SMB,Taiwan,New
707,2025-11-30,Company_00707,Paid Ads,Professional Services,SMB,Singapore,New
708,2024-11-23,Company_00708,Partner,Technology,SMB,Hong Kong,New
709,2025-07-19,Company_00709,Paid Ads,Manufacturing,SMB,Taiwan,New
710,2025-12-18,Company_00710,Referral,Financial Services,Mid-Market,Taiwan,New
711,2025-02-28,Company_00711,Website,Financial Services,Mid-Market,Taiwan,New
712,2024-04-18,Company_00712,Referral,Technology,Mid-Market,Singapore,New
713,2025-02-24,Company_00713,Website,Professional Services,SMB,Hong Kong,New
714,2024-02-08,Company_00714,Website,Healthcare,SMB,Hong Kong,New
715,2024-02-09,Company_00715,Paid Ads,Manufacturing,Mid-Market,Taiwan,New
716,2025-05-01,Company_00716,Partner,Manufacturing,SMB,Singapore,New
717,2024-11-14,Company_00717,Website,Healthcare,Enterprise,Taiwan,New
718,2024-08-21,Company_00718,Website,Professional Services,SMB,Singapore,New
719,2024-10-02,Company_00719,Outbound,Financial Services,Mid-Market,Japan,New
720,2025-03-28,Company_00720,Website,Healthcare,Mid-Market,Singapore,New
721,2024-02-27,Company_00721,Referral,Retail,SMB,Hong Kong,New
722,2024-05-18,Company_00722,Outbound,Financial Services,Enterprise,Taiwan,New
723,2024-06-26,Company_00723,Website,Retail,Mid-Market,Japan,New
724,2024-02-03,Company_00724,Paid Ads,Manufacturing,Mid-Market,Singapore,New
725,2025-01-12,Company_00725,Outbound,Financial Services,SMB,Taiwan,New
726,2025-11-28,Company_00726,Website,Manufacturing,SMB,Hong Kong,New
727,2024-06-30,Company_00727,Event,Healthcare,Mid-Market,Singapore,New
728,2024-12-18,Company_00728,Website,Manufacturing,Mid-Market,Taiwan,New
729,2024-10-18,Company_00729,Website,Technology,SMB,Japan,New
730,2024-08-14,Company_00730,Referral,Professional Services,SMB,Hong Kong,New
731,2025-06-09,Company_00731,Website,Professional Services,SMB,Japan,New
732,2025-10-24,Company_00732,Website,Technology,SMB,Singapore,New
733,2025-12-30,Company_00733,Event,Professional Services,SMB,Hong Kong,New
734,2024-12-23,Company_00734,Paid Ads,Retail,SMB,Hong Kong,New
735,2025-08-21,Company_00735,Website,Financial Services,Enterprise,Singapore,New
736,2025-07-28,Company_00736,Referral,Financial Services,SMB,Taiwan,New
737,2025-05-08,Company_00737,Website,Manufacturing,Mid-Market,Singapore,New
738,2024-09-24,Company_00738,Outbound,Professional Services,SMB,Japan,New
739,2025-06-13,Company_00739,Outbound,Technology,Mid-Market,Hong Kong,New
740,2025-11-07,Company_00740,Paid Ads,Retail,Mid-Market,Hong Kong,New
741,2024-10-29,Company_00741,Website,Healthcare,SMB,Taiwan,New
742,2025-08-20,Company_00742,Outbound,Financial Services,Mid-Market,Singapore,New
743,2024-08-15,Company_00743,Outbound,Professional Services,Mid-Market,Singapore,New
744,2025-06-03,Company_00744,Paid Ads,Retail,Mid-Market,Japan,New
745,2024-10-27,Company_00745,Website,Retail,Mid-Market,Japan,New
746,2025-11-27,Company_00746,Partner,Professional Services,SMB,Singapore,New
747,2024-08-16,Company_00747,Outbound,Manufacturing,SMB,Singapore,New
748,2025-01-15,Company_00748,Website,Manufacturing,SMB,Taiwan,New
749,2025-04-26,Company_00749,Website,Professional Services,Mid-Market,Taiwan,New
750,2025-04-28,Company_00750,Partner,Financial Services,SMB,Hong Kong,New
751,2025-06-26,Company_00751,Website,Technology,Enterprise,Japan,New
752,2024-05-20,Company_00752,Event,Manufacturing,SMB,Hong Kong,New
753,2024-05-26,Company_00753,Paid Ads,Professional Services,SMB,Taiwan,New
754,2025-05-14,Company_00754,Paid Ads,Retail,SMB,Taiwan,New
755,2024-01-05,Company_00755,Paid Ads,Retail,Mid-Market,Japan,New
756,2025-08-13,Company_00756,Outbound,Healthcare,Mid-Market,Taiwan,New
757,2024-05-12,Company_00757,Referral,Professional Services,SMB,Hong Kong,New
758,2025-05-03,Company_00758,Paid Ads,Technology,SMB,Singapore,New
759,2024-01-15,Company_00759,Partner,Financial Services,SMB,Taiwan,New
760,2025-10-03,Company_00760,Outbound,Retail,Mid-Market,Singapore,New
761,2024-11-15,Company_00761,Website,Healthcare,SMB,Singapore,New
762,2024-06-20,Company_00762,Website,Technology,SMB,Singapore,New
763,2025-04-11,Company_00763,Outbound,Financial Services,SMB,Hong Kong,New
764,2025-12-04,Company_00764,Event,Manufacturing,Enterprise,Hong Kong,New
765,2025-01-02,Company_00765,Outbound,Retail,Enterprise,Hong Kong,New
766,2024-01-20,Company_00766,Website,Professional Services,Enterprise,Japan,New
767,2024-01-23,Company_00767,Referral,Retail,SMB,Taiwan,New
768,2025-01-19,Company_00768,Partner,Manufacturing,Mid-Market,Taiwan,New
769,2025-08-31,Company_00769,Event,Professional Services,SMB,Taiwan,New
770,2024-02-19,Company_00770,Outbound,Healthcare,SMB,Taiwan,New
771,2025-07-14,Company_00771,Website,Professional Services,SMB,Taiwan,New
772,2024-11-04,Company_00772,Paid Ads,Technology,Mid-Market,Singapore,New
773,2025-09-29,Company_00773,Referral,Retail,SMB,Taiwan,New
774,2025-06-07,Company_00774,Outbound,Technology,SMB,Taiwan,New
775,2025-05-24,Company_00775,Website,Retail,Mid-Market,Japan,New
776,2025-01-01,Company_00776,Outbound,Manufacturing,SMB,Hong Kong,New
777,2024-07-31,Company_00777,Outbound,Healthcare,SMB,Taiwan,New
778,2024-01-14,Company_00778,Outbound,Technology,Mid-Market,Hong Kong,New
779,2024-06-01,Company_00779,Partner,Financial Services,SMB,Taiwan,New
780,2024-09-19,Company_00780,Referral,Healthcare,Enterprise,Singapore,New
781,2024-09-27,Company_00781,Paid Ads,Technology,Mid-Market,Taiwan,New
782,2024-10-24,Company_00782,Paid Ads,Professional Services,SMB,Taiwan,New
783,2024-04-07,Company_00783,Partner,Technology,SMB,Japan,New
784,2025-11-10,Company_00784,Referral,Manufacturing,SMB,Hong Kong,New
785,2025-09-28,Company_00785,Website,Professional Services,SMB,Singapore,New
786,2024-07-06,Company_00786,Website,Healthcare,Enterprise,Singapore,New
787,2025-01-29,Company_00787,Outbound,Healthcare,Mid-Market,Japan,New
788,2024-04-25,Company_00788,Website,Professional Services,SMB,Japan,New
789,2024-04-16,Company_00789,Paid Ads,Financial Services,SMB,Hong Kong,New
790,2024-07-04,Company_00790,Referral,Manufacturing,Mid-Market,Japan,New
791,2025-05-09,Company_00791,Partner,Technology,Enterprise,Hong Kong,New
792,2024-02-17,Company_00792,Website,Professional Services,SMB,Japan,New
793,2025-11-16,Company_00793,Partner,Financial Services,SMB,Taiwan,New
794,2025-03-19,Company_00794,Outbound,Retail,SMB,Hong Kong,New
795,2024-06-01,Company_00795,Outbound,Financial Services,Enterprise,Taiwan,New
796,2024-01-12,Company_00796,Referral,Retail,SMB,Hong Kong,New
797,2025-05-22,Company_00797,Partner,Technology,Mid-Market,Singapore,New
798,2024-09-03,Company_00798,Paid Ads,Manufacturing,SMB,Japan,New
799,2025-07-17,Company_00799,Referral,Healthcare,Mid-Market,Taiwan,New
800,2025-04-15,Company_00800,Paid Ads,Financial Services,SMB,Hong Kong,New
801,2025-04-02,Company_00801,Paid Ads,Healthcare,Mid-Market,Taiwan,New
802,2024-04-15,Company_00802,Paid Ads,Technology,Mid-Market,Taiwan,New
803,2024-04-03,Company_00803,Outbound,Financial Services,Mid-Market,Japan,New
804,2025-11-01,Company_00804,Outbound,Manufacturing,SMB,Taiwan,New
805,2024-08-16,Company_00805,Outbound,Manufacturing,Mid-Market,Hong Kong,New
806,2025-11-03,Company_00806,Paid Ads,Healthcare,SMB,Japan,New
807,2024-01-03,Company_00807,Paid Ads,Professional Services,Enterprise,Singapore,New
808,2025-07-14,Company_00808,Referral,Professional Services,SMB,Japan,New
809,2025-05-19,Company_00809,Website,Professional Services,Mid-Market,Hong Kong,New
810,2024-04-19,Company_00810,Website,Retail,SMB,Hong Kong,New
811,2024-08-08,Company_00811,Paid Ads,Retail,Mid-Market,Taiwan,New
812,2025-02-28,Company_00812,Website,Professional Services,Mid-Market,Taiwan,New
813,2025-04-06,Company_00813,Paid Ads,Financial Services,Enterprise,Japan,New
814,2025-05-25,Company_00814,Website,Professional Services,SMB,Hong Kong,New
815,2025-08-22,Company_00815,Paid Ads,Financial Services,Mid-Market,Japan,New
816,2025-12-09,Company_00816,Referral,Professional Services,Mid-Market,Taiwan,New
817,2025-01-31,Company_00817,Outbound,Financial Services,Enterprise,Hong Kong,New
818,2025-03-04,Company_00818,Event,Professional Services,Mid-Market,Singapore,New
819,2025-02-11,Company_00819,Event,Manufacturing,SMB,Japan,New
820,2024-05-21,Company_00820,Paid Ads,Professional Services,Enterprise,Singapore,New
821,2025-12-19,Company_00821,Referral,Manufacturing,Mid-Market,Japan,New
822,2024-07-24,Company_00822,Website,Professional Services,SMB,Singapore,New
823,2025-11-19,Company_00823,Website,Professional Services,Mid-Market,Japan,New
824,2025-05-30,Company_00824,Referral,Professional Services,SMB,Taiwan,New
825,2024-12-26,Company_00825,Referral,Financial Services,Mid-Market,Hong Kong,New
826,2025-11-21,Company_00826,Outbound,Financial Services,SMB,Hong Kong,New
827,2024-01-14,Company_00827,Referral,Technology,SMB,Taiwan,New
828,2025-11-17,Company_00828,Website,Manufacturing,Mid-Market,Japan,New
829,2024-10-20,Company_00829,Outbound,Retail,Mid-Market,Singapore,New
830,2024-07-27,Company_00830,Outbound,Technology,SMB,Hong Kong,New
831,2024-04-14,Company_00831,Referral,Professional Services,Mid-Market,Japan,New
832,2025-10-24,Company_00832,Referral,Retail,SMB,Singapore,New
833,2025-12-10,Company_00833,Outbound,Healthcare,SMB,Singapore,New
834,2025-07-19,Company_00834,Website,Professional Services,SMB,Hong Kong,New
835,2024-08-18,Company_00835,Partner,Professional Services,Mid-Market,Singapore,New
836,2025-08-25,Company_00836,Referral,Financial Services,SMB,Japan,New
837,2024-10-28,Company_00837,Paid Ads,Professional Services,SMB,Japan,New
838,2025-06-10,Company_00838,Website,Technology,SMB,Singapore,New
839,2024-05-13,Company_00839,Website,Manufacturing,SMB,Hong Kong,New
840,2025-12-27,Company_00840,Partner,Technology,SMB,Singapore,New
841,2025-09-03,Company_00841,Website,Professional Services,Mid-Market,Singapore,New
842,2025-05-17,Company_00842,Outbound,Financial Services,SMB,Singapore,New
843,2025-06-22,Company_00843,Website,Retail,SMB,Japan,New
844,2025-03-01,Company_00844,Referral,Healthcare,SMB,Japan,New
845,2024-08-06,Company_00845,Outbound,Manufacturing,SMB,Japan,New
846,2025-09-25,Company_00846,Referral,Financial Services,Mid-Market,Taiwan,New
847,2024-04-27,Company_00847,Outbound,Healthcare,SMB,Japan,New
848,2024-02-10,Company_00848,Outbound,Manufacturing,SMB,Taiwan,New
849,2025-01-30,Company_00849,Website,Professional Services,SMB,Singapore,New
850,2025-06-10,Company_00850,Outbound,Healthcare,SMB,Singapore,New
851,2025-10-29,Company_00851,Website,Financial Services,SMB,Taiwan,New
852,2024-06-20,Company_00852,Event,Financial Services,SMB,Taiwan,New
853,2024-08-03,Company_00853,Outbound,Retail,Enterprise,Hong Kong,New
854,2024-04-16,Company_00854,Website,Professional Services,Enterprise,Hong Kong,New
855,2025-10-24,Company_00855,Outbound,Technology,Mid-Market,Japan,New
856,2024-01-25,Company_00856,Paid Ads,Manufacturing,SMB,Taiwan,New
857,2024-02-25,Company_00857,Website,Manufacturing,Mid-Market,Japan,New
858,2024-09-21,Company_00858,Paid Ads,Healthcare,Mid-Market,Hong Kong,New
859,2024-11-19,Company_00859,Website,Professional Services,SMB,Taiwan,New
860,2025-10-18,Company_00860,Outbound,Technology,Mid-Market,Taiwan,New
861,2025-12-18,Company_00861,Outbound,Manufacturing,Enterprise,Taiwan,New
862,2024-10-23,Company_00862,Outbound,Manufacturing,Mid-Market,Singapore,New
863,2025-03-24,Company_00863,Paid Ads,Professional Services,SMB,Japan,New
864,2025-06-30,Company_00864,Website,Professional Services,SMB,Singapore,New
865,2025-10-11,Company_00865,Website,Professional Services,Enterprise,Singapore,New
866,2024-01-12,Company_00866,Referral,Financial Services,SMB,Taiwan,New
867,2024-01-06,Company_00867,Referral,Healthcare,SMB,Taiwan,New
868,2024-11-08,Company_00868,Website,Professional Services,Enterprise,Singapore,New
869,2024-08-04,Company_00869,Paid Ads,Professional Services,Enterprise,Japan,New
870,2024-06-13,Company_00870,Website,Financial Services,Mid-Market,Japan,New
871,2024-04-27,Company_00871,Website,Financial Services,Enterprise,Hong Kong,New
872,2025-10-22,Company_00872,Referral,Manufacturing,Mid-Market,Singapore,New
873,2024-04-10,Company_00873,Website,Financial Services,SMB,Singapore,New
874,2024-12-31,Company_00874,Website,Professional Services,SMB,Singapore,New
875,2025-09-26,Company_00875,Website,Retail,SMB,Hong Kong,New
876,2024-12-02,Company_00876,Referral,Manufacturing,Mid-Market,Japan,New
877,2025-08-02,Company_00877,Referral,Manufacturing,Enterprise,Japan,New
878,2024-01-05,Company_00878,Paid Ads,Retail,Mid-Market,Hong Kong,New
879,2024-10-10,Company_00879,Outbound,Retail,Mid-Market,Singapore,New
880,2025-05-06,Company_00880,Paid Ads,Manufacturing,Mid-Market,Hong Kong,New
881,2025-07-18,Company_00881,Website,Professional Services,Mid-Market,Singapore,New
882,2024-05-23,Company_00882,Partner,Retail,SMB,Taiwan,New
883,2024-03-18,Company_00883,Partner,Financial Services,Mid-Market,Hong Kong,New
884,2025-08-27,Company_00884,Website,Technology,Mid-Market,Hong Kong,New
885,2025-10-31,Company_00885,Outbound,Manufacturing,SMB,Singapore,New
886,2024-05-17,Company_00886,Paid Ads,Financial Services,SMB,Singapore,New
887,2025-05-29,Company_00887,Website,Retail,Mid-Market,Japan,New
888,2025-06-10,Company_00888,Website,Retail,SMB,Japan,New
889,2025-05-10,Company_00889,Partner,Technology,SMB,Hong Kong,New
890,2024-08-25,Company_00890,Website,Manufacturing,SMB,Japan,New
891,2025-06-14,Company_00891,Partner,Manufacturing,SMB,Hong Kong,New
892,2024-02-17,Company_00892,Website,Professional Services,SMB,Singapore,New
893,2024-09-26,Company_00893,Referral,Financial Services,SMB,Hong Kong,New
894,2025-01-09,Company_00894,Referral,Technology,SMB,Hong Kong,New
895,2024-08-16,Company_00895,Referral,Manufacturing,Mid-Market,Singapore,New
896,2025-05-13,Company_00896,Outbound,Financial Services,SMB,Japan,New
897,2025-03-26,Company_00897,Website,Technology,SMB,Singapore,New
898,2024-08-04,Company_00898,Website,Retail,SMB,Taiwan,New
899,2025-11-07,Company_00899,Website,Manufacturing,Mid-Market,Hong Kong,New
900,2025-11-22,Company_00900,Paid Ads,Retail,Mid-Market,Hong Kong,New
901,2024-01-23,Company_00901,Website,Retail,Mid-Market,Japan,New
902,2024-05-17,Company_00902,Referral,Technology,Enterprise,Japan,New
903,2024-02-27,Company_00903,Website,Retail,SMB,Hong Kong,New
904,2025-09-05,Company_00904,Event,Professional Services,SMB,Singapore,New
905,2024-03-28,Company_00905,Website,Financial Services,Enterprise,Hong Kong,New
906,2024-06-23,Company_00906,Website,Healthcare,Mid-Market,Japan,New
907,2025-09-30,Company_00907,Outbound,Manufacturing,SMB,Singapore,New
908,2025-04-09,Company_00908,Referral,Technology,SMB,Hong Kong,New
909,2024-05-15,Company_00909,Website,Retail,SMB,Hong Kong,New
910,2024-06-02,Company_00910,Referral,Retail,SMB,Taiwan,New
911,2025-06-28,Company_00911,Referral,Technology,SMB,Japan,New
912,2025-09-09,Company_00912,Referral,Technology,Enterprise,Hong Kong,New
913,2025-06-18,Company_00913,Paid Ads,Technology,Mid-Market,Hong Kong,New
914,2024-08-22,Company_00914,Partner,Healthcare,Mid-Market,Hong Kong,New
915,2024-12-24,Company_00915,Referral,Professional Services,Enterprise,Taiwan,New
916,2025-03-11,Company_00916,Website,Healthcare,Mid-Market,Taiwan,New
917,2024-10-17,Company_00917,Referral,Financial Services,SMB,Japan,New
918,2024-01-06,Company_00918,Outbound,Technology,Mid-Market,Taiwan,New
919,2025-06-16,Company_00919,Website,Professional Services,SMB,Singapore,New
920,2025-02-22,Company_00920,Paid Ads,Retail,SMB,Singapore,New
921,2024-09-24,Company_00921,Partner,Healthcare,Mid-Market,Singapore,New
922,2025-11-27,Company_00922,Paid Ads,Retail,SMB,Hong Kong,New
923,2024-07-02,Company_00923,Paid Ads,Financial Services,SMB,Singapore,New
924,2025-08-14,Company_00924,Paid Ads,Professional Services,SMB,Japan,New
925,2025-11-06,Company_00925,Website,Retail,SMB,Japan,New
926,2024-04-12,Company_00926,Website,Healthcare,Mid-Market,Taiwan,New
927,2024-06-13,Company_00927,Paid Ads,Professional Services,SMB,Taiwan,New
928,2024-05-28,Company_00928,Paid Ads,Financial Services,SMB,Taiwan,New
929,2024-09-26,Company_00929,Website,Technology,Mid-Market,Hong Kong,New
930,2025-02-14,Company_00930,Referral,Financial Services,SMB,Taiwan,New
931,2024-06-28,Company_00931,Referral,Healthcare,SMB,Singapore,New
932,2024-07-18,Company_00932,Website,Financial Services,SMB,Japan,New
933,2025-09-21,Company_00933,Website,Technology,SMB,Taiwan,New
934,2024-06-10,Company_00934,Website,Manufacturing,Mid-Market,Singapore,New
935,2025-11-16,Company_00935,Paid Ads,Financial Services,SMB,Taiwan,New
936,2025-12-21,Company_00936,Website,Technology,SMB,Singapore,New
937,2024-12-21,Company_00937,Event,Manufacturing,SMB,Japan,New
938,2025-04-10,Company_00938,Partner,Financial Services,SMB,Japan,New
939,2025-02-20,Company_00939,Referral,Financial Services,SMB,Singapore,New
940,2024-12-14,Company_00940,Partner,Financial Services,Enterprise,Singapore,New
941,2025-12-11,Company_00941,Paid Ads,Healthcare,Mid-Market,Japan,New
942,2024-12-13,Company_00942,Event,Healthcare,Mid-Market,Taiwan,New
943,2025-05-08,Company_00943,Website,Technology,SMB,Japan,New
944,2025-11-24,Company_00944,Outbound,Manufacturing,SMB,Singapore,New
945,2025-06-12,Company_00945,Referral,Professional Services,Mid-Market,Japan,New
946,2024-10-21,Company_00946,Website,Professional Services,Mid-Market,Singapore,New
947,2024-03-18,Company_00947,Referral,Retail,SMB,Singapore,New
948,2024-08-11,Company_00948,Partner,Manufacturing,SMB,Japan,New
949,2025-05-25,Company_00949,Outbound,Retail,Mid-Market,Singapore,New
950,2024-07-30,Company_00950,Website,Retail,Mid-Market,Singapore,New
951,2024-06-08,Company_00951,Outbound,Technology,Enterprise,Hong Kong,New
952,2025-09-20,Company_00952,Website,Financial Services,Enterprise,Hong Kong,New
953,2025-01-15,Company_00953,Referral,Healthcare,Enterprise,Singapore,New
954,2025-05-17,Company_00954,Website,Financial Services,SMB,Japan,New
955,2025-08-13,Company_00955,Website,Financial Services,Mid-Market,Hong Kong,New
956,2025-07-07,Company_00956,Website,Manufacturing,SMB,Japan,New
957,2025-04-13,Company_00957,Event,Professional Services,SMB,Singapore,New
958,2025-12-06,Company_00958,Website,Professional Services,SMB,Taiwan,New
959,2024-11-29,Company_00959,Paid Ads,Manufacturing,SMB,Singapore,New
960,2024-08-30,Company_00960,Website,Financial Services,SMB,Japan,New
961,2025-05-25,Company_00961,Paid Ads,Healthcare,Mid-Market,Singapore,New
962,2025-01-08,Company_00962,Partner,Manufacturing,SMB,Japan,New
963,2025-08-12,Company_00963,Outbound,Technology,Mid-Market,Japan,New
964,2025-07-22,Company_00964,Paid Ads,Healthcare,SMB,Japan,New
965,2025-04-29,Company_00965,Outbound,Retail,SMB,Japan,New
966,2025-10-07,Company_00966,Referral,Professional Services,SMB,Hong Kong,New
967,2024-11-03,Company_00967,Website,Financial Services,SMB,Taiwan,New
968,2025-12-08,Company_00968,Website,Retail,Mid-Market,Hong Kong,New
969,2025-10-06,Company_00969,Website,Professional Services,SMB,Singapore,New
970,2025-01-03,Company_00970,Referral,Manufacturing,SMB,Hong Kong,New
971,2024-05-04,Company_00971,Paid Ads,Professional Services,Enterprise,Japan,New
972,2025-08-13,Company_00972,Referral,Professional Services,SMB,Singapore,New
973,2024-12-29,Company_00973,Paid Ads,Financial Services,SMB,Hong Kong,New
974,2024-03-21,Company_00974,Paid Ads,Manufacturing,SMB,Japan,New
975,2024-06-20,Company_00975,Referral,Manufacturing,SMB,Hong Kong,New
976,2024-03-14,Company_00976,Website,Manufacturing,SMB,Singapore,New
977,2025-10-30,Company_00977,Website,Manufacturing,Mid-Market,Hong Kong,New
978,2024-10-04,Company_00978,Partner,Manufacturing,Mid-Market,Hong Kong,New
979,2025-02-27,Company_00979,Website,Technology,SMB,Japan,New
980,2025-11-08,Company_00980,Website,Professional Services,Mid-Market,Taiwan,New
981,2024-08-03,Company_00981,Website,Technology,SMB,Hong Kong,New
982,2025-07-15,Company_00982,Website,Healthcare,SMB,Taiwan,New
983,2024-04-16,Company_00983,Website,Retail,SMB,Hong Kong,New
984,2024-11-12,Company_00984,Website,Professional Services,SMB,Japan,New
985,2024-05-14,Company_00985,Referral,Retail,SMB,Singapore,New
986,2024-11-29,Company_00986,Partner,Healthcare,Enterprise,Singapore,New
987,2025-07-15,Company_00987,Paid Ads,Professional Services,SMB,Hong Kong,New
988,2025-10-08,Company_00988,Outbound,Financial Services,SMB,Singapore,New
989,2024-12-21,Company_00989,Paid Ads,Retail,Mid-Market,Hong Kong,New
990,2024-11-11,Company_00990,Paid Ads,Manufacturing,SMB,Taiwan,New
991,2024-01-01,Company_00991,Referral,Retail,SMB,Hong Kong,New
992,2025-07-01,Company_00992,Website,Healthcare,Enterprise,Hong Kong,New
993,2024-11-02,Company_00993,Website,Healthcare,Mid-Market,Japan,New
994,2024-01-08,Company_00994,Referral,Retail,SMB,Hong Kong,New
995,2025-02-08,Company_00995,Website,Professional Services,Mid-Market,Hong Kong,New
996,2025-01-22,Company_00996,Website,Technology,SMB,Japan,New
997,2025-06-13,Company_00997,Outbound,Financial Services,Mid-Market,Singapore,New
998,2024-10-18,Company_00998,Referral,Financial Services,Mid-Market,Hong Kong,New
999,2024-07-11,Company_00999,Partner,Retail,SMB,Taiwan,New
1000,2025-10-14,Company_01000,Paid Ads,Healthcare,SMB,Hong Kong,New
1001,2024-07-11,Company_01001,Paid Ads,Retail,SMB,Taiwan,New
1002,2024-07-09,Company_01002,Event,Manufacturing,SMB,Hong Kong,New
1003,2024-01-09,Company_01003,Website,Retail,SMB,Japan,New
1004,2024-12-16,Company_01004,Paid Ads,Healthcare,Enterprise,Hong Kong,New
1005,2025-12-14,Company_01005,Outbound,Manufacturing,SMB,Japan,New
1006,2024-02-27,Company_01006,Website,Healthcare,SMB,Hong Kong,New
1007,2024-07-04,Company_01007,Website,Manufacturing,Mid-Market,Taiwan,New
1008,2024-05-04,Company_01008,Event,Professional Services,SMB,Hong Kong,New
1009,2024-09-10,Company_01009,Outbound,Technology,SMB,Taiwan,New
1010,2025-06-17,Company_01010,Outbound,Retail,SMB,Singapore,New
1011,2024-11-26,Company_01011,Website,Professional Services,SMB,Taiwan,New
1012,2024-09-16,Company_01012,Paid Ads,Manufacturing,SMB,Taiwan,New
1013,2025-11-13,Company_01013,Website,Technology,SMB,Hong Kong,New
1014,2024-11-28,Company_01014,Website,Manufacturing,Mid-Market,Hong Kong,New
1015,2024-09-05,Company_01015,Website,Technology,Mid-Market,Hong Kong,New
1016,2025-12-05,Company_01016,Referral,Manufacturing,Mid-Market,Japan,New
1017,2024-06-10,Company_01017,Paid Ads,Professional Services,Mid-Market,Taiwan,New
1018,2024-03-02,Company_01018,Paid Ads,Retail,Mid-Market,Taiwan,New
1019,2024-05-08,Company_01019,Paid Ads,Manufacturing,Enterprise,Singapore,New
1020,2025-03-25,Company_01020,Outbound,Technology,Mid-Market,Singapore,New
1021,2024-05-17,Company_01021,Website,Technology,SMB,Hong Kong,New
1022,2025-07-26,Company_01022,Website,Professional Services,SMB,Japan,New
1023,2025-07-10,Company_01023,Paid Ads,Professional Services,SMB,Japan,New
1024,2024-03-11,Company_01024,Referral,Healthcare,SMB,Singapore,New
1025,2025-07-08,Company_01025,Paid Ads,Technology,Mid-Market,Hong Kong,New
1026,2024-07-08,Company_01026,Partner,Financial Services,Enterprise,Japan,New
1027,2024-11-24,Company_01027,Outbound,Professional Services,Enterprise,Hong Kong,New
1028,2024-07-13,Company_01028,Referral,Healthcare,Mid-Market,Japan,New
1029,2025-09-19,Company_01029,Website,Healthcare,Mid-Market,Taiwan,New
1030,2024-04-08,Company_01030,Referral,Technology,SMB,Japan,New
1031,2024-07-01,Company_01031,Partner,Retail,SMB,Japan,New
1032,2024-04-11,Company_01032,Website,Professional Services,Mid-Market,Hong Kong,New
1033,2025-06-22,Company_01033,Referral,Financial Services,SMB,Singapore,New
1034,2024-08-14,Company_01034,Referral,Technology,SMB,Japan,New
1035,2025-11-02,Company_01035,Paid Ads,Technology,SMB,Taiwan,New
1036,2025-01-04,Company_01036,Referral,Healthcare,Mid-Market,Taiwan,New
1037,2025-09-23,Company_01037,Website,Technology,Mid-Market,Singapore,New
1038,2024-03-20,Company_01038,Partner,Financial Services,SMB,Japan,New
1039,2025-06-28,Company_01039,Paid Ads,Retail,SMB,Japan,New
1040,2025-08-06,Company_01040,Referral,Retail,Mid-Market,Hong Kong,New
1041,2024-04-18,Company_01041,Outbound,Financial Services,SMB,Hong Kong,New
1042,2025-12-20,Company_01042,Outbound,Technology,SMB,Japan,New
1043,2025-07-17,Company_01043,Paid Ads,Manufacturing,Mid-Market,Hong Kong,New
1044,2024-12-26,Company_01044,Partner,Financial Services,Enterprise,Singapore,New
1045,2025-01-15,Company_01045,Paid Ads,Professional Services,SMB,Singapore,New
1046,2025-09-15,Company_01046,Website,Financial Services,SMB,Singapore,New
1047,2025-01-03,Company_01047,Event,Healthcare,Enterprise,Taiwan,New
1048,2024-02-05,Company_01048,Event,Financial Services,SMB,Japan,New
1049,2024-11-05,Company_01049,Website,Retail,SMB,Singapore,New
1050,2024-01-23,Company_01050,Outbound,Professional Services,Mid-Market,Japan,New
1051,2024-04-06,Company_01051,Website,Manufacturing,SMB,Singapore,New
1052,2025-01-10,Company_01052,Partner,Retail,SMB,Singapore,New
1053,2024-04-04,Company_01053,Referral,Financial Services,Enterprise,Taiwan,New
1054,2024-11-28,Company_01054,Outbound,Retail,SMB,Taiwan,New
1055,2025-09-01,Company_01055,Referral,Technology,Mid-Market,Hong Kong,New
1056,2024-03-21,Company_01056,Outbound,Manufacturing,SMB,Hong Kong,New
1057,2025-03-02,Company_01057,Partner,Technology,Enterprise,Japan,New
1058,2025-10-30,Company_01058,Outbound,Technology,Mid-Market,Hong Kong,New
1059,2024-02-25,Company_01059,Paid Ads,Technology,SMB,Japan,New
1060,2024-11-30,Company_01060,Referral,Retail,SMB,Hong Kong,New
1061,2025-04-01,Company_01061,Outbound,Financial Services,SMB,Japan,New
1062,2025-03-18,Company_01062,Website,Healthcare,SMB,Singapore,New
1063,2024-03-25,Company_01063,Paid Ads,Professional Services,SMB,Hong Kong,New
1064,2024-09-25,Company_01064,Website,Financial Services,SMB,Japan,New
1065,2024-05-18,Company_01065,Paid Ads,Retail,SMB,Japan,New
1066,2025-07-28,Company_01066,Referral,Professional Services,SMB,Japan,New
1067,2024-03-14,Company_01067,Website,Healthcare,SMB,Taiwan,New
1068,2024-04-25,Company_01068,Outbound,Healthcare,SMB,Japan,New
1069,2024-11-24,Company_01069,Paid Ads,Professional Services,SMB,Singapore,New
1070,2024-06-22,Company_01070,Event,Financial Services,Mid-Market,Hong Kong,New
1071,2025-09-30,Company_01071,Website,Technology,Enterprise,Japan,New
1072,2024-07-23,Company_01072,Outbound,Retail,Mid-Market,Taiwan,New
1073,2024-04-25,Company_01073,Outbound,Retail,Enterprise,Japan,New
1074,2024-10-21,Company_01074,Website,Professional Services,Mid-Market,Singapore,New
1075,2025-04-05,Company_01075,Paid Ads,Manufacturing,SMB,Japan,New
1076,2024-07-27,Company_01076,Referral,Manufacturing,SMB,Japan,New
1077,2025-12-12,Company_01077,Outbound,Technology,SMB,Taiwan,New
1078,2024-09-18,Company_01078,Website,Manufacturing,SMB,Singapore,New
1079,2024-02-24,Company_01079,Paid Ads,Technology,SMB,Singapore,New
1080,2025-11-09,Company_01080,Partner,Professional Services,SMB,Taiwan,New
1081,2024-01-20,Company_01081,Website,Professional Services,SMB,Hong Kong,New
1082,2025-06-04,Company_01082,Event,Technology,Enterprise,Hong Kong,New
1083,2025-09-03,Company_01083,Referral,Retail,SMB,Hong Kong,New
1084,2025-07-28,Company_01084,Partner,Technology,SMB,Singapore,New
1085,2024-12-07,Company_01085,Paid Ads,Professional Services,SMB,Singapore,New
1086,2025-12-01,Company_01086,Paid Ads,Professional Services,SMB,Singapore,New
1087,2024-03-04,Company_01087,Referral,Healthcare,Enterprise,Taiwan,New
1088,2025-07-22,Company_01088,Partner,Retail,SMB,Hong Kong,New
1089,2025-11-03,Company_01089,Website,Professional Services,SMB,Japan,New
1090,2025-03-03,Company_01090,Website,Retail,SMB,Singapore,New
1091,2025-09-11,Company_01091,Paid Ads,Financial Services,SMB,Japan,New
1092,2025-08-17,Company_01092,Referral,Retail,Enterprise,Singapore,New
1093,2025-12-06,Company_01093,Outbound,Financial Services,Enterprise,Hong Kong,New
1094,2024-05-28,Company_01094,Outbound,Financial Services,Enterprise,Singapore,New
1095,2024-03-10,Company_01095,Referral,Professional Services,SMB,Singapore,New
1096,2024-05-29,Company_01096,Outbound,Manufacturing,Enterprise,Hong Kong,New
1097,2025-02-25,Company_01097,Paid Ads,Professional Services,Enterprise,Singapore,New
1098,2024-06-04,Company_01098,Outbound,Technology,SMB,Taiwan,New
1099,2025-09-18,Company_01099,Referral,Financial Services,Mid-Market,Japan,New
1100,2025-09-02,Company_01100,Website,Professional Services,SMB,Taiwan,New
1101,2025-12-05,Company_01101,Outbound,Retail,SMB,Hong Kong,New
1102,2025-12-30,Company_01102,Referral,Retail,Enterprise,Hong Kong,New
1103,2025-04-30,Company_01103,Website,Retail,SMB,Hong Kong,New
1104,2024-01-16,Company_01104,Partner,Healthcare,SMB,Japan,New
1105,2024-07-28,Company_01105,Website,Healthcare,Enterprise,Hong Kong,New
1106,2025-12-05,Company_01106,Paid Ads,Healthcare,Enterprise,Hong Kong,New
1107,2025-02-18,Company_01107,Outbound,Financial Services,Mid-Market,Hong Kong,New
1108,2024-11-16,Company_01108,Paid Ads,Professional Services,Mid-Market,Taiwan,New
1109,2025-06-17,Company_01109,Website,Healthcare,Mid-Market,Taiwan,New
1110,2024-09-08,Company_01110,Referral,Healthcare,Enterprise,Taiwan,New
1111,2025-07-25,Company_01111,Paid Ads,Professional Services,Enterprise,Japan,New
1112,2024-10-25,Company_01112,Paid Ads,Manufacturing,Mid-Market,Singapore,New
1113,2025-04-17,Company_01113,Website,Manufacturing,Mid-Market,Taiwan,New
1114,2025-12-07,Company_01114,Referral,Retail,SMB,Hong Kong,New
1115,2024-04-02,Company_01115,Outbound,Technology,SMB,Japan,New
1116,2025-02-06,Company_01116,Paid Ads,Healthcare,SMB,Hong Kong,New
1117,2025-08-27,Company_01117,Partner,Retail,Enterprise,Taiwan,New
1118,2024-09-13,Company_01118,Paid Ads,Professional Services,Enterprise,Japan,New
1119,2024-05-06,Company_01119,Website,Professional Services,SMB,Singapore,New
1120,2024-03-28,Company_01120,Referral,Healthcare,Mid-Market,Japan,New
1121,2025-01-22,Company_01121,Referral,Technology,Mid-Market,Singapore,New
1122,2025-08-02,Company_01122,Partner,Retail,SMB,Japan,New
1123,2024-07-02,Company_01123,Outbound,Technology,SMB,Singapore,New
1124,2025-04-01,Company_01124,Website,Retail,SMB,Japan,New
1125,2024-07-26,Company_01125,Website,Manufacturing,SMB,Hong Kong,New
1126,2025-05-25,Company_01126,Referral,Technology,Mid-Market,Hong Kong,New
1127,2024-08-31,Company_01127,Website,Professional Services,SMB,Hong Kong,New
1128,2025-03-28,Company_01128,Website,Financial Services,SMB,Singapore,New
1129,2025-09-26,Company_01129,Referral,Retail,SMB,Japan,New
1130,2024-02-26,Company_01130,Outbound,Technology,SMB,Taiwan,New
1131,2025-11-14,Company_01131,Referral,Financial Services,SMB,Taiwan,New
1132,2024-02-20,Company_01132,Website,Retail,SMB,Singapore,New
1133,2025-09-17,Company_01133,Outbound,Professional Services,Mid-Market,Japan,New
1134,2025-04-11,Company_01134,Outbound,Manufacturing,Enterprise,Taiwan,New
1135,2024-11-02,Company_01135,Paid Ads,Healthcare,Mid-Market,Hong Kong,New
1136,2025-07-17,Company_01136,Website,Healthcare,SMB,Singapore,New
1137,2024-12-03,Company_01137,Referral,Financial Services,SMB,Japan,New
1138,2025-09-18,Company_01138,Website,Financial Services,Mid-Market,Taiwan,New
1139,2025-05-10,Company_01139,Outbound,Financial Services,Enterprise,Singapore,New
1140,2025-03-13,Company_01140,Referral,Manufacturing,SMB,Singapore,New
1141,2024-05-12,Company_01141,Referral,Healthcare,SMB,Hong Kong,New
1142,2025-05-19,Company_01142,Outbound,Financial Services,SMB,Singapore,New
1143,2024-07-17,Company_01143,Website,Technology,SMB,Taiwan,New
1144,2024-07-31,Company_01144,Outbound,Healthcare,SMB,Singapore,New
1145,2024-12-24,Company_01145,Referral,Professional Services,SMB,Japan,New
1146,2025-12-07,Company_01146,Website,Technology,SMB,Singapore,New
1147,2024-01-07,Company_01147,Website,Manufacturing,SMB,Taiwan,New
1148,2024-06-28,Company_01148,Website,Manufacturing,Enterprise,Hong Kong,New
1149,2025-04-30,Company_01149,Outbound,Professional Services,SMB,Japan,New
1150,2025-10-04,Company_01150,Paid Ads,Financial Services,Enterprise,Hong Kong,New
1151,2025-02-27,Company_01151,Partner,Technology,Mid-Market,Singapore,New
1152,2025-08-01,Company_01152,Outbound,Manufacturing,Mid-Market,Taiwan,New
1153,2024-08-01,Company_01153,Referral,Manufacturing,Mid-Market,Singapore,New
1154,2024-03-08,Company_01154,Event,Manufacturing,Mid-Market,Singapore,New
1155,2025-01-19,Company_01155,Referral,Retail,Mid-Market,Hong Kong,New
1156,2024-07-10,Company_01156,Referral,Manufacturing,Mid-Market,Singapore,New
1157,2025-12-27,Company_01157,Website,Healthcare,SMB,Japan,New
1158,2025-01-15,Company_01158,Paid Ads,Manufacturing,SMB,Singapore,New
1159,2024-06-28,Company_01159,Website,Technology,Mid-Market,Taiwan,New
1160,2025-03-30,Company_01160,Referral,Healthcare,Enterprise,Japan,New
1161,2024-07-13,Company_01161,Paid Ads,Healthcare,Mid-Market,Singapore,New
1162,2024-12-01,Company_01162,Website,Technology,Mid-Market,Japan,New
1163,2024-07-29,Company_01163,Outbound,Healthcare,SMB,Taiwan,New
1164,2024-01-05,Company_01164,Paid Ads,Technology,Mid-Market,Taiwan,New
1165,2024-12-07,Company_01165,Paid Ads,Technology,SMB,Singapore,New
1166,2024-01-24,Company_01166,Referral,Manufacturing,Mid-Market,Japan,New
1167,2024-11-24,Company_01167,Website,Manufacturing,SMB,Singapore,New
1168,2025-03-27,Company_01168,Outbound,Manufacturing,SMB,Singapore,New
1169,2024-04-27,Company_01169,Website,Financial Services,Mid-Market,Taiwan,New
1170,2024-07-30,Company_01170,Referral,Financial Services,SMB,Japan,New
1171,2025-12-22,Company_01171,Outbound,Financial Services,SMB,Taiwan,New
1172,2024-11-14,Company_01172,Referral,Manufacturing,SMB,Taiwan,New
1173,2024-05-13,Company_01173,Website,Professional Services,SMB,Hong Kong,New
1174,2024-02-25,Company_01174,Website,Healthcare,SMB,Hong Kong,New
1175,2025-09-23,Company_01175,Paid Ads,Manufacturing,Mid-Market,Taiwan,New
1176,2025-04-21,Company_01176,Referral,Technology,Mid-Market,Hong Kong,New
1177,2024-04-09,Company_01177,Paid Ads,Professional Services,Mid-Market,Hong Kong,New
1178,2025-04-26,Company_01178,Website,Retail,SMB,Singapore,New
1179,2025-01-07,Company_01179,Paid Ads,Professional Services,Enterprise,Singapore,New
1180,2024-11-28,Company_01180,Paid Ads,Technology,SMB,Taiwan,New
1181,2024-12-25,Company_01181,Paid Ads,Retail,SMB,Singapore,New
1182,2025-09-10,Company_01182,Referral,Financial Services,SMB,Taiwan,New
1183,2024-11-29,Company_01183,Referral,Technology,Mid-Market,Hong Kong,New
1184,2025-02-14,Company_01184,Referral,Retail,Mid-Market,Japan,New
1185,2025-05-08,Company_01185,Paid Ads,Manufacturing,SMB,Hong Kong,New
1186,2025-03-21,Company_01186,Referral,Manufacturing,SMB,Japan,New
1187,2024-06-26,Company_01187,Outbound,Technology,Mid-Market,Hong Kong,New
1188,2024-04-27,Company_01188,Referral,Healthcare,SMB,Taiwan,New
1189,2025-03-31,Company_01189,Website,Healthcare,SMB,Taiwan,New
1190,2025-12-02,Company_01190,Outbound,Healthcare,SMB,Taiwan,New
1191,2024-04-02,Company_01191,Website,Retail,Enterprise,Taiwan,New
1192,2024-05-30,Company_01192,Outbound,Healthcare,SMB,Hong Kong,New
1193,2025-09-22,Company_01193,Referral,Retail,SMB,Singapore,New
1194,2024-11-02,Company_01194,Referral,Professional Services,SMB,Hong Kong,New
1195,2024-12-18,Company_01195,Event,Financial Services,SMB,Hong Kong,New
1196,2024-05-10,Company_01196,Partner,Technology,SMB,Taiwan,New
1197,2024-01-01,Company_01197,Outbound,Manufacturing,SMB,Singapore,New
1198,2024-02-01,Company_01198,Website,Professional Services,Mid-Market,Singapore,New
1199,2025-12-29,Company_01199,Paid Ads,Healthcare,SMB,Japan,New
1200,2025-11-09,Company_01200,Website,Retail,SMB,Hong Kong,New
1201,2025-01-03,Company_01201,Outbound,Retail,SMB,Japan,New
1202,2024-05-17,Company_01202,Website,Professional Services,SMB,Hong Kong,New
1203,2025-11-04,Company_01203,Paid Ads,Retail,SMB,Hong Kong,New
1204,2025-04-11,Company_01204,Partner,Professional Services,Mid-Market,Hong Kong,New
1205,2025-09-30,Company_01205,Website,Financial Services,SMB,Hong Kong,New
1206,2025-01-28,Company_01206,Paid Ads,Retail,SMB,Taiwan,New
1207,2025-08-14,Company_01207,Paid Ads,Professional Services,SMB,Singapore,New
1208,2025-02-24,Company_01208,Partner,Financial Services,SMB,Taiwan,New
1209,2025-08-04,Company_01209,Paid Ads,Manufacturing,SMB,Hong Kong,New
1210,2025-12-08,Company_01210,Website,Professional Services,Mid-Market,Singapore,New
1211,2025-04-21,Company_01211,Referral,Financial Services,Enterprise,Taiwan,New
1212,2024-09-08,Company_01212,Paid Ads,Professional Services,Mid-Market,Taiwan,New
1213,2025-12-01,Company_01213,Referral,Financial Services,SMB,Taiwan,New
1214,2024-12-17,Company_01214,Referral,Technology,SMB,Hong Kong,New
1215,2025-08-10,Company_01215,Outbound,Healthcare,SMB,Singapore,New
1216,2024-10-23,Company_01216,Website,Professional Services,Enterprise,Singapore,New
1217,2025-07-31,Company_01217,Website,Professional Services,SMB,Japan,New
1218,2025-08-09,Company_01218,Website,Manufacturing,Mid-Market,Taiwan,New
1219,2024-10-20,Company_01219,Paid Ads,Retail,SMB,Singapore,New
1220,2024-09-15,Company_01220,Website,Manufacturing,SMB,Singapore,New
1221,2024-01-15,Company_01221,Outbound,Financial Services,SMB,Japan,New
1222,2025-11-05,Company_01222,Paid Ads,Retail,SMB,Japan,New
1223,2025-05-11,Company_01223,Website,Financial Services,Enterprise,Singapore,New
1224,2024-03-27,Company_01224,Event,Financial Services,Enterprise,Japan,New
1225,2025-05-22,Company_01225,Outbound,Healthcare,Mid-Market,Japan,New
1226,2025-11-07,Company_01226,Paid Ads,Professional Services,SMB,Singapore,New
1227,2024-02-25,Company_01227,Referral,Technology,SMB,Hong Kong,New
1228,2025-02-12,Company_01228,Paid Ads,Healthcare,Mid-Market,Japan,New
1229,2025-01-23,Company_01229,Outbound,Healthcare,SMB,Japan,New
1230,2025-06-27,Company_01230,Partner,Technology,SMB,Hong Kong,New
1231,2025-01-26,Company_01231,Outbound,Financial Services,Mid-Market,Taiwan,New
1232,2024-04-09,Company_01232,Partner,Professional Services,SMB,Hong Kong,New
1233,2025-09-17,Company_01233,Partner,Manufacturing,SMB,Singapore,New
1234,2024-04-10,Company_01234,Website,Financial Services,SMB,Japan,New
1235,2025-11-19,Company_01235,Referral,Retail,SMB,Japan,New
1236,2024-11-16,Company_01236,Referral,Professional Services,SMB,Taiwan,New
1237,2024-01-13,Company_01237,Paid Ads,Financial Services,SMB,Hong Kong,New
1238,2024-12-25,Company_01238,Website,Manufacturing,SMB,Taiwan,New
1239,2024-01-25,Company_01239,Referral,Technology,Enterprise,Japan,New
1240,2025-09-05,Company_01240,Referral,Professional Services,Enterprise,Taiwan,New
1241,2025-09-11,Company_01241,Website,Professional Services,Mid-Market,Japan,New
1242,2024-04-23,Company_01242,Outbound,Manufacturing,SMB,Taiwan,New
1243,2025-10-16,Company_01243,Paid Ads,Manufacturing,Mid-Market,Singapore,New
1244,2024-09-20,Company_01244,Website,Technology,SMB,Taiwan,New
1245,2025-01-26,Company_01245,Paid Ads,Technology,SMB,Singapore,New
1246,2024-07-01,Company_01246,Paid Ads,Healthcare,Enterprise,Japan,New
1247,2025-09-16,Company_01247,Paid Ads,Professional Services,SMB,Japan,New
1248,2025-07-07,Company_01248,Outbound,Retail,Mid-Market,Taiwan,New
1249,2025-03-28,Company_01249,Outbound,Technology,SMB,Taiwan,New
1250,2025-08-08,Company_01250,Outbound,Healthcare,SMB,Hong Kong,New
1251,2024-06-01,Company_01251,Outbound,Technology,Enterprise,Hong Kong,New
1252,2024-09-29,Company_01252,Website,Manufacturing,Enterprise,Taiwan,New
1253,2025-06-11,Company_01253,Outbound,Healthcare,SMB,Hong Kong,New
1254,2024-03-12,Company_01254,Referral,Technology,SMB,Hong Kong,New
1255,2024-05-04,Company_01255,Referral,Manufacturing,SMB,Singapore,New
1256,2025-02-14,Company_01256,Website,Professional Services,SMB,Singapore,New
1257,2024-03-23,Company_01257,Outbound,Manufacturing,Mid-Market,Japan,New
1258,2025-07-21,Company_01258,Website,Healthcare,Mid-Market,Singapore,New
1259,2025-12-13,Company_01259,Paid Ads,Technology,Mid-Market,Singapore,New
1260,2025-05-13,Company_01260,Website,Professional Services,SMB,Japan,New
1261,2024-05-23,Company_01261,Website,Technology,Mid-Market,Japan,New
1262,2025-05-15,Company_01262,Paid Ads,Financial Services,Mid-Market,Hong Kong,New
1263,2025-06-30,Company_01263,Event,Healthcare,Enterprise,Taiwan,New
1264,2024-02-07,Company_01264,Paid Ads,Manufacturing,Mid-Market,Taiwan,New
1265,2025-02-19,Company_01265,Website,Professional Services,Mid-Market,Hong Kong,New
1266,2025-11-25,Company_01266,Partner,Financial Services,SMB,Japan,New
1267,2024-03-14,Company_01267,Website,Retail,SMB,Taiwan,New
1268,2025-04-27,Company_01268,Partner,Financial Services,SMB,Japan,New
1269,2024-01-15,Company_01269,Website,Technology,Enterprise,Taiwan,New
1270,2025-04-12,Company_01270,Referral,Financial Services,SMB,Taiwan,New
1271,2024-04-26,Company_01271,Paid Ads,Financial Services,SMB,Japan,New
1272,2025-03-12,Company_01272,Paid Ads,Professional Services,Mid-Market,Singapore,New
1273,2024-05-03,Company_01273,Event,Financial Services,SMB,Singapore,New
1274,2024-08-06,Company_01274,Outbound,Financial Services,SMB,Taiwan,New
1275,2024-05-03,Company_01275,Website,Healthcare,SMB,Singapore,New
1276,2025-07-20,Company_01276,Website,Retail,Enterprise,Taiwan,New
1277,2024-05-16,Company_01277,Website,Professional Services,Mid-Market,Japan,New
1278,2024-01-17,Company_01278,Partner,Technology,SMB,Japan,New
1279,2024-04-01,Company_01279,Outbound,Financial Services,Enterprise,Hong Kong,New
1280,2025-12-11,Company_01280,Outbound,Healthcare,Mid-Market,Japan,New
1281,2024-05-26,Company_01281,Referral,Financial Services,SMB,Japan,New
1282,2024-06-27,Company_01282,Referral,Technology,Mid-Market,Hong Kong,New
1283,2025-09-18,Company_01283,Event,Professional Services,Mid-Market,Singapore,New
1284,2024-12-22,Company_01284,Paid Ads,Financial Services,SMB,Taiwan,New
1285,2025-06-26,Company_01285,Event,Financial Services,SMB,Japan,New
1286,2025-04-20,Company_01286,Outbound,Professional Services,SMB,Taiwan,New
1287,2024-07-17,Company_01287,Website,Retail,Mid-Market,Hong Kong,New
1288,2025-05-24,Company_01288,Website,Professional Services,Enterprise,Taiwan,New
1289,2025-10-22,Company_01289,Paid Ads,Retail,SMB,Singapore,New
1290,2025-09-23,Company_01290,Outbound,Healthcare,SMB,Taiwan,New
1291,2025-07-04,Company_01291,Website,Technology,SMB,Taiwan,New
1292,2024-03-13,Company_01292,Partner,Professional Services,SMB,Singapore,New
1293,2025-03-05,Company_01293,Website,Professional Services,Enterprise,Japan,New
1294,2024-04-22,Company_01294,Paid Ads,Technology,SMB,Hong Kong,New
1295,2024-07-23,Company_01295,Paid Ads,Retail,SMB,Hong Kong,New
1296,2024-02-25,Company_01296,Partner,Retail,SMB,Hong Kong,New
1297,2024-07-01,Company_01297,Paid Ads,Retail,SMB,Japan,New
1298,2025-10-09,Company_01298,Paid Ads,Manufacturing,SMB,Japan,New
1299,2024-02-02,Company_01299,Outbound,Technology,SMB,Taiwan,New
1300,2025-04-21,Company_01300,Paid Ads,Retail,Mid-Market,Japan,New
1301,2024-10-29,Company_01301,Referral,Professional Services,Enterprise,Japan,New
1302,2025-08-14,Company_01302,Event,Retail,SMB,Hong Kong,New
1303,2024-08-09,Company_01303,Referral,Healthcare,SMB,Hong Kong,New
1304,2024-09-09,Company_01304,Website,Healthcare,Mid-Market,Japan,New
1305,2025-08-10,Company_01305,Partner,Healthcare,Enterprise,Taiwan,New
1306,2025-04-26,Company_01306,Outbound,Financial Services,SMB,Hong Kong,New
1307,2025-05-05,Company_01307,Outbound,Professional Services,Mid-Market,Hong Kong,New
1308,2025-05-22,Company_01308,Website,Financial Services,Mid-Market,Hong Kong,New
1309,2024-08-11,Company_01309,Website,Manufacturing,SMB,Taiwan,New
1310,2024-01-17,Company_01310,Paid Ads,Manufacturing,SMB,Hong Kong,New
1311,2025-08-07,Company_01311,Outbound,Technology,Enterprise,Hong Kong,New
1312,2024-05-21,Company_01312,Partner,Healthcare,SMB,Singapore,New
1313,2025-10-03,Company_01313,Paid Ads,Professional Services,SMB,Taiwan,New
1314,2025-01-29,Company_01314,Partner,Manufacturing,SMB,Singapore,New
1315,2025-03-12,Company_01315,Outbound,Professional Services,Enterprise,Japan,New
1316,2025-12-02,Company_01316,Website,Manufacturing,Mid-Market,Taiwan,New
1317,2025-06-11,Company_01317,Partner,Professional Services,SMB,Taiwan,New
1318,2024-04-23,Company_01318,Paid Ads,Healthcare,Mid-Market,Singapore,New
1319,2025-01-10,Company_01319,Website,Financial Services,Mid-Market,Japan,New
1320,2024-05-21,Company_01320,Event,Retail,SMB,Hong Kong,New
1321,2025-08-17,Company_01321,Partner,Professional Services,SMB,Japan,New
1322,2024-11-24,Company_01322,Paid Ads,Manufacturing,SMB,Hong Kong,New
1323,2024-10-10,Company_01323,Website,Manufacturing,SMB,Hong Kong,New
1324,2025-05-28,Company_01324,Referral,Technology,SMB,Singapore,New
1325,2025-04-07,Company_01325,Referral,Professional Services,Enterprise,Taiwan,New
1326,2024-07-11,Company_01326,Partner,Healthcare,SMB,Hong Kong,New
1327,2024-07-02,Company_01327,Website,Technology,SMB,Singapore,New
1328,2024-04-24,Company_01328,Outbound,Healthcare,SMB,Japan,New
1329,2025-06-17,Company_01329,Event,Technology,SMB,Japan,New
1330,2025-04-30,Company_01330,Paid Ads,Healthcare,Mid-Market,Taiwan,New
1331,2024-10-25,Company_01331,Website,Technology,Enterprise,Japan,New
1332,2025-06-16,Company_01332,Referral,Healthcare,Mid-Market,Singapore,New
1333,2025-05-12,Company_01333,Referral,Professional Services,SMB,Hong Kong,New
1334,2025-04-13,Company_01334,Paid Ads,Retail,Enterprise,Singapore,New
1335,2024-06-24,Company_01335,Outbound,Retail,SMB,Singapore,New
1336,2024-02-18,Company_01336,Website,Manufacturing,SMB,Japan,New
1337,2025-09-25,Company_01337,Partner,Professional Services,SMB,Japan,New
1338,2024-06-28,Company_01338,Outbound,Professional Services,Enterprise,Japan,New
1339,2024-06-14,Company_01339,Website,Technology,Enterprise,Japan,New
1340,2025-03-27,Company_01340,Website,Retail,SMB,Taiwan,New
1341,2025-11-12,Company_01341,Paid Ads,Manufacturing,SMB,Hong Kong,New
1342,2025-07-06,Company_01342,Event,Financial Services,SMB,Taiwan,New
1343,2025-02-18,Company_01343,Partner,Retail,Enterprise,Singapore,New
1344,2024-06-08,Company_01344,Website,Professional Services,SMB,Singapore,New
1345,2025-10-24,Company_01345,Outbound,Healthcare,Enterprise,Japan,New
1346,2025-08-01,Company_01346,Outbound,Healthcare,SMB,Taiwan,New
1347,2025-05-05,Company_01347,Partner,Retail,Mid-Market,Taiwan,New
1348,2024-11-11,Company_01348,Website,Financial Services,Mid-Market,Hong Kong,New
1349,2024-12-31,Company_01349,Website,Technology,Mid-Market,Japan,New
1350,2025-08-20,Company_01350,Referral,Manufacturing,SMB,Taiwan,New
1351,2025-07-05,Company_01351,Outbound,Professional Services,Mid-Market,Taiwan,New
1352,2025-06-08,Company_01352,Paid Ads,Healthcare,SMB,Taiwan,New
1353,2025-11-13,Company_01353,Paid Ads,Retail,Mid-Market,Hong Kong,New
1354,2025-01-13,Company_01354,Paid Ads,Technology,SMB,Singapore,New
1355,2024-11-11,Company_01355,Event,Financial Services,SMB,Hong Kong,New
1356,2025-03-01,Company_01356,Outbound,Manufacturing,SMB,Hong Kong,New
1357,2025-02-28,Company_01357,Website,Financial Services,Mid-Market,Japan,New
1358,2024-07-31,Company_01358,Paid Ads,Financial Services,Enterprise,Taiwan,New
1359,2025-08-27,Company_01359,Outbound,Technology,SMB,Singapore,New
1360,2025-02-28,Company_01360,Website,Healthcare,Mid-Market,Japan,New
1361,2024-07-23,Company_01361,Website,Healthcare,SMB,Hong Kong,New
1362,2024-02-13,Company_01362,Outbound,Manufacturing,Mid-Market,Singapore,New
1363,2025-05-20,Company_01363,Referral,Healthcare,SMB,Taiwan,New
1364,2024-06-06,Company_01364,Website,Professional Services,Mid-Market,Hong Kong,New
1365,2024-05-07,Company_01365,Outbound,Manufacturing,SMB,Hong Kong,New
1366,2025-12-05,Company_01366,Referral,Technology,SMB,Singapore,New
1367,2025-05-19,Company_01367,Event,Technology,Mid-Market,Singapore,New
1368,2025-08-18,Company_01368,Paid Ads,Healthcare,Enterprise,Hong Kong,New
1369,2025-12-11,Company_01369,Outbound,Manufacturing,SMB,Taiwan,New
1370,2024-09-22,Company_01370,Website,Technology,SMB,Hong Kong,New
1371,2025-12-10,Company_01371,Website,Retail,SMB,Singapore,New
1372,2025-03-05,Company_01372,Referral,Manufacturing,SMB,Singapore,New
1373,2025-06-26,Company_01373,Referral,Technology,SMB,Japan,New
1374,2024-04-06,Company_01374,Referral,Retail,SMB,Singapore,New
1375,2025-12-02,Company_01375,Outbound,Manufacturing,Mid-Market,Singapore,New
1376,2024-04-08,Company_01376,Referral,Manufacturing,Mid-Market,Taiwan,New
1377,2024-05-20,Company_01377,Referral,Manufacturing,Mid-Market,Hong Kong,New
1378,2024-12-14,Company_01378,Partner,Retail,SMB,Japan,New
1379,2025-05-30,Company_01379,Website,Retail,Mid-Market,Taiwan,New
1380,2025-03-03,Company_01380,Paid Ads,Technology,SMB,Japan,New
1381,2024-01-18,Company_01381,Paid Ads,Manufacturing,Mid-Market,Japan,New
1382,2025-03-28,Company_01382,Partner,Financial Services,SMB,Singapore,New
1383,2024-06-25,Company_01383,Outbound,Technology,Mid-Market,Taiwan,New
1384,2024-08-15,Company_01384,Website,Professional Services,SMB,Japan,New
1385,2024-11-10,Company_01385,Website,Retail,Enterprise,Hong Kong,New
1386,2025-12-08,Company_01386,Outbound,Technology,SMB,Hong Kong,New
1387,2025-03-17,Company_01387,Website,Technology,SMB,Taiwan,New
1388,2025-04-25,Company_01388,Website,Manufacturing,SMB,Singapore,New
1389,2025-11-14,Company_01389,Website,Technology,Mid-Market,Japan,New
1390,2025-08-24,Company_01390,Partner,Retail,Mid-Market,Taiwan,New
1391,2024-04-02,Company_01391,Website,Professional Services,Enterprise,Singapore,New
1392,2024-12-26,Company_01392,Website,Financial Services,Mid-Market,Japan,New
1393,2025-06-01,Company_01393,Referral,Technology,Mid-Market,Taiwan,New
1394,2025-06-25,Company_01394,Website,Retail,Enterprise,Japan,New
1395,2025-07-04,Company_01395,Website,Professional Services,SMB,Japan,New
1396,2025-05-31,Company_01396,Partner,Healthcare,SMB,Japan,New
1397,2025-03-26,Company_01397,Outbound,Technology,SMB,Singapore,New
1398,2025-01-23,Company_01398,Paid Ads,Financial Services,SMB,Taiwan,New
1399,2024-11-17,Company_01399,Website,Technology,SMB,Hong Kong,New
1400,2025-01-04,Company_01400,Outbound,Financial Services,Mid-Market,Taiwan,New
1401,2024-12-01,Company_01401,Paid Ads,Healthcare,SMB,Singapore,New
1402,2025-12-04,Company_01402,Event,Healthcare,SMB,Hong Kong,New
1403,2024-10-24,Company_01403,Event,Healthcare,SMB,Taiwan,New
1404,2025-05-02,Company_01404,Partner,Manufacturing,SMB,Hong Kong,New
1405,2025-11-19,Company_01405,Website,Healthcare,SMB,Taiwan,New
1406,2024-05-02,Company_01406,Website,Healthcare,Mid-Market,Taiwan,New
1407,2024-06-21,Company_01407,Website,Retail,SMB,Hong Kong,New
1408,2024-05-05,Company_01408,Website,Healthcare,Mid-Market,Singapore,New
1409,2025-08-18,Company_01409,Referral,Professional Services,Enterprise,Singapore,New
1410,2025-05-02,Company_01410,Outbound,Healthcare,Enterprise,Singapore,New
1411,2024-05-30,Company_01411,Outbound,Technology,SMB,Hong Kong,New
1412,2025-05-24,Company_01412,Website,Retail,SMB,Taiwan,New
1413,2024-03-10,Company_01413,Paid Ads,Technology,Enterprise,Hong Kong,New
1414,2025-09-11,Company_01414,Outbound,Retail,SMB,Taiwan,New
1415,2024-03-19,Company_01415,Outbound,Financial Services,Mid-Market,Hong Kong,New
1416,2024-07-25,Company_01416,Website,Healthcare,SMB,Singapore,New
1417,2025-07-09,Company_01417,Paid Ads,Financial Services,SMB,Taiwan,New
1418,2025-03-16,Company_01418,Partner,Technology,SMB,Singapore,New
1419,2025-01-20,Company_01419,Paid Ads,Technology,SMB,Singapore,New
1420,2025-12-24,Company_01420,Website,Healthcare,SMB,Hong Kong,New
1421,2025-05-14,Company_01421,Outbound,Financial Services,Mid-Market,Hong Kong,New
1422,2025-05-02,Company_01422,Referral,Retail,SMB,Hong Kong,New
1423,2024-09-26,Company_01423,Paid Ads,Healthcare,Mid-Market,Singapore,New
1424,2024-10-18,Company_01424,Paid Ads,Technology,Mid-Market,Japan,New
1425,2025-01-10,Company_01425,Paid Ads,Professional Services,Mid-Market,Singapore,New
1426,2025-01-24,Company_01426,Website,Manufacturing,Enterprise,Hong Kong,New
1427,2024-12-25,Company_01427,Website,Retail,SMB,Singapore,New
1428,2025-08-29,Company_01428,Website,Professional Services,SMB,Singapore,New
1429,2024-04-27,Company_01429,Paid Ads,Technology,SMB,Taiwan,New
1430,2025-04-16,Company_01430,Outbound,Healthcare,Mid-Market,Hong Kong,New
1431,2024-09-30,Company_01431,Website,Healthcare,Mid-Market,Singapore,New
1432,2025-01-21,Company_01432,Referral,Manufacturing,Mid-Market,Hong Kong,New
1433,2024-04-12,Company_01433,Outbound,Retail,SMB,Singapore,New
1434,2024-06-19,Company_01434,Referral,Manufacturing,Enterprise,Japan,New
1435,2025-05-23,Company_01435,Referral,Technology,Mid-Market,Japan,New
1436,2024-10-21,Company_01436,Website,Manufacturing,Enterprise,Hong Kong,New
1437,2024-08-19,Company_01437,Referral,Technology,Mid-Market,Taiwan,New
1438,2025-08-29,Company_01438,Paid Ads,Technology,Mid-Market,Hong Kong,New
1439,2025-03-13,Company_01439,Website,Technology,Mid-Market,Singapore,New
1440,2025-05-31,Company_01440,Outbound,Healthcare,Mid-Market,Singapore,New
1441,2024-07-23,Company_01441,Paid Ads,Manufacturing,Mid-Market,Hong Kong,New
1442,2025-11-18,Company_01442,Outbound,Retail,Enterprise,Japan,New
1443,2025-08-13,Company_01443,Paid Ads,Professional Services,Enterprise,Hong Kong,New
1444,2024-10-01,Company_01444,Partner,Financial Services,Mid-Market,Hong Kong,New
1445,2025-08-02,Company_01445,Outbound,Technology,SMB,Singapore,New
1446,2025-04-18,Company_01446,Website,Retail,Mid-Market,Singapore,New
1447,2025-03-21,Company_01447,Paid Ads,Technology,Mid-Market,Hong Kong,New
1448,2024-09-30,Company_01448,Outbound,Professional Services,SMB,Japan,New
1449,2025-02-19,Company_01449,Website,Retail,SMB,Japan,New
1450,2024-11-13,Company_01450,Paid Ads,Financial Services,Enterprise,Hong Kong,New
1451,2025-10-24,Company_01451,Partner,Retail,SMB,Japan,New
1452,2024-01-30,Company_01452,Website,Manufacturing,Mid-Market,Japan,New
1453,2025-10-21,Company_01453,Partner,Professional Services,SMB,Taiwan,New
1454,2024-02-26,Company_01454,Partner,Technology,SMB,Singapore,New
1455,2024-03-06,Company_01455,Partner,Healthcare,Enterprise,Taiwan,New
1456,2025-02-10,Company_01456,Partner,Professional Services,Mid-Market,Japan,New
1457,2024-04-24,Company_01457,Referral,Financial Services,Enterprise,Singapore,New
1458,2025-05-23,Company_01458,Partner,Retail,Mid-Market,Singapore,New
1459,2024-12-03,Company_01459,Outbound,Professional Services,SMB,Japan,New
1460,2025-03-09,Company_01460,Website,Technology,SMB,Singapore,New
1461,2025-03-26,Company_01461,Paid Ads,Financial Services,SMB,Singapore,New
1462,2025-12-17,Company_01462,Partner,Manufacturing,SMB,Hong Kong,New
1463,2025-11-30,Company_01463,Website,Manufacturing,Enterprise,Japan,New
1464,2025-01-06,Company_01464,Paid Ads,Manufacturing,Mid-Market,Taiwan,New
1465,2025-10-22,Company_01465,Event,Financial Services,SMB,Taiwan,New
1466,2025-12-08,Company_01466,Partner,Professional Services,SMB,Hong Kong,New
1467,2024-11-12,Company_01467,Referral,Professional Services,SMB,Taiwan,New
1468,2025-07-01,Company_01468,Partner,Healthcare,SMB,Hong Kong,New
1469,2024-09-18,Company_01469,Paid Ads,Retail,SMB,Japan,New
1470,2025-03-25,Company_01470,Referral,Professional Services,SMB,Taiwan,New
1471,2024-10-07,Company_01471,Partner,Healthcare,SMB,Hong Kong,New
1472,2024-12-06,Company_01472,Outbound,Technology,Mid-Market,Singapore,New
1473,2025-06-02,Company_01473,Website,Healthcare,Mid-Market,Singapore,New
1474,2025-04-09,Company_01474,Outbound,Technology,Mid-Market,Japan,New
1475,2025-10-07,Company_01475,Paid Ads,Professional Services,SMB,Hong Kong,New
1476,2024-07-23,Company_01476,Referral,Manufacturing,Mid-Market,Taiwan,New
1477,2024-06-10,Company_01477,Website,Professional Services,Enterprise,Japan,New
1478,2025-08-31,Company_01478,Outbound,Manufacturing,SMB,Japan,New
1479,2024-09-23,Company_01479,Website,Financial Services,Mid-Market,Singapore,New
1480,2024-07-22,Company_01480,Website,Manufacturing,SMB,Hong Kong,New
1481,2025-08-07,Company_01481,Website,Technology,Enterprise,Japan,New
1482,2024-04-01,Company_01482,Event,Retail,SMB,Japan,New
1483,2024-02-20,Company_01483,Paid Ads,Healthcare,Mid-Market,Japan,New
1484,2024-04-01,Company_01484,Event,Retail,Enterprise,Taiwan,New
1485,2024-01-15,Company_01485,Outbound,Healthcare,Mid-Market,Hong Kong,New
1486,2025-11-20,Company_01486,Paid Ads,Retail,Mid-Market,Japan,New
1487,2024-09-29,Company_01487,Website,Healthcare,SMB,Hong Kong,New
1488,2024-07-30,Company_01488,Referral,Manufacturing,Mid-Market,Japan,New
1489,2025-03-04,Company_01489,Website,Retail,SMB,Singapore,New
1490,2024-08-29,Company_01490,Referral,Retail,SMB,Hong Kong,New
1491,2024-03-28,Company_01491,Website,Retail,Enterprise,Hong Kong,New
1492,2025-12-04,Company_01492,Website,Healthcare,Mid-Market,Singapore,New
1493,2024-03-15,Company_01493,Website,Technology,SMB,Japan,New
1494,2025-04-27,Company_01494,Partner,Financial Services,Enterprise,Taiwan,New
1495,2024-01-06,Company_01495,Website,Financial Services,SMB,Hong Kong,New
1496,2025-11-18,Company_01496,Paid Ads,Financial Services,SMB,Japan,New
1497,2024-09-23,Company_01497,Website,Healthcare,Enterprise,Hong Kong,New
1498,2024-05-15,Company_01498,Website,Professional Services,SMB,Japan,New
1499,2024-09-23,Company_01499,Website,Technology,Enterprise,Hong Kong,New
1500,2024-10-14,Company_01500,Outbound,Healthcare,SMB,Singapore,New
1501,2025-09-19,Company_01501,Outbound,Manufacturing,SMB,Hong Kong,New
1502,2024-06-17,Company_01502,Paid Ads,Healthcare,Mid-Market,Japan,New
1503,2025-07-23,Company_01503,Partner,Professional Services,Mid-Market,Hong Kong,New
1504,2024-02-24,Company_01504,Website,Technology,SMB,Taiwan,New
1505,2025-04-26,Company_01505,Website,Professional Services,SMB,Taiwan,New
1506,2025-05-21,Company_01506,Website,Manufacturing,Enterprise,Hong Kong,New
1507,2025-04-13,Company_01507,Paid Ads,Professional Services,Enterprise,Taiwan,New
1508,2024-12-23,Company_01508,Website,Manufacturing,SMB,Japan,New
1509,2025-06-04,Company_01509,Outbound,Financial Services,Enterprise,Japan,New
1510,2025-08-20,Company_01510,Event,Technology,SMB,Japan,New
1511,2025-03-02,Company_01511,Partner,Retail,Mid-Market,Taiwan,New
1512,2024-12-02,Company_01512,Website,Professional Services,Enterprise,Taiwan,New
1513,2025-02-07,Company_01513,Paid Ads,Technology,Mid-Market,Japan,New
1514,2024-01-30,Company_01514,Website,Professional Services,Mid-Market,Hong Kong,New
1515,2025-10-05,Company_01515,Event,Financial Services,Mid-Market,Singapore,New
1516,2024-02-14,Company_01516,Outbound,Healthcare,SMB,Japan,New
1517,2024-08-04,Company_01517,Partner,Professional Services,SMB,Taiwan,New
1518,2024-03-13,Company_01518,Referral,Financial Services,SMB,Hong Kong,New
1519,2024-09-18,Company_01519,Website,Healthcare,SMB,Japan,New
1520,2024-06-15,Company_01520,Paid Ads,Healthcare,SMB,Japan,New
1521,2024-05-03,Company_01521,Website,Healthcare,Mid-Market,Singapore,New
1522,2025-12-02,Company_01522,Referral,Manufacturing,Mid-Market,Singapore,New
1523,2025-06-08,Company_01523,Website,Healthcare,Enterprise,Hong Kong,New
1524,2024-10-01,Company_01524,Referral,Healthcare,SMB,Hong Kong,New
1525,2025-01-12,Company_01525,Referral,Healthcare,Mid-Market,Taiwan,New
1526,2024-02-11,Company_01526,Referral,Healthcare,Mid-Market,Japan,New
1527,2025-05-22,Company_01527,Referral,Professional Services,SMB,Singapore,New
1528,2025-04-24,Company_01528,Paid Ads,Healthcare,SMB,Japan,New
1529,2025-12-01,Company_01529,Partner,Retail,SMB,Singapore,New
1530,2025-08-05,Company_01530,Website,Technology,Enterprise,Taiwan,New
1531,2025-06-06,Company_01531,Paid Ads,Technology,SMB,Singapore,New
1532,2024-12-29,Company_01532,Website,Technology,Mid-Market,Taiwan,New
1533,2024-04-26,Company_01533,Outbound,Healthcare,SMB,Japan,New
1534,2025-02-06,Company_01534,Website,Healthcare,Enterprise,Singapore,New
1535,2024-11-17,Company_01535,Referral,Healthcare,Mid-Market,Hong Kong,New
1536,2025-09-30,Company_01536,Outbound,Manufacturing,Enterprise,Japan,New
1537,2024-08-04,Company_01537,Website,Professional Services,Enterprise,Singapore,New
1538,2025-11-20,Company_01538,Website,Financial Services,SMB,Hong Kong,New
1539,2024-04-29,Company_01539,Website,Professional Services,SMB,Hong Kong,New
1540,2025-11-04,Company_01540,Event,Financial Services,Mid-Market,Singapore,New
1541,2025-09-25,Company_01541,Outbound,Financial Services,SMB,Hong Kong,New
1542,2024-11-05,Company_01542,Website,Retail,SMB,Taiwan,New
1543,2024-01-17,Company_01543,Outbound,Retail,Enterprise,Japan,New
1544,2025-05-07,Company_01544,Referral,Professional Services,SMB,Japan,New
1545,2024-03-29,Company_01545,Paid Ads,Healthcare,SMB,Hong Kong,New
1546,2024-01-23,Company_01546,Website,Retail,Mid-Market,Hong Kong,New
1547,2025-05-11,Company_01547,Paid Ads,Healthcare,Mid-Market,Japan,New
1548,2024-10-28,Company_01548,Referral,Healthcare,SMB,Taiwan,New
1549,2024-04-15,Company_01549,Referral,Professional Services,SMB,Hong Kong,New
1550,2025-05-22,Company_01550,Outbound,Financial Services,Mid-Market,Singapore,New
1551,2024-02-07,Company_01551,Paid Ads,Healthcare,SMB,Hong Kong,New
1552,2024-08-25,Company_01552,Outbound,Financial Services,SMB,Singapore,New
1553,2025-07-20,Company_01553,Website,Professional Services,SMB,Hong Kong,New
1554,2024-04-29,Company_01554,Paid Ads,Professional Services,SMB,Hong Kong,New
1555,2024-01-22,Company_01555,Website,Professional Services,SMB,Singapore,New
1556,2025-03-24,Company_01556,Website,Retail,Mid-Market,Singapore,New
1557,2025-09-08,Company_01557,Partner,Professional Services,Mid-Market,Japan,New
1558,2024-10-27,Company_01558,Outbound,Healthcare,Enterprise,Singapore,New
1559,2025-04-28,Company_01559,Outbound,Retail,Mid-Market,Singapore,New
1560,2025-12-08,Company_01560,Outbound,Professional Services,SMB,Japan,New
1561,2024-07-23,Company_01561,Website,Healthcare,SMB,Hong Kong,New
1562,2025-05-20,Company_01562,Paid Ads,Retail,Mid-Market,Taiwan,New
1563,2025-01-02,Company_01563,Partner,Manufacturing,Mid-Market,Japan,New
1564,2025-05-30,Company_01564,Website,Technology,SMB,Taiwan,New
1565,2025-09-24,Company_01565,Website,Financial Services,SMB,Singapore,New
1566,2024-12-14,Company_01566,Outbound,Technology,Mid-Market,Singapore,New
1567,2024-06-03,Company_01567,Partner,Financial Services,Mid-Market,Taiwan,New
1568,2025-12-24,Company_01568,Website,Healthcare,Mid-Market,Taiwan,New
1569,2024-04-18,Company_01569,Outbound,Financial Services,Mid-Market,Taiwan,New
1570,2025-07-29,Company_01570,Website,Technology,SMB,Taiwan,New
1571,2024-07-29,Company_01571,Partner,Retail,Mid-Market,Hong Kong,New
1572,2025-06-02,Company_01572,Paid Ads,Technology,SMB,Singapore,New
1573,2024-12-08,Company_01573,Outbound,Technology,Mid-Market,Hong Kong,New
1574,2025-03-01,Company_01574,Outbound,Technology,SMB,Hong Kong,New
1575,2024-12-15,Company_01575,Website,Retail,SMB,Singapore,New
1576,2025-02-28,Company_01576,Paid Ads,Professional Services,SMB,Hong Kong,New
1577,2024-08-21,Company_01577,Website,Healthcare,SMB,Hong Kong,New
1578,2025-04-14,Company_01578,Event,Financial Services,Mid-Market,Singapore,New
1579,2024-01-31,Company_01579,Paid Ads,Technology,Mid-Market,Taiwan,New
1580,2024-03-27,Company_01580,Paid Ads,Healthcare,Enterprise,Japan,New
1581,2025-03-20,Company_01581,Website,Technology,Mid-Market,Japan,New
1582,2025-08-11,Company_01582,Website,Professional Services,Enterprise,Singapore,New
1583,2025-03-05,Company_01583,Paid Ads,Professional Services,Mid-Market,Singapore,New
1584,2024-11-17,Company_01584,Partner,Technology,Mid-Market,Japan,New
1585,2025-12-18,Company_01585,Paid Ads,Professional Services,SMB,Hong Kong,New
1586,2025-12-15,Company_01586,Paid Ads,Professional Services,SMB,Japan,New
1587,2024-11-04,Company_01587,Website,Financial Services,SMB,Japan,New
1588,2025-06-16,Company_01588,Event,Manufacturing,SMB,Singapore,New
1589,2025-06-17,Company_01589,Paid Ads,Professional Services,SMB,Taiwan,New
1590,2025-07-06,Company_01590,Referral,Retail,Mid-Market,Singapore,New
1591,2025-03-08,Company_01591,Event,Technology,Mid-Market,Singapore,New
1592,2024-09-22,Company_01592,Referral,Manufacturing,SMB,Taiwan,New
1593,2025-04-04,Company_01593,Website,Professional Services,SMB,Singapore,New
1594,2024-08-29,Company_01594,Outbound,Financial Services,Mid-Market,Japan,New
1595,2024-12-24,Company_01595,Website,Professional Services,Mid-Market,Japan,New
1596,2025-01-21,Company_01596,Referral,Retail,SMB,Japan,New
1597,2025-01-04,Company_01597,Paid Ads,Retail,Mid-Market,Hong Kong,New
1598,2024-03-24,Company_01598,Website,Healthcare,Enterprise,Hong Kong,New
1599,2024-08-07,Company_01599,Paid Ads,Manufacturing,Mid-Market,Hong Kong,New
1600,2025-08-25,Company_01600,Referral,Healthcare,Enterprise,Hong Kong,New
1601,2025-10-13,Company_01601,Paid Ads,Healthcare,Mid-Market,Hong Kong,New
1602,2025-03-02,Company_01602,Outbound,Retail,SMB,Hong Kong,New
1603,2025-12-29,Company_01603,Paid Ads,Professional Services,SMB,Taiwan,New
1604,2025-12-12,Company_01604,Website,Healthcare,SMB,Japan,New
1605,2025-07-26,Company_01605,Paid Ads,Technology,Mid-Market,Hong Kong,New
1606,2024-04-22,Company_01606,Website,Financial Services,SMB,Japan,New
1607,2024-04-30,Company_01607,Paid Ads,Manufacturing,SMB,Hong Kong,New
1608,2024-01-29,Company_01608,Outbound,Retail,Mid-Market,Hong Kong,New
1609,2024-02-19,Company_01609,Partner,Manufacturing,Enterprise,Japan,New
1610,2024-07-06,Company_01610,Outbound,Healthcare,SMB,Singapore,New
1611,2024-03-10,Company_01611,Partner,Healthcare,SMB,Singapore,New
1612,2025-08-02,Company_01612,Paid Ads,Manufacturing,Mid-Market,Hong Kong,New
1613,2025-09-12,Company_01613,Website,Retail,SMB,Hong Kong,New
1614,2025-04-05,Company_01614,Outbound,Retail,Enterprise,Singapore,New
1615,2024-04-01,Company_01615,Outbound,Professional Services,Mid-Market,Hong Kong,New
1616,2024-08-26,Company_01616,Partner,Manufacturing,SMB,Hong Kong,New
1617,2024-10-11,Company_01617,Referral,Retail,Mid-Market,Singapore,New
1618,2025-07-28,Company_01618,Referral,Professional Services,Mid-Market,Japan,New
1619,2025-09-25,Company_01619,Referral,Technology,Enterprise,Japan,New
1620,2025-05-02,Company_01620,Referral,Technology,SMB,Japan,New
1621,2024-01-20,Company_01621,Website,Retail,SMB,Hong Kong,New
1622,2024-03-27,Company_01622,Outbound,Financial Services,SMB,Taiwan,New
1623,2025-05-18,Company_01623,Partner,Technology,SMB,Japan,New
1624,2025-02-28,Company_01624,Website,Financial Services,SMB,Singapore,New
1625,2024-04-03,Company_01625,Website,Technology,SMB,Singapore,New
1626,2024-05-27,Company_01626,Website,Technology,SMB,Hong Kong,New
1627,2025-11-25,Company_01627,Website,Financial Services,Enterprise,Japan,New
1628,2024-01-28,Company_01628,Outbound,Manufacturing,SMB,Singapore,New
1629,2024-05-25,Company_01629,Paid Ads,Manufacturing,SMB,Taiwan,New
1630,2024-02-23,Company_01630,Website,Financial Services,Mid-Market,Hong Kong,New
1631,2025-06-04,Company_01631,Outbound,Healthcare,Enterprise,Singapore,New
1632,2024-03-03,Company_01632,Paid Ads,Financial Services,SMB,Hong Kong,New
1633,2024-01-30,Company_01633,Paid Ads,Retail,Enterprise,Taiwan,New
1634,2024-10-02,Company_01634,Referral,Financial Services,Mid-Market,Japan,New
1635,2025-07-22,Company_01635,Outbound,Retail,SMB,Hong Kong,New
1636,2025-04-01,Company_01636,Website,Professional Services,SMB,Japan,New
1637,2025-01-17,Company_01637,Referral,Retail,Mid-Market,Hong Kong,New
1638,2025-07-22,Company_01638,Paid Ads,Technology,Mid-Market,Singapore,New
1639,2025-10-30,Company_01639,Event,Technology,SMB,Hong Kong,New
1640,2024-10-06,Company_01640,Referral,Professional Services,SMB,Singapore,New
1641,2025-10-09,Company_01641,Website,Financial Services,SMB,Japan,New
1642,2025-06-30,Company_01642,Referral,Manufacturing,SMB,Taiwan,New
1643,2024-05-23,Company_01643,Outbound,Manufacturing,Enterprise,Japan,New
1644,2025-09-17,Company_01644,Referral,Manufacturing,Enterprise,Singapore,New
1645,2025-10-12,Company_01645,Website,Professional Services,SMB,Japan,New
1646,2025-11-09,Company_01646,Event,Manufacturing,SMB,Singapore,New
1647,2024-01-17,Company_01647,Partner,Retail,Mid-Market,Taiwan,New
1648,2025-09-15,Company_01648,Paid Ads,Technology,Mid-Market,Hong Kong,New
1649,2025-07-23,Company_01649,Partner,Professional Services,SMB,Hong Kong,New
1650,2025-07-05,Company_01650,Website,Professional Services,Mid-Market,Taiwan,New
1651,2025-11-18,Company_01651,Paid Ads,Technology,SMB,Hong Kong,New
1652,2025-09-07,Company_01652,Paid Ads,Retail,Mid-Market,Taiwan,New
1653,2024-05-07,Company_01653,Paid Ads,Retail,SMB,Japan,New
1654,2024-01-21,Company_01654,Outbound,Professional Services,Enterprise,Singapore,New
1655,2024-07-15,Company_01655,Website,Financial Services,Mid-Market,Japan,New
1656,2024-08-27,Company_01656,Event,Manufacturing,SMB,Hong Kong,New
1657,2025-12-21,Company_01657,Outbound,Retail,SMB,Hong Kong,New
1658,2024-04-23,Company_01658,Partner,Financial Services,SMB,Japan,New
1659,2025-07-19,Company_01659,Website,Professional Services,Mid-Market,Japan,New
1660,2024-03-07,Company_01660,Referral,Professional Services,SMB,Singapore,New
1661,2025-08-06,Company_01661,Partner,Financial Services,Mid-Market,Singapore,New
1662,2024-07-15,Company_01662,Outbound,Technology,Enterprise,Singapore,New
1663,2025-11-28,Company_01663,Referral,Healthcare,SMB,Hong Kong,New
1664,2025-10-18,Company_01664,Outbound,Professional Services,SMB,Singapore,New
1665,2025-03-18,Company_01665,Outbound,Healthcare,SMB,Hong Kong,New
1666,2025-05-22,Company_01666,Paid Ads,Technology,Enterprise,Japan,New
1667,2024-02-18,Company_01667,Website,Healthcare,SMB,Singapore,New
1668,2024-01-06,Company_01668,Paid Ads,Manufacturing,SMB,Taiwan,New
1669,2024-08-19,Company_01669,Event,Healthcare,Enterprise,Japan,New
1670,2024-07-20,Company_01670,Website,Manufacturing,SMB,Taiwan,New
1671,2024-01-29,Company_01671,Paid Ads,Technology,Mid-Market,Singapore,New
1672,2024-09-13,Company_01672,Website,Healthcare,SMB,Singapore,New
1673,2024-02-25,Company_01673,Outbound,Financial Services,Mid-Market,Taiwan,New
1674,2025-09-06,Company_01674,Referral,Technology,Mid-Market,Taiwan,New
1675,2024-03-28,Company_01675,Event,Technology,SMB,Taiwan,New
1676,2024-05-10,Company_01676,Website,Healthcare,SMB,Hong Kong,New
1677,2024-03-08,Company_01677,Website,Technology,Mid-Market,Singapore,New
1678,2025-01-25,Company_01678,Paid Ads,Financial Services,Mid-Market,Japan,New
1679,2025-09-05,Company_01679,Outbound,Financial Services,SMB,Hong Kong,New
1680,2025-04-20,Company_01680,Outbound,Financial Services,Mid-Market,Singapore,New
1681,2025-10-28,Company_01681,Partner,Technology,SMB,Singapore,New
1682,2025-08-24,Company_01682,Website,Technology,SMB,Taiwan,New
1683,2025-08-30,Company_01683,Outbound,Retail,Enterprise,Japan,New
1684,2025-10-14,Company_01684,Referral,Manufacturing,SMB,Hong Kong,New
1685,2024-07-09,Company_01685,Website,Technology,SMB,Singapore,New
1686,2025-08-21,Company_01686,Paid Ads,Professional Services,Mid-Market,Singapore,New
1687,2025-08-20,Company_01687,Partner,Retail,SMB,Singapore,New
1688,2025-09-09,Company_01688,Paid Ads,Manufacturing,Enterprise,Japan,New
1689,2024-02-28,Company_01689,Website,Financial Services,Enterprise,Hong Kong,New
1690,2024-12-18,Company_01690,Website,Retail,Mid-Market,Japan,New
1691,2024-03-11,Company_01691,Paid Ads,Professional Services,SMB,Hong Kong,New
1692,2025-09-06,Company_01692,Outbound,Financial Services,Mid-Market,Singapore,New
1693,2025-09-22,Company_01693,Website,Manufacturing,SMB,Hong Kong,New
1694,2024-02-13,Company_01694,Paid Ads,Technology,Mid-Market,Japan,New
1695,2025-04-22,Company_01695,Referral,Retail,SMB,Singapore,New
1696,2025-01-19,Company_01696,Website,Retail,Mid-Market,Taiwan,New
1697,2025-01-06,Company_01697,Website,Manufacturing,SMB,Taiwan,New
1698,2024-05-25,Company_01698,Website,Retail,Mid-Market,Singapore,New
1699,2024-02-14,Company_01699,Event,Retail,SMB,Japan,New
1700,2024-08-12,Company_01700,Partner,Professional Services,SMB,Japan,New
1701,2024-07-01,Company_01701,Website,Retail,Mid-Market,Taiwan,New
1702,2024-01-22,Company_01702,Outbound,Retail,SMB,Taiwan,New
1703,2024-12-12,Company_01703,Partner,Manufacturing,SMB,Singapore,New
1704,2025-01-16,Company_01704,Outbound,Financial Services,Enterprise,Hong Kong,New
1705,2025-12-29,Company_01705,Website,Retail,Enterprise,Japan,New
1706,2024-07-13,Company_01706,Website,Healthcare,Mid-Market,Singapore,New
1707,2025-09-05,Company_01707,Paid Ads,Professional Services,SMB,Taiwan,New
1708,2025-09-22,Company_01708,Referral,Financial Services,SMB,Japan,New
1709,2024-12-01,Company_01709,Website,Professional Services,Mid-Market,Japan,New
1710,2025-06-04,Company_01710,Event,Healthcare,SMB,Taiwan,New
1711,2025-04-26,Company_01711,Outbound,Financial Services,SMB,Hong Kong,New
1712,2025-10-22,Company_01712,Outbound,Manufacturing,SMB,Hong Kong,New
1713,2024-07-02,Company_01713,Paid Ads,Manufacturing,SMB,Hong Kong,New
1714,2025-05-21,Company_01714,Paid Ads,Financial Services,SMB,Taiwan,New
1715,2024-07-31,Company_01715,Website,Retail,SMB,Japan,New
1716,2025-02-09,Company_01716,Website,Healthcare,Enterprise,Japan,New
1717,2025-01-18,Company_01717,Website,Technology,SMB,Taiwan,New
1718,2024-10-29,Company_01718,Paid Ads,Manufacturing,SMB,Taiwan,New
1719,2025-04-21,Company_01719,Referral,Manufacturing,SMB,Hong Kong,New
1720,2025-03-18,Company_01720,Paid Ads,Healthcare,SMB,Hong Kong,New
1721,2024-01-26,Company_01721,Website,Retail,SMB,Taiwan,New
1722,2025-01-02,Company_01722,Partner,Manufacturing,Mid-Market,Taiwan,New
1723,2024-10-10,Company_01723,Partner,Technology,SMB,Singapore,New
1724,2024-02-09,Company_01724,Referral,Manufacturing,SMB,Singapore,New
1725,2024-09-13,Company_01725,Paid Ads,Professional Services,Mid-Market,Japan,New
1726,2025-12-23,Company_01726,Referral,Retail,Enterprise,Singapore,New
1727,2024-01-09,Company_01727,Outbound,Manufacturing,Mid-Market,Hong Kong,New
1728,2025-02-19,Company_01728,Outbound,Professional Services,SMB,Japan,New
1729,2025-02-11,Company_01729,Website,Professional Services,Mid-Market,Hong Kong,New
1730,2024-08-27,Company_01730,Referral,Financial Services,Mid-Market,Hong Kong,New
1731,2024-12-14,Company_01731,Outbound,Manufacturing,Mid-Market,Hong Kong,New
1732,2025-12-15,Company_01732,Paid Ads,Healthcare,SMB,Taiwan,New
1733,2025-01-18,Company_01733,Website,Retail,SMB,Taiwan,New
1734,2025-05-26,Company_01734,Outbound,Manufacturing,SMB,Hong Kong,New
1735,2025-03-11,Company_01735,Outbound,Healthcare,Mid-Market,Singapore,New
1736,2024-11-29,Company_01736,Referral,Financial Services,Mid-Market,Japan,New
1737,2024-06-06,Company_01737,Event,Manufacturing,Mid-Market,Hong Kong,New
1738,2025-01-25,Company_01738,Website,Healthcare,SMB,Hong Kong,New
1739,2024-07-11,Company_01739,Paid Ads,Manufacturing,Mid-Market,Hong Kong,New
1740,2025-10-16,Company_01740,Partner,Technology,SMB,Japan,New
1741,2024-02-02,Company_01741,Outbound,Financial Services,SMB,Japan,New
1742,2024-07-22,Company_01742,Website,Healthcare,SMB,Japan,New
1743,2024-10-25,Company_01743,Outbound,Technology,SMB,Singapore,New
1744,2025-06-14,Company_01744,Website,Manufacturing,Enterprise,Hong Kong,New
1745,2025-02-04,Company_01745,Website,Technology,SMB,Hong Kong,New
1746,2025-05-04,Company_01746,Outbound,Healthcare,Enterprise,Japan,New
1747,2024-05-13,Company_01747,Partner,Manufacturing,SMB,Hong Kong,New
1748,2024-06-11,Company_01748,Referral,Manufacturing,Mid-Market,Hong Kong,New
1749,2024-10-09,Company_01749,Website,Retail,SMB,Hong Kong,New
1750,2025-09-11,Company_01750,Outbound,Financial Services,SMB,Hong Kong,New
1751,2025-04-16,Company_01751,Paid Ads,Technology,Mid-Market,Singapore,New
1752,2025-10-23,Company_01752,Partner,Healthcare,SMB,Singapore,New
1753,2025-02-04,Company_01753,Referral,Retail,SMB,Japan,New
1754,2025-09-24,Company_01754,Outbound,Healthcare,SMB,Japan,New
1755,2025-12-16,Company_01755,Referral,Healthcare,Mid-Market,Taiwan,New
1756,2024-09-02,Company_01756,Partner,Retail,SMB,Singapore,New
1757,2025-11-13,Company_01757,Partner,Professional Services,Mid-Market,Japan,New
1758,2025-05-20,Company_01758,Paid Ads,Financial Services,SMB,Singapore,New
1759,2024-03-19,Company_01759,Outbound,Financial Services,Mid-Market,Singapore,New
1760,2025-02-23,Company_01760,Paid Ads,Manufacturing,SMB,Taiwan,New
1761,2025-04-18,Company_01761,Website,Professional Services,Mid-Market,Hong Kong,New
1762,2025-01-25,Company_01762,Paid Ads,Healthcare,Enterprise,Hong Kong,New
1763,2024-02-08,Company_01763,Website,Technology,Mid-Market,Japan,New
1764,2024-11-30,Company_01764,Outbound,Healthcare,SMB,Taiwan,New
1765,2024-03-25,Company_01765,Referral,Retail,Mid-Market,Hong Kong,New
1766,2024-05-23,Company_01766,Paid Ads,Manufacturing,Mid-Market,Japan,New
1767,2024-01-19,Company_01767,Referral,Retail,SMB,Hong Kong,New
1768,2024-06-21,Company_01768,Website,Technology,Mid-Market,Japan,New
1769,2025-03-27,Company_01769,Paid Ads,Retail,Mid-Market,Japan,New
1770,2025-03-28,Company_01770,Outbound,Professional Services,Mid-Market,Taiwan,New
1771,2025-02-03,Company_01771,Outbound,Healthcare,SMB,Taiwan,New
1772,2024-02-19,Company_01772,Outbound,Retail,Enterprise,Singapore,New
1773,2024-09-01,Company_01773,Website,Technology,SMB,Taiwan,New
1774,2024-12-11,Company_01774,Outbound,Professional Services,Mid-Market,Japan,New
1775,2024-04-08,Company_01775,Outbound,Professional Services,SMB,Japan,New
1776,2024-02-15,Company_01776,Paid Ads,Technology,Mid-Market,Singapore,New
1777,2025-07-29,Company_01777,Referral,Financial Services,SMB,Hong Kong,New
1778,2025-03-14,Company_01778,Website,Retail,SMB,Singapore,New
1779,2024-06-26,Company_01779,Website,Professional Services,SMB,Hong Kong,New
1780,2024-08-05,Company_01780,Paid Ads,Technology,Mid-Market,Singapore,New
1781,2025-10-27,Company_01781,Referral,Technology,SMB,Japan,New
1782,2025-02-24,Company_01782,Paid Ads,Financial Services,SMB,Taiwan,New
1783,2025-12-30,Company_01783,Referral,Financial Services,SMB,Taiwan,New
1784,2025-09-06,Company_01784,Paid Ads,Professional Services,Mid-Market,Japan,New
1785,2024-12-06,Company_01785,Website,Professional Services,SMB,Hong Kong,New
1786,2024-03-10,Company_01786,Paid Ads,Financial Services,Enterprise,Hong Kong,New
1787,2025-01-26,Company_01787,Referral,Professional Services,SMB,Taiwan,New
1788,2024-08-26,Company_01788,Website,Technology,SMB,Hong Kong,New
1789,2024-09-06,Company_01789,Referral,Technology,SMB,Hong Kong,New
1790,2024-10-30,Company_01790,Website,Healthcare,SMB,Taiwan,New
1791,2024-08-31,Company_01791,Partner,Financial Services,Enterprise,Hong Kong,New
1792,2024-12-02,Company_01792,Website,Manufacturing,Mid-Market,Taiwan,New
1793,2025-06-17,Company_01793,Outbound,Healthcare,Mid-Market,Singapore,New
1794,2024-01-25,Company_01794,Website,Professional Services,SMB,Japan,New
1795,2024-07-29,Company_01795,Referral,Professional Services,Enterprise,Japan,New
1796,2025-09-14,Company_01796,Partner,Financial Services,SMB,Hong Kong,New
1797,2025-10-06,Company_01797,Website,Healthcare,SMB,Japan,New
1798,2024-02-23,Company_01798,Referral,Retail,Enterprise,Japan,New
1799,2024-04-03,Company_01799,Website,Financial Services,Mid-Market,Japan,New
1800,2024-08-29,Company_01800,Referral,Healthcare,Mid-Market,Singapore,New
1801,2024-06-17,Company_01801,Outbound,Retail,SMB,Japan,New
1802,2024-11-06,Company_01802,Website,Healthcare,Enterprise,Japan,New
1803,2024-10-05,Company_01803,Partner,Healthcare,SMB,Singapore,New
1804,2025-02-11,Company_01804,Paid Ads,Healthcare,SMB,Hong Kong,New
1805,2024-06-08,Company_01805,Outbound,Healthcare,SMB,Hong Kong,New
1806,2025-03-13,Company_01806,Partner,Manufacturing,Mid-Market,Japan,New
1807,2025-07-20,Company_01807,Outbound,Manufacturing,SMB,Singapore,New
1808,2025-04-09,Company_01808,Website,Financial Services,Mid-Market,Taiwan,New
1809,2024-12-07,Company_01809,Website,Healthcare,SMB,Japan,New
1810,2024-01-05,Company_01810,Website,Financial Services,Mid-Market,Singapore,New
1811,2025-05-18,Company_01811,Paid Ads,Healthcare,Enterprise,Singapore,New
1812,2025-01-28,Company_01812,Paid Ads,Professional Services,Enterprise,Taiwan,New
1813,2025-02-22,Company_01813,Partner,Technology,SMB,Japan,New
1814,2024-07-17,Company_01814,Outbound,Manufacturing,Mid-Market,Singapore,New
1815,2025-06-05,Company_01815,Outbound,Professional Services,Mid-Market,Taiwan,New
1816,2025-10-28,Company_01816,Paid Ads,Healthcare,Mid-Market,Japan,New
1817,2025-05-04,Company_01817,Website,Manufacturing,Mid-Market,Taiwan,New
1818,2025-12-15,Company_01818,Outbound,Retail,SMB,Hong Kong,New
1819,2025-11-28,Company_01819,Website,Retail,Mid-Market,Japan,New
1820,2024-01-13,Company_01820,Website,Technology,Mid-Market,Hong Kong,New
1821,2025-02-11,Company_01821,Outbound,Technology,SMB,Japan,New
1822,2025-03-09,Company_01822,Website,Healthcare,SMB,Singapore,New
1823,2025-05-27,Company_01823,Event,Professional Services,Enterprise,Singapore,New
1824,2025-02-25,Company_01824,Outbound,Professional Services,Enterprise,Taiwan,New
1825,2025-10-13,Company_01825,Referral,Manufacturing,Mid-Market,Singapore,New
1826,2024-08-02,Company_01826,Partner,Healthcare,Mid-Market,Taiwan,New
1827,2024-06-21,Company_01827,Outbound,Technology,SMB,Hong Kong,New
1828,2025-06-21,Company_01828,Paid Ads,Manufacturing,Mid-Market,Japan,New
1829,2024-06-29,Company_01829,Paid Ads,Professional Services,SMB,Hong Kong,New
1830,2024-07-05,Company_01830,Referral,Technology,SMB,Japan,New
1831,2024-07-09,Company_01831,Website,Professional Services,SMB,Japan,New
1832,2024-09-22,Company_01832,Event,Healthcare,SMB,Taiwan,New
1833,2025-10-13,Company_01833,Website,Manufacturing,SMB,Taiwan,New
1834,2024-10-10,Company_01834,Website,Technology,Mid-Market,Hong Kong,New
1835,2025-05-11,Company_01835,Outbound,Technology,SMB,Singapore,New
1836,2024-01-08,Company_01836,Outbound,Technology,SMB,Taiwan,New
1837,2025-01-19,Company_01837,Referral,Manufacturing,Enterprise,Hong Kong,New
1838,2024-12-11,Company_01838,Referral,Manufacturing,SMB,Singapore,New
1839,2024-11-18,Company_01839,Outbound,Manufacturing,Mid-Market,Hong Kong,New
1840,2025-09-17,Company_01840,Website,Manufacturing,Enterprise,Taiwan,New
1841,2024-01-04,Company_01841,Paid Ads,Professional Services,SMB,Japan,New
1842,2024-01-27,Company_01842,Referral,Financial Services,SMB,Japan,New
1843,2025-01-12,Company_01843,Paid Ads,Professional Services,Mid-Market,Hong Kong,New
1844,2025-06-11,Company_01844,Paid Ads,Retail,SMB,Singapore,New
1845,2024-01-18,Company_01845,Referral,Technology,Enterprise,Singapore,New
1846,2025-11-25,Company_01846,Paid Ads,Financial Services,SMB,Taiwan,New
1847,2024-12-22,Company_01847,Paid Ads,Healthcare,Enterprise,Taiwan,New
1848,2025-01-29,Company_01848,Website,Retail,Mid-Market,Taiwan,New
1849,2024-05-10,Company_01849,Paid Ads,Technology,SMB,Hong Kong,New
1850,2024-06-21,Company_01850,Partner,Technology,SMB,Japan,New
1851,2024-09-06,Company_01851,Website,Professional Services,Mid-Market,Taiwan,New
1852,2025-03-21,Company_01852,Event,Technology,SMB,Singapore,New
1853,2025-01-27,Company_01853,Outbound,Retail,Mid-Market,Hong Kong,New
1854,2025-11-17,Company_01854,Website,Retail,Enterprise,Hong Kong,New
1855,2024-04-02,Company_01855,Outbound,Manufacturing,Enterprise,Taiwan,New
1856,2025-10-21,Company_01856,Paid Ads,Professional Services,Mid-Market,Hong Kong,New
1857,2025-10-31,Company_01857,Referral,Financial Services,Enterprise,Hong Kong,New
1858,2024-08-26,Company_01858,Website,Technology,SMB,Taiwan,New
1859,2024-04-01,Company_01859,Paid Ads,Financial Services,Enterprise,Taiwan,New
1860,2025-08-09,Company_01860,Paid Ads,Manufacturing,Enterprise,Taiwan,New
1861,2024-11-14,Company_01861,Website,Financial Services,SMB,Hong Kong,New
1862,2025-03-09,Company_01862,Paid Ads,Manufacturing,Mid-Market,Japan,New
1863,2025-06-16,Company_01863,Outbound,Financial Services,SMB,Hong Kong,New
1864,2024-01-10,Company_01864,Referral,Healthcare,SMB,Singapore,New
1865,2024-08-12,Company_01865,Paid Ads,Healthcare,SMB,Singapore,New
1866,2024-05-29,Company_01866,Outbound,Professional Services,SMB,Singapore,New
1867,2024-11-12,Company_01867,Referral,Professional Services,SMB,Hong Kong,New
1868,2025-10-08,Company_01868,Outbound,Healthcare,SMB,Hong Kong,New
1869,2024-03-01,Company_01869,Event,Manufacturing,SMB,Japan,New
1870,2024-08-18,Company_01870,Outbound,Technology,Enterprise,Japan,New
1871,2025-05-14,Company_01871,Outbound,Manufacturing,Enterprise,Japan,New
1872,2024-01-23,Company_01872,Referral,Manufacturing,SMB,Hong Kong,New
1873,2024-12-22,Company_01873,Outbound,Healthcare,SMB,Singapore,New
1874,2024-10-16,Company_01874,Outbound,Retail,Mid-Market,Hong Kong,New
1875,2024-04-09,Company_01875,Website,Financial Services,Enterprise,Taiwan,New
1876,2025-12-27,Company_01876,Paid Ads,Professional Services,SMB,Japan,New
1877,2025-03-28,Company_01877,Outbound,Manufacturing,Enterprise,Japan,New
1878,2024-08-11,Company_01878,Outbound,Retail,Mid-Market,Taiwan,New
1879,2025-01-05,Company_01879,Outbound,Financial Services,SMB,Japan,New
1880,2025-01-20,Company_01880,Event,Healthcare,Mid-Market,Japan,New
1881,2024-02-27,Company_01881,Website,Healthcare,SMB,Taiwan,New
1882,2024-04-30,Company_01882,Event,Professional Services,SMB,Hong Kong,New
1883,2024-06-01,Company_01883,Referral,Healthcare,SMB,Taiwan,New
1884,2024-09-03,Company_01884,Paid Ads,Manufacturing,Mid-Market,Japan,New
1885,2025-10-30,Company_01885,Outbound,Professional Services,Enterprise,Taiwan,New
1886,2025-04-19,Company_01886,Partner,Professional Services,SMB,Hong Kong,New
1887,2025-01-11,Company_01887,Website,Technology,SMB,Hong Kong,New
1888,2025-10-18,Company_01888,Outbound,Financial Services,SMB,Hong Kong,New
1889,2024-10-07,Company_01889,Outbound,Technology,Mid-Market,Japan,New
1890,2025-01-28,Company_01890,Paid Ads,Professional Services,Mid-Market,Singapore,New
1891,2025-08-08,Company_01891,Website,Manufacturing,SMB,Japan,New
1892,2025-02-19,Company_01892,Outbound,Technology,SMB,Hong Kong,New
1893,2024-03-06,Company_01893,Referral,Financial Services,SMB,Taiwan,New
1894,2024-07-31,Company_01894,Event,Technology,SMB,Japan,New
1895,2024-01-06,Company_01895,Referral,Manufacturing,SMB,Japan,New
1896,2025-08-11,Company_01896,Website,Retail,SMB,Singapore,New
1897,2024-02-05,Company_01897,Website,Technology,SMB,Singapore,New
1898,2025-07-11,Company_01898,Website,Professional Services,SMB,Singapore,New
1899,2024-02-17,Company_01899,Partner,Financial Services,Enterprise,Singapore,New
1900,2025-11-05,Company_01900,Referral,Retail,Mid-Market,Singapore,New
1901,2025-06-19,Company_01901,Partner,Manufacturing,Mid-Market,Japan,New
1902,2025-12-05,Company_01902,Website,Technology,SMB,Japan,New
1903,2024-05-25,Company_01903,Website,Retail,Enterprise,Japan,New
1904,2025-08-28,Company_01904,Paid Ads,Retail,Mid-Market,Hong Kong,New
1905,2024-03-17,Company_01905,Referral,Manufacturing,SMB,Japan,New
1906,2025-02-13,Company_01906,Paid Ads,Manufacturing,Mid-Market,Japan,New
1907,2025-07-02,Company_01907,Website,Professional Services,Mid-Market,Japan,New
1908,2025-01-16,Company_01908,Referral,Professional Services,Mid-Market,Japan,New
1909,2025-03-05,Company_01909,Outbound,Manufacturing,Enterprise,Hong Kong,New
1910,2025-01-23,Company_01910,Website,Financial Services,SMB,Singapore,New
1911,2024-05-07,Company_01911,Referral,Professional Services,SMB,Taiwan,New
1912,2024-12-03,Company_01912,Referral,Manufacturing,Enterprise,Singapore,New
1913,2024-05-29,Company_01913,Partner,Retail,SMB,Taiwan,New
1914,2025-01-21,Company_01914,Event,Retail,SMB,Taiwan,New
1915,2024-05-06,Company_01915,Website,Professional Services,Enterprise,Hong Kong,New
1916,2024-04-07,Company_01916,Referral,Professional Services,Mid-Market,Singapore,New
1917,2025-07-18,Company_01917,Website,Technology,Enterprise,Japan,New
1918,2024-11-21,Company_01918,Partner,Healthcare,SMB,Hong Kong,New
1919,2025-05-03,Company_01919,Referral,Manufacturing,SMB,Japan,New
1920,2025-11-04,Company_01920,Website,Healthcare,Mid-Market,Singapore,New
1921,2024-02-24,Company_01921,Partner,Professional Services,Enterprise,Japan,New
1922,2025-11-25,Company_01922,Referral,Professional Services,SMB,Hong Kong,New
1923,2024-12-28,Company_01923,Outbound,Financial Services,SMB,Hong Kong,New
1924,2025-06-17,Company_01924,Partner,Retail,SMB,Taiwan,New
1925,2024-11-08,Company_01925,Paid Ads,Manufacturing,Mid-Market,Taiwan,New
1926,2024-03-19,Company_01926,Outbound,Technology,SMB,Taiwan,New
1927,2024-03-27,Company_01927,Outbound,Financial Services,Enterprise,Taiwan,New
1928,2025-03-10,Company_01928,Outbound,Professional Services,SMB,Hong Kong,New
1929,2025-06-11,Company_01929,Outbound,Professional Services,Enterprise,Taiwan,New
1930,2025-02-19,Company_01930,Website,Retail,Enterprise,Taiwan,New
1931,2025-03-11,Company_01931,Outbound,Professional Services,SMB,Taiwan,New
1932,2025-09-13,Company_01932,Paid Ads,Retail,Mid-Market,Japan,New
1933,2024-06-28,Company_01933,Website,Retail,SMB,Taiwan,New
1934,2025-03-08,Company_01934,Paid Ads,Retail,SMB,Taiwan,New
1935,2024-12-12,Company_01935,Partner,Retail,Mid-Market,Taiwan,New
1936,2024-10-24,Company_01936,Website,Manufacturing,SMB,Taiwan,New
1937,2025-10-08,Company_01937,Referral,Retail,Enterprise,Taiwan,New
1938,2025-04-19,Company_01938,Partner,Healthcare,SMB,Taiwan,New
1939,2025-09-22,Company_01939,Paid Ads,Manufacturing,SMB,Taiwan,New
1940,2024-12-24,Company_01940,Partner,Retail,SMB,Taiwan,New
1941,2024-04-13,Company_01941,Paid Ads,Retail,SMB,Japan,New
1942,2025-02-24,Company_01942,Website,Healthcare,SMB,Singapore,New
1943,2024-08-19,Company_01943,Paid Ads,Manufacturing,SMB,Hong Kong,New
1944,2024-07-05,Company_01944,Referral,Manufacturing,SMB,Hong Kong,New
1945,2025-11-03,Company_01945,Outbound,Retail,SMB,Hong Kong,New
1946,2024-01-06,Company_01946,Paid Ads,Professional Services,SMB,Japan,New
1947,2024-10-18,Company_01947,Website,Healthcare,SMB,Singapore,New
1948,2024-02-02,Company_01948,Website,Retail,Enterprise,Singapore,New
1949,2024-05-01,Company_01949,Paid Ads,Financial Services,SMB,Japan,New
1950,2024-11-28,Company_01950,Outbound,Healthcare,SMB,Hong Kong,New
1951,2024-05-14,Company_01951,Website,Technology,Mid-Market,Japan,New
1952,2024-06-08,Company_01952,Paid Ads,Technology,Mid-Market,Japan,New
1953,2024-02-23,Company_01953,Outbound,Manufacturing,SMB,Taiwan,New
1954,2025-03-20,Company_01954,Paid Ads,Manufacturing,SMB,Hong Kong,New
1955,2024-09-10,Company_01955,Referral,Professional Services,SMB,Japan,New
1956,2024-10-14,Company_01956,Outbound,Manufacturing,Enterprise,Japan,New
1957,2025-11-13,Company_01957,Outbound,Retail,SMB,Taiwan,New
1958,2025-12-18,Company_01958,Outbound,Financial Services,SMB,Japan,New
1959,2024-08-22,Company_01959,Website,Healthcare,SMB,Japan,New
1960,2024-05-29,Company_01960,Paid Ads,Financial Services,SMB,Taiwan,New
1961,2025-01-24,Company_01961,Paid Ads,Manufacturing,Mid-Market,Japan,New
1962,2024-08-15,Company_01962,Paid Ads,Healthcare,SMB,Hong Kong,New
1963,2025-10-21,Company_01963,Website,Technology,SMB,Singapore,New
1964,2024-12-25,Company_01964,Outbound,Retail,SMB,Taiwan,New
1965,2024-07-05,Company_01965,Website,Technology,Mid-Market,Singapore,New
1966,2024-08-05,Company_01966,Website,Manufacturing,Enterprise,Taiwan,New
1967,2025-03-17,Company_01967,Website,Healthcare,SMB,Singapore,New
1968,2024-04-24,Company_01968,Website,Technology,Mid-Market,Japan,New
1969,2024-12-05,Company_01969,Paid Ads,Manufacturing,Mid-Market,Singapore,New
1970,2024-08-31,Company_01970,Outbound,Retail,Mid-Market,Taiwan,New
1971,2024-04-18,Company_01971,Website,Professional Services,Mid-Market,Taiwan,New
1972,2025-08-23,Company_01972,Event,Professional Services,Mid-Market,Japan,New
1973,2025-12-22,Company_01973,Paid Ads,Technology,SMB,Singapore,New
1974,2024-11-04,Company_01974,Outbound,Retail,SMB,Japan,New
1975,2024-02-14,Company_01975,Website,Healthcare,Mid-Market,Singapore,New
1976,2025-07-27,Company_01976,Event,Manufacturing,SMB,Taiwan,New
1977,2025-03-22,Company_01977,Website,Healthcare,SMB,Taiwan,New
1978,2024-06-19,Company_01978,Referral,Professional Services,Enterprise,Singapore,New
1979,2024-02-16,Company_01979,Event,Technology,Mid-Market,Japan,New
1980,2025-02-11,Company_01980,Paid Ads,Financial Services,Enterprise,Taiwan,New
1981,2024-06-18,Company_01981,Paid Ads,Financial Services,SMB,Hong Kong,New
1982,2025-02-14,Company_01982,Referral,Retail,SMB,Japan,New
1983,2025-08-08,Company_01983,Website,Professional Services,SMB,Hong Kong,New
1984,2025-05-30,Company_01984,Outbound,Financial Services,SMB,Japan,New
1985,2024-10-30,Company_01985,Outbound,Financial Services,SMB,Japan,New
1986,2024-02-16,Company_01986,Referral,Manufacturing,SMB,Japan,New
1987,2024-10-11,Company_01987,Partner,Manufacturing,Enterprise,Taiwan,New
1988,2025-10-19,Company_01988,Event,Retail,SMB,Taiwan,New
1989,2025-10-26,Company_01989,Paid Ads,Financial Services,Enterprise,Singapore,New
1990,2024-03-26,Company_01990,Partner,Financial Services,SMB,Japan,New
1991,2025-02-22,Company_01991,Partner,Manufacturing,SMB,Taiwan,New
1992,2025-10-02,Company_01992,Outbound,Manufacturing,SMB,Singapore,New
1993,2024-06-29,Company_01993,Website,Technology,SMB,Taiwan,New
1994,2025-12-05,Company_01994,Paid Ads,Professional Services,SMB,Japan,New
1995,2025-03-28,Company_01995,Website,Manufacturing,SMB,Hong Kong,New
1996,2024-06-08,Company_01996,Paid Ads,Professional Services,Mid-Market,Singapore,New
1997,2024-05-31,Company_01997,Partner,Technology,SMB,Hong Kong,New
1998,2024-07-08,Company_01998,Outbound,Retail,SMB,Hong Kong,New
1999,2024-07-03,Company_01999,Referral,Technology,SMB,Japan,New
2000,2025-02-07,Company_02000,Outbound,Retail,SMB,Taiwan,New
2001,2025-03-12,Company_02001,Website,Professional Services,Enterprise,Taiwan,New
2002,2025-06-23,Company_02002,Website,Technology,Mid-Market,Hong Kong,New
2003,2025-01-28,Company_02003,Website,Technology,Mid-Market,Taiwan,New
2004,2024-05-15,Company_02004,Website,Technology,SMB,Taiwan,New
2005,2024-01-10,Company_02005,Event,Technology,SMB,Singapore,New
2006,2025-12-25,Company_02006,Website,Retail,SMB,Hong Kong,New
2007,2024-06-16,Company_02007,Paid Ads,Healthcare,SMB,Taiwan,New
2008,2025-07-10,Company_02008,Outbound,Professional Services,SMB,Taiwan,New
2009,2024-02-15,Company_02009,Website,Manufacturing,SMB,Hong Kong,New
2010,2024-05-25,Company_02010,Website,Retail,SMB,Hong Kong,New
2011,2025-01-29,Company_02011,Website,Professional Services,SMB,Hong Kong,New
2012,2025-12-04,Company_02012,Partner,Technology,SMB,Taiwan,New
2013,2024-08-17,Company_02013,Website,Manufacturing,SMB,Singapore,New
2014,2024-05-01,Company_02014,Paid Ads,Technology,Enterprise,Japan,New
2015,2024-07-01,Company_02015,Paid Ads,Manufacturing,Mid-Market,Hong Kong,New
2016,2024-06-02,Company_02016,Partner,Professional Services,SMB,Singapore,New
2017,2024-12-22,Company_02017,Partner,Manufacturing,Enterprise,Singapore,New
2018,2024-09-28,Company_02018,Outbound,Professional Services,Mid-Market,Taiwan,New
2019,2024-06-01,Company_02019,Outbound,Retail,SMB,Hong Kong,New
2020,2025-04-02,Company_02020,Outbound,Healthcare,Mid-Market,Taiwan,New
2021,2025-08-14,Company_02021,Paid Ads,Professional Services,SMB,Taiwan,New
2022,2024-11-26,Company_02022,Event,Retail,Mid-Market,Singapore,New
2023,2024-11-22,Company_02023,Paid Ads,Healthcare,Mid-Market,Hong Kong,New
2024,2025-09-08,Company_02024,Outbound,Manufacturing,SMB,Japan,New
2025,2025-01-27,Company_02025,Paid Ads,Healthcare,SMB,Hong Kong,New
2026,2025-06-29,Company_02026,Referral,Retail,SMB,Hong Kong,New
2027,2025-06-23,Company_02027,Referral,Professional Services,Mid-Market,Japan,New
2028,2025-12-20,Company_02028,Website,Manufacturing,SMB,Taiwan,New
2029,2025-01-06,Company_02029,Referral,Retail,Enterprise,Taiwan,New
2030,2024-12-23,Company_02030,Paid Ads,Retail,SMB,Japan,New
2031,2025-07-18,Company_02031,Event,Healthcare,SMB,Japan,New
2032,2024-02-27,Company_02032,Outbound,Technology,Enterprise,Japan,New
2033,2025-01-21,Company_02033,Outbound,Professional Services,Enterprise,Singapore,New
2034,2024-02-25,Company_02034,Outbound,Professional Services,Mid-Market,Hong Kong,New
2035,2025-08-31,Company_02035,Partner,Technology,SMB,Japan,New
2036,2024-03-21,Company_02036,Website,Technology,Mid-Market,Hong Kong,New
2037,2024-06-02,Company_02037,Outbound,Healthcare,Mid-Market,Singapore,New
2038,2025-04-26,Company_02038,Paid Ads,Manufacturing,SMB,Taiwan,New
2039,2024-10-20,Company_02039,Website,Technology,Enterprise,Taiwan,New
2040,2025-09-10,Company_02040,Outbound,Financial Services,SMB,Hong Kong,New
2041,2025-03-09,Company_02041,Outbound,Healthcare,Mid-Market,Singapore,New
2042,2025-08-08,Company_02042,Referral,Professional Services,SMB,Japan,New
2043,2024-10-05,Company_02043,Event,Financial Services,SMB,Japan,New
2044,2024-08-04,Company_02044,Paid Ads,Technology,SMB,Japan,New
2045,2025-07-26,Company_02045,Referral,Technology,Mid-Market,Hong Kong,New
2046,2025-05-03,Company_02046,Paid Ads,Professional Services,SMB,Hong Kong,New
2047,2024-06-17,Company_02047,Website,Manufacturing,Mid-Market,Japan,New
2048,2024-10-03,Company_02048,Website,Technology,SMB,Singapore,New
2049,2024-01-29,Company_02049,Website,Retail,SMB,Taiwan,New
2050,2024-08-04,Company_02050,Referral,Manufacturing,SMB,Japan,New
2051,2025-10-15,Company_02051,Partner,Retail,SMB,Taiwan,New
2052,2025-07-31,Company_02052,Event,Healthcare,SMB,Singapore,New
2053,2024-04-05,Company_02053,Partner,Technology,Enterprise,Singapore,New
2054,2025-02-11,Company_02054,Referral,Manufacturing,Mid-Market,Singapore,New
2055,2024-05-12,Company_02055,Outbound,Technology,SMB,Taiwan,New
2056,2025-05-29,Company_02056,Outbound,Retail,SMB,Hong Kong,New
2057,2025-05-03,Company_02057,Referral,Technology,SMB,Japan,New
2058,2025-11-29,Company_02058,Paid Ads,Professional Services,SMB,Japan,New
2059,2024-08-08,Company_02059,Outbound,Professional Services,SMB,Japan,New
2060,2025-05-28,Company_02060,Referral,Professional Services,Mid-Market,Singapore,New
2061,2025-04-03,Company_02061,Outbound,Manufacturing,SMB,Hong Kong,New
2062,2024-02-10,Company_02062,Partner,Professional Services,SMB,Japan,New
2063,2025-09-17,Company_02063,Referral,Retail,Mid-Market,Hong Kong,New
2064,2024-04-09,Company_02064,Outbound,Retail,Mid-Market,Singapore,New
2065,2025-07-14,Company_02065,Partner,Technology,SMB,Hong Kong,New
2066,2024-11-17,Company_02066,Website,Manufacturing,SMB,Singapore,New
2067,2025-08-13,Company_02067,Paid Ads,Technology,SMB,Hong Kong,New
2068,2024-09-21,Company_02068,Event,Manufacturing,Mid-Market,Hong Kong,New
2069,2025-10-27,Company_02069,Partner,Technology,Enterprise,Hong Kong,New
2070,2024-02-10,Company_02070,Paid Ads,Manufacturing,SMB,Japan,New
2071,2025-03-27,Company_02071,Paid Ads,Financial Services,Enterprise,Singapore,New
2072,2024-03-26,Company_02072,Outbound,Financial Services,SMB,Taiwan,New
2073,2025-09-27,Company_02073,Event,Technology,Mid-Market,Japan,New
2074,2025-12-17,Company_02074,Outbound,Technology,SMB,Taiwan,New
2075,2024-10-24,Company_02075,Paid Ads,Financial Services,SMB,Taiwan,New
2076,2024-08-16,Company_02076,Paid Ads,Healthcare,Mid-Market,Singapore,New
2077,2025-04-22,Company_02077,Paid Ads,Financial Services,Enterprise,Hong Kong,New
2078,2024-04-21,Company_02078,Website,Professional Services,SMB,Hong Kong,New
2079,2025-03-19,Company_02079,Website,Manufacturing,SMB,Singapore,New
2080,2025-09-10,Company_02080,Paid Ads,Professional Services,Mid-Market,Taiwan,New
2081,2024-10-12,Company_02081,Paid Ads,Financial Services,SMB,Hong Kong,New
2082,2024-05-29,Company_02082,Referral,Manufacturing,Mid-Market,Hong Kong,New
2083,2024-03-04,Company_02083,Partner,Manufacturing,Mid-Market,Hong Kong,New
2084,2024-08-06,Company_02084,Website,Technology,Enterprise,Hong Kong,New
2085,2024-10-03,Company_02085,Website,Retail,SMB,Taiwan,New
2086,2024-10-07,Company_02086,Paid Ads,Manufacturing,Enterprise,Hong Kong,New
2087,2025-03-05,Company_02087,Referral,Professional Services,Enterprise,Japan,New
2088,2024-02-25,Company_02088,Website,Healthcare,SMB,Singapore,New
2089,2024-06-17,Company_02089,Website,Healthcare,SMB,Japan,New
2090,2025-12-14,Company_02090,Paid Ads,Professional Services,Mid-Market,Taiwan,New
2091,2025-07-28,Company_02091,Outbound,Financial Services,SMB,Japan,New
2092,2024-11-27,Company_02092,Outbound,Professional Services,Mid-Market,Singapore,New
2093,2024-01-15,Company_02093,Website,Healthcare,Enterprise,Hong Kong,New
2094,2024-11-20,Company_02094,Website,Professional Services,SMB,Taiwan,New
2095,2025-04-06,Company_02095,Partner,Retail,Mid-Market,Taiwan,New
2096,2024-02-07,Company_02096,Website,Retail,SMB,Japan,New
2097,2025-09-07,Company_02097,Paid Ads,Manufacturing,SMB,Japan,New
2098,2025-11-26,Company_02098,Referral,Technology,SMB,Singapore,New
2099,2024-01-17,Company_02099,Paid Ads,Manufacturing,SMB,Taiwan,New
2100,2025-12-17,Company_02100,Paid Ads,Healthcare,SMB,Singapore,New
2101,2024-12-26,Company_02101,Outbound,Healthcare,SMB,Singapore,New
2102,2024-04-26,Company_02102,Partner,Healthcare,SMB,Japan,New
2103,2025-07-20,Company_02103,Referral,Financial Services,SMB,Singapore,New
2104,2025-11-06,Company_02104,Outbound,Healthcare,Mid-Market,Taiwan,New
2105,2024-03-30,Company_02105,Outbound,Technology,SMB,Taiwan,New
2106,2025-09-23,Company_02106,Partner,Technology,SMB,Taiwan,New
2107,2025-10-10,Company_02107,Paid Ads,Financial Services,Mid-Market,Singapore,New
2108,2025-03-06,Company_02108,Website,Healthcare,Mid-Market,Taiwan,New
2109,2024-07-19,Company_02109,Partner,Technology,SMB,Hong Kong,New
2110,2025-02-26,Company_02110,Partner,Professional Services,Mid-Market,Hong Kong,New
2111,2024-01-08,Company_02111,Partner,Retail,SMB,Singapore,New
2112,2025-11-05,Company_02112,Website,Healthcare,Mid-Market,Taiwan,New
2113,2025-02-28,Company_02113,Website,Technology,SMB,Singapore,New
2114,2025-06-15,Company_02114,Outbound,Financial Services,SMB,Japan,New
2115,2025-08-08,Company_02115,Event,Retail,Mid-Market,Hong Kong,New
2116,2024-07-16,Company_02116,Referral,Healthcare,Mid-Market,Hong Kong,New
2117,2024-05-11,Company_02117,Partner,Healthcare,Enterprise,Japan,New
2118,2025-02-16,Company_02118,Partner,Financial Services,SMB,Japan,New
2119,2024-04-11,Company_02119,Outbound,Retail,SMB,Hong Kong,New
2120,2025-10-04,Company_02120,Partner,Financial Services,SMB,Singapore,New
2121,2024-07-27,Company_02121,Website,Technology,SMB,Japan,New
2122,2024-01-29,Company_02122,Referral,Financial Services,Enterprise,Taiwan,New
2123,2025-08-08,Company_02123,Paid Ads,Professional Services,Mid-Market,Hong Kong,New
2124,2025-10-11,Company_02124,Referral,Manufacturing,SMB,Japan,New
2125,2024-10-31,Company_02125,Website,Retail,Mid-Market,Hong Kong,New
2126,2024-09-23,Company_02126,Outbound,Manufacturing,SMB,Japan,New
2127,2025-10-04,Company_02127,Website,Financial Services,Enterprise,Taiwan,New
2128,2025-04-15,Company_02128,Partner,Technology,SMB,Singapore,New
2129,2024-09-25,Company_02129,Partner,Technology,SMB,Singapore,New
2130,2024-07-31,Company_02130,Paid Ads,Healthcare,Mid-Market,Hong Kong,New
2131,2024-03-16,Company_02131,Paid Ads,Professional Services,SMB,Hong Kong,New
2132,2025-01-19,Company_02132,Partner,Professional Services,Enterprise,Japan,New
2133,2024-07-03,Company_02133,Website,Retail,Mid-Market,Taiwan,New
2134,2024-04-30,Company_02134,Event,Manufacturing,SMB,Taiwan,New
2135,2024-06-11,Company_02135,Referral,Manufacturing,Enterprise,Japan,New
2136,2025-09-12,Company_02136,Website,Technology,SMB,Japan,New
2137,2024-08-09,Company_02137,Partner,Technology,Enterprise,Taiwan,New
2138,2024-12-01,Company_02138,Website,Technology,Mid-Market,Japan,New
2139,2024-10-01,Company_02139,Website,Retail,Enterprise,Singapore,New
2140,2025-12-26,Company_02140,Referral,Manufacturing,SMB,Hong Kong,New
2141,2025-03-22,Company_02141,Referral,Healthcare,Enterprise,Singapore,New
2142,2024-06-26,Company_02142,Website,Professional Services,SMB,Hong Kong,New
2143,2024-04-15,Company_02143,Referral,Financial Services,SMB,Japan,New
2144,2025-05-14,Company_02144,Paid Ads,Healthcare,SMB,Singapore,New
2145,2024-11-22,Company_02145,Referral,Financial Services,SMB,Japan,New
2146,2025-08-03,Company_02146,Paid Ads,Professional Services,Mid-Market,Hong Kong,New
2147,2024-06-20,Company_02147,Partner,Financial Services,SMB,Hong Kong,New
2148,2024-10-27,Company_02148,Referral,Professional Services,Enterprise,Singapore,New
2149,2025-02-11,Company_02149,Website,Retail,Mid-Market,Hong Kong,New
2150,2024-07-09,Company_02150,Paid Ads,Technology,SMB,Singapore,New
2151,2025-01-15,Company_02151,Website,Manufacturing,SMB,Singapore,New
2152,2025-12-05,Company_02152,Website,Manufacturing,SMB,Singapore,New
2153,2024-08-26,Company_02153,Referral,Healthcare,SMB,Japan,New
2154,2025-06-23,Company_02154,Website,Financial Services,SMB,Taiwan,New
2155,2025-08-10,Company_02155,Partner,Healthcare,Mid-Market,Hong Kong,New
2156,2024-11-21,Company_02156,Outbound,Retail,SMB,Hong Kong,New
2157,2025-05-25,Company_02157,Website,Manufacturing,SMB,Taiwan,New
2158,2025-04-08,Company_02158,Website,Manufacturing,Mid-Market,Japan,New
2159,2025-08-13,Company_02159,Website,Technology,Mid-Market,Taiwan,New
2160,2025-04-17,Company_02160,Website,Healthcare,SMB,Taiwan,New
2161,2024-12-11,Company_02161,Referral,Technology,SMB,Hong Kong,New
2162,2024-11-04,Company_02162,Website,Manufacturing,SMB,Singapore,New
2163,2025-05-20,Company_02163,Referral,Healthcare,SMB,Hong Kong,New
2164,2025-05-20,Company_02164,Outbound,Technology,Mid-Market,Taiwan,New
2165,2024-01-30,Company_02165,Website,Technology,SMB,Singapore,New
2166,2025-12-05,Company_02166,Outbound,Retail,SMB,Japan,New
2167,2025-01-12,Company_02167,Outbound,Financial Services,Enterprise,Taiwan,New
2168,2024-09-22,Company_02168,Partner,Technology,SMB,Singapore,New
2169,2024-03-17,Company_02169,Website,Professional Services,Mid-Market,Hong Kong,New
2170,2024-10-03,Company_02170,Outbound,Retail,Mid-Market,Taiwan,New
2171,2024-05-09,Company_02171,Paid Ads,Retail,Mid-Market,Hong Kong,New
2172,2025-10-14,Company_02172,Paid Ads,Technology,SMB,Japan,New
2173,2025-08-14,Company_02173,Paid Ads,Healthcare,Enterprise,Singapore,New
2174,2025-05-09,Company_02174,Website,Manufacturing,Mid-Market,Taiwan,New
2175,2024-12-27,Company_02175,Referral,Retail,Mid-Market,Japan,New
2176,2025-12-12,Company_02176,Website,Healthcare,SMB,Taiwan,New
2177,2025-11-17,Company_02177,Website,Healthcare,SMB,Taiwan,New
2178,2024-12-14,Company_02178,Website,Financial Services,Mid-Market,Singapore,New
2179,2024-11-15,Company_02179,Outbound,Professional Services,SMB,Taiwan,New
2180,2024-05-13,Company_02180,Website,Manufacturing,SMB,Hong Kong,New
2181,2025-09-27,Company_02181,Referral,Healthcare,SMB,Singapore,New
2182,2025-03-09,Company_02182,Website,Manufacturing,Enterprise,Taiwan,New
2183,2024-05-30,Company_02183,Paid Ads,Technology,Mid-Market,Japan,New
2184,2024-01-17,Company_02184,Partner,Retail,SMB,Hong Kong,New
2185,2025-11-08,Company_02185,Referral,Manufacturing,SMB,Taiwan,New
2186,2024-12-28,Company_02186,Paid Ads,Retail,SMB,Hong Kong,New
2187,2025-06-04,Company_02187,Paid Ads,Healthcare,SMB,Taiwan,New
2188,2024-02-20,Company_02188,Referral,Professional Services,Enterprise,Japan,New
2189,2024-10-28,Company_02189,Website,Retail,Mid-Market,Hong Kong,New
2190,2025-06-15,Company_02190,Paid Ads,Professional Services,SMB,Japan,New
2191,2024-04-23,Company_02191,Website,Technology,Enterprise,Singapore,New
2192,2024-09-01,Company_02192,Website,Technology,SMB,Hong Kong,New
2193,2025-02-05,Company_02193,Paid Ads,Retail,Mid-Market,Singapore,New
2194,2025-05-22,Company_02194,Website,Retail,SMB,Singapore,New
2195,2025-12-23,Company_02195,Referral,Professional Services,SMB,Japan,New
2196,2025-05-30,Company_02196,Partner,Financial Services,SMB,Singapore,New
2197,2025-12-05,Company_02197,Website,Manufacturing,Mid-Market,Japan,New
2198,2024-07-10,Company_02198,Paid Ads,Healthcare,SMB,Taiwan,New
2199,2025-11-13,Company_02199,Paid Ads,Manufacturing,SMB,Singapore,New
2200,2024-03-19,Company_02200,Website,Technology,Mid-Market,Hong Kong,New
2201,2025-08-20,Company_02201,Website,Retail,SMB,Taiwan,New
2202,2024-01-18,Company_02202,Referral,Manufacturing,Mid-Market,Japan,New
2203,2024-05-30,Company_02203,Outbound,Technology,SMB,Singapore,New
2204,2025-04-08,Company_02204,Paid Ads,Manufacturing,Enterprise,Singapore,New
2205,2025-11-10,Company_02205,Paid Ads,Manufacturing,SMB,Singapore,New
2206,2024-11-04,Company_02206,Outbound,Financial Services,Mid-Market,Hong Kong,New
2207,2024-04-25,Company_02207,Website,Financial Services,Mid-Market,Taiwan,New
2208,2024-05-31,Company_02208,Event,Retail,Mid-Market,Japan,New
2209,2024-12-31,Company_02209,Paid Ads,Retail,Mid-Market,Hong Kong,New
2210,2025-01-03,Company_02210,Website,Technology,SMB,Hong Kong,New
2211,2025-10-16,Company_02211,Website,Manufacturing,Enterprise,Hong Kong,New
2212,2025-06-23,Company_02212,Website,Professional Services,SMB,Singapore,New
2213,2025-02-04,Company_02213,Referral,Manufacturing,SMB,Taiwan,New
2214,2025-08-16,Company_02214,Referral,Manufacturing,Mid-Market,Taiwan,New
2215,2025-03-19,Company_02215,Outbound,Financial Services,Enterprise,Singapore,New
2216,2024-10-22,Company_02216,Website,Technology,SMB,Japan,New
2217,2025-04-22,Company_02217,Outbound,Financial Services,Enterprise,Japan,New
2218,2024-11-06,Company_02218,Paid Ads,Technology,Mid-Market,Taiwan,New
2219,2025-04-09,Company_02219,Website,Manufacturing,Mid-Market,Taiwan,New
2220,2024-02-24,Company_02220,Paid Ads,Technology,SMB,Taiwan,New
2221,2024-02-21,Company_02221,Website,Manufacturing,Enterprise,Japan,New
2222,2024-03-29,Company_02222,Outbound,Retail,Enterprise,Japan,New
2223,2025-03-18,Company_02223,Referral,Technology,SMB,Taiwan,New
2224,2025-04-29,Company_02224,Partner,Retail,Mid-Market,Hong Kong,New
2225,2025-03-08,Company_02225,Paid Ads,Technology,Enterprise,Singapore,New
2226,2025-09-03,Company_02226,Paid Ads,Financial Services,SMB,Singapore,New
2227,2025-08-15,Company_02227,Website,Retail,SMB,Hong Kong,New
2228,2025-07-21,Company_02228,Website,Manufacturing,SMB,Hong Kong,New
2229,2025-07-12,Company_02229,Website,Healthcare,SMB,Hong Kong,New
2230,2025-12-11,Company_02230,Paid Ads,Professional Services,Mid-Market,Hong Kong,New
2231,2024-12-28,Company_02231,Paid Ads,Healthcare,Enterprise,Hong Kong,New
2232,2024-01-29,Company_02232,Partner,Technology,Enterprise,Hong Kong,New
2233,2024-03-31,Company_02233,Outbound,Financial Services,Enterprise,Japan,New
2234,2025-08-17,Company_02234,Referral,Retail,Mid-Market,Singapore,New
2235,2024-02-24,Company_02235,Outbound,Healthcare,SMB,Taiwan,New
2236,2025-04-18,Company_02236,Outbound,Financial Services,SMB,Taiwan,New
2237,2024-03-27,Company_02237,Website,Professional Services,SMB,Taiwan,New
2238,2024-10-24,Company_02238,Referral,Professional Services,SMB,Taiwan,New
2239,2024-05-04,Company_02239,Outbound,Professional Services,SMB,Taiwan,New
2240,2025-12-19,Company_02240,Website,Retail,Mid-Market,Hong Kong,New
2241,2024-05-19,Company_02241,Website,Professional Services,Mid-Market,Japan,New
2242,2024-11-04,Company_02242,Referral,Professional Services,Enterprise,Taiwan,New
2243,2025-05-11,Company_02243,Referral,Retail,SMB,Taiwan,New
2244,2024-06-05,Company_02244,Referral,Technology,SMB,Japan,New
2245,2024-07-28,Company_02245,Website,Technology,Mid-Market,Hong Kong,New
2246,2025-02-04,Company_02246,Website,Technology,SMB,Hong Kong,New
2247,2024-07-07,Company_02247,Outbound,Financial Services,SMB,Hong Kong,New
2248,2025-11-04,Company_02248,Referral,Healthcare,SMB,Taiwan,New
2249,2024-07-08,Company_02249,Website,Professional Services,Mid-Market,Japan,New
2250,2025-06-07,Company_02250,Outbound,Financial Services,SMB,Hong Kong,New
2251,2024-10-23,Company_02251,Website,Technology,Enterprise,Hong Kong,New
2252,2025-01-11,Company_02252,Outbound,Healthcare,SMB,Taiwan,New
2253,2025-04-20,Company_02253,Paid Ads,Healthcare,SMB,Singapore,New
2254,2025-04-13,Company_02254,Website,Healthcare,SMB,Singapore,New
2255,2024-02-04,Company_02255,Referral,Professional Services,Mid-Market,Taiwan,New
2256,2024-12-29,Company_02256,Event,Healthcare,Enterprise,Hong Kong,New
2257,2024-10-10,Company_02257,Website,Retail,SMB,Japan,New
2258,2024-12-23,Company_02258,Partner,Financial Services,SMB,Taiwan,New
2259,2024-06-27,Company_02259,Outbound,Manufacturing,Mid-Market,Singapore,New
2260,2025-04-15,Company_02260,Outbound,Retail,SMB,Singapore,New
2261,2025-02-07,Company_02261,Website,Professional Services,SMB,Hong Kong,New
2262,2025-09-12,Company_02262,Outbound,Financial Services,Mid-Market,Singapore,New
2263,2024-05-12,Company_02263,Outbound,Financial Services,Enterprise,Singapore,New
2264,2025-08-21,Company_02264,Referral,Healthcare,SMB,Taiwan,New
2265,2024-06-11,Company_02265,Website,Professional Services,SMB,Hong Kong,New
2266,2024-11-27,Company_02266,Outbound,Professional Services,Mid-Market,Taiwan,New
2267,2024-06-27,Company_02267,Outbound,Healthcare,Mid-Market,Hong Kong,New
2268,2024-03-06,Company_02268,Website,Manufacturing,SMB,Taiwan,New
2269,2025-03-28,Company_02269,Outbound,Financial Services,Mid-Market,Taiwan,New
2270,2024-06-27,Company_02270,Paid Ads,Professional Services,SMB,Japan,New
2271,2025-10-14,Company_02271,Referral,Retail,SMB,Hong Kong,New
2272,2025-03-24,Company_02272,Outbound,Retail,SMB,Japan,New
2273,2025-03-20,Company_02273,Outbound,Retail,SMB,Taiwan,New
2274,2025-10-06,Company_02274,Event,Technology,SMB,Japan,New
2275,2024-01-06,Company_02275,Paid Ads,Healthcare,Mid-Market,Taiwan,New
2276,2024-12-14,Company_02276,Website,Professional Services,Enterprise,Hong Kong,New
2277,2024-07-13,Company_02277,Outbound,Financial Services,Mid-Market,Singapore,New
2278,2024-12-31,Company_02278,Referral,Financial Services,Enterprise,Taiwan,New
2279,2025-03-25,Company_02279,Paid Ads,Healthcare,Enterprise,Taiwan,New
2280,2024-05-10,Company_02280,Outbound,Manufacturing,SMB,Hong Kong,New
2281,2024-08-24,Company_02281,Website,Financial Services,SMB,Japan,New
2282,2024-10-23,Company_02282,Partner,Manufacturing,SMB,Singapore,New
2283,2024-03-10,Company_02283,Partner,Retail,Enterprise,Taiwan,New
2284,2025-07-01,Company_02284,Referral,Financial Services,Enterprise,Singapore,New
2285,2025-02-12,Company_02285,Referral,Financial Services,Mid-Market,Taiwan,New
2286,2025-08-19,Company_02286,Paid Ads,Manufacturing,Mid-Market,Taiwan,New
2287,2024-12-12,Company_02287,Paid Ads,Retail,SMB,Taiwan,New
2288,2024-05-22,Company_02288,Website,Professional Services,SMB,Taiwan,New
2289,2024-08-29,Company_02289,Paid Ads,Financial Services,Enterprise,Taiwan,New
2290,2024-12-20,Company_02290,Event,Healthcare,Mid-Market,Taiwan,New
2291,2025-07-18,Company_02291,Paid Ads,Retail,SMB,Taiwan,New
2292,2024-04-16,Company_02292,Website,Financial Services,SMB,Singapore,New
2293,2025-03-17,Company_02293,Paid Ads,Retail,SMB,Taiwan,New
2294,2024-01-27,Company_02294,Outbound,Retail,SMB,Hong Kong,New
2295,2025-11-29,Company_02295,Outbound,Technology,Mid-Market,Taiwan,New
2296,2025-01-31,Company_02296,Outbound,Professional Services,SMB,Hong Kong,New
2297,2025-07-16,Company_02297,Website,Healthcare,SMB,Singapore,New
2298,2024-12-26,Company_02298,Website,Healthcare,Enterprise,Japan,New
2299,2024-08-25,Company_02299,Website,Technology,SMB,Taiwan,New
2300,2024-01-16,Company_02300,Partner,Retail,Mid-Market,Taiwan,New
2301,2024-02-28,Company_02301,Website,Retail,SMB,Singapore,New
2302,2024-12-24,Company_02302,Referral,Retail,Enterprise,Japan,New
2303,2025-09-12,Company_02303,Paid Ads,Professional Services,SMB,Taiwan,New
2304,2024-03-19,Company_02304,Website,Financial Services,SMB,Singapore,New
2305,2024-08-13,Company_02305,Paid Ads,Manufacturing,Enterprise,Singapore,New
2306,2025-10-31,Company_02306,Website,Manufacturing,SMB,Taiwan,New
2307,2024-02-25,Company_02307,Paid Ads,Healthcare,Mid-Market,Hong Kong,New
2308,2024-10-13,Company_02308,Website,Retail,Mid-Market,Japan,New
2309,2024-11-08,Company_02309,Outbound,Retail,SMB,Japan,New
2310,2024-02-06,Company_02310,Event,Professional Services,SMB,Hong Kong,New
2311,2024-04-26,Company_02311,Website,Technology,SMB,Hong Kong,New
2312,2024-11-03,Company_02312,Outbound,Technology,SMB,Hong Kong,New
2313,2025-05-22,Company_02313,Website,Healthcare,SMB,Taiwan,New
2314,2024-08-17,Company_02314,Website,Retail,Mid-Market,Taiwan,New
2315,2025-11-07,Company_02315,Paid Ads,Financial Services,Mid-Market,Taiwan,New
2316,2025-09-15,Company_02316,Outbound,Manufacturing,Enterprise,Singapore,New
2317,2025-08-28,Company_02317,Website,Technology,SMB,Hong Kong,New
2318,2025-03-13,Company_02318,Outbound,Professional Services,Mid-Market,Taiwan,New
2319,2025-07-20,Company_02319,Paid Ads,Professional Services,Enterprise,Singapore,New
2320,2025-07-01,Company_02320,Paid Ads,Financial Services,Mid-Market,Singapore,New
2321,2024-06-15,Company_02321,Event,Healthcare,Mid-Market,Japan,New
2322,2024-05-15,Company_02322,Partner,Manufacturing,Mid-Market,Singapore,New
2323,2024-03-28,Company_02323,Event,Financial Services,SMB,Hong Kong,New
2324,2024-02-09,Company_02324,Referral,Manufacturing,SMB,Singapore,New
2325,2025-10-30,Company_02325,Outbound,Financial Services,SMB,Singapore,New
2326,2025-08-05,Company_02326,Outbound,Manufacturing,Mid-Market,Hong Kong,New
2327,2025-04-18,Company_02327,Website,Technology,SMB,Singapore,New
2328,2025-05-06,Company_02328,Referral,Financial Services,SMB,Taiwan,New
2329,2025-08-16,Company_02329,Partner,Manufacturing,Enterprise,Singapore,New
2330,2024-03-06,Company_02330,Paid Ads,Manufacturing,Mid-Market,Singapore,New
2331,2024-09-22,Company_02331,Partner,Retail,SMB,Japan,New
2332,2024-05-30,Company_02332,Partner,Professional Services,SMB,Taiwan,New
2333,2025-11-01,Company_02333,Website,Professional Services,SMB,Hong Kong,New
2334,2025-08-16,Company_02334,Paid Ads,Financial Services,Mid-Market,Taiwan,New
2335,2024-09-22,Company_02335,Event,Technology,Mid-Market,Singapore,New
2336,2025-07-07,Company_02336,Outbound,Financial Services,SMB,Taiwan,New
2337,2024-03-20,Company_02337,Referral,Technology,SMB,Japan,New
2338,2024-07-27,Company_02338,Paid Ads,Manufacturing,Mid-Market,Hong Kong,New
2339,2024-03-14,Company_02339,Referral,Manufacturing,SMB,Singapore,New
2340,2025-09-13,Company_02340,Outbound,Manufacturing,Enterprise,Singapore,New
2341,2025-04-26,Company_02341,Partner,Manufacturing,Mid-Market,Japan,New
2342,2025-01-12,Company_02342,Website,Retail,Enterprise,Taiwan,New
2343,2024-04-18,Company_02343,Referral,Manufacturing,SMB,Singapore,New
2344,2024-08-08,Company_02344,Paid Ads,Financial Services,SMB,Japan,New
2345,2025-01-25,Company_02345,Outbound,Professional Services,SMB,Taiwan,New
2346,2024-08-17,Company_02346,Referral,Financial Services,Mid-Market,Hong Kong,New
2347,2025-07-05,Company_02347,Outbound,Financial Services,Mid-Market,Hong Kong,New
2348,2025-11-06,Company_02348,Referral,Healthcare,SMB,Japan,New
2349,2025-08-12,Company_02349,Website,Retail,SMB,Singapore,New
2350,2024-08-24,Company_02350,Paid Ads,Professional Services,Enterprise,Japan,New
2351,2025-03-31,Company_02351,Outbound,Healthcare,SMB,Singapore,New
2352,2025-07-27,Company_02352,Referral,Manufacturing,Mid-Market,Japan,New
2353,2025-04-04,Company_02353,Outbound,Retail,Mid-Market,Japan,New
2354,2025-07-04,Company_02354,Website,Healthcare,Mid-Market,Japan,New
2355,2025-09-12,Company_02355,Website,Manufacturing,SMB,Taiwan,New
2356,2024-03-24,Company_02356,Paid Ads,Financial Services,Enterprise,Hong Kong,New
2357,2025-10-09,Company_02357,Partner,Retail,Enterprise,Hong Kong,New
2358,2024-01-16,Company_02358,Website,Healthcare,SMB,Hong Kong,New
2359,2024-04-13,Company_02359,Website,Technology,Mid-Market,Taiwan,New
2360,2025-12-07,Company_02360,Website,Technology,SMB,Hong Kong,New
2361,2025-03-08,Company_02361,Paid Ads,Healthcare,Mid-Market,Japan,New
2362,2025-12-30,Company_02362,Website,Manufacturing,Enterprise,Singapore,New
2363,2025-08-28,Company_02363,Referral,Technology,Enterprise,Taiwan,New
2364,2024-03-16,Company_02364,Outbound,Manufacturing,Enterprise,Hong Kong,New
2365,2025-10-07,Company_02365,Paid Ads,Healthcare,SMB,Hong Kong,New
2366,2025-12-17,Company_02366,Website,Retail,Mid-Market,Taiwan,New
2367,2024-06-04,Company_02367,Partner,Financial Services,Mid-Market,Hong Kong,New
2368,2025-01-23,Company_02368,Paid Ads,Retail,SMB,Singapore,New
2369,2024-04-09,Company_02369,Website,Healthcare,SMB,Hong Kong,New
2370,2024-10-19,Company_02370,Paid Ads,Manufacturing,Mid-Market,Japan,New
2371,2024-02-12,Company_02371,Outbound,Professional Services,Enterprise,Japan,New
2372,2025-03-16,Company_02372,Referral,Financial Services,Enterprise,Singapore,New
2373,2024-04-11,Company_02373,Paid Ads,Retail,SMB,Singapore,New
2374,2025-05-13,Company_02374,Paid Ads,Retail,SMB,Singapore,New
2375,2025-09-12,Company_02375,Outbound,Retail,Mid-Market,Japan,New
2376,2024-04-08,Company_02376,Website,Financial Services,Mid-Market,Taiwan,New
2377,2025-09-04,Company_02377,Partner,Financial Services,SMB,Japan,New
2378,2024-01-07,Company_02378,Paid Ads,Technology,SMB,Singapore,New
2379,2025-08-07,Company_02379,Paid Ads,Healthcare,SMB,Hong Kong,New
2380,2024-10-29,Company_02380,Partner,Professional Services,Mid-Market,Taiwan,New
2381,2025-03-31,Company_02381,Partner,Healthcare,SMB,Japan,New
2382,2024-10-12,Company_02382,Outbound,Technology,Enterprise,Taiwan,New
2383,2024-08-15,Company_02383,Outbound,Manufacturing,SMB,Singapore,New
2384,2024-10-09,Company_02384,Paid Ads,Professional Services,SMB,Taiwan,New
2385,2025-12-24,Company_02385,Outbound,Technology,SMB,Singapore,New
2386,2024-07-13,Company_02386,Outbound,Professional Services,Mid-Market,Taiwan,New
2387,2025-10-11,Company_02387,Referral,Retail,SMB,Hong Kong,New
2388,2024-08-13,Company_02388,Outbound,Manufacturing,SMB,Hong Kong,New
2389,2024-07-10,Company_02389,Outbound,Manufacturing,SMB,Taiwan,New
2390,2025-06-12,Company_02390,Partner,Professional Services,SMB,Hong Kong,New
2391,2024-03-09,Company_02391,Paid Ads,Financial Services,SMB,Japan,New
2392,2024-02-09,Company_02392,Paid Ads,Manufacturing,Mid-Market,Japan,New
2393,2025-10-15,Company_02393,Paid Ads,Financial Services,Mid-Market,Japan,New
2394,2024-11-03,Company_02394,Outbound,Manufacturing,Mid-Market,Hong Kong,New
2395,2025-10-07,Company_02395,Paid Ads,Manufacturing,SMB,Singapore,New
2396,2024-04-08,Company_02396,Website,Manufacturing,SMB,Hong Kong,New
2397,2024-11-29,Company_02397,Website,Healthcare,SMB,Hong Kong,New
2398,2024-11-22,Company_02398,Outbound,Manufacturing,Mid-Market,Japan,New
2399,2025-05-10,Company_02399,Outbound,Healthcare,Mid-Market,Japan,New
2400,2024-01-30,Company_02400,Website,Financial Services,SMB,Hong Kong,New
2401,2024-03-03,Company_02401,Referral,Manufacturing,SMB,Singapore,New
2402,2025-02-25,Company_02402,Paid Ads,Healthcare,SMB,Singapore,New
2403,2024-02-25,Company_02403,Website,Professional Services,SMB,Taiwan,New
2404,2024-11-11,Company_02404,Paid Ads,Retail,Mid-Market,Japan,New
2405,2025-07-02,Company_02405,Website,Professional Services,SMB,Singapore,New
2406,2024-05-12,Company_02406,Referral,Technology,Enterprise,Taiwan,New
2407,2025-01-23,Company_02407,Website,Professional Services,SMB,Singapore,New
2408,2025-07-20,Company_02408,Website,Technology,SMB,Singapore,New
2409,2025-07-02,Company_02409,Website,Retail,Mid-Market,Hong Kong,New
2410,2024-08-22,Company_02410,Website,Retail,Enterprise,Singapore,New
2411,2025-02-27,Company_02411,Website,Professional Services,SMB,Taiwan,New
2412,2024-02-06,Company_02412,Outbound,Financial Services,SMB,Hong Kong,New
2413,2025-05-11,Company_02413,Website,Manufacturing,SMB,Japan,New
2414,2025-10-08,Company_02414,Outbound,Retail,SMB,Taiwan,New
2415,2025-01-21,Company_02415,Outbound,Retail,Mid-Market,Singapore,New
2416,2024-03-27,Company_02416,Website,Financial Services,Mid-Market,Hong Kong,New
2417,2024-01-21,Company_02417,Website,Financial Services,Mid-Market,Japan,New
2418,2024-04-07,Company_02418,Outbound,Healthcare,SMB,Singapore,New
2419,2024-11-27,Company_02419,Paid Ads,Professional Services,SMB,Singapore,New
2420,2025-04-14,Company_02420,Website,Manufacturing,Enterprise,Hong Kong,New
2421,2025-01-20,Company_02421,Website,Technology,SMB,Hong Kong,New
2422,2025-07-28,Company_02422,Website,Manufacturing,Enterprise,Japan,New
2423,2025-01-26,Company_02423,Website,Healthcare,Mid-Market,Singapore,New
2424,2025-07-13,Company_02424,Outbound,Healthcare,SMB,Taiwan,New
2425,2025-02-10,Company_02425,Outbound,Healthcare,SMB,Taiwan,New
2426,2025-10-20,Company_02426,Paid Ads,Retail,Mid-Market,Taiwan,New
2427,2024-04-07,Company_02427,Referral,Retail,Enterprise,Hong Kong,New
2428,2025-08-30,Company_02428,Website,Retail,SMB,Hong Kong,New
2429,2025-06-19,Company_02429,Outbound,Financial Services,Mid-Market,Taiwan,New
2430,2025-05-20,Company_02430,Website,Manufacturing,Mid-Market,Japan,New
2431,2024-02-07,Company_02431,Paid Ads,Financial Services,Mid-Market,Taiwan,New
2432,2024-10-01,Company_02432,Outbound,Financial Services,Mid-Market,Hong Kong,New
2433,2024-11-16,Company_02433,Event,Retail,SMB,Hong Kong,New
2434,2025-06-10,Company_02434,Referral,Professional Services,Enterprise,Taiwan,New
2435,2024-04-17,Company_02435,Paid Ads,Technology,SMB,Taiwan,New
2436,2024-06-14,Company_02436,Referral,Technology,SMB,Hong Kong,New
2437,2024-04-26,Company_02437,Website,Healthcare,SMB,Hong Kong,New
2438,2024-05-23,Company_02438,Outbound,Financial Services,SMB,Taiwan,New
2439,2024-10-30,Company_02439,Website,Manufacturing,Mid-Market,Singapore,New
2440,2025-06-19,Company_02440,Paid Ads,Manufacturing,Mid-Market,Japan,New
2441,2024-05-24,Company_02441,Website,Professional Services,SMB,Singapore,New
2442,2025-06-15,Company_02442,Referral,Healthcare,SMB,Singapore,New
2443,2024-05-18,Company_02443,Website,Professional Services,Mid-Market,Taiwan,New
2444,2024-11-21,Company_02444,Paid Ads,Retail,SMB,Taiwan,New
2445,2024-11-15,Company_02445,Outbound,Retail,Mid-Market,Hong Kong,New
2446,2024-12-04,Company_02446,Website,Financial Services,SMB,Japan,New
2447,2024-03-09,Company_02447,Paid Ads,Financial Services,Enterprise,Singapore,New
2448,2025-10-05,Company_02448,Website,Retail,SMB,Hong Kong,New
2449,2025-08-21,Company_02449,Outbound,Manufacturing,Mid-Market,Hong Kong,New
2450,2024-09-17,Company_02450,Referral,Professional Services,Mid-Market,Taiwan,New
2451,2025-08-29,Company_02451,Website,Professional Services,SMB,Japan,New
2452,2024-09-26,Company_02452,Referral,Retail,Mid-Market,Hong Kong,New
2453,2024-12-04,Company_02453,Referral,Financial Services,Mid-Market,Hong Kong,New
2454,2024-08-02,Company_02454,Website,Retail,Enterprise,Taiwan,New
2455,2025-09-21,Company_02455,Website,Retail,SMB,Taiwan,New
2456,2024-11-27,Company_02456,Website,Technology,SMB,Hong Kong,New
2457,2025-03-11,Company_02457,Outbound,Manufacturing,SMB,Taiwan,New
2458,2024-09-03,Company_02458,Referral,Healthcare,Mid-Market,Hong Kong,New
2459,2024-12-29,Company_02459,Paid Ads,Financial Services,SMB,Taiwan,New
2460,2025-09-11,Company_02460,Outbound,Retail,Enterprise,Singapore,New
2461,2025-12-29,Company_02461,Website,Healthcare,Mid-Market,Hong Kong,New
2462,2025-12-12,Company_02462,Outbound,Professional Services,SMB,Hong Kong,New
2463,2025-10-29,Company_02463,Paid Ads,Technology,Enterprise,Hong Kong,New
2464,2025-11-17,Company_02464,Paid Ads,Healthcare,SMB,Japan,New
2465,2025-01-26,Company_02465,Paid Ads,Professional Services,Enterprise,Japan,New
2466,2025-03-28,Company_02466,Paid Ads,Retail,SMB,Singapore,New
2467,2024-12-02,Company_02467,Website,Manufacturing,Enterprise,Taiwan,New
2468,2025-09-13,Company_02468,Website,Professional Services,SMB,Hong Kong,New
2469,2025-02-11,Company_02469,Website,Professional Services,Mid-Market,Singapore,New
2470,2025-10-02,Company_02470,Website,Financial Services,Mid-Market,Hong Kong,New
2471,2025-09-14,Company_02471,Referral,Healthcare,SMB,Taiwan,New
2472,2024-02-09,Company_02472,Paid Ads,Financial Services,Enterprise,Japan,New
2473,2025-12-23,Company_02473,Outbound,Retail,SMB,Taiwan,New
2474,2024-02-27,Company_02474,Paid Ads,Professional Services,SMB,Taiwan,New
2475,2025-07-11,Company_02475,Website,Retail,Mid-Market,Taiwan,New
2476,2024-12-06,Company_02476,Outbound,Manufacturing,Enterprise,Japan,New
2477,2025-08-23,Company_02477,Outbound,Manufacturing,SMB,Hong Kong,New
2478,2025-03-02,Company_02478,Outbound,Professional Services,SMB,Japan,New
2479,2025-05-28,Company_02479,Website,Manufacturing,SMB,Hong Kong,New
2480,2024-02-15,Company_02480,Website,Retail,Mid-Market,Hong Kong,New
2481,2024-06-26,Company_02481,Referral,Technology,SMB,Singapore,New
2482,2024-04-30,Company_02482,Paid Ads,Financial Services,Mid-Market,Taiwan,New
2483,2025-08-02,Company_02483,Partner,Technology,SMB,Taiwan,New
2484,2024-07-05,Company_02484,Outbound,Retail,SMB,Taiwan,New
2485,2024-06-22,Company_02485,Outbound,Retail,Mid-Market,Hong Kong,New
2486,2024-03-24,Company_02486,Partner,Retail,SMB,Japan,New
2487,2024-05-15,Company_02487,Paid Ads,Healthcare,Mid-Market,Japan,New
2488,2024-10-12,Company_02488,Website,Manufacturing,SMB,Japan,New
2489,2024-10-06,Company_02489,Partner,Retail,Enterprise,Singapore,New
2490,2025-12-15,Company_02490,Paid Ads,Technology,SMB,Singapore,New
2491,2024-12-23,Company_02491,Outbound,Financial Services,SMB,Japan,New
2492,2024-02-07,Company_02492,Partner,Financial Services,SMB,Japan,New
2493,2025-12-20,Company_02493,Paid Ads,Professional Services,Mid-Market,Singapore,New
2494,2024-07-31,Company_02494,Paid Ads,Financial Services,Mid-Market,Singapore,New
2495,2024-04-02,Company_02495,Referral,Retail,SMB,Hong Kong,New
2496,2024-09-24,Company_02496,Website,Technology,SMB,Japan,New
2497,2025-05-01,Company_02497,Website,Financial Services,SMB,Hong Kong,New
2498,2025-11-05,Company_02498,Referral,Technology,SMB,Taiwan,New
2499,2025-10-06,Company_02499,Paid Ads,Technology,SMB,Hong Kong,New
2500,2024-12-08,Company_02500,Paid Ads,Technology,SMB,Singapore,New
2501,2024-11-09,Company_02501,Website,Financial Services,SMB,Taiwan,New
2502,2025-03-25,Company_02502,Outbound,Healthcare,Mid-Market,Hong Kong,New
2503,2025-02-12,Company_02503,Paid Ads,Retail,SMB,Singapore,New
2504,2025-09-07,Company_02504,Paid Ads,Professional Services,SMB,Taiwan,New
2505,2024-08-27,Company_02505,Outbound,Financial Services,SMB,Hong Kong,New
2506,2024-10-02,Company_02506,Event,Healthcare,Mid-Market,Japan,New
2507,2025-06-08,Company_02507,Website,Manufacturing,Enterprise,Japan,New
2508,2025-08-04,Company_02508,Outbound,Retail,Mid-Market,Taiwan,New
2509,2024-04-02,Company_02509,Paid Ads,Retail,Mid-Market,Hong Kong,New
2510,2025-02-09,Company_02510,Website,Technology,Mid-Market,Japan,New
2511,2024-06-25,Company_02511,Paid Ads,Technology,SMB,Japan,New
2512,2025-03-23,Company_02512,Website,Retail,SMB,Singapore,New
2513,2024-01-06,Company_02513,Paid Ads,Manufacturing,SMB,Hong Kong,New
2514,2025-12-16,Company_02514,Website,Healthcare,Mid-Market,Hong Kong,New
2515,2025-12-24,Company_02515,Website,Technology,SMB,Singapore,New
2516,2024-05-16,Company_02516,Paid Ads,Manufacturing,Enterprise,Hong Kong,New
2517,2025-09-03,Company_02517,Paid Ads,Technology,SMB,Taiwan,New
2518,2024-08-15,Company_02518,Partner,Retail,Mid-Market,Singapore,New
2519,2025-01-05,Company_02519,Paid Ads,Technology,Mid-Market,Hong Kong,New
2520,2024-03-20,Company_02520,Referral,Retail,SMB,Taiwan,New
2521,2024-08-04,Company_02521,Paid Ads,Technology,SMB,Japan,New
2522,2025-03-11,Company_02522,Website,Manufacturing,SMB,Hong Kong,New
2523,2024-02-05,Company_02523,Website,Healthcare,SMB,Hong Kong,New
2524,2025-11-29,Company_02524,Referral,Technology,SMB,Taiwan,New
2525,2024-12-20,Company_02525,Outbound,Technology,Mid-Market,Hong Kong,New
2526,2024-01-13,Company_02526,Website,Retail,Mid-Market,Hong Kong,New
2527,2025-12-03,Company_02527,Paid Ads,Healthcare,Mid-Market,Hong Kong,New
2528,2025-03-08,Company_02528,Outbound,Manufacturing,SMB,Taiwan,New
2529,2025-09-10,Company_02529,Outbound,Healthcare,SMB,Hong Kong,New
2530,2025-12-30,Company_02530,Paid Ads,Financial Services,Enterprise,Taiwan,New
2531,2024-07-02,Company_02531,Event,Financial Services,Mid-Market,Taiwan,New
2532,2024-06-02,Company_02532,Website,Professional Services,Mid-Market,Japan,New
2533,2025-06-11,Company_02533,Outbound,Professional Services,Enterprise,Hong Kong,New
2534,2024-02-19,Company_02534,Paid Ads,Technology,SMB,Hong Kong,New
2535,2025-04-16,Company_02535,Paid Ads,Financial Services,Mid-Market,Singapore,New
2536,2025-03-11,Company_02536,Paid Ads,Manufacturing,Mid-Market,Taiwan,New
2537,2025-07-09,Company_02537,Website,Manufacturing,SMB,Taiwan,New
2538,2025-04-02,Company_02538,Paid Ads,Professional Services,SMB,Taiwan,New
2539,2024-12-31,Company_02539,Outbound,Financial Services,Mid-Market,Japan,New
2540,2024-06-28,Company_02540,Website,Technology,SMB,Japan,New
2541,2025-10-10,Company_02541,Paid Ads,Manufacturing,SMB,Hong Kong,New
2542,2025-12-06,Company_02542,Referral,Professional Services,Mid-Market,Hong Kong,New
2543,2024-02-11,Company_02543,Website,Manufacturing,SMB,Taiwan,New
2544,2025-01-26,Company_02544,Referral,Professional Services,SMB,Singapore,New
2545,2025-03-08,Company_02545,Paid Ads,Retail,Enterprise,Singapore,New
2546,2025-10-30,Company_02546,Outbound,Technology,Mid-Market,Hong Kong,New
2547,2024-04-29,Company_02547,Outbound,Financial Services,SMB,Singapore,New
2548,2025-09-22,Company_02548,Referral,Retail,Mid-Market,Taiwan,New
2549,2025-01-18,Company_02549,Referral,Retail,Mid-Market,Hong Kong,New
2550,2024-10-08,Company_02550,Outbound,Retail,SMB,Taiwan,New
2551,2025-09-11,Company_02551,Paid Ads,Retail,Mid-Market,Singapore,New
2552,2024-01-06,Company_02552,Paid Ads,Technology,Mid-Market,Japan,New
2553,2024-10-08,Company_02553,Website,Financial Services,Mid-Market,Singapore,New
2554,2024-04-09,Company_02554,Website,Technology,Mid-Market,Japan,New
2555,2024-03-06,Company_02555,Referral,Professional Services,Mid-Market,Hong Kong,New
2556,2025-08-25,Company_02556,Paid Ads,Financial Services,SMB,Hong Kong,New
2557,2025-05-02,Company_02557,Partner,Technology,SMB,Singapore,New
2558,2024-12-20,Company_02558,Outbound,Retail,SMB,Hong Kong,New
2559,2024-08-03,Company_02559,Referral,Retail,Mid-Market,Singapore,New
2560,2025-02-16,Company_02560,Website,Financial Services,Enterprise,Hong Kong,New
2561,2025-07-28,Company_02561,Event,Technology,SMB,Singapore,New
2562,2024-11-07,Company_02562,Website,Manufacturing,SMB,Hong Kong,New
2563,2024-01-31,Company_02563,Website,Financial Services,SMB,Singapore,New
2564,2025-08-01,Company_02564,Paid Ads,Technology,Mid-Market,Singapore,New
2565,2025-07-23,Company_02565,Outbound,Retail,SMB,Japan,New
2566,2025-01-22,Company_02566,Referral,Technology,SMB,Japan,New
2567,2024-08-04,Company_02567,Event,Financial Services,SMB,Japan,New
2568,2025-02-14,Company_02568,Referral,Manufacturing,Mid-Market,Hong Kong,New
2569,2025-09-05,Company_02569,Website,Manufacturing,Mid-Market,Singapore,New
2570,2025-05-29,Company_02570,Referral,Healthcare,SMB,Hong Kong,New
2571,2025-05-21,Company_02571,Outbound,Manufacturing,Mid-Market,Hong Kong,New
2572,2024-06-09,Company_02572,Partner,Retail,SMB,Taiwan,New
2573,2025-06-29,Company_02573,Outbound,Healthcare,Mid-Market,Taiwan,New
2574,2025-01-27,Company_02574,Referral,Healthcare,Enterprise,Hong Kong,New
2575,2024-07-12,Company_02575,Referral,Financial Services,SMB,Taiwan,New
2576,2025-09-05,Company_02576,Referral,Healthcare,Enterprise,Singapore,New
2577,2025-09-16,Company_02577,Website,Financial Services,Mid-Market,Taiwan,New
2578,2025-01-14,Company_02578,Website,Financial Services,Enterprise,Hong Kong,New
2579,2025-07-19,Company_02579,Referral,Retail,Enterprise,Japan,New
2580,2025-04-13,Company_02580,Paid Ads,Retail,SMB,Japan,New
2581,2024-11-26,Company_02581,Website,Technology,Enterprise,Japan,New
2582,2025-08-14,Company_02582,Paid Ads,Retail,Mid-Market,Hong Kong,New
2583,2024-09-04,Company_02583,Outbound,Healthcare,SMB,Taiwan,New
2584,2025-09-10,Company_02584,Outbound,Retail,SMB,Taiwan,New
2585,2024-01-08,Company_02585,Outbound,Professional Services,Mid-Market,Hong Kong,New
2586,2025-01-29,Company_02586,Website,Healthcare,Enterprise,Taiwan,New
2587,2025-09-13,Company_02587,Referral,Financial Services,Mid-Market,Hong Kong,New
2588,2025-05-07,Company_02588,Outbound,Technology,SMB,Hong Kong,New
2589,2024-02-10,Company_02589,Paid Ads,Professional Services,Enterprise,Hong Kong,New
2590,2025-03-14,Company_02590,Outbound,Technology,SMB,Singapore,New
2591,2025-08-16,Company_02591,Outbound,Technology,Mid-Market,Singapore,New
2592,2025-02-26,Company_02592,Outbound,Retail,Enterprise,Hong Kong,New
2593,2024-08-03,Company_02593,Website,Manufacturing,Mid-Market,Taiwan,New
2594,2025-04-14,Company_02594,Partner,Healthcare,Mid-Market,Singapore,New
2595,2024-12-16,Company_02595,Website,Healthcare,SMB,Hong Kong,New
2596,2025-12-17,Company_02596,Website,Manufacturing,Mid-Market,Japan,New
2597,2024-05-31,Company_02597,Referral,Technology,SMB,Singapore,New
2598,2025-07-31,Company_02598,Paid Ads,Manufacturing,SMB,Japan,New
2599,2025-08-04,Company_02599,Referral,Healthcare,Mid-Market,Singapore,New
2600,2024-06-07,Company_02600,Outbound,Professional Services,SMB,Singapore,New
2601,2025-01-28,Company_02601,Website,Retail,SMB,Japan,New
2602,2025-08-20,Company_02602,Paid Ads,Financial Services,SMB,Singapore,New
2603,2025-06-04,Company_02603,Outbound,Financial Services,SMB,Japan,New
2604,2024-12-18,Company_02604,Referral,Financial Services,Enterprise,Singapore,New
2605,2025-06-19,Company_02605,Paid Ads,Healthcare,Mid-Market,Hong Kong,New
2606,2024-06-28,Company_02606,Paid Ads,Healthcare,SMB,Taiwan,New
2607,2024-12-16,Company_02607,Website,Retail,SMB,Singapore,New
2608,2025-09-15,Company_02608,Outbound,Technology,Mid-Market,Singapore,New
2609,2025-05-25,Company_02609,Paid Ads,Professional Services,Enterprise,Japan,New
2610,2024-07-26,Company_02610,Paid Ads,Technology,SMB,Taiwan,New
2611,2024-12-03,Company_02611,Referral,Manufacturing,Mid-Market,Taiwan,New
2612,2024-02-27,Company_02612,Paid Ads,Financial Services,SMB,Singapore,New
2613,2024-07-06,Company_02613,Outbound,Professional Services,Enterprise,Japan,New
2614,2025-12-07,Company_02614,Outbound,Retail,SMB,Singapore,New
2615,2025-07-19,Company_02615,Website,Professional Services,SMB,Taiwan,New
2616,2024-05-15,Company_02616,Referral,Technology,SMB,Japan,New
2617,2025-08-22,Company_02617,Outbound,Healthcare,SMB,Taiwan,New
2618,2024-11-22,Company_02618,Outbound,Technology,SMB,Taiwan,New
2619,2025-03-28,Company_02619,Website,Retail,SMB,Japan,New
2620,2025-09-04,Company_02620,Paid Ads,Financial Services,SMB,Hong Kong,New
2621,2024-04-24,Company_02621,Outbound,Healthcare,Mid-Market,Japan,New
2622,2025-08-26,Company_02622,Outbound,Financial Services,Mid-Market,Taiwan,New
2623,2024-09-14,Company_02623,Outbound,Financial Services,SMB,Japan,New
2624,2024-12-02,Company_02624,Referral,Financial Services,SMB,Singapore,New
2625,2024-09-27,Company_02625,Partner,Retail,SMB,Singapore,New
2626,2025-10-02,Company_02626,Paid Ads,Retail,SMB,Singapore,New
2627,2025-06-05,Company_02627,Paid Ads,Retail,SMB,Hong Kong,New
2628,2025-11-20,Company_02628,Paid Ads,Healthcare,SMB,Japan,New
2629,2024-07-17,Company_02629,Outbound,Retail,SMB,Singapore,New
2630,2024-11-23,Company_02630,Outbound,Healthcare,SMB,Singapore,New
2631,2025-09-16,Company_02631,Website,Professional Services,SMB,Japan,New
2632,2024-07-15,Company_02632,Outbound,Retail,Enterprise,Japan,New
2633,2024-11-29,Company_02633,Event,Healthcare,Mid-Market,Hong Kong,New
2634,2024-10-02,Company_02634,Website,Manufacturing,SMB,Singapore,New
2635,2025-01-14,Company_02635,Website,Manufacturing,Mid-Market,Singapore,New
2636,2025-04-05,Company_02636,Paid Ads,Financial Services,SMB,Hong Kong,New
2637,2024-01-06,Company_02637,Outbound,Healthcare,SMB,Hong Kong,New
2638,2024-12-28,Company_02638,Referral,Retail,Enterprise,Singapore,New
2639,2024-01-20,Company_02639,Outbound,Retail,SMB,Singapore,New
2640,2024-10-28,Company_02640,Outbound,Technology,SMB,Hong Kong,New
2641,2024-11-29,Company_02641,Referral,Professional Services,SMB,Japan,New
2642,2025-09-24,Company_02642,Referral,Manufacturing,SMB,Japan,New
2643,2024-06-13,Company_02643,Paid Ads,Healthcare,Enterprise,Hong Kong,New
2644,2024-02-17,Company_02644,Outbound,Healthcare,Mid-Market,Hong Kong,New
2645,2024-09-12,Company_02645,Website,Financial Services,Mid-Market,Taiwan,New
2646,2024-04-13,Company_02646,Website,Manufacturing,SMB,Singapore,New
2647,2025-03-24,Company_02647,Partner,Technology,SMB,Taiwan,New
2648,2024-11-28,Company_02648,Event,Professional Services,SMB,Japan,New
2649,2024-06-03,Company_02649,Referral,Financial Services,SMB,Taiwan,New
2650,2025-03-24,Company_02650,Website,Financial Services,SMB,Singapore,New
2651,2025-07-24,Company_02651,Referral,Manufacturing,Mid-Market,Japan,New
2652,2024-03-10,Company_02652,Partner,Professional Services,Mid-Market,Singapore,New
2653,2025-01-04,Company_02653,Partner,Healthcare,Mid-Market,Japan,New
2654,2024-07-07,Company_02654,Paid Ads,Retail,SMB,Singapore,New
2655,2024-07-22,Company_02655,Outbound,Professional Services,SMB,Taiwan,New
2656,2024-05-23,Company_02656,Website,Healthcare,SMB,Hong Kong,New
2657,2024-02-19,Company_02657,Outbound,Technology,Enterprise,Singapore,New
2658,2024-01-17,Company_02658,Referral,Technology,Enterprise,Singapore,New
2659,2025-07-05,Company_02659,Paid Ads,Financial Services,SMB,Taiwan,New
2660,2024-03-18,Company_02660,Referral,Financial Services,Mid-Market,Japan,New
2661,2025-06-09,Company_02661,Outbound,Technology,Mid-Market,Hong Kong,New
2662,2025-09-16,Company_02662,Outbound,Retail,Mid-Market,Hong Kong,New
2663,2024-10-10,Company_02663,Paid Ads,Professional Services,SMB,Singapore,New
2664,2024-03-15,Company_02664,Website,Financial Services,SMB,Hong Kong,New
2665,2024-01-22,Company_02665,Paid Ads,Manufacturing,SMB,Hong Kong,New
2666,2024-01-20,Company_02666,Website,Manufacturing,SMB,Singapore,New
2667,2024-08-16,Company_02667,Referral,Manufacturing,SMB,Japan,New
2668,2025-08-11,Company_02668,Partner,Professional Services,Enterprise,Japan,New
2669,2024-07-12,Company_02669,Outbound,Retail,SMB,Taiwan,New
2670,2024-01-27,Company_02670,Referral,Technology,Mid-Market,Singapore,New
2671,2024-03-11,Company_02671,Paid Ads,Manufacturing,Enterprise,Japan,New
2672,2024-07-25,Company_02672,Paid Ads,Healthcare,Enterprise,Japan,New
2673,2024-08-10,Company_02673,Outbound,Technology,SMB,Hong Kong,New
2674,2024-05-06,Company_02674,Outbound,Healthcare,SMB,Japan,New
2675,2025-01-24,Company_02675,Website,Healthcare,SMB,Japan,New
2676,2025-01-24,Company_02676,Referral,Technology,SMB,Japan,New
2677,2025-06-02,Company_02677,Partner,Professional Services,SMB,Japan,New
2678,2024-08-02,Company_02678,Website,Healthcare,Mid-Market,Singapore,New
2679,2024-11-20,Company_02679,Paid Ads,Retail,Enterprise,Singapore,New
2680,2025-05-04,Company_02680,Website,Technology,Enterprise,Taiwan,New
2681,2024-01-08,Company_02681,Paid Ads,Healthcare,SMB,Taiwan,New
2682,2024-12-29,Company_02682,Paid Ads,Manufacturing,Mid-Market,Hong Kong,New
2683,2025-10-29,Company_02683,Paid Ads,Professional Services,SMB,Hong Kong,New
2684,2025-04-27,Company_02684,Website,Manufacturing,Mid-Market,Singapore,New
2685,2024-02-16,Company_02685,Website,Retail,SMB,Taiwan,New
2686,2024-05-11,Company_02686,Referral,Retail,Mid-Market,Taiwan,New
2687,2024-03-03,Company_02687,Referral,Retail,Enterprise,Singapore,New
2688,2025-01-15,Company_02688,Referral,Retail,SMB,Japan,New
2689,2025-06-15,Company_02689,Event,Professional Services,Mid-Market,Japan,New
2690,2025-01-08,Company_02690,Partner,Technology,Mid-Market,Taiwan,New
2691,2025-05-24,Company_02691,Website,Healthcare,Mid-Market,Singapore,New
2692,2025-09-28,Company_02692,Paid Ads,Technology,SMB,Hong Kong,New
2693,2024-02-05,Company_02693,Outbound,Retail,Enterprise,Taiwan,New
2694,2025-07-06,Company_02694,Paid Ads,Financial Services,Mid-Market,Japan,New
2695,2024-06-10,Company_02695,Website,Manufacturing,Enterprise,Taiwan,New
2696,2025-03-05,Company_02696,Event,Technology,Enterprise,Hong Kong,New
2697,2025-03-01,Company_02697,Partner,Financial Services,SMB,Taiwan,New
2698,2024-11-14,Company_02698,Paid Ads,Manufacturing,SMB,Singapore,New
2699,2025-09-20,Company_02699,Outbound,Technology,SMB,Japan,New
2700,2024-05-08,Company_02700,Website,Retail,Mid-Market,Japan,New
2701,2024-08-18,Company_02701,Outbound,Professional Services,SMB,Hong Kong,New
2702,2024-10-16,Company_02702,Partner,Technology,SMB,Singapore,New
2703,2024-07-08,Company_02703,Outbound,Manufacturing,SMB,Hong Kong,New
2704,2025-11-15,Company_02704,Referral,Financial Services,Mid-Market,Singapore,New
2705,2024-05-14,Company_02705,Paid Ads,Manufacturing,Mid-Market,Taiwan,New
2706,2025-01-29,Company_02706,Referral,Retail,Enterprise,Taiwan,New
2707,2024-05-26,Company_02707,Referral,Retail,SMB,Singapore,New
2708,2024-01-12,Company_02708,Referral,Healthcare,Enterprise,Japan,New
2709,2025-10-05,Company_02709,Partner,Financial Services,SMB,Japan,New
2710,2025-04-09,Company_02710,Referral,Financial Services,SMB,Singapore,New
2711,2025-11-02,Company_02711,Outbound,Manufacturing,SMB,Japan,New
2712,2024-09-18,Company_02712,Paid Ads,Healthcare,Mid-Market,Hong Kong,New
2713,2025-11-10,Company_02713,Website,Manufacturing,Mid-Market,Singapore,New
2714,2024-03-05,Company_02714,Outbound,Healthcare,Mid-Market,Japan,New
2715,2024-04-06,Company_02715,Website,Healthcare,Mid-Market,Taiwan,New
2716,2025-07-17,Company_02716,Outbound,Retail,Enterprise,Singapore,New
2717,2025-04-08,Company_02717,Paid Ads,Technology,Enterprise,Japan,New
2718,2025-02-11,Company_02718,Outbound,Financial Services,SMB,Japan,New
2719,2024-01-18,Company_02719,Website,Professional Services,SMB,Japan,New
2720,2025-07-30,Company_02720,Partner,Financial Services,SMB,Singapore,New
2721,2025-07-06,Company_02721,Website,Financial Services,SMB,Japan,New
2722,2024-04-12,Company_02722,Outbound,Professional Services,Mid-Market,Japan,New
2723,2024-06-04,Company_02723,Referral,Financial Services,SMB,Japan,New
2724,2024-10-12,Company_02724,Website,Healthcare,SMB,Hong Kong,New
2725,2025-05-02,Company_02725,Paid Ads,Retail,Mid-Market,Singapore,New
2726,2024-01-01,Company_02726,Website,Professional Services,Mid-Market,Singapore,New
2727,2024-08-01,Company_02727,Partner,Financial Services,Mid-Market,Taiwan,New
2728,2024-03-01,Company_02728,Outbound,Retail,SMB,Japan,New
2729,2024-09-05,Company_02729,Paid Ads,Retail,Mid-Market,Hong Kong,New
2730,2025-08-28,Company_02730,Website,Manufacturing,SMB,Singapore,New
2731,2024-05-23,Company_02731,Partner,Technology,Mid-Market,Japan,New
2732,2024-07-29,Company_02732,Paid Ads,Professional Services,SMB,Singapore,New
2733,2024-01-12,Company_02733,Referral,Financial Services,SMB,Taiwan,New
2734,2025-10-05,Company_02734,Referral,Retail,Mid-Market,Singapore,New
2735,2024-05-07,Company_02735,Referral,Financial Services,SMB,Taiwan,New
2736,2024-12-15,Company_02736,Partner,Technology,SMB,Singapore,New
2737,2024-04-25,Company_02737,Referral,Healthcare,Mid-Market,Hong Kong,New
2738,2024-10-25,Company_02738,Website,Technology,SMB,Singapore,New
2739,2024-09-04,Company_02739,Partner,Professional Services,SMB,Hong Kong,New
2740,2025-03-07,Company_02740,Website,Technology,Enterprise,Singapore,New
2741,2024-10-09,Company_02741,Partner,Professional Services,SMB,Hong Kong,New
2742,2025-11-13,Company_02742,Outbound,Manufacturing,SMB,Taiwan,New
2743,2025-05-12,Company_02743,Website,Healthcare,SMB,Hong Kong,New
2744,2025-11-12,Company_02744,Website,Professional Services,SMB,Hong Kong,New
2745,2025-09-13,Company_02745,Referral,Professional Services,SMB,Taiwan,New
2746,2025-08-27,Company_02746,Outbound,Professional Services,Enterprise,Taiwan,New
2747,2024-04-30,Company_02747,Event,Retail,SMB,Hong Kong,New
2748,2025-02-07,Company_02748,Outbound,Technology,SMB,Hong Kong,New
2749,2025-04-16,Company_02749,Referral,Financial Services,SMB,Hong Kong,New
2750,2025-10-05,Company_02750,Outbound,Healthcare,Mid-Market,Taiwan,New
2751,2024-08-09,Company_02751,Referral,Technology,Mid-Market,Singapore,New
2752,2024-04-11,Company_02752,Website,Healthcare,Mid-Market,Hong Kong,New
2753,2024-09-16,Company_02753,Paid Ads,Professional Services,SMB,Japan,New
2754,2024-10-10,Company_02754,Paid Ads,Technology,SMB,Singapore,New
2755,2024-06-13,Company_02755,Website,Financial Services,Mid-Market,Hong Kong,New
2756,2024-12-22,Company_02756,Outbound,Retail,Mid-Market,Taiwan,New
2757,2024-12-07,Company_02757,Paid Ads,Financial Services,Mid-Market,Japan,New
2758,2024-11-20,Company_02758,Outbound,Technology,Enterprise,Taiwan,New
2759,2025-10-16,Company_02759,Paid Ads,Financial Services,SMB,Japan,New
2760,2025-01-26,Company_02760,Website,Professional Services,SMB,Singapore,New
2761,2025-03-24,Company_02761,Partner,Retail,Enterprise,Singapore,New
2762,2024-01-17,Company_02762,Website,Financial Services,SMB,Singapore,New
2763,2025-07-27,Company_02763,Referral,Healthcare,Mid-Market,Taiwan,New
2764,2024-07-22,Company_02764,Website,Professional Services,Mid-Market,Hong Kong,New
2765,2024-09-26,Company_02765,Website,Manufacturing,SMB,Hong Kong,New
2766,2024-05-16,Company_02766,Partner,Technology,Mid-Market,Singapore,New
2767,2025-09-20,Company_02767,Referral,Technology,SMB,Japan,New
2768,2025-03-29,Company_02768,Outbound,Retail,SMB,Singapore,New
2769,2024-01-27,Company_02769,Paid Ads,Professional Services,Enterprise,Japan,New
2770,2024-08-19,Company_02770,Paid Ads,Retail,SMB,Singapore,New
2771,2024-09-06,Company_02771,Event,Financial Services,SMB,Hong Kong,New
2772,2025-02-28,Company_02772,Referral,Financial Services,SMB,Japan,New
2773,2025-06-15,Company_02773,Referral,Professional Services,Mid-Market,Hong Kong,New
2774,2024-09-24,Company_02774,Outbound,Manufacturing,Mid-Market,Singapore,New
2775,2025-03-17,Company_02775,Paid Ads,Retail,SMB,Singapore,New
2776,2024-03-19,Company_02776,Event,Retail,SMB,Japan,New
2777,2025-07-05,Company_02777,Referral,Technology,Enterprise,Hong Kong,New
2778,2025-07-02,Company_02778,Paid Ads,Financial Services,SMB,Singapore,New
2779,2025-12-19,Company_02779,Referral,Financial Services,Mid-Market,Japan,New
2780,2025-04-21,Company_02780,Website,Technology,SMB,Hong Kong,New
2781,2025-05-24,Company_02781,Referral,Technology,Enterprise,Japan,New
2782,2024-01-23,Company_02782,Referral,Financial Services,Mid-Market,Singapore,New
2783,2025-05-03,Company_02783,Partner,Retail,SMB,Singapore,New
2784,2024-03-07,Company_02784,Event,Manufacturing,Mid-Market,Taiwan,New
2785,2025-09-04,Company_02785,Paid Ads,Professional Services,Mid-Market,Japan,New
2786,2025-02-09,Company_02786,Website,Healthcare,SMB,Singapore,New
2787,2024-12-04,Company_02787,Website,Financial Services,Enterprise,Japan,New
2788,2025-07-06,Company_02788,Event,Financial Services,SMB,Taiwan,New
2789,2025-09-16,Company_02789,Website,Manufacturing,Mid-Market,Taiwan,New
2790,2025-09-20,Company_02790,Website,Healthcare,Mid-Market,Japan,New
2791,2024-09-11,Company_02791,Event,Retail,Mid-Market,Taiwan,New
2792,2025-10-26,Company_02792,Partner,Professional Services,SMB,Taiwan,New
2793,2024-04-06,Company_02793,Partner,Financial Services,Mid-Market,Hong Kong,New
2794,2025-02-21,Company_02794,Paid Ads,Healthcare,SMB,Singapore,New
2795,2024-07-06,Company_02795,Website,Manufacturing,SMB,Hong Kong,New
2796,2024-09-15,Company_02796,Paid Ads,Retail,SMB,Japan,New
2797,2024-08-20,Company_02797,Paid Ads,Professional Services,Mid-Market,Singapore,New
2798,2025-04-07,Company_02798,Outbound,Financial Services,SMB,Taiwan,New
2799,2025-07-24,Company_02799,Website,Manufacturing,SMB,Taiwan,New
2800,2025-06-25,Company_02800,Website,Manufacturing,SMB,Taiwan,New
2801,2025-08-04,Company_02801,Referral,Technology,Enterprise,Japan,New
2802,2025-10-13,Company_02802,Referral,Retail,SMB,Singapore,New
2803,2024-04-09,Company_02803,Partner,Retail,Mid-Market,Japan,New
2804,2025-03-27,Company_02804,Outbound,Retail,SMB,Hong Kong,New
2805,2024-02-01,Company_02805,Referral,Financial Services,Enterprise,Taiwan,New
2806,2024-11-15,Company_02806,Partner,Technology,SMB,Japan,New
2807,2025-08-27,Company_02807,Referral,Technology,SMB,Japan,New
2808,2025-09-19,Company_02808,Partner,Healthcare,Enterprise,Hong Kong,New
2809,2025-04-03,Company_02809,Partner,Professional Services,Mid-Market,Singapore,New
2810,2024-09-09,Company_02810,Paid Ads,Retail,Enterprise,Hong Kong,New
2811,2024-07-11,Company_02811,Outbound,Technology,SMB,Hong Kong,New
2812,2025-11-06,Company_02812,Outbound,Financial Services,SMB,Taiwan,New
2813,2025-11-10,Company_02813,Outbound,Financial Services,Mid-Market,Hong Kong,New
2814,2025-07-13,Company_02814,Referral,Manufacturing,SMB,Hong Kong,New
2815,2024-07-21,Company_02815,Website,Professional Services,SMB,Hong Kong,New
2816,2025-01-21,Company_02816,Website,Technology,SMB,Singapore,New
2817,2025-07-28,Company_02817,Paid Ads,Healthcare,SMB,Singapore,New
2818,2025-12-01,Company_02818,Outbound,Financial Services,Mid-Market,Japan,New
2819,2024-04-01,Company_02819,Paid Ads,Financial Services,Mid-Market,Japan,New
2820,2025-10-18,Company_02820,Paid Ads,Technology,SMB,Taiwan,New
2821,2024-11-06,Company_02821,Paid Ads,Manufacturing,Enterprise,Taiwan,New
2822,2025-12-01,Company_02822,Partner,Professional Services,SMB,Japan,New
2823,2025-06-04,Company_02823,Paid Ads,Professional Services,SMB,Japan,New
2824,2024-04-11,Company_02824,Paid Ads,Retail,Enterprise,Singapore,New
2825,2024-03-15,Company_02825,Outbound,Healthcare,SMB,Taiwan,New
2826,2024-02-16,Company_02826,Partner,Retail,Enterprise,Taiwan,New
2827,2024-10-24,Company_02827,Website,Retail,Mid-Market,Singapore,New
2828,2024-06-30,Company_02828,Event,Retail,SMB,Hong Kong,New
2829,2024-02-15,Company_02829,Website,Financial Services,SMB,Singapore,New
2830,2025-03-08,Company_02830,Outbound,Professional Services,Enterprise,Singapore,New
2831,2024-07-28,Company_02831,Partner,Professional Services,Mid-Market,Singapore,New
2832,2025-02-23,Company_02832,Outbound,Healthcare,Mid-Market,Hong Kong,New
2833,2024-10-11,Company_02833,Outbound,Retail,Mid-Market,Hong Kong,New
2834,2024-09-16,Company_02834,Referral,Professional Services,Mid-Market,Taiwan,New
2835,2025-12-13,Company_02835,Outbound,Retail,Mid-Market,Japan,New
2836,2024-03-13,Company_02836,Referral,Technology,SMB,Hong Kong,New
2837,2024-03-09,Company_02837,Website,Manufacturing,SMB,Singapore,New
2838,2025-11-28,Company_02838,Outbound,Professional Services,SMB,Singapore,New
2839,2024-10-18,Company_02839,Partner,Manufacturing,SMB,Taiwan,New
2840,2025-02-08,Company_02840,Outbound,Retail,Enterprise,Hong Kong,New
2841,2024-07-24,Company_02841,Website,Technology,SMB,Taiwan,New
2842,2024-04-24,Company_02842,Website,Healthcare,SMB,Taiwan,New
2843,2024-09-04,Company_02843,Paid Ads,Manufacturing,SMB,Japan,New
2844,2025-03-28,Company_02844,Referral,Technology,Mid-Market,Japan,New
2845,2024-08-03,Company_02845,Outbound,Technology,Mid-Market,Japan,New
2846,2024-12-15,Company_02846,Partner,Manufacturing,Enterprise,Singapore,New
2847,2025-04-18,Company_02847,Website,Professional Services,SMB,Hong Kong,New
2848,2024-06-05,Company_02848,Partner,Financial Services,SMB,Japan,New
2849,2025-10-04,Company_02849,Website,Professional Services,Mid-Market,Taiwan,New
2850,2025-03-27,Company_02850,Website,Retail,Mid-Market,Singapore,New
2851,2025-07-24,Company_02851,Website,Financial Services,Enterprise,Taiwan,New
2852,2024-04-24,Company_02852,Outbound,Healthcare,SMB,Taiwan,New
2853,2025-09-25,Company_02853,Outbound,Professional Services,Enterprise,Singapore,New
2854,2024-02-09,Company_02854,Website,Technology,Mid-Market,Taiwan,New
2855,2025-01-25,Company_02855,Website,Technology,Mid-Market,Taiwan,New
2856,2024-08-17,Company_02856,Outbound,Technology,Mid-Market,Taiwan,New
2857,2024-01-21,Company_02857,Referral,Healthcare,Enterprise,Hong Kong,New
2858,2024-10-16,Company_02858,Outbound,Healthcare,SMB,Japan,New
2859,2025-11-30,Company_02859,Paid Ads,Manufacturing,SMB,Hong Kong,New
2860,2025-05-05,Company_02860,Partner,Retail,SMB,Singapore,New
2861,2024-08-17,Company_02861,Website,Professional Services,Mid-Market,Hong Kong,New
2862,2024-09-20,Company_02862,Partner,Manufacturing,Mid-Market,Hong Kong,New
2863,2024-11-03,Company_02863,Website,Healthcare,SMB,Japan,New
2864,2025-02-15,Company_02864,Website,Professional Services,SMB,Hong Kong,New
2865,2025-03-07,Company_02865,Partner,Healthcare,Mid-Market,Hong Kong,New
2866,2025-02-01,Company_02866,Paid Ads,Manufacturing,SMB,Hong Kong,New
2867,2024-05-16,Company_02867,Outbound,Retail,SMB,Japan,New
2868,2025-08-05,Company_02868,Website,Professional Services,Mid-Market,Singapore,New
2869,2025-04-19,Company_02869,Referral,Healthcare,SMB,Singapore,New
2870,2024-08-06,Company_02870,Paid Ads,Healthcare,SMB,Hong Kong,New
2871,2024-11-03,Company_02871,Partner,Financial Services,SMB,Japan,New
2872,2024-08-10,Company_02872,Paid Ads,Retail,Mid-Market,Hong Kong,New
2873,2024-07-03,Company_02873,Partner,Technology,Mid-Market,Hong Kong,New
2874,2025-08-04,Company_02874,Outbound,Manufacturing,Enterprise,Japan,New
2875,2025-10-18,Company_02875,Paid Ads,Retail,SMB,Singapore,New
2876,2025-04-24,Company_02876,Website,Professional Services,SMB,Hong Kong,New
2877,2024-11-19,Company_02877,Referral,Financial Services,SMB,Taiwan,New
2878,2025-11-23,Company_02878,Website,Technology,SMB,Taiwan,New
2879,2024-02-24,Company_02879,Paid Ads,Technology,SMB,Singapore,New
2880,2024-07-26,Company_02880,Outbound,Retail,SMB,Taiwan,New
2881,2025-01-06,Company_02881,Referral,Manufacturing,Mid-Market,Hong Kong,New
2882,2025-05-01,Company_02882,Paid Ads,Retail,SMB,Taiwan,New
2883,2025-07-29,Company_02883,Website,Retail,SMB,Taiwan,New
2884,2025-06-29,Company_02884,Partner,Healthcare,SMB,Hong Kong,New
2885,2025-12-17,Company_02885,Event,Professional Services,Mid-Market,Japan,New
2886,2024-04-26,Company_02886,Outbound,Retail,Enterprise,Taiwan,New
2887,2024-02-10,Company_02887,Website,Healthcare,SMB,Hong Kong,New
2888,2024-06-23,Company_02888,Outbound,Financial Services,Mid-Market,Singapore,New
2889,2025-03-27,Company_02889,Referral,Retail,SMB,Taiwan,New
2890,2025-05-18,Company_02890,Partner,Financial Services,SMB,Singapore,New
2891,2024-03-28,Company_02891,Partner,Technology,SMB,Singapore,New
2892,2025-11-24,Company_02892,Paid Ads,Retail,SMB,Japan,New
2893,2025-10-11,Company_02893,Paid Ads,Professional Services,Mid-Market,Taiwan,New
2894,2024-12-29,Company_02894,Referral,Healthcare,SMB,Hong Kong,New
2895,2024-06-22,Company_02895,Paid Ads,Manufacturing,SMB,Singapore,New
2896,2025-06-16,Company_02896,Partner,Technology,SMB,Japan,New
2897,2024-02-23,Company_02897,Referral,Professional Services,SMB,Hong Kong,New
2898,2025-03-19,Company_02898,Paid Ads,Manufacturing,Mid-Market,Hong Kong,New
2899,2025-11-06,Company_02899,Website,Financial Services,SMB,Taiwan,New
2900,2025-08-10,Company_02900,Website,Healthcare,SMB,Hong Kong,New
2901,2025-01-24,Company_02901,Paid Ads,Professional Services,Mid-Market,Hong Kong,New
2902,2024-12-09,Company_02902,Paid Ads,Financial Services,Enterprise,Hong Kong,New
2903,2025-02-20,Company_02903,Outbound,Retail,Enterprise,Singapore,New
2904,2025-07-19,Company_02904,Website,Manufacturing,SMB,Hong Kong,New
2905,2025-11-18,Company_02905,Website,Professional Services,Enterprise,Taiwan,New
2906,2024-01-24,Company_02906,Outbound,Technology,SMB,Japan,New
2907,2025-01-17,Company_02907,Website,Financial Services,Mid-Market,Taiwan,New
2908,2024-03-18,Company_02908,Website,Technology,Mid-Market,Singapore,New
2909,2025-09-24,Company_02909,Website,Financial Services,Mid-Market,Hong Kong,New
2910,2025-10-08,Company_02910,Partner,Professional Services,SMB,Taiwan,New
2911,2024-02-27,Company_02911,Outbound,Retail,Enterprise,Taiwan,New
2912,2024-07-09,Company_02912,Website,Technology,SMB,Japan,New
2913,2024-08-03,Company_02913,Website,Technology,SMB,Japan,New
2914,2025-05-02,Company_02914,Outbound,Professional Services,Enterprise,Japan,New
2915,2025-04-25,Company_02915,Website,Professional Services,Mid-Market,Taiwan,New
2916,2025-03-29,Company_02916,Website,Technology,SMB,Japan,New
2917,2024-09-26,Company_02917,Website,Financial Services,Mid-Market,Japan,New
2918,2025-12-17,Company_02918,Website,Technology,SMB,Singapore,New
2919,2024-08-21,Company_02919,Website,Professional Services,Mid-Market,Singapore,New
2920,2025-09-07,Company_02920,Paid Ads,Professional Services,SMB,Hong Kong,New
2921,2024-09-13,Company_02921,Outbound,Professional Services,SMB,Taiwan,New
2922,2025-11-01,Company_02922,Partner,Professional Services,SMB,Japan,New
2923,2024-03-07,Company_02923,Website,Healthcare,SMB,Taiwan,New
2924,2025-09-26,Company_02924,Outbound,Healthcare,SMB,Hong Kong,New
2925,2024-01-13,Company_02925,Event,Professional Services,SMB,Singapore,New
2926,2025-12-15,Company_02926,Outbound,Professional Services,Enterprise,Singapore,New
2927,2024-11-22,Company_02927,Paid Ads,Professional Services,Mid-Market,Singapore,New
2928,2025-05-26,Company_02928,Paid Ads,Healthcare,SMB,Japan,New
2929,2024-08-21,Company_02929,Referral,Technology,Mid-Market,Hong Kong,New
2930,2025-04-21,Company_02930,Partner,Manufacturing,Enterprise,Hong Kong,New
2931,2025-04-19,Company_02931,Partner,Healthcare,SMB,Japan,New
2932,2025-01-29,Company_02932,Paid Ads,Technology,Enterprise,Singapore,New
2933,2025-01-25,Company_02933,Event,Professional Services,SMB,Singapore,New
2934,2024-01-15,Company_02934,Paid Ads,Professional Services,Enterprise,Japan,New
2935,2025-08-30,Company_02935,Partner,Retail,SMB,Hong Kong,New
2936,2025-04-28,Company_02936,Website,Manufacturing,SMB,Hong Kong,New
2937,2025-02-05,Company_02937,Website,Financial Services,SMB,Japan,New
2938,2025-05-13,Company_02938,Referral,Healthcare,SMB,Japan,New
2939,2025-05-14,Company_02939,Event,Technology,SMB,Taiwan,New
2940,2024-03-09,Company_02940,Event,Professional Services,SMB,Singapore,New
2941,2024-05-24,Company_02941,Website,Healthcare,Mid-Market,Hong Kong,New
2942,2025-05-17,Company_02942,Website,Manufacturing,Mid-Market,Singapore,New
2943,2025-10-07,Company_02943,Paid Ads,Financial Services,SMB,Taiwan,New
2944,2025-09-05,Company_02944,Website,Manufacturing,SMB,Singapore,New
2945,2025-12-06,Company_02945,Partner,Manufacturing,Mid-Market,Hong Kong,New
2946,2024-03-05,Company_02946,Website,Manufacturing,SMB,Japan,New
2947,2024-11-30,Company_02947,Outbound,Manufacturing,Mid-Market,Hong Kong,New
2948,2024-10-14,Company_02948,Referral,Financial Services,Mid-Market,Japan,New
2949,2024-05-10,Company_02949,Event,Professional Services,Mid-Market,Japan,New
2950,2025-12-26,Company_02950,Referral,Retail,Mid-Market,Japan,New
2951,2025-05-15,Company_02951,Referral,Technology,SMB,Taiwan,New
2952,2025-01-28,Company_02952,Outbound,Financial Services,SMB,Hong Kong,New
2953,2025-04-18,Company_02953,Referral,Professional Services,SMB,Hong Kong,New
2954,2025-02-02,Company_02954,Outbound,Manufacturing,Mid-Market,Singapore,New
2955,2024-03-01,Company_02955,Paid Ads,Retail,Mid-Market,Singapore,New
2956,2024-12-30,Company_02956,Outbound,Healthcare,Mid-Market,Singapore,New
2957,2024-11-23,Company_02957,Paid Ads,Manufacturing,Mid-Market,Japan,New
2958,2025-10-23,Company_02958,Website,Financial Services,Mid-Market,Singapore,New
2959,2024-03-03,Company_02959,Outbound,Retail,SMB,Singapore,New
2960,2024-09-11,Company_02960,Outbound,Healthcare,Mid-Market,Taiwan,New
2961,2024-11-01,Company_02961,Website,Retail,SMB,Taiwan,New
2962,2025-10-29,Company_02962,Referral,Healthcare,SMB,Hong Kong,New
2963,2024-05-31,Company_02963,Paid Ads,Healthcare,Mid-Market,Hong Kong,New
2964,2024-11-17,Company_02964,Website,Manufacturing,SMB,Japan,New
2965,2025-12-24,Company_02965,Referral,Manufacturing,SMB,Japan,New
2966,2024-11-26,Company_02966,Event,Technology,SMB,Singapore,New
2967,2025-07-19,Company_02967,Paid Ads,Retail,SMB,Hong Kong,New
2968,2025-07-17,Company_02968,Website,Healthcare,Mid-Market,Hong Kong,New
2969,2024-07-01,Company_02969,Paid Ads,Technology,Mid-Market,Singapore,New
2970,2025-08-02,Company_02970,Outbound,Technology,Enterprise,Taiwan,New
2971,2024-05-15,Company_02971,Paid Ads,Technology,SMB,Taiwan,New
2972,2025-06-19,Company_02972,Website,Professional Services,SMB,Singapore,New
2973,2024-12-31,Company_02973,Paid Ads,Healthcare,SMB,Taiwan,New
2974,2025-05-19,Company_02974,Paid Ads,Technology,SMB,Hong Kong,New
2975,2025-12-12,Company_02975,Website,Technology,Mid-Market,Hong Kong,New
2976,2024-06-11,Company_02976,Website,Manufacturing,SMB,Taiwan,New
2977,2025-10-22,Company_02977,Outbound,Technology,SMB,Japan,New
2978,2025-05-05,Company_02978,Website,Retail,Mid-Market,Japan,New
2979,2024-05-20,Company_02979,Referral,Manufacturing,SMB,Hong Kong,New
2980,2024-01-20,Company_02980,Referral,Manufacturing,SMB,Hong Kong,New
2981,2025-07-17,Company_02981,Website,Retail,Mid-Market,Japan,New
2982,2024-08-23,Company_02982,Referral,Technology,SMB,Taiwan,New
2983,2025-08-18,Company_02983,Partner,Financial Services,Enterprise,Japan,New
2984,2025-02-10,Company_02984,Website,Financial Services,SMB,Singapore,New
2985,2024-09-29,Company_02985,Referral,Financial Services,SMB,Japan,New
2986,2025-09-14,Company_02986,Website,Retail,SMB,Singapore,New
2987,2025-02-06,Company_02987,Website,Manufacturing,SMB,Hong Kong,New
2988,2025-09-09,Company_02988,Event,Professional Services,SMB,Hong Kong,New
2989,2024-07-28,Company_02989,Website,Technology,SMB,Taiwan,New
2990,2024-07-29,Company_02990,Website,Financial Services,Mid-Market,Singapore,New
2991,2025-12-07,Company_02991,Outbound,Financial Services,Mid-Market,Singapore,New
2992,2025-04-19,Company_02992,Website,Professional Services,SMB,Singapore,New
2993,2024-08-10,Company_02993,Referral,Manufacturing,SMB,Japan,New
2994,2024-12-07,Company_02994,Website,Professional Services,SMB,Singapore,New
2995,2025-04-13,Company_02995,Event,Financial Services,Mid-Market,Hong Kong,New
2996,2025-05-06,Company_02996,Referral,Manufacturing,Mid-Market,Japan,New
2997,2024-03-20,Company_02997,Referral,Technology,Enterprise,Taiwan,New
2998,2024-01-12,Company_02998,Partner,Technology,SMB,Hong Kong,New
2999,2025-08-04,Company_02999,Event,Technology,SMB,Japan,New
3000,2025-10-23,Company_03000,Website,Healthcare,Mid-Market,Singapore,New
3001,2024-03-18,Company_03001,Website,Professional Services,SMB,Taiwan,New
3002,2024-05-02,Company_03002,Paid Ads,Manufacturing,SMB,Japan,New
3003,2024-05-03,Company_03003,Partner,Professional Services,Enterprise,Taiwan,New
3004,2025-05-02,Company_03004,Website,Technology,SMB,Japan,New
3005,2025-04-11,Company_03005,Partner,Financial Services,Mid-Market,Singapore,New
3006,2024-10-03,Company_03006,Website,Financial Services,SMB,Japan,New
3007,2024-08-08,Company_03007,Website,Professional Services,SMB,Taiwan,New
3008,2025-05-24,Company_03008,Paid Ads,Healthcare,SMB,Taiwan,New
3009,2025-08-13,Company_03009,Partner,Professional Services,SMB,Singapore,New
3010,2025-12-27,Company_03010,Website,Healthcare,SMB,Singapore,New
3011,2024-01-25,Company_03011,Outbound,Retail,SMB,Hong Kong,New
3012,2024-01-02,Company_03012,Event,Technology,Enterprise,Hong Kong,New
3013,2025-07-26,Company_03013,Event,Healthcare,Mid-Market,Taiwan,New
3014,2024-10-20,Company_03014,Paid Ads,Financial Services,SMB,Hong Kong,New
3015,2025-07-11,Company_03015,Website,Professional Services,Enterprise,Japan,New
3016,2024-11-24,Company_03016,Outbound,Manufacturing,SMB,Hong Kong,New
3017,2025-01-16,Company_03017,Paid Ads,Manufacturing,Mid-Market,Japan,New
3018,2025-11-19,Company_03018,Outbound,Healthcare,Mid-Market,Hong Kong,New
3019,2025-01-03,Company_03019,Event,Technology,Mid-Market,Japan,New
3020,2024-12-06,Company_03020,Partner,Professional Services,SMB,Japan,New
3021,2024-02-13,Company_03021,Paid Ads,Professional Services,SMB,Singapore,New
3022,2025-07-07,Company_03022,Referral,Professional Services,SMB,Japan,New
3023,2024-07-29,Company_03023,Outbound,Healthcare,SMB,Hong Kong,New
3024,2024-04-24,Company_03024,Event,Financial Services,SMB,Taiwan,New
3025,2025-08-12,Company_03025,Website,Financial Services,Mid-Market,Japan,New
3026,2024-08-20,Company_03026,Outbound,Manufacturing,SMB,Singapore,New
3027,2025-01-17,Company_03027,Referral,Healthcare,SMB,Hong Kong,New
3028,2024-08-12,Company_03028,Referral,Professional Services,SMB,Taiwan,New
3029,2024-08-19,Company_03029,Referral,Healthcare,SMB,Japan,New
3030,2024-01-01,Company_03030,Partner,Financial Services,Mid-Market,Hong Kong,New
3031,2024-05-27,Company_03031,Partner,Professional Services,Enterprise,Japan,New
3032,2025-02-19,Company_03032,Paid Ads,Retail,SMB,Taiwan,New
3033,2024-07-14,Company_03033,Website,Technology,SMB,Japan,New
3034,2024-07-09,Company_03034,Outbound,Professional Services,SMB,Singapore,New
3035,2025-04-08,Company_03035,Event,Healthcare,Enterprise,Hong Kong,New
3036,2024-01-11,Company_03036,Outbound,Manufacturing,SMB,Singapore,New
3037,2024-08-01,Company_03037,Paid Ads,Financial Services,Mid-Market,Hong Kong,New
3038,2025-10-12,Company_03038,Referral,Technology,Mid-Market,Taiwan,New
3039,2025-05-26,Company_03039,Paid Ads,Technology,SMB,Hong Kong,New
3040,2025-01-27,Company_03040,Outbound,Technology,SMB,Singapore,New
3041,2025-12-02,Company_03041,Paid Ads,Technology,SMB,Hong Kong,New
3042,2024-03-29,Company_03042,Paid Ads,Financial Services,SMB,Japan,New
3043,2025-10-08,Company_03043,Partner,Healthcare,SMB,Singapore,New
3044,2024-09-04,Company_03044,Referral,Healthcare,SMB,Singapore,New
3045,2025-07-19,Company_03045,Outbound,Healthcare,SMB,Hong Kong,New
3046,2024-04-07,Company_03046,Website,Retail,Mid-Market,Taiwan,New
3047,2025-06-02,Company_03047,Paid Ads,Financial Services,SMB,Singapore,New
3048,2025-12-14,Company_03048,Referral,Financial Services,Mid-Market,Taiwan,New
3049,2024-09-16,Company_03049,Referral,Professional Services,SMB,Japan,New
3050,2025-04-07,Company_03050,Website,Retail,SMB,Singapore,New
3051,2025-03-12,Company_03051,Website,Retail,Enterprise,Taiwan,New
3052,2024-07-22,Company_03052,Paid Ads,Retail,SMB,Japan,New
3053,2025-01-20,Company_03053,Website,Retail,SMB,Hong Kong,New
3054,2024-08-22,Company_03054,Outbound,Professional Services,Enterprise,Taiwan,New
3055,2024-04-13,Company_03055,Website,Retail,Mid-Market,Taiwan,New
3056,2025-03-24,Company_03056,Paid Ads,Professional Services,SMB,Singapore,New
3057,2025-10-12,Company_03057,Referral,Healthcare,SMB,Singapore,New
3058,2025-03-22,Company_03058,Referral,Healthcare,SMB,Taiwan,New
3059,2024-09-26,Company_03059,Partner,Professional Services,SMB,Hong Kong,New
3060,2025-06-03,Company_03060,Partner,Retail,SMB,Japan,New
3061,2024-03-29,Company_03061,Referral,Professional Services,SMB,Singapore,New
3062,2025-07-24,Company_03062,Website,Technology,Enterprise,Japan,New
3063,2025-08-19,Company_03063,Paid Ads,Financial Services,SMB,Japan,New
3064,2024-05-30,Company_03064,Paid Ads,Professional Services,Mid-Market,Taiwan,New
3065,2025-01-15,Company_03065,Website,Technology,SMB,Singapore,New
3066,2025-08-22,Company_03066,Referral,Manufacturing,Enterprise,Japan,New
3067,2024-11-23,Company_03067,Partner,Healthcare,Mid-Market,Japan,New
3068,2025-11-10,Company_03068,Paid Ads,Healthcare,SMB,Japan,New
3069,2025-02-01,Company_03069,Referral,Professional Services,SMB,Taiwan,New
3070,2024-05-29,Company_03070,Outbound,Financial Services,SMB,Taiwan,New
3071,2025-05-04,Company_03071,Referral,Technology,Mid-Market,Japan,New
3072,2025-10-03,Company_03072,Outbound,Professional Services,SMB,Japan,New
3073,2024-09-25,Company_03073,Paid Ads,Healthcare,SMB,Singapore,New
3074,2025-02-08,Company_03074,Website,Professional Services,Mid-Market,Singapore,New
3075,2025-02-04,Company_03075,Paid Ads,Retail,Mid-Market,Japan,New
3076,2025-05-05,Company_03076,Referral,Financial Services,Enterprise,Japan,New
3077,2024-09-04,Company_03077,Referral,Manufacturing,SMB,Taiwan,New
3078,2025-03-19,Company_03078,Referral,Healthcare,SMB,Taiwan,New
3079,2025-12-22,Company_03079,Partner,Retail,Mid-Market,Taiwan,New
3080,2025-01-13,Company_03080,Website,Manufacturing,SMB,Singapore,New
3081,2024-11-06,Company_03081,Outbound,Financial Services,SMB,Singapore,New
3082,2025-04-26,Company_03082,Referral,Healthcare,Mid-Market,Japan,New
3083,2025-04-25,Company_03083,Paid Ads,Professional Services,SMB,Singapore,New
3084,2025-06-29,Company_03084,Referral,Professional Services,SMB,Singapore,New
3085,2024-10-04,Company_03085,Partner,Financial Services,SMB,Singapore,New
3086,2024-11-27,Company_03086,Partner,Financial Services,SMB,Singapore,New
3087,2024-07-15,Company_03087,Outbound,Financial Services,Mid-Market,Singapore,New
3088,2024-09-27,Company_03088,Referral,Professional Services,Mid-Market,Japan,New
3089,2025-12-05,Company_03089,Website,Professional Services,Mid-Market,Singapore,New
3090,2024-07-28,Company_03090,Outbound,Financial Services,SMB,Taiwan,New
3091,2024-10-25,Company_03091,Referral,Retail,Mid-Market,Singapore,New
3092,2024-07-06,Company_03092,Partner,Healthcare,SMB,Hong Kong,New
3093,2025-05-10,Company_03093,Outbound,Financial Services,SMB,Singapore,New
3094,2024-05-29,Company_03094,Website,Technology,SMB,Hong Kong,New
3095,2025-07-17,Company_03095,Event,Technology,SMB,Singapore,New
3096,2025-05-21,Company_03096,Paid Ads,Financial Services,Mid-Market,Singapore,New
3097,2025-06-07,Company_03097,Referral,Retail,SMB,Hong Kong,New
3098,2025-10-05,Company_03098,Event,Financial Services,SMB,Hong Kong,New
3099,2025-01-31,Company_03099,Paid Ads,Retail,SMB,Singapore,New
3100,2024-02-25,Company_03100,Website,Technology,SMB,Singapore,New
3101,2024-05-10,Company_03101,Outbound,Professional Services,Mid-Market,Japan,New
3102,2024-02-10,Company_03102,Partner,Financial Services,SMB,Taiwan,New
3103,2024-12-11,Company_03103,Event,Professional Services,SMB,Hong Kong,New
3104,2024-09-03,Company_03104,Website,Financial Services,Mid-Market,Singapore,New
3105,2025-07-19,Company_03105,Paid Ads,Retail,SMB,Singapore,New
3106,2024-08-13,Company_03106,Website,Healthcare,SMB,Taiwan,New
3107,2024-06-13,Company_03107,Website,Professional Services,Mid-Market,Singapore,New
3108,2025-05-12,Company_03108,Website,Retail,Mid-Market,Japan,New
3109,2024-09-04,Company_03109,Paid Ads,Retail,Enterprise,Japan,New
3110,2024-10-13,Company_03110,Website,Retail,Mid-Market,Hong Kong,New
3111,2025-08-16,Company_03111,Partner,Healthcare,SMB,Japan,New
3112,2024-04-12,Company_03112,Outbound,Healthcare,Mid-Market,Hong Kong,New
3113,2024-06-02,Company_03113,Outbound,Healthcare,Enterprise,Hong Kong,New
3114,2024-01-24,Company_03114,Referral,Manufacturing,SMB,Hong Kong,New
3115,2025-03-23,Company_03115,Outbound,Financial Services,SMB,Taiwan,New
3116,2025-05-26,Company_03116,Referral,Healthcare,Mid-Market,Japan,New
3117,2025-01-16,Company_03117,Website,Technology,Mid-Market,Hong Kong,New
3118,2024-06-21,Company_03118,Outbound,Retail,SMB,Singapore,New
3119,2025-02-18,Company_03119,Website,Professional Services,SMB,Japan,New
3120,2025-01-23,Company_03120,Referral,Healthcare,Enterprise,Japan,New
3121,2025-10-22,Company_03121,Outbound,Healthcare,Mid-Market,Taiwan,New
3122,2025-02-02,Company_03122,Referral,Manufacturing,SMB,Hong Kong,New
3123,2025-03-22,Company_03123,Outbound,Healthcare,SMB,Singapore,New
3124,2024-12-22,Company_03124,Website,Manufacturing,Enterprise,Singapore,New
3125,2025-05-05,Company_03125,Website,Retail,Enterprise,Japan,New
3126,2024-02-07,Company_03126,Event,Manufacturing,SMB,Japan,New
3127,2024-04-02,Company_03127,Outbound,Retail,SMB,Taiwan,New
3128,2024-09-13,Company_03128,Website,Manufacturing,SMB,Singapore,New
3129,2024-05-25,Company_03129,Partner,Manufacturing,Enterprise,Japan,New
3130,2024-08-22,Company_03130,Paid Ads,Retail,SMB,Japan,New
3131,2024-04-04,Company_03131,Referral,Financial Services,Mid-Market,Japan,New
3132,2024-10-22,Company_03132,Referral,Healthcare,Enterprise,Japan,New
3133,2024-01-18,Company_03133,Outbound,Retail,Mid-Market,Taiwan,New
3134,2024-03-09,Company_03134,Outbound,Manufacturing,Mid-Market,Japan,New
3135,2025-06-30,Company_03135,Website,Healthcare,Mid-Market,Singapore,New
3136,2024-07-02,Company_03136,Website,Retail,SMB,Taiwan,New
3137,2024-11-29,Company_03137,Partner,Manufacturing,SMB,Taiwan,New
3138,2025-05-27,Company_03138,Referral,Technology,SMB,Japan,New
3139,2024-02-19,Company_03139,Paid Ads,Retail,SMB,Singapore,New
3140,2025-08-10,Company_03140,Outbound,Healthcare,SMB,Japan,New
3141,2025-12-28,Company_03141,Website,Retail,SMB,Taiwan,New
3142,2024-03-09,Company_03142,Event,Retail,SMB,Hong Kong,New
3143,2025-06-25,Company_03143,Outbound,Professional Services,Mid-Market,Hong Kong,New
3144,2025-06-21,Company_03144,Paid Ads,Professional Services,Enterprise,Singapore,New
3145,2025-09-12,Company_03145,Referral,Professional Services,SMB,Singapore,New
3146,2025-06-20,Company_03146,Partner,Retail,SMB,Hong Kong,New
3147,2024-05-09,Company_03147,Outbound,Retail,SMB,Singapore,New
3148,2024-11-01,Company_03148,Website,Healthcare,SMB,Singapore,New
3149,2025-01-17,Company_03149,Website,Healthcare,SMB,Taiwan,New
3150,2024-08-08,Company_03150,Paid Ads,Professional Services,Mid-Market,Hong Kong,New
3151,2025-08-27,Company_03151,Outbound,Professional Services,SMB,Singapore,New
3152,2025-02-09,Company_03152,Website,Technology,Enterprise,Hong Kong,New
3153,2024-09-15,Company_03153,Paid Ads,Healthcare,Mid-Market,Singapore,New
3154,2024-07-28,Company_03154,Paid Ads,Healthcare,Enterprise,Japan,New
3155,2024-05-29,Company_03155,Partner,Technology,SMB,Taiwan,New
3156,2024-12-24,Company_03156,Paid Ads,Healthcare,Enterprise,Hong Kong,New
3157,2024-03-20,Company_03157,Referral,Manufacturing,Mid-Market,Hong Kong,New
3158,2024-02-11,Company_03158,Partner,Healthcare,SMB,Singapore,New
3159,2024-07-17,Company_03159,Paid Ads,Financial Services,SMB,Taiwan,New
3160,2024-05-29,Company_03160,Outbound,Financial Services,SMB,Taiwan,New
3161,2025-06-05,Company_03161,Website,Financial Services,SMB,Hong Kong,New
3162,2025-02-17,Company_03162,Paid Ads,Financial Services,SMB,Singapore,New
3163,2024-10-18,Company_03163,Paid Ads,Financial Services,Mid-Market,Hong Kong,New
3164,2025-05-14,Company_03164,Paid Ads,Financial Services,SMB,Taiwan,New
3165,2024-06-06,Company_03165,Partner,Healthcare,SMB,Hong Kong,New
3166,2025-10-12,Company_03166,Website,Retail,Mid-Market,Japan,New
3167,2024-04-05,Company_03167,Referral,Manufacturing,SMB,Taiwan,New
3168,2024-02-15,Company_03168,Paid Ads,Retail,SMB,Japan,New
3169,2025-03-03,Company_03169,Outbound,Retail,SMB,Singapore,New
3170,2024-08-03,Company_03170,Website,Technology,SMB,Taiwan,New
3171,2024-09-28,Company_03171,Outbound,Technology,SMB,Japan,New
3172,2025-11-19,Company_03172,Paid Ads,Technology,Mid-Market,Singapore,New
3173,2025-09-23,Company_03173,Outbound,Manufacturing,Enterprise,Singapore,New
3174,2025-08-13,Company_03174,Referral,Professional Services,SMB,Singapore,New
3175,2025-06-23,Company_03175,Website,Professional Services,Mid-Market,Singapore,New
3176,2025-08-31,Company_03176,Outbound,Retail,SMB,Taiwan,New
3177,2025-03-20,Company_03177,Paid Ads,Manufacturing,Enterprise,Singapore,New
3178,2025-05-25,Company_03178,Event,Healthcare,SMB,Singapore,New
3179,2024-09-20,Company_03179,Website,Retail,Mid-Market,Japan,New
3180,2024-09-11,Company_03180,Paid Ads,Retail,Enterprise,Singapore,New
3181,2025-02-26,Company_03181,Outbound,Healthcare,Mid-Market,Singapore,New
3182,2024-03-24,Company_03182,Website,Financial Services,SMB,Taiwan,New
3183,2024-11-17,Company_03183,Partner,Technology,SMB,Hong Kong,New
3184,2024-06-06,Company_03184,Paid Ads,Technology,SMB,Singapore,New
3185,2024-05-01,Company_03185,Paid Ads,Healthcare,Enterprise,Hong Kong,New
3186,2025-02-09,Company_03186,Referral,Healthcare,SMB,Japan,New
3187,2024-10-20,Company_03187,Website,Retail,SMB,Singapore,New
3188,2025-08-30,Company_03188,Paid Ads,Technology,SMB,Taiwan,New
3189,2024-01-09,Company_03189,Website,Healthcare,SMB,Taiwan,New
3190,2025-12-15,Company_03190,Referral,Technology,SMB,Japan,New
3191,2024-02-03,Company_03191,Website,Manufacturing,Mid-Market,Singapore,New
3192,2025-11-13,Company_03192,Referral,Technology,SMB,Singapore,New
3193,2024-12-04,Company_03193,Website,Financial Services,SMB,Taiwan,New
3194,2025-09-21,Company_03194,Website,Retail,Mid-Market,Hong Kong,New
3195,2025-05-17,Company_03195,Website,Financial Services,SMB,Taiwan,New
3196,2025-09-19,Company_03196,Website,Technology,SMB,Singapore,New
3197,2024-06-10,Company_03197,Referral,Professional Services,SMB,Hong Kong,New
3198,2025-09-13,Company_03198,Website,Manufacturing,SMB,Singapore,New
3199,2025-11-11,Company_03199,Website,Healthcare,Mid-Market,Singapore,New
3200,2025-06-05,Company_03200,Paid Ads,Professional Services,Mid-Market,Hong Kong,New
3201,2025-03-04,Company_03201,Outbound,Retail,Mid-Market,Singapore,New
3202,2025-11-13,Company_03202,Paid Ads,Retail,SMB,Japan,New
3203,2024-02-07,Company_03203,Website,Financial Services,Enterprise,Japan,New
3204,2024-04-20,Company_03204,Event,Retail,SMB,Taiwan,New
3205,2024-10-16,Company_03205,Outbound,Professional Services,SMB,Japan,New
3206,2025-05-08,Company_03206,Paid Ads,Technology,Enterprise,Singapore,New
3207,2025-12-27,Company_03207,Website,Healthcare,Mid-Market,Singapore,New
3208,2024-06-09,Company_03208,Paid Ads,Manufacturing,SMB,Taiwan,New
3209,2024-09-15,Company_03209,Paid Ads,Healthcare,SMB,Hong Kong,New
3210,2025-12-27,Company_03210,Partner,Healthcare,SMB,Singapore,New
3211,2025-12-25,Company_03211,Paid Ads,Manufacturing,Enterprise,Japan,New
3212,2024-01-08,Company_03212,Partner,Retail,Enterprise,Hong Kong,New
3213,2024-04-05,Company_03213,Paid Ads,Manufacturing,SMB,Japan,New
3214,2024-09-02,Company_03214,Referral,Healthcare,Enterprise,Japan,New
3215,2024-07-03,Company_03215,Paid Ads,Technology,Mid-Market,Singapore,New
3216,2025-09-21,Company_03216,Paid Ads,Technology,SMB,Japan,New
3217,2024-08-04,Company_03217,Website,Professional Services,Mid-Market,Singapore,New
3218,2025-06-27,Company_03218,Paid Ads,Financial Services,Enterprise,Japan,New
3219,2025-03-21,Company_03219,Outbound,Professional Services,Mid-Market,Hong Kong,New
3220,2025-08-28,Company_03220,Referral,Financial Services,Enterprise,Hong Kong,New
3221,2024-02-15,Company_03221,Website,Technology,SMB,Taiwan,New
3222,2025-04-30,Company_03222,Outbound,Healthcare,Enterprise,Japan,New
3223,2024-11-18,Company_03223,Outbound,Retail,SMB,Singapore,New
3224,2025-10-29,Company_03224,Partner,Retail,Mid-Market,Singapore,New
3225,2025-02-08,Company_03225,Website,Financial Services,SMB,Japan,New
3226,2025-04-05,Company_03226,Website,Technology,SMB,Taiwan,New
3227,2024-10-07,Company_03227,Referral,Financial Services,Enterprise,Taiwan,New
3228,2025-05-28,Company_03228,Partner,Professional Services,Mid-Market,Singapore,New
3229,2025-09-06,Company_03229,Outbound,Healthcare,Enterprise,Japan,New
3230,2025-06-30,Company_03230,Outbound,Manufacturing,Mid-Market,Japan,New
3231,2025-02-02,Company_03231,Referral,Manufacturing,SMB,Japan,New
3232,2024-01-15,Company_03232,Outbound,Technology,SMB,Japan,New
3233,2025-05-06,Company_03233,Website,Retail,Enterprise,Singapore,New
3234,2024-06-22,Company_03234,Outbound,Professional Services,SMB,Japan,New
3235,2025-03-12,Company_03235,Website,Retail,SMB,Singapore,New
3236,2024-11-12,Company_03236,Event,Professional Services,SMB,Taiwan,New
3237,2024-03-19,Company_03237,Event,Technology,Enterprise,Taiwan,New
3238,2024-09-02,Company_03238,Website,Manufacturing,Enterprise,Taiwan,New
3239,2025-04-07,Company_03239,Paid Ads,Financial Services,Mid-Market,Hong Kong,New
3240,2025-06-07,Company_03240,Website,Professional Services,Mid-Market,Taiwan,New
3241,2024-12-30,Company_03241,Outbound,Manufacturing,SMB,Japan,New
3242,2025-07-12,Company_03242,Partner,Professional Services,SMB,Taiwan,New
3243,2024-03-05,Company_03243,Website,Manufacturing,SMB,Japan,New
3244,2025-05-05,Company_03244,Event,Professional Services,SMB,Singapore,New
3245,2025-02-02,Company_03245,Outbound,Healthcare,SMB,Hong Kong,New
3246,2024-08-05,Company_03246,Website,Financial Services,Mid-Market,Taiwan,New
3247,2024-08-20,Company_03247,Outbound,Healthcare,Mid-Market,Hong Kong,New
3248,2025-01-31,Company_03248,Paid Ads,Manufacturing,SMB,Taiwan,New
3249,2024-02-07,Company_03249,Paid Ads,Technology,Mid-Market,Taiwan,New
3250,2025-11-11,Company_03250,Partner,Professional Services,SMB,Taiwan,New
3251,2024-11-18,Company_03251,Partner,Technology,SMB,Taiwan,New
3252,2025-08-31,Company_03252,Referral,Technology,Mid-Market,Hong Kong,New
3253,2025-05-21,Company_03253,Referral,Financial Services,Mid-Market,Singapore,New
3254,2024-05-02,Company_03254,Referral,Technology,Mid-Market,Singapore,New
3255,2024-09-08,Company_03255,Paid Ads,Healthcare,SMB,Taiwan,New
3256,2024-02-26,Company_03256,Partner,Professional Services,Enterprise,Japan,New
3257,2025-12-13,Company_03257,Website,Healthcare,Enterprise,Singapore,New
3258,2024-12-14,Company_03258,Outbound,Technology,Enterprise,Singapore,New
3259,2024-03-17,Company_03259,Paid Ads,Professional Services,SMB,Taiwan,New
3260,2024-01-27,Company_03260,Event,Manufacturing,SMB,Taiwan,New
3261,2024-05-20,Company_03261,Partner,Financial Services,Mid-Market,Taiwan,New
3262,2025-01-06,Company_03262,Website,Manufacturing,Mid-Market,Singapore,New
3263,2024-05-06,Company_03263,Website,Retail,Mid-Market,Taiwan,New
3264,2024-08-25,Company_03264,Website,Manufacturing,Mid-Market,Taiwan,New
3265,2025-12-30,Company_03265,Referral,Financial Services,Enterprise,Singapore,New
3266,2025-07-19,Company_03266,Outbound,Technology,Enterprise,Taiwan,New
3267,2024-11-15,Company_03267,Partner,Healthcare,SMB,Singapore,New
3268,2024-10-02,Company_03268,Outbound,Retail,SMB,Taiwan,New
3269,2024-04-19,Company_03269,Partner,Technology,SMB,Singapore,New
3270,2025-02-19,Company_03270,Referral,Manufacturing,SMB,Japan,New
3271,2024-03-24,Company_03271,Paid Ads,Retail,Mid-Market,Taiwan,New
3272,2025-10-07,Company_03272,Outbound,Healthcare,SMB,Japan,New
3273,2024-06-22,Company_03273,Outbound,Professional Services,SMB,Hong Kong,New
3274,2024-01-06,Company_03274,Outbound,Manufacturing,Mid-Market,Japan,New
3275,2025-05-19,Company_03275,Referral,Technology,SMB,Hong Kong,New
3276,2024-07-16,Company_03276,Outbound,Manufacturing,SMB,Hong Kong,New
3277,2025-08-27,Company_03277,Paid Ads,Financial Services,SMB,Japan,New
3278,2025-09-23,Company_03278,Partner,Technology,Mid-Market,Singapore,New
3279,2025-10-25,Company_03279,Referral,Technology,Enterprise,Hong Kong,New
3280,2025-08-27,Company_03280,Website,Manufacturing,Mid-Market,Japan,New
3281,2025-10-18,Company_03281,Referral,Professional Services,SMB,Taiwan,New
3282,2024-08-24,Company_03282,Event,Professional Services,SMB,Taiwan,New
3283,2025-12-01,Company_03283,Paid Ads,Retail,SMB,Taiwan,New
3284,2025-08-11,Company_03284,Website,Retail,Mid-Market,Taiwan,New
3285,2025-02-27,Company_03285,Website,Retail,SMB,Japan,New
3286,2025-10-25,Company_03286,Outbound,Manufacturing,SMB,Hong Kong,New
3287,2025-01-22,Company_03287,Outbound,Professional Services,SMB,Japan,New
3288,2025-10-12,Company_03288,Website,Healthcare,SMB,Japan,New
3289,2025-05-16,Company_03289,Paid Ads,Manufacturing,SMB,Singapore,New
3290,2024-01-04,Company_03290,Paid Ads,Retail,SMB,Taiwan,New
3291,2025-04-14,Company_03291,Referral,Retail,SMB,Singapore,New
3292,2024-05-24,Company_03292,Website,Retail,SMB,Taiwan,New
3293,2025-04-29,Company_03293,Outbound,Financial Services,SMB,Hong Kong,New
3294,2024-12-22,Company_03294,Paid Ads,Retail,SMB,Singapore,New
3295,2025-05-03,Company_03295,Event,Manufacturing,SMB,Japan,New
3296,2025-03-24,Company_03296,Partner,Technology,Mid-Market,Hong Kong,New
3297,2025-01-28,Company_03297,Website,Financial Services,SMB,Japan,New
3298,2024-04-22,Company_03298,Website,Manufacturing,SMB,Taiwan,New
3299,2024-10-05,Company_03299,Partner,Financial Services,Mid-Market,Hong Kong,New
3300,2024-01-21,Company_03300,Website,Technology,SMB,Singapore,New
3301,2024-09-15,Company_03301,Outbound,Professional Services,Enterprise,Japan,New
3302,2025-10-04,Company_03302,Paid Ads,Financial Services,SMB,Taiwan,New
3303,2024-12-01,Company_03303,Outbound,Financial Services,SMB,Singapore,New
3304,2024-01-02,Company_03304,Paid Ads,Retail,SMB,Singapore,New
3305,2025-03-11,Company_03305,Website,Manufacturing,Mid-Market,Hong Kong,New
3306,2025-11-16,Company_03306,Outbound,Financial Services,Mid-Market,Singapore,New
3307,2024-04-08,Company_03307,Paid Ads,Financial Services,SMB,Japan,New
3308,2024-11-28,Company_03308,Website,Manufacturing,SMB,Japan,New
3309,2025-06-29,Company_03309,Paid Ads,Retail,SMB,Taiwan,New
3310,2025-12-07,Company_03310,Website,Financial Services,Enterprise,Japan,New
3311,2025-02-24,Company_03311,Partner,Retail,SMB,Taiwan,New
3312,2024-04-15,Company_03312,Outbound,Financial Services,SMB,Japan,New
3313,2024-08-14,Company_03313,Outbound,Retail,SMB,Taiwan,New
3314,2024-09-19,Company_03314,Website,Financial Services,SMB,Singapore,New
3315,2025-10-20,Company_03315,Referral,Healthcare,Enterprise,Taiwan,New
3316,2024-12-14,Company_03316,Partner,Financial Services,SMB,Singapore,New
3317,2025-09-04,Company_03317,Referral,Professional Services,Enterprise,Japan,New
3318,2024-02-15,Company_03318,Paid Ads,Manufacturing,SMB,Taiwan,New
3319,2025-05-16,Company_03319,Outbound,Retail,Mid-Market,Singapore,New
3320,2024-04-12,Company_03320,Website,Financial Services,SMB,Singapore,New
3321,2024-01-01,Company_03321,Paid Ads,Manufacturing,Enterprise,Hong Kong,New
3322,2025-07-23,Company_03322,Outbound,Technology,Mid-Market,Taiwan,New
3323,2025-11-14,Company_03323,Website,Retail,Mid-Market,Japan,New
3324,2024-02-16,Company_03324,Outbound,Retail,Mid-Market,Japan,New
3325,2024-05-15,Company_03325,Website,Technology,Mid-Market,Japan,New
3326,2025-09-25,Company_03326,Website,Technology,Mid-Market,Japan,New
3327,2025-01-10,Company_03327,Referral,Manufacturing,Mid-Market,Hong Kong,New
3328,2024-06-06,Company_03328,Outbound,Retail,SMB,Taiwan,New
3329,2024-06-24,Company_03329,Paid Ads,Financial Services,SMB,Hong Kong,New
3330,2024-04-21,Company_03330,Website,Retail,SMB,Japan,New
3331,2025-03-01,Company_03331,Website,Retail,Mid-Market,Japan,New
3332,2024-09-29,Company_03332,Outbound,Professional Services,Mid-Market,Singapore,New
3333,2025-04-08,Company_03333,Website,Financial Services,SMB,Japan,New
3334,2025-04-04,Company_03334,Paid Ads,Financial Services,Mid-Market,Hong Kong,New
3335,2024-10-12,Company_03335,Paid Ads,Financial Services,SMB,Taiwan,New
3336,2024-07-19,Company_03336,Paid Ads,Healthcare,Mid-Market,Hong Kong,New
3337,2024-04-03,Company_03337,Partner,Technology,Mid-Market,Japan,New
3338,2024-02-25,Company_03338,Website,Professional Services,SMB,Taiwan,New
3339,2025-07-27,Company_03339,Paid Ads,Professional Services,Mid-Market,Japan,New
3340,2024-02-24,Company_03340,Referral,Financial Services,Enterprise,Japan,New
3341,2024-09-03,Company_03341,Partner,Financial Services,Enterprise,Taiwan,New
3342,2024-09-04,Company_03342,Referral,Technology,SMB,Taiwan,New
3343,2024-09-22,Company_03343,Website,Financial Services,SMB,Japan,New
3344,2024-02-15,Company_03344,Paid Ads,Retail,SMB,Japan,New
3345,2025-12-16,Company_03345,Referral,Financial Services,SMB,Hong Kong,New
3346,2024-03-14,Company_03346,Paid Ads,Professional Services,SMB,Singapore,New
3347,2025-04-16,Company_03347,Website,Manufacturing,Enterprise,Singapore,New
3348,2024-01-31,Company_03348,Website,Technology,Mid-Market,Taiwan,New
3349,2024-02-01,Company_03349,Website,Retail,Mid-Market,Taiwan,New
3350,2024-03-25,Company_03350,Outbound,Healthcare,Enterprise,Taiwan,New
3351,2025-03-25,Company_03351,Outbound,Financial Services,Mid-Market,Taiwan,New
3352,2025-10-07,Company_03352,Outbound,Financial Services,SMB,Japan,New
3353,2024-12-27,Company_03353,Paid Ads,Professional Services,SMB,Singapore,New
3354,2024-10-26,Company_03354,Website,Technology,SMB,Japan,New
3355,2025-09-06,Company_03355,Outbound,Financial Services,SMB,Hong Kong,New
3356,2025-06-18,Company_03356,Partner,Technology,SMB,Singapore,New
3357,2025-05-28,Company_03357,Referral,Technology,SMB,Hong Kong,New
3358,2024-02-11,Company_03358,Referral,Healthcare,SMB,Taiwan,New
3359,2024-01-03,Company_03359,Outbound,Retail,SMB,Singapore,New
3360,2024-03-31,Company_03360,Paid Ads,Financial Services,SMB,Japan,New
3361,2025-02-18,Company_03361,Paid Ads,Technology,SMB,Japan,New
3362,2024-10-02,Company_03362,Referral,Manufacturing,SMB,Taiwan,New
3363,2025-01-09,Company_03363,Paid Ads,Retail,Mid-Market,Hong Kong,New
3364,2024-02-12,Company_03364,Referral,Technology,Mid-Market,Taiwan,New
3365,2025-02-20,Company_03365,Website,Healthcare,Mid-Market,Hong Kong,New
3366,2025-09-24,Company_03366,Paid Ads,Technology,Mid-Market,Japan,New
3367,2024-05-08,Company_03367,Website,Manufacturing,Mid-Market,Taiwan,New
3368,2025-02-05,Company_03368,Website,Financial Services,SMB,Taiwan,New
3369,2024-09-24,Company_03369,Referral,Manufacturing,Enterprise,Japan,New
3370,2025-07-14,Company_03370,Partner,Healthcare,Enterprise,Japan,New
3371,2025-06-12,Company_03371,Website,Professional Services,Mid-Market,Taiwan,New
3372,2025-02-13,Company_03372,Website,Retail,Mid-Market,Japan,New
3373,2025-12-14,Company_03373,Paid Ads,Professional Services,SMB,Japan,New
3374,2025-06-18,Company_03374,Referral,Professional Services,Mid-Market,Singapore,New
3375,2025-02-21,Company_03375,Website,Technology,SMB,Hong Kong,New
3376,2024-05-13,Company_03376,Paid Ads,Professional Services,Mid-Market,Hong Kong,New
3377,2024-08-07,Company_03377,Website,Manufacturing,SMB,Taiwan,New
3378,2025-02-03,Company_03378,Website,Professional Services,SMB,Singapore,New
3379,2025-01-17,Company_03379,Outbound,Technology,SMB,Japan,New
3380,2025-11-22,Company_03380,Paid Ads,Financial Services,Mid-Market,Singapore,New
3381,2024-07-15,Company_03381,Event,Professional Services,SMB,Taiwan,New
3382,2025-04-26,Company_03382,Paid Ads,Healthcare,Mid-Market,Singapore,New
3383,2025-06-09,Company_03383,Referral,Financial Services,SMB,Taiwan,New
3384,2024-08-19,Company_03384,Outbound,Manufacturing,SMB,Japan,New
3385,2024-10-09,Company_03385,Paid Ads,Retail,SMB,Taiwan,New
3386,2025-11-20,Company_03386,Outbound,Technology,SMB,Taiwan,New
3387,2024-10-25,Company_03387,Website,Retail,SMB,Singapore,New
3388,2024-07-17,Company_03388,Outbound,Manufacturing,Mid-Market,Taiwan,New
3389,2025-02-08,Company_03389,Outbound,Retail,Mid-Market,Taiwan,New
3390,2024-04-06,Company_03390,Outbound,Healthcare,SMB,Taiwan,New
3391,2025-07-11,Company_03391,Website,Retail,SMB,Taiwan,New
3392,2025-10-08,Company_03392,Outbound,Healthcare,SMB,Hong Kong,New
3393,2025-10-21,Company_03393,Paid Ads,Retail,SMB,Hong Kong,New
3394,2024-02-05,Company_03394,Outbound,Technology,Enterprise,Hong Kong,New
3395,2024-12-01,Company_03395,Event,Technology,SMB,Hong Kong,New
3396,2025-07-19,Company_03396,Outbound,Financial Services,Enterprise,Taiwan,New
3397,2024-07-08,Company_03397,Website,Technology,Enterprise,Taiwan,New
3398,2025-08-23,Company_03398,Website,Healthcare,SMB,Japan,New
3399,2025-09-03,Company_03399,Referral,Technology,SMB,Hong Kong,New
3400,2024-12-07,Company_03400,Paid Ads,Professional Services,SMB,Singapore,New
3401,2025-09-02,Company_03401,Website,Professional Services,Enterprise,Taiwan,New
3402,2025-09-27,Company_03402,Outbound,Healthcare,SMB,Singapore,New
3403,2024-05-17,Company_03403,Partner,Technology,SMB,Taiwan,New
3404,2024-05-06,Company_03404,Partner,Professional Services,Mid-Market,Singapore,New
3405,2024-04-21,Company_03405,Referral,Retail,SMB,Hong Kong,New
3406,2024-12-17,Company_03406,Outbound,Financial Services,SMB,Hong Kong,New
3407,2024-07-18,Company_03407,Website,Professional Services,SMB,Japan,New
3408,2025-09-13,Company_03408,Referral,Retail,SMB,Hong Kong,New
3409,2024-10-08,Company_03409,Paid Ads,Healthcare,SMB,Singapore,New
3410,2024-02-07,Company_03410,Outbound,Professional Services,SMB,Hong Kong,New
3411,2024-02-13,Company_03411,Outbound,Professional Services,SMB,Singapore,New
3412,2024-08-31,Company_03412,Paid Ads,Healthcare,SMB,Taiwan,New
3413,2025-06-15,Company_03413,Outbound,Technology,Mid-Market,Hong Kong,New
3414,2024-01-19,Company_03414,Partner,Retail,Enterprise,Taiwan,New
3415,2025-06-16,Company_03415,Partner,Manufacturing,SMB,Taiwan,New
3416,2024-01-28,Company_03416,Paid Ads,Professional Services,SMB,Singapore,New
3417,2024-08-05,Company_03417,Website,Retail,Mid-Market,Singapore,New
3418,2024-12-14,Company_03418,Paid Ads,Healthcare,SMB,Japan,New
3419,2025-03-22,Company_03419,Referral,Healthcare,Mid-Market,Hong Kong,New
3420,2025-03-10,Company_03420,Outbound,Professional Services,Enterprise,Japan,New
3421,2025-06-21,Company_03421,Outbound,Manufacturing,Mid-Market,Taiwan,New
3422,2024-04-28,Company_03422,Website,Financial Services,SMB,Hong Kong,New
3423,2024-07-17,Company_03423,Paid Ads,Retail,SMB,Japan,New
3424,2025-02-21,Company_03424,Website,Retail,Mid-Market,Taiwan,New
3425,2024-02-24,Company_03425,Website,Manufacturing,SMB,Taiwan,New
3426,2025-09-12,Company_03426,Outbound,Financial Services,SMB,Taiwan,New
3427,2024-10-23,Company_03427,Website,Retail,Enterprise,Hong Kong,New
3428,2024-09-18,Company_03428,Referral,Retail,SMB,Hong Kong,New
3429,2025-10-01,Company_03429,Referral,Healthcare,Enterprise,Singapore,New
3430,2025-07-19,Company_03430,Referral,Financial Services,Mid-Market,Hong Kong,New
3431,2024-04-01,Company_03431,Partner,Manufacturing,SMB,Singapore,New
3432,2025-08-16,Company_03432,Paid Ads,Financial Services,SMB,Singapore,New
3433,2025-08-01,Company_03433,Website,Technology,Mid-Market,Singapore,New
3434,2025-08-06,Company_03434,Referral,Retail,Enterprise,Japan,New
3435,2024-04-20,Company_03435,Website,Retail,SMB,Japan,New
3436,2025-03-16,Company_03436,Paid Ads,Financial Services,Enterprise,Taiwan,New
3437,2025-02-21,Company_03437,Referral,Technology,Enterprise,Hong Kong,New
3438,2024-06-07,Company_03438,Paid Ads,Technology,SMB,Hong Kong,New
3439,2024-02-01,Company_03439,Referral,Retail,Mid-Market,Singapore,New
3440,2025-07-29,Company_03440,Partner,Professional Services,SMB,Japan,New
3441,2024-11-29,Company_03441,Outbound,Financial Services,Enterprise,Japan,New
3442,2025-06-16,Company_03442,Website,Financial Services,Mid-Market,Singapore,New
3443,2024-01-04,Company_03443,Partner,Healthcare,Enterprise,Taiwan,New
3444,2024-05-25,Company_03444,Partner,Financial Services,Mid-Market,Singapore,New
3445,2024-01-31,Company_03445,Referral,Retail,SMB,Singapore,New
3446,2025-07-11,Company_03446,Outbound,Healthcare,Mid-Market,Taiwan,New
3447,2025-07-17,Company_03447,Paid Ads,Healthcare,SMB,Taiwan,New
3448,2024-08-09,Company_03448,Website,Healthcare,Mid-Market,Taiwan,New
3449,2025-11-19,Company_03449,Outbound,Retail,Mid-Market,Singapore,New
3450,2025-08-08,Company_03450,Paid Ads,Technology,SMB,Japan,New
3451,2024-09-30,Company_03451,Paid Ads,Retail,SMB,Singapore,New
3452,2025-06-05,Company_03452,Website,Technology,Enterprise,Japan,New
3453,2025-05-04,Company_03453,Outbound,Technology,SMB,Hong Kong,New
3454,2025-09-06,Company_03454,Paid Ads,Healthcare,SMB,Taiwan,New
3455,2024-04-29,Company_03455,Outbound,Healthcare,SMB,Taiwan,New
3456,2024-03-24,Company_03456,Outbound,Financial Services,SMB,Taiwan,New
3457,2024-02-19,Company_03457,Partner,Healthcare,SMB,Singapore,New
3458,2024-03-23,Company_03458,Website,Financial Services,SMB,Singapore,New
3459,2024-02-25,Company_03459,Paid Ads,Retail,Enterprise,Japan,New
3460,2025-08-19,Company_03460,Partner,Professional Services,SMB,Japan,New
3461,2024-02-21,Company_03461,Outbound,Retail,Mid-Market,Singapore,New
3462,2024-01-18,Company_03462,Partner,Healthcare,SMB,Singapore,New
3463,2025-02-04,Company_03463,Website,Professional Services,Enterprise,Japan,New
3464,2025-02-16,Company_03464,Outbound,Healthcare,Mid-Market,Japan,New
3465,2024-12-18,Company_03465,Website,Technology,Mid-Market,Hong Kong,New
3466,2025-10-02,Company_03466,Outbound,Healthcare,Enterprise,Japan,New
3467,2025-08-01,Company_03467,Outbound,Financial Services,SMB,Singapore,New
3468,2024-01-24,Company_03468,Paid Ads,Financial Services,Mid-Market,Singapore,New
3469,2024-03-09,Company_03469,Event,Retail,SMB,Japan,New
3470,2024-04-01,Company_03470,Partner,Manufacturing,SMB,Japan,New
3471,2024-07-26,Company_03471,Paid Ads,Healthcare,SMB,Taiwan,New
3472,2025-04-20,Company_03472,Website,Retail,Mid-Market,Taiwan,New
3473,2025-09-09,Company_03473,Website,Healthcare,SMB,Hong Kong,New
3474,2024-08-31,Company_03474,Outbound,Professional Services,SMB,Hong Kong,New
3475,2025-05-22,Company_03475,Referral,Manufacturing,SMB,Japan,New
3476,2024-08-11,Company_03476,Paid Ads,Professional Services,SMB,Singapore,New
3477,2024-09-27,Company_03477,Referral,Professional Services,Enterprise,Singapore,New
3478,2024-02-18,Company_03478,Website,Healthcare,SMB,Taiwan,New
3479,2024-04-06,Company_03479,Paid Ads,Manufacturing,Enterprise,Japan,New
3480,2025-04-07,Company_03480,Website,Manufacturing,Mid-Market,Hong Kong,New
3481,2025-04-26,Company_03481,Referral,Retail,Enterprise,Hong Kong,New
3482,2025-11-14,Company_03482,Referral,Retail,SMB,Japan,New
3483,2025-10-16,Company_03483,Website,Healthcare,Enterprise,Japan,New
3484,2024-04-14,Company_03484,Referral,Manufacturing,SMB,Hong Kong,New
3485,2024-06-24,Company_03485,Referral,Manufacturing,Mid-Market,Hong Kong,New
3486,2025-12-04,Company_03486,Referral,Retail,Mid-Market,Japan,New
3487,2025-07-06,Company_03487,Website,Technology,Mid-Market,Japan,New
3488,2025-07-10,Company_03488,Outbound,Manufacturing,SMB,Singapore,New
3489,2024-08-22,Company_03489,Referral,Healthcare,Enterprise,Taiwan,New
3490,2025-05-19,Company_03490,Outbound,Financial Services,SMB,Hong Kong,New
3491,2025-02-16,Company_03491,Outbound,Technology,SMB,Taiwan,New
3492,2025-02-16,Company_03492,Partner,Healthcare,SMB,Hong Kong,New
3493,2025-06-14,Company_03493,Outbound,Retail,Enterprise,Taiwan,New
3494,2025-01-08,Company_03494,Outbound,Healthcare,SMB,Taiwan,New
3495,2025-11-05,Company_03495,Outbound,Retail,SMB,Singapore,New
3496,2024-12-01,Company_03496,Outbound,Technology,Enterprise,Singapore,New
3497,2024-01-16,Company_03497,Outbound,Financial Services,Enterprise,Taiwan,New
3498,2025-12-04,Company_03498,Website,Financial Services,SMB,Taiwan,New
3499,2025-06-19,Company_03499,Outbound,Retail,SMB,Japan,New
3500,2024-12-01,Company_03500,Referral,Healthcare,Mid-Market,Taiwan,New
3501,2025-07-24,Company_03501,Referral,Professional Services,SMB,Hong Kong,New
3502,2025-09-30,Company_03502,Referral,Manufacturing,Mid-Market,Taiwan,New
3503,2024-06-11,Company_03503,Website,Technology,Enterprise,Taiwan,New
3504,2025-09-11,Company_03504,Outbound,Retail,Mid-Market,Hong Kong,New
3505,2025-09-04,Company_03505,Outbound,Manufacturing,SMB,Singapore,New
3506,2025-10-25,Company_03506,Website,Financial Services,SMB,Taiwan,New
3507,2025-10-24,Company_03507,Website,Manufacturing,SMB,Hong Kong,New
3508,2024-02-06,Company_03508,Outbound,Healthcare,SMB,Japan,New
3509,2024-08-28,Company_03509,Partner,Healthcare,SMB,Hong Kong,New
3510,2024-07-19,Company_03510,Referral,Professional Services,SMB,Hong Kong,New
3511,2024-10-08,Company_03511,Paid Ads,Technology,Enterprise,Taiwan,New
3512,2025-10-04,Company_03512,Outbound,Healthcare,SMB,Hong Kong,New
3513,2025-01-28,Company_03513,Referral,Financial Services,Mid-Market,Hong Kong,New
3514,2025-06-01,Company_03514,Paid Ads,Retail,Mid-Market,Japan,New
3515,2024-11-23,Company_03515,Referral,Retail,SMB,Taiwan,New
3516,2025-10-20,Company_03516,Referral,Professional Services,SMB,Hong Kong,New
3517,2025-10-20,Company_03517,Website,Professional Services,Mid-Market,Singapore,New
3518,2024-02-23,Company_03518,Outbound,Technology,Mid-Market,Singapore,New
3519,2025-02-03,Company_03519,Paid Ads,Financial Services,SMB,Hong Kong,New
3520,2025-08-05,Company_03520,Website,Professional Services,SMB,Singapore,New
3521,2025-07-08,Company_03521,Website,Professional Services,SMB,Singapore,New
3522,2024-10-01,Company_03522,Website,Financial Services,SMB,Hong Kong,New
3523,2024-07-19,Company_03523,Website,Financial Services,SMB,Japan,New
3524,2025-10-11,Company_03524,Event,Professional Services,SMB,Singapore,New
3525,2025-02-04,Company_03525,Outbound,Retail,Enterprise,Japan,New
3526,2025-07-13,Company_03526,Event,Financial Services,Enterprise,Singapore,New
3527,2025-02-18,Company_03527,Website,Technology,Mid-Market,Singapore,New
3528,2024-07-10,Company_03528,Referral,Manufacturing,Mid-Market,Hong Kong,New
3529,2024-07-01,Company_03529,Partner,Manufacturing,SMB,Japan,New
3530,2025-02-17,Company_03530,Partner,Retail,Enterprise,Japan,New
3531,2024-12-17,Company_03531,Referral,Professional Services,SMB,Japan,New
3532,2025-05-31,Company_03532,Website,Professional Services,SMB,Singapore,New
3533,2024-01-27,Company_03533,Event,Healthcare,SMB,Hong Kong,New
3534,2025-07-26,Company_03534,Paid Ads,Financial Services,SMB,Hong Kong,New
3535,2025-11-27,Company_03535,Website,Manufacturing,SMB,Japan,New
3536,2024-11-09,Company_03536,Referral,Technology,Enterprise,Taiwan,New
3537,2024-04-25,Company_03537,Partner,Financial Services,SMB,Taiwan,New
3538,2024-07-22,Company_03538,Referral,Professional Services,SMB,Japan,New
3539,2024-10-02,Company_03539,Outbound,Technology,Mid-Market,Japan,New
3540,2025-02-07,Company_03540,Paid Ads,Manufacturing,SMB,Taiwan,New
3541,2024-11-30,Company_03541,Outbound,Retail,SMB,Japan,New
3542,2025-01-09,Company_03542,Referral,Retail,Mid-Market,Hong Kong,New
3543,2025-06-21,Company_03543,Website,Healthcare,SMB,Singapore,New
3544,2024-02-16,Company_03544,Website,Financial Services,SMB,Japan,New
3545,2025-12-14,Company_03545,Partner,Technology,SMB,Taiwan,New
3546,2024-02-06,Company_03546,Outbound,Retail,SMB,Taiwan,New
3547,2025-12-13,Company_03547,Referral,Healthcare,Mid-Market,Japan,New
3548,2025-05-04,Company_03548,Website,Manufacturing,SMB,Singapore,New
3549,2025-02-15,Company_03549,Website,Retail,Enterprise,Hong Kong,New
3550,2025-03-02,Company_03550,Website,Manufacturing,Enterprise,Hong Kong,New
3551,2025-04-05,Company_03551,Referral,Manufacturing,SMB,Japan,New
3552,2024-05-21,Company_03552,Paid Ads,Manufacturing,SMB,Singapore,New
3553,2025-07-08,Company_03553,Referral,Professional Services,Mid-Market,Singapore,New
3554,2024-11-20,Company_03554,Outbound,Financial Services,SMB,Japan,New
3555,2024-11-07,Company_03555,Event,Technology,Enterprise,Hong Kong,New
3556,2024-12-06,Company_03556,Website,Technology,Enterprise,Taiwan,New
3557,2024-06-08,Company_03557,Outbound,Manufacturing,Mid-Market,Japan,New
3558,2024-03-15,Company_03558,Event,Retail,Mid-Market,Taiwan,New
3559,2024-11-29,Company_03559,Partner,Technology,SMB,Singapore,New
3560,2024-12-14,Company_03560,Paid Ads,Financial Services,SMB,Hong Kong,New
3561,2025-07-22,Company_03561,Outbound,Professional Services,SMB,Singapore,New
3562,2024-10-18,Company_03562,Partner,Financial Services,Mid-Market,Hong Kong,New
3563,2025-08-23,Company_03563,Referral,Professional Services,SMB,Hong Kong,New
3564,2025-12-07,Company_03564,Event,Retail,SMB,Hong Kong,New
3565,2024-10-26,Company_03565,Referral,Retail,Mid-Market,Japan,New
3566,2025-01-10,Company_03566,Outbound,Professional Services,Mid-Market,Singapore,New
3567,2024-10-21,Company_03567,Website,Technology,SMB,Japan,New
3568,2025-12-25,Company_03568,Referral,Technology,Mid-Market,Japan,New
3569,2024-03-05,Company_03569,Website,Financial Services,SMB,Taiwan,New
3570,2025-10-03,Company_03570,Paid Ads,Technology,SMB,Taiwan,New
3571,2024-04-02,Company_03571,Referral,Healthcare,SMB,Japan,New
3572,2024-07-27,Company_03572,Outbound,Healthcare,SMB,Japan,New
3573,2025-04-27,Company_03573,Paid Ads,Professional Services,SMB,Hong Kong,New
3574,2024-06-30,Company_03574,Outbound,Manufacturing,SMB,Singapore,New
3575,2024-09-23,Company_03575,Outbound,Manufacturing,Mid-Market,Singapore,New
3576,2025-05-10,Company_03576,Website,Retail,Enterprise,Taiwan,New
3577,2024-11-29,Company_03577,Website,Technology,SMB,Hong Kong,New
3578,2025-01-26,Company_03578,Partner,Financial Services,SMB,Taiwan,New
3579,2025-02-05,Company_03579,Website,Retail,Mid-Market,Taiwan,New
3580,2025-10-22,Company_03580,Paid Ads,Technology,SMB,Japan,New
3581,2024-07-22,Company_03581,Paid Ads,Professional Services,Mid-Market,Japan,New
3582,2024-01-30,Company_03582,Paid Ads,Retail,SMB,Japan,New
3583,2025-02-25,Company_03583,Partner,Technology,Mid-Market,Singapore,New
3584,2025-11-04,Company_03584,Partner,Technology,Mid-Market,Japan,New
3585,2025-07-20,Company_03585,Referral,Retail,Enterprise,Singapore,New
3586,2025-10-30,Company_03586,Paid Ads,Retail,Mid-Market,Japan,New
3587,2024-11-23,Company_03587,Referral,Manufacturing,SMB,Taiwan,New
3588,2025-05-15,Company_03588,Outbound,Healthcare,Mid-Market,Hong Kong,New
3589,2024-08-12,Company_03589,Website,Healthcare,SMB,Taiwan,New
3590,2025-08-07,Company_03590,Paid Ads,Manufacturing,Mid-Market,Hong Kong,New
3591,2025-09-17,Company_03591,Outbound,Technology,SMB,Hong Kong,New
3592,2025-09-10,Company_03592,Outbound,Financial Services,SMB,Japan,New
3593,2025-08-07,Company_03593,Website,Technology,SMB,Singapore,New
3594,2024-09-09,Company_03594,Outbound,Financial Services,SMB,Hong Kong,New
3595,2024-04-25,Company_03595,Website,Professional Services,Enterprise,Singapore,New
3596,2024-05-21,Company_03596,Referral,Financial Services,Enterprise,Japan,New
3597,2024-05-13,Company_03597,Website,Professional Services,Mid-Market,Taiwan,New
3598,2024-05-17,Company_03598,Outbound,Healthcare,Mid-Market,Taiwan,New
3599,2025-07-15,Company_03599,Website,Technology,Enterprise,Singapore,New
3600,2025-07-21,Company_03600,Paid Ads,Professional Services,Enterprise,Hong Kong,New
3601,2024-12-23,Company_03601,Outbound,Professional Services,Mid-Market,Singapore,New
3602,2025-11-14,Company_03602,Referral,Retail,SMB,Hong Kong,New
3603,2024-03-03,Company_03603,Outbound,Technology,SMB,Singapore,New
3604,2024-11-05,Company_03604,Website,Healthcare,Mid-Market,Singapore,New
3605,2024-04-22,Company_03605,Paid Ads,Manufacturing,Mid-Market,Japan,New
3606,2024-08-03,Company_03606,Partner,Financial Services,Enterprise,Taiwan,New
3607,2024-01-24,Company_03607,Outbound,Professional Services,Mid-Market,Singapore,New
3608,2025-11-10,Company_03608,Website,Manufacturing,SMB,Singapore,New
3609,2025-10-31,Company_03609,Partner,Financial Services,SMB,Japan,New
3610,2024-01-06,Company_03610,Referral,Healthcare,SMB,Hong Kong,New
3611,2024-04-05,Company_03611,Referral,Technology,SMB,Taiwan,New
3612,2025-10-10,Company_03612,Website,Retail,SMB,Japan,New
3613,2024-04-30,Company_03613,Partner,Professional Services,Enterprise,Hong Kong,New
3614,2025-04-22,Company_03614,Outbound,Retail,SMB,Taiwan,New
3615,2024-04-28,Company_03615,Website,Healthcare,SMB,Japan,New
3616,2024-02-12,Company_03616,Website,Professional Services,SMB,Japan,New
3617,2024-12-17,Company_03617,Outbound,Financial Services,Mid-Market,Japan,New
3618,2024-07-21,Company_03618,Partner,Professional Services,Mid-Market,Taiwan,New
3619,2024-10-27,Company_03619,Referral,Healthcare,SMB,Japan,New
3620,2025-07-03,Company_03620,Website,Retail,SMB,Singapore,New
3621,2025-06-17,Company_03621,Website,Manufacturing,SMB,Taiwan,New
3622,2024-10-18,Company_03622,Website,Financial Services,Mid-Market,Japan,New
3623,2024-12-11,Company_03623,Partner,Financial Services,Mid-Market,Japan,New
3624,2024-06-02,Company_03624,Referral,Healthcare,SMB,Japan,New
3625,2025-12-18,Company_03625,Outbound,Manufacturing,Mid-Market,Taiwan,New
3626,2025-11-01,Company_03626,Website,Retail,Mid-Market,Singapore,New
3627,2024-05-11,Company_03627,Outbound,Financial Services,SMB,Taiwan,New
3628,2024-04-09,Company_03628,Website,Healthcare,SMB,Singapore,New
3629,2024-07-14,Company_03629,Paid Ads,Manufacturing,SMB,Singapore,New
3630,2025-01-31,Company_03630,Paid Ads,Retail,SMB,Taiwan,New
3631,2024-09-22,Company_03631,Partner,Professional Services,Mid-Market,Taiwan,New
3632,2024-05-24,Company_03632,Event,Technology,SMB,Singapore,New
3633,2025-09-20,Company_03633,Website,Retail,Mid-Market,Singapore,New
3634,2024-03-02,Company_03634,Website,Financial Services,SMB,Taiwan,New
3635,2025-03-17,Company_03635,Paid Ads,Financial Services,SMB,Japan,New
3636,2024-05-13,Company_03636,Website,Manufacturing,SMB,Taiwan,New
3637,2024-12-16,Company_03637,Paid Ads,Retail,Mid-Market,Taiwan,New
3638,2024-08-15,Company_03638,Outbound,Manufacturing,SMB,Taiwan,New
3639,2024-05-07,Company_03639,Website,Manufacturing,Enterprise,Hong Kong,New
3640,2025-05-23,Company_03640,Referral,Professional Services,SMB,Hong Kong,New
3641,2024-11-11,Company_03641,Referral,Manufacturing,SMB,Singapore,New
3642,2025-01-15,Company_03642,Website,Retail,Enterprise,Singapore,New
3643,2025-05-06,Company_03643,Outbound,Retail,Mid-Market,Singapore,New
3644,2025-04-17,Company_03644,Paid Ads,Technology,SMB,Taiwan,New
3645,2024-05-01,Company_03645,Outbound,Financial Services,SMB,Japan,New
3646,2024-01-28,Company_03646,Outbound,Professional Services,Mid-Market,Japan,New
3647,2024-04-12,Company_03647,Paid Ads,Manufacturing,Mid-Market,Taiwan,New
3648,2025-05-15,Company_03648,Website,Financial Services,SMB,Taiwan,New
3649,2025-06-13,Company_03649,Website,Professional Services,Mid-Market,Hong Kong,New
3650,2024-04-19,Company_03650,Website,Technology,Enterprise,Taiwan,New
3651,2024-12-16,Company_03651,Outbound,Healthcare,SMB,Taiwan,New
3652,2025-02-22,Company_03652,Paid Ads,Retail,SMB,Japan,New
3653,2024-12-06,Company_03653,Website,Technology,Mid-Market,Singapore,New
3654,2025-01-04,Company_03654,Event,Manufacturing,SMB,Japan,New
3655,2025-02-14,Company_03655,Website,Professional Services,SMB,Taiwan,New
3656,2025-08-01,Company_03656,Paid Ads,Manufacturing,SMB,Singapore,New
3657,2025-04-02,Company_03657,Paid Ads,Healthcare,Mid-Market,Hong Kong,New
3658,2024-01-31,Company_03658,Website,Financial Services,SMB,Japan,New
3659,2025-11-18,Company_03659,Outbound,Retail,Mid-Market,Japan,New
3660,2025-03-26,Company_03660,Partner,Healthcare,Enterprise,Hong Kong,New
3661,2024-06-01,Company_03661,Website,Financial Services,SMB,Japan,New
3662,2024-05-21,Company_03662,Outbound,Healthcare,SMB,Taiwan,New
3663,2024-09-29,Company_03663,Paid Ads,Healthcare,SMB,Singapore,New
3664,2025-10-03,Company_03664,Referral,Technology,Mid-Market,Taiwan,New
3665,2025-04-02,Company_03665,Referral,Professional Services,SMB,Singapore,New
3666,2024-02-08,Company_03666,Website,Professional Services,SMB,Japan,New
3667,2025-07-10,Company_03667,Outbound,Financial Services,SMB,Singapore,New
3668,2025-08-10,Company_03668,Website,Retail,Mid-Market,Taiwan,New
3669,2024-11-20,Company_03669,Outbound,Technology,SMB,Taiwan,New
3670,2025-08-26,Company_03670,Website,Financial Services,Mid-Market,Hong Kong,New
3671,2025-09-12,Company_03671,Referral,Healthcare,Mid-Market,Taiwan,New
3672,2024-07-22,Company_03672,Paid Ads,Healthcare,Mid-Market,Hong Kong,New
3673,2025-01-26,Company_03673,Referral,Professional Services,SMB,Hong Kong,New
3674,2025-01-26,Company_03674,Event,Retail,SMB,Singapore,New
3675,2024-02-20,Company_03675,Paid Ads,Financial Services,SMB,Japan,New
3676,2024-06-27,Company_03676,Outbound,Healthcare,SMB,Singapore,New
3677,2025-08-19,Company_03677,Referral,Technology,Enterprise,Hong Kong,New
3678,2024-01-16,Company_03678,Website,Manufacturing,SMB,Hong Kong,New
3679,2025-11-07,Company_03679,Website,Retail,SMB,Hong Kong,New
3680,2025-07-07,Company_03680,Outbound,Technology,SMB,Taiwan,New
3681,2024-06-11,Company_03681,Outbound,Professional Services,SMB,Singapore,New
3682,2024-04-07,Company_03682,Outbound,Financial Services,Enterprise,Taiwan,New
3683,2024-08-28,Company_03683,Paid Ads,Professional Services,Mid-Market,Hong Kong,New
3684,2024-05-30,Company_03684,Partner,Technology,Enterprise,Taiwan,New
3685,2025-07-04,Company_03685,Referral,Financial Services,Enterprise,Taiwan,New
3686,2024-03-13,Company_03686,Event,Healthcare,Enterprise,Singapore,New
3687,2025-07-01,Company_03687,Website,Technology,SMB,Singapore,New
3688,2025-06-18,Company_03688,Referral,Retail,Mid-Market,Hong Kong,New
3689,2025-06-03,Company_03689,Paid Ads,Technology,SMB,Taiwan,New
3690,2024-01-27,Company_03690,Website,Technology,SMB,Singapore,New
3691,2025-04-29,Company_03691,Outbound,Retail,Mid-Market,Hong Kong,New
3692,2025-07-30,Company_03692,Website,Financial Services,SMB,Taiwan,New
3693,2024-06-10,Company_03693,Referral,Healthcare,Mid-Market,Singapore,New
3694,2024-06-18,Company_03694,Referral,Healthcare,Mid-Market,Japan,New
3695,2025-04-19,Company_03695,Outbound,Healthcare,Mid-Market,Hong Kong,New
3696,2025-11-11,Company_03696,Referral,Manufacturing,SMB,Singapore,New
3697,2024-08-22,Company_03697,Outbound,Manufacturing,Enterprise,Taiwan,New
3698,2025-08-17,Company_03698,Paid Ads,Manufacturing,SMB,Hong Kong,New
3699,2025-07-19,Company_03699,Referral,Retail,SMB,Japan,New
3700,2024-12-07,Company_03700,Outbound,Manufacturing,SMB,Hong Kong,New
3701,2025-08-17,Company_03701,Outbound,Professional Services,Mid-Market,Hong Kong,New
3702,2024-07-05,Company_03702,Website,Technology,Enterprise,Hong Kong,New
3703,2025-12-19,Company_03703,Referral,Financial Services,SMB,Japan,New
3704,2024-09-28,Company_03704,Partner,Healthcare,SMB,Hong Kong,New
3705,2025-06-07,Company_03705,Paid Ads,Technology,SMB,Japan,New
3706,2025-07-28,Company_03706,Paid Ads,Healthcare,SMB,Singapore,New
3707,2025-08-16,Company_03707,Outbound,Professional Services,SMB,Japan,New
3708,2024-01-01,Company_03708,Referral,Financial Services,Enterprise,Japan,New
3709,2024-09-29,Company_03709,Referral,Financial Services,Mid-Market,Japan,New
3710,2025-09-20,Company_03710,Website,Healthcare,SMB,Singapore,New
3711,2025-02-08,Company_03711,Paid Ads,Financial Services,SMB,Taiwan,New
3712,2025-03-11,Company_03712,Website,Technology,SMB,Taiwan,New
3713,2024-08-07,Company_03713,Event,Technology,Mid-Market,Japan,New
3714,2025-01-01,Company_03714,Outbound,Financial Services,Mid-Market,Japan,New
3715,2024-07-28,Company_03715,Outbound,Technology,SMB,Hong Kong,New
3716,2025-02-21,Company_03716,Partner,Manufacturing,SMB,Japan,New
3717,2024-02-14,Company_03717,Partner,Manufacturing,Mid-Market,Taiwan,New
3718,2025-02-14,Company_03718,Paid Ads,Professional Services,SMB,Japan,New
3719,2025-01-03,Company_03719,Partner,Manufacturing,Mid-Market,Hong Kong,New
3720,2024-05-28,Company_03720,Website,Financial Services,SMB,Singapore,New
3721,2025-10-27,Company_03721,Website,Retail,Mid-Market,Singapore,New
3722,2024-01-29,Company_03722,Outbound,Healthcare,SMB,Taiwan,New
3723,2025-04-26,Company_03723,Outbound,Healthcare,Enterprise,Taiwan,New
3724,2025-06-12,Company_03724,Website,Manufacturing,Mid-Market,Taiwan,New
3725,2025-07-13,Company_03725,Referral,Professional Services,SMB,Hong Kong,New
3726,2025-04-17,Company_03726,Outbound,Retail,SMB,Taiwan,New
3727,2025-03-29,Company_03727,Website,Financial Services,Mid-Market,Taiwan,New
3728,2024-08-19,Company_03728,Outbound,Financial Services,SMB,Hong Kong,New
3729,2025-10-03,Company_03729,Paid Ads,Manufacturing,SMB,Japan,New
3730,2025-12-16,Company_03730,Event,Healthcare,Mid-Market,Hong Kong,New
3731,2024-11-15,Company_03731,Partner,Healthcare,Mid-Market,Taiwan,New
3732,2024-12-01,Company_03732,Paid Ads,Manufacturing,Enterprise,Taiwan,New
3733,2024-04-23,Company_03733,Website,Retail,Mid-Market,Japan,New
3734,2024-02-29,Company_03734,Outbound,Healthcare,Enterprise,Japan,New
3735,2025-12-14,Company_03735,Partner,Professional Services,SMB,Taiwan,New
3736,2024-03-13,Company_03736,Paid Ads,Healthcare,Mid-Market,Taiwan,New
3737,2024-08-20,Company_03737,Outbound,Financial Services,Mid-Market,Hong Kong,New
3738,2024-07-31,Company_03738,Paid Ads,Retail,SMB,Japan,New
3739,2024-04-12,Company_03739,Referral,Manufacturing,SMB,Taiwan,New
3740,2025-01-23,Company_03740,Paid Ads,Technology,SMB,Singapore,New
3741,2024-05-19,Company_03741,Website,Financial Services,SMB,Taiwan,New
3742,2024-10-27,Company_03742,Partner,Healthcare,Mid-Market,Singapore,New
3743,2025-07-24,Company_03743,Referral,Healthcare,SMB,Taiwan,New
3744,2024-11-30,Company_03744,Outbound,Manufacturing,SMB,Singapore,New
3745,2024-11-18,Company_03745,Paid Ads,Manufacturing,SMB,Hong Kong,New
3746,2024-12-14,Company_03746,Referral,Technology,Mid-Market,Singapore,New
3747,2024-11-22,Company_03747,Event,Retail,Mid-Market,Taiwan,New
3748,2025-03-11,Company_03748,Website,Manufacturing,SMB,Hong Kong,New
3749,2025-01-25,Company_03749,Outbound,Professional Services,SMB,Hong Kong,New
3750,2024-12-10,Company_03750,Outbound,Technology,SMB,Singapore,New
3751,2025-09-10,Company_03751,Referral,Retail,Enterprise,Taiwan,New
3752,2025-12-12,Company_03752,Partner,Healthcare,SMB,Japan,New
3753,2024-05-01,Company_03753,Website,Manufacturing,SMB,Hong Kong,New
3754,2025-03-14,Company_03754,Event,Healthcare,Mid-Market,Hong Kong,New
3755,2024-11-14,Company_03755,Paid Ads,Manufacturing,Mid-Market,Hong Kong,New
3756,2024-01-29,Company_03756,Website,Retail,SMB,Taiwan,New
3757,2024-04-04,Company_03757,Paid Ads,Financial Services,Mid-Market,Singapore,New
3758,2025-06-30,Company_03758,Outbound,Professional Services,SMB,Taiwan,New
3759,2024-01-07,Company_03759,Outbound,Financial Services,SMB,Hong Kong,New
3760,2025-08-25,Company_03760,Referral,Healthcare,SMB,Hong Kong,New
3761,2025-07-26,Company_03761,Website,Technology,SMB,Singapore,New
3762,2025-03-30,Company_03762,Partner,Technology,Enterprise,Singapore,New
3763,2025-04-01,Company_03763,Website,Professional Services,SMB,Singapore,New
3764,2024-06-17,Company_03764,Referral,Healthcare,SMB,Taiwan,New
3765,2024-06-17,Company_03765,Website,Financial Services,SMB,Hong Kong,New
3766,2024-12-16,Company_03766,Website,Manufacturing,Mid-Market,Hong Kong,New
3767,2025-06-29,Company_03767,Website,Financial Services,SMB,Japan,New
3768,2025-01-12,Company_03768,Event,Financial Services,SMB,Japan,New
3769,2024-05-06,Company_03769,Outbound,Professional Services,Mid-Market,Singapore,New
3770,2024-09-16,Company_03770,Paid Ads,Manufacturing,SMB,Hong Kong,New
3771,2024-09-17,Company_03771,Paid Ads,Manufacturing,SMB,Hong Kong,New
3772,2024-12-12,Company_03772,Outbound,Retail,Mid-Market,Taiwan,New
3773,2024-04-24,Company_03773,Website,Retail,SMB,Hong Kong,New
3774,2024-10-19,Company_03774,Outbound,Financial Services,Mid-Market,Hong Kong,New
3775,2025-11-29,Company_03775,Partner,Professional Services,Mid-Market,Taiwan,New
3776,2025-04-06,Company_03776,Paid Ads,Healthcare,Mid-Market,Japan,New
3777,2025-11-11,Company_03777,Website,Professional Services,Mid-Market,Japan,New
3778,2025-05-16,Company_03778,Website,Retail,Enterprise,Hong Kong,New
3779,2025-12-02,Company_03779,Website,Technology,Enterprise,Singapore,New
3780,2024-01-13,Company_03780,Outbound,Technology,Mid-Market,Taiwan,New
3781,2025-09-13,Company_03781,Outbound,Retail,Mid-Market,Singapore,New
3782,2024-12-02,Company_03782,Outbound,Retail,SMB,Japan,New
3783,2024-11-28,Company_03783,Outbound,Financial Services,Mid-Market,Singapore,New
3784,2025-10-01,Company_03784,Partner,Manufacturing,Mid-Market,Singapore,New
3785,2024-01-13,Company_03785,Website,Professional Services,Mid-Market,Taiwan,New
3786,2025-06-11,Company_03786,Website,Healthcare,SMB,Singapore,New
3787,2025-06-10,Company_03787,Partner,Healthcare,SMB,Japan,New
3788,2024-10-12,Company_03788,Website,Professional Services,Enterprise,Singapore,New
3789,2024-09-25,Company_03789,Paid Ads,Financial Services,SMB,Singapore,New
3790,2025-12-05,Company_03790,Website,Financial Services,Mid-Market,Hong Kong,New
3791,2025-12-22,Company_03791,Outbound,Technology,SMB,Singapore,New
3792,2024-09-03,Company_03792,Referral,Technology,SMB,Hong Kong,New
3793,2025-05-29,Company_03793,Referral,Manufacturing,Enterprise,Hong Kong,New
3794,2025-09-29,Company_03794,Referral,Healthcare,Enterprise,Japan,New
3795,2025-12-08,Company_03795,Referral,Manufacturing,Enterprise,Singapore,New
3796,2025-05-07,Company_03796,Referral,Retail,Mid-Market,Taiwan,New
3797,2024-10-07,Company_03797,Outbound,Professional Services,SMB,Hong Kong,New
3798,2024-08-26,Company_03798,Website,Technology,Enterprise,Hong Kong,New
3799,2025-12-28,Company_03799,Website,Manufacturing,SMB,Japan,New
3800,2025-07-24,Company_03800,Referral,Financial Services,SMB,Japan,New
3801,2024-08-31,Company_03801,Referral,Technology,SMB,Taiwan,New
3802,2025-10-23,Company_03802,Outbound,Healthcare,SMB,Japan,New
3803,2025-08-03,Company_03803,Website,Retail,SMB,Taiwan,New
3804,2025-12-29,Company_03804,Referral,Retail,SMB,Taiwan,New
3805,2024-02-15,Company_03805,Outbound,Technology,SMB,Japan,New
3806,2024-01-03,Company_03806,Website,Professional Services,SMB,Hong Kong,New
3807,2025-03-20,Company_03807,Paid Ads,Technology,Enterprise,Hong Kong,New
3808,2025-01-30,Company_03808,Website,Financial Services,SMB,Singapore,New
3809,2024-07-12,Company_03809,Paid Ads,Technology,SMB,Japan,New
3810,2025-07-20,Company_03810,Website,Manufacturing,Mid-Market,Taiwan,New
3811,2025-08-26,Company_03811,Referral,Technology,Mid-Market,Singapore,New
3812,2025-03-07,Company_03812,Outbound,Financial Services,Mid-Market,Japan,New
3813,2024-11-18,Company_03813,Paid Ads,Financial Services,SMB,Taiwan,New
3814,2024-02-05,Company_03814,Website,Professional Services,Mid-Market,Taiwan,New
3815,2025-04-13,Company_03815,Outbound,Healthcare,Enterprise,Taiwan,New
3816,2025-01-13,Company_03816,Outbound,Manufacturing,Enterprise,Hong Kong,New
3817,2025-03-24,Company_03817,Outbound,Manufacturing,SMB,Taiwan,New
3818,2025-03-22,Company_03818,Paid Ads,Professional Services,SMB,Singapore,New
3819,2024-04-04,Company_03819,Website,Professional Services,SMB,Singapore,New
3820,2024-11-02,Company_03820,Partner,Professional Services,SMB,Japan,New
3821,2024-10-15,Company_03821,Website,Healthcare,SMB,Taiwan,New
3822,2025-02-12,Company_03822,Referral,Financial Services,SMB,Hong Kong,New
3823,2024-02-12,Company_03823,Referral,Technology,SMB,Japan,New
3824,2025-03-16,Company_03824,Paid Ads,Retail,SMB,Japan,New
3825,2025-01-21,Company_03825,Referral,Financial Services,Mid-Market,Hong Kong,New
3826,2024-06-12,Company_03826,Paid Ads,Healthcare,Mid-Market,Japan,New
3827,2025-07-06,Company_03827,Paid Ads,Financial Services,SMB,Taiwan,New
3828,2025-04-28,Company_03828,Referral,Professional Services,Mid-Market,Hong Kong,New
3829,2025-09-21,Company_03829,Website,Technology,SMB,Hong Kong,New
3830,2024-07-03,Company_03830,Paid Ads,Technology,Mid-Market,Hong Kong,New
3831,2024-01-24,Company_03831,Outbound,Retail,SMB,Taiwan,New
3832,2024-05-15,Company_03832,Paid Ads,Professional Services,Mid-Market,Singapore,New
3833,2025-04-10,Company_03833,Outbound,Professional Services,SMB,Japan,New
3834,2025-01-24,Company_03834,Website,Technology,Mid-Market,Taiwan,New
3835,2025-08-08,Company_03835,Paid Ads,Retail,Enterprise,Hong Kong,New
3836,2025-01-04,Company_03836,Paid Ads,Manufacturing,Enterprise,Taiwan,New
3837,2025-04-16,Company_03837,Paid Ads,Manufacturing,Mid-Market,Japan,New
3838,2025-05-14,Company_03838,Website,Financial Services,SMB,Taiwan,New
3839,2024-04-08,Company_03839,Referral,Professional Services,Mid-Market,Singapore,New
3840,2024-04-04,Company_03840,Referral,Financial Services,SMB,Japan,New
3841,2025-03-22,Company_03841,Website,Retail,SMB,Hong Kong,New
3842,2024-12-08,Company_03842,Referral,Technology,SMB,Singapore,New
3843,2025-01-10,Company_03843,Website,Retail,SMB,Singapore,New
3844,2025-11-28,Company_03844,Website,Healthcare,Mid-Market,Taiwan,New
3845,2024-11-22,Company_03845,Paid Ads,Financial Services,SMB,Japan,New
3846,2024-05-09,Company_03846,Outbound,Manufacturing,SMB,Taiwan,New
3847,2025-12-28,Company_03847,Referral,Professional Services,SMB,Hong Kong,New
3848,2024-08-12,Company_03848,Partner,Manufacturing,SMB,Taiwan,New
3849,2025-04-15,Company_03849,Website,Retail,SMB,Hong Kong,New
3850,2024-06-30,Company_03850,Referral,Financial Services,Mid-Market,Singapore,New
3851,2024-01-06,Company_03851,Website,Healthcare,SMB,Japan,New
3852,2024-06-13,Company_03852,Outbound,Professional Services,SMB,Taiwan,New
3853,2024-05-19,Company_03853,Event,Technology,SMB,Singapore,New
3854,2024-01-07,Company_03854,Paid Ads,Technology,Mid-Market,Taiwan,New
3855,2024-04-03,Company_03855,Website,Manufacturing,Enterprise,Japan,New
3856,2025-04-19,Company_03856,Partner,Technology,Enterprise,Taiwan,New
3857,2024-11-18,Company_03857,Website,Technology,Mid-Market,Taiwan,New
3858,2025-01-06,Company_03858,Website,Healthcare,SMB,Japan,New
3859,2024-07-23,Company_03859,Website,Healthcare,SMB,Hong Kong,New
3860,2025-08-30,Company_03860,Paid Ads,Technology,SMB,Hong Kong,New
3861,2024-09-19,Company_03861,Partner,Professional Services,SMB,Singapore,New
3862,2025-07-29,Company_03862,Outbound,Professional Services,SMB,Japan,New
3863,2025-08-04,Company_03863,Referral,Healthcare,Mid-Market,Japan,New
3864,2025-02-26,Company_03864,Paid Ads,Financial Services,SMB,Hong Kong,New
3865,2024-04-28,Company_03865,Paid Ads,Professional Services,SMB,Japan,New
3866,2025-04-30,Company_03866,Website,Manufacturing,Mid-Market,Taiwan,New
3867,2024-08-06,Company_03867,Partner,Professional Services,Mid-Market,Taiwan,New
3868,2024-09-21,Company_03868,Paid Ads,Retail,SMB,Hong Kong,New
3869,2024-08-15,Company_03869,Outbound,Technology,SMB,Singapore,New
3870,2024-08-06,Company_03870,Event,Professional Services,SMB,Singapore,New
3871,2025-06-20,Company_03871,Outbound,Retail,SMB,Japan,New
3872,2025-03-06,Company_03872,Referral,Healthcare,Enterprise,Hong Kong,New
3873,2024-02-09,Company_03873,Outbound,Healthcare,SMB,Japan,New
3874,2024-09-14,Company_03874,Partner,Financial Services,SMB,Singapore,New
3875,2024-06-30,Company_03875,Paid Ads,Retail,SMB,Singapore,New
3876,2025-02-19,Company_03876,Partner,Financial Services,SMB,Singapore,New
3877,2024-02-24,Company_03877,Paid Ads,Healthcare,Enterprise,Taiwan,New
3878,2025-02-06,Company_03878,Paid Ads,Financial Services,SMB,Taiwan,New
3879,2025-01-07,Company_03879,Event,Retail,SMB,Japan,New
3880,2024-01-10,Company_03880,Referral,Financial Services,Enterprise,Singapore,New
3881,2024-04-19,Company_03881,Website,Professional Services,Mid-Market,Taiwan,New
3882,2025-11-13,Company_03882,Event,Technology,Enterprise,Taiwan,New
3883,2024-03-26,Company_03883,Event,Healthcare,Mid-Market,Hong Kong,New
3884,2024-04-07,Company_03884,Referral,Professional Services,SMB,Singapore,New
3885,2024-10-29,Company_03885,Outbound,Healthcare,Mid-Market,Taiwan,New
3886,2025-12-04,Company_03886,Outbound,Retail,Mid-Market,Hong Kong,New
3887,2025-09-27,Company_03887,Paid Ads,Retail,SMB,Singapore,New
3888,2025-12-16,Company_03888,Partner,Professional Services,SMB,Taiwan,New
3889,2024-03-25,Company_03889,Outbound,Retail,SMB,Singapore,New
3890,2025-08-02,Company_03890,Paid Ads,Technology,SMB,Hong Kong,New
3891,2025-12-17,Company_03891,Partner,Technology,SMB,Singapore,New
3892,2024-08-07,Company_03892,Partner,Retail,Enterprise,Singapore,New
3893,2025-11-01,Company_03893,Outbound,Financial Services,SMB,Singapore,New
3894,2024-02-02,Company_03894,Paid Ads,Technology,Enterprise,Hong Kong,New
3895,2024-04-12,Company_03895,Outbound,Professional Services,SMB,Japan,New
3896,2025-04-19,Company_03896,Referral,Technology,Enterprise,Singapore,New
3897,2025-10-21,Company_03897,Website,Retail,Mid-Market,Taiwan,New
3898,2024-02-19,Company_03898,Website,Healthcare,SMB,Japan,New
3899,2024-11-07,Company_03899,Outbound,Technology,SMB,Taiwan,New
3900,2024-01-04,Company_03900,Website,Retail,Enterprise,Japan,New
3901,2025-03-14,Company_03901,Website,Financial Services,Mid-Market,Singapore,New
3902,2024-03-06,Company_03902,Website,Manufacturing,Mid-Market,Taiwan,New
3903,2024-08-14,Company_03903,Event,Manufacturing,Enterprise,Japan,New
3904,2025-07-12,Company_03904,Paid Ads,Retail,Enterprise,Singapore,New
3905,2024-05-30,Company_03905,Website,Healthcare,SMB,Taiwan,New
3906,2025-02-21,Company_03906,Event,Financial Services,Enterprise,Taiwan,New
3907,2025-10-21,Company_03907,Website,Financial Services,SMB,Taiwan,New
3908,2024-03-16,Company_03908,Referral,Professional Services,SMB,Singapore,New
3909,2024-02-15,Company_03909,Outbound,Retail,Enterprise,Singapore,New
3910,2025-12-12,Company_03910,Outbound,Professional Services,Enterprise,Japan,New
3911,2025-11-09,Company_03911,Website,Manufacturing,SMB,Singapore,New
3912,2024-08-18,Company_03912,Website,Healthcare,SMB,Hong Kong,New
3913,2024-06-09,Company_03913,Paid Ads,Technology,SMB,Singapore,New
3914,2024-01-12,Company_03914,Website,Retail,Enterprise,Singapore,New
3915,2024-09-18,Company_03915,Website,Healthcare,SMB,Taiwan,New
3916,2025-04-15,Company_03916,Referral,Retail,Mid-Market,Japan,New
3917,2025-11-08,Company_03917,Partner,Professional Services,Mid-Market,Japan,New
3918,2024-08-14,Company_03918,Paid Ads,Technology,SMB,Taiwan,New
3919,2025-08-08,Company_03919,Website,Healthcare,Mid-Market,Taiwan,New
3920,2024-12-30,Company_03920,Website,Professional Services,Mid-Market,Hong Kong,New
3921,2025-06-06,Company_03921,Website,Technology,SMB,Taiwan,New
3922,2024-03-31,Company_03922,Paid Ads,Healthcare,SMB,Japan,New
3923,2025-09-23,Company_03923,Partner,Manufacturing,Enterprise,Singapore,New
3924,2025-04-12,Company_03924,Paid Ads,Financial Services,Mid-Market,Hong Kong,New
3925,2024-11-27,Company_03925,Partner,Retail,SMB,Hong Kong,New
3926,2024-11-15,Company_03926,Website,Technology,SMB,Japan,New
3927,2025-03-05,Company_03927,Outbound,Retail,Mid-Market,Japan,New
3928,2025-04-13,Company_03928,Paid Ads,Financial Services,SMB,Singapore,New
3929,2025-04-18,Company_03929,Event,Technology,Mid-Market,Japan,New
3930,2024-01-02,Company_03930,Partner,Technology,SMB,Singapore,New
3931,2024-06-14,Company_03931,Website,Financial Services,SMB,Japan,New
3932,2025-03-17,Company_03932,Outbound,Retail,SMB,Japan,New
3933,2024-03-10,Company_03933,Paid Ads,Financial Services,Mid-Market,Hong Kong,New
3934,2024-01-05,Company_03934,Outbound,Financial Services,SMB,Taiwan,New
3935,2024-04-24,Company_03935,Referral,Retail,SMB,Singapore,New
3936,2025-07-17,Company_03936,Referral,Professional Services,Mid-Market,Singapore,New
3937,2025-08-05,Company_03937,Outbound,Professional Services,Enterprise,Japan,New
3938,2025-12-21,Company_03938,Outbound,Healthcare,Mid-Market,Taiwan,New
3939,2025-12-26,Company_03939,Website,Manufacturing,Enterprise,Hong Kong,New
3940,2025-07-01,Company_03940,Outbound,Professional Services,Mid-Market,Japan,New
3941,2024-03-09,Company_03941,Referral,Healthcare,Mid-Market,Japan,New
3942,2025-06-04,Company_03942,Partner,Healthcare,Enterprise,Singapore,New
3943,2024-12-05,Company_03943,Event,Manufacturing,Enterprise,Taiwan,New
3944,2025-06-10,Company_03944,Website,Professional Services,Mid-Market,Japan,New
3945,2024-01-02,Company_03945,Website,Financial Services,SMB,Singapore,New
3946,2025-07-03,Company_03946,Website,Retail,SMB,Japan,New
3947,2024-03-01,Company_03947,Website,Manufacturing,SMB,Singapore,New
3948,2025-11-01,Company_03948,Website,Retail,Enterprise,Taiwan,New
3949,2024-03-08,Company_03949,Paid Ads,Manufacturing,Mid-Market,Japan,New
3950,2025-12-18,Company_03950,Website,Retail,Mid-Market,Taiwan,New
3951,2024-05-10,Company_03951,Website,Retail,Enterprise,Singapore,New
3952,2025-12-13,Company_03952,Website,Retail,SMB,Hong Kong,New
3953,2025-05-24,Company_03953,Paid Ads,Retail,Mid-Market,Taiwan,New
3954,2024-09-06,Company_03954,Paid Ads,Retail,SMB,Japan,New
3955,2025-05-30,Company_03955,Website,Manufacturing,Enterprise,Hong Kong,New
3956,2024-09-16,Company_03956,Paid Ads,Technology,Mid-Market,Taiwan,New
3957,2024-12-18,Company_03957,Outbound,Financial Services,SMB,Hong Kong,New
3958,2025-04-12,Company_03958,Paid Ads,Healthcare,Enterprise,Taiwan,New
3959,2025-09-17,Company_03959,Referral,Retail,Mid-Market,Taiwan,New
3960,2025-10-29,Company_03960,Website,Financial Services,SMB,Taiwan,New
3961,2025-04-25,Company_03961,Website,Financial Services,SMB,Japan,New
3962,2025-08-19,Company_03962,Outbound,Financial Services,SMB,Taiwan,New
3963,2024-09-26,Company_03963,Website,Professional Services,SMB,Singapore,New
3964,2024-03-09,Company_03964,Referral,Healthcare,SMB,Taiwan,New
3965,2024-07-26,Company_03965,Partner,Healthcare,SMB,Taiwan,New
3966,2025-01-10,Company_03966,Paid Ads,Manufacturing,Enterprise,Hong Kong,New
3967,2025-02-06,Company_03967,Paid Ads,Technology,SMB,Hong Kong,New
3968,2024-06-05,Company_03968,Website,Financial Services,Mid-Market,Singapore,New
3969,2025-01-05,Company_03969,Website,Financial Services,SMB,Singapore,New
3970,2024-11-03,Company_03970,Outbound,Healthcare,Enterprise,Hong Kong,New
3971,2024-07-20,Company_03971,Outbound,Financial Services,Mid-Market,Japan,New
3972,2025-08-04,Company_03972,Paid Ads,Technology,SMB,Hong Kong,New
3973,2024-06-20,Company_03973,Paid Ads,Retail,Mid-Market,Hong Kong,New
3974,2024-05-17,Company_03974,Paid Ads,Technology,SMB,Japan,New
3975,2024-09-18,Company_03975,Website,Healthcare,Mid-Market,Singapore,New
3976,2025-11-01,Company_03976,Referral,Manufacturing,SMB,Japan,New
3977,2024-04-13,Company_03977,Outbound,Financial Services,Mid-Market,Taiwan,New
3978,2025-06-30,Company_03978,Outbound,Financial Services,Enterprise,Taiwan,New
3979,2025-09-29,Company_03979,Partner,Retail,Mid-Market,Singapore,New
3980,2025-12-29,Company_03980,Website,Financial Services,Mid-Market,Hong Kong,New
3981,2024-09-26,Company_03981,Website,Financial Services,SMB,Japan,New
3982,2024-05-17,Company_03982,Outbound,Manufacturing,Enterprise,Japan,New
3983,2025-01-09,Company_03983,Outbound,Manufacturing,SMB,Japan,New
3984,2024-09-08,Company_03984,Website,Retail,Enterprise,Taiwan,New
3985,2025-12-07,Company_03985,Website,Technology,Mid-Market,Singapore,New
3986,2025-11-15,Company_03986,Referral,Healthcare,SMB,Singapore,New
3987,2025-01-13,Company_03987,Partner,Professional Services,SMB,Singapore,New
3988,2025-05-26,Company_03988,Paid Ads,Healthcare,SMB,Singapore,New
3989,2025-10-12,Company_03989,Paid Ads,Retail,SMB,Japan,New
3990,2025-03-23,Company_03990,Paid Ads,Healthcare,Enterprise,Singapore,New
3991,2025-02-06,Company_03991,Paid Ads,Professional Services,Mid-Market,Hong Kong,New
3992,2024-03-06,Company_03992,Paid Ads,Manufacturing,SMB,Japan,New
3993,2024-12-17,Company_03993,Website,Technology,SMB,Taiwan,New
3994,2025-08-09,Company_03994,Paid Ads,Financial Services,Enterprise,Singapore,New
3995,2025-06-04,Company_03995,Website,Manufacturing,SMB,Hong Kong,New
3996,2025-09-02,Company_03996,Website,Manufacturing,Mid-Market,Hong Kong,New
3997,2024-11-05,Company_03997,Outbound,Retail,SMB,Japan,New
3998,2024-01-14,Company_03998,Paid Ads,Manufacturing,SMB,Singapore,New
3999,2025-08-25,Company_03999,Event,Manufacturing,SMB,Taiwan,New
4000,2024-10-19,Company_04000,Website,Professional Services,Enterprise,Japan,New
4001,2024-09-10,Company_04001,Outbound,Retail,Enterprise,Taiwan,New
4002,2024-11-04,Company_04002,Outbound,Manufacturing,SMB,Taiwan,New
4003,2025-04-08,Company_04003,Referral,Retail,Mid-Market,Hong Kong,New
4004,2024-08-19,Company_04004,Website,Professional Services,Enterprise,Taiwan,New
4005,2025-06-30,Company_04005,Referral,Professional Services,SMB,Singapore,New
4006,2024-06-20,Company_04006,Website,Technology,SMB,Hong Kong,New
4007,2024-04-04,Company_04007,Partner,Financial Services,SMB,Japan,New
4008,2024-08-02,Company_04008,Paid Ads,Professional Services,SMB,Japan,New
4009,2025-03-19,Company_04009,Partner,Financial Services,Mid-Market,Singapore,New
4010,2024-09-30,Company_04010,Outbound,Professional Services,Enterprise,Hong Kong,New
4011,2024-02-19,Company_04011,Website,Retail,Mid-Market,Japan,New
4012,2025-10-25,Company_04012,Partner,Professional Services,SMB,Hong Kong,New
4013,2024-12-15,Company_04013,Partner,Retail,SMB,Hong Kong,New
4014,2025-04-18,Company_04014,Paid Ads,Financial Services,SMB,Singapore,New
4015,2025-02-20,Company_04015,Website,Healthcare,SMB,Singapore,New
4016,2024-03-04,Company_04016,Referral,Technology,Enterprise,Singapore,New
4017,2024-06-05,Company_04017,Outbound,Financial Services,SMB,Singapore,New
4018,2024-11-29,Company_04018,Referral,Professional Services,Enterprise,Taiwan,New
4019,2024-01-26,Company_04019,Partner,Healthcare,Enterprise,Japan,New
4020,2024-05-11,Company_04020,Website,Retail,SMB,Japan,New
4021,2024-05-02,Company_04021,Paid Ads,Financial Services,SMB,Taiwan,New
4022,2024-08-10,Company_04022,Outbound,Financial Services,Mid-Market,Taiwan,New
4023,2025-05-21,Company_04023,Event,Technology,SMB,Japan,New
4024,2025-01-22,Company_04024,Referral,Manufacturing,Mid-Market,Hong Kong,New
4025,2024-06-29,Company_04025,Partner,Technology,Mid-Market,Japan,New
4026,2025-08-12,Company_04026,Outbound,Healthcare,Mid-Market,Singapore,New
4027,2024-05-10,Company_04027,Outbound,Financial Services,SMB,Japan,New
4028,2024-08-28,Company_04028,Website,Retail,Mid-Market,Hong Kong,New
4029,2024-08-20,Company_04029,Outbound,Retail,Enterprise,Japan,New
4030,2024-01-02,Company_04030,Website,Healthcare,Mid-Market,Japan,New
4031,2024-12-28,Company_04031,Website,Retail,SMB,Taiwan,New
4032,2025-06-03,Company_04032,Paid Ads,Technology,SMB,Taiwan,New
4033,2024-02-20,Company_04033,Referral,Healthcare,SMB,Japan,New
4034,2025-02-02,Company_04034,Referral,Technology,Mid-Market,Japan,New
4035,2024-07-23,Company_04035,Paid Ads,Technology,SMB,Taiwan,New
4036,2024-06-08,Company_04036,Paid Ads,Manufacturing,Mid-Market,Japan,New
4037,2025-07-25,Company_04037,Outbound,Professional Services,Enterprise,Taiwan,New
4038,2025-05-19,Company_04038,Outbound,Professional Services,SMB,Singapore,New
4039,2025-06-30,Company_04039,Partner,Healthcare,SMB,Singapore,New
4040,2025-03-29,Company_04040,Outbound,Retail,SMB,Japan,New
4041,2025-12-08,Company_04041,Event,Retail,Enterprise,Taiwan,New
4042,2025-10-11,Company_04042,Website,Financial Services,SMB,Japan,New
4043,2024-12-20,Company_04043,Referral,Professional Services,Enterprise,Japan,New
4044,2025-11-11,Company_04044,Event,Professional Services,Enterprise,Japan,New
4045,2024-12-28,Company_04045,Paid Ads,Healthcare,SMB,Singapore,New
4046,2024-08-04,Company_04046,Paid Ads,Technology,Enterprise,Japan,New
4047,2025-10-12,Company_04047,Outbound,Healthcare,Enterprise,Japan,New
4048,2024-03-09,Company_04048,Partner,Technology,SMB,Singapore,New
4049,2025-02-10,Company_04049,Outbound,Healthcare,SMB,Japan,New
4050,2024-01-07,Company_04050,Paid Ads,Manufacturing,SMB,Singapore,New
4051,2024-05-04,Company_04051,Outbound,Manufacturing,SMB,Taiwan,New
4052,2024-08-13,Company_04052,Outbound,Retail,SMB,Taiwan,New
4053,2025-06-04,Company_04053,Outbound,Professional Services,SMB,Hong Kong,New
4054,2025-11-03,Company_04054,Paid Ads,Technology,SMB,Singapore,New
4055,2025-05-02,Company_04055,Website,Manufacturing,SMB,Taiwan,New
4056,2024-06-27,Company_04056,Partner,Professional Services,SMB,Taiwan,New
4057,2025-03-14,Company_04057,Event,Manufacturing,SMB,Singapore,New
4058,2024-12-03,Company_04058,Paid Ads,Technology,Mid-Market,Taiwan,New
4059,2025-08-13,Company_04059,Outbound,Financial Services,Enterprise,Singapore,New
4060,2025-04-06,Company_04060,Referral,Manufacturing,Mid-Market,Taiwan,New
4061,2025-05-03,Company_04061,Outbound,Retail,SMB,Japan,New
4062,2025-03-21,Company_04062,Event,Professional Services,SMB,Hong Kong,New
4063,2024-04-08,Company_04063,Website,Professional Services,SMB,Singapore,New
4064,2024-03-16,Company_04064,Partner,Financial Services,SMB,Hong Kong,New
4065,2025-09-27,Company_04065,Paid Ads,Financial Services,Mid-Market,Hong Kong,New
4066,2025-02-19,Company_04066,Website,Financial Services,SMB,Taiwan,New
4067,2024-06-17,Company_04067,Paid Ads,Healthcare,SMB,Japan,New
4068,2024-05-15,Company_04068,Paid Ads,Healthcare,Mid-Market,Taiwan,New
4069,2025-04-16,Company_04069,Event,Professional Services,Mid-Market,Hong Kong,New
4070,2025-10-26,Company_04070,Referral,Manufacturing,SMB,Japan,New
4071,2025-10-08,Company_04071,Outbound,Professional Services,Mid-Market,Japan,New
4072,2024-04-28,Company_04072,Referral,Professional Services,Mid-Market,Singapore,New
4073,2024-11-12,Company_04073,Website,Financial Services,Mid-Market,Singapore,New
4074,2024-07-05,Company_04074,Website,Retail,SMB,Taiwan,New
4075,2025-08-23,Company_04075,Website,Technology,Mid-Market,Hong Kong,New
4076,2025-01-22,Company_04076,Website,Manufacturing,Mid-Market,Hong Kong,New
4077,2024-10-17,Company_04077,Paid Ads,Professional Services,SMB,Japan,New
4078,2025-03-06,Company_04078,Event,Healthcare,SMB,Singapore,New
4079,2025-07-11,Company_04079,Outbound,Healthcare,SMB,Singapore,New
4080,2025-08-09,Company_04080,Paid Ads,Healthcare,Enterprise,Taiwan,New
4081,2025-03-05,Company_04081,Outbound,Healthcare,Enterprise,Hong Kong,New
4082,2025-12-08,Company_04082,Event,Manufacturing,Enterprise,Taiwan,New
4083,2024-01-24,Company_04083,Paid Ads,Manufacturing,SMB,Japan,New
4084,2025-04-26,Company_04084,Website,Financial Services,Mid-Market,Singapore,New
4085,2025-08-01,Company_04085,Paid Ads,Retail,Enterprise,Hong Kong,New
4086,2024-03-21,Company_04086,Website,Professional Services,Mid-Market,Singapore,New
4087,2024-05-20,Company_04087,Referral,Healthcare,SMB,Japan,New
4088,2024-02-20,Company_04088,Outbound,Financial Services,SMB,Taiwan,New
4089,2024-07-02,Company_04089,Paid Ads,Technology,SMB,Japan,New
4090,2025-04-18,Company_04090,Paid Ads,Retail,SMB,Japan,New
4091,2024-03-21,Company_04091,Partner,Financial Services,SMB,Singapore,New
4092,2025-09-18,Company_04092,Paid Ads,Manufacturing,SMB,Hong Kong,New
4093,2024-09-10,Company_04093,Website,Manufacturing,Mid-Market,Singapore,New
4094,2024-08-14,Company_04094,Paid Ads,Manufacturing,Mid-Market,Singapore,New
4095,2025-09-18,Company_04095,Website,Financial Services,Enterprise,Japan,New
4096,2025-09-14,Company_04096,Website,Professional Services,Enterprise,Singapore,New
4097,2024-10-09,Company_04097,Referral,Manufacturing,SMB,Singapore,New
4098,2025-02-23,Company_04098,Website,Financial Services,Mid-Market,Japan,New
4099,2024-05-29,Company_04099,Website,Financial Services,SMB,Hong Kong,New
4100,2024-05-11,Company_04100,Referral,Healthcare,Mid-Market,Japan,New
4101,2025-08-12,Company_04101,Outbound,Financial Services,Mid-Market,Singapore,New
4102,2024-04-12,Company_04102,Website,Technology,Enterprise,Hong Kong,New
4103,2024-05-12,Company_04103,Website,Retail,SMB,Hong Kong,New
4104,2024-02-14,Company_04104,Paid Ads,Manufacturing,Enterprise,Singapore,New
4105,2024-07-16,Company_04105,Website,Professional Services,Mid-Market,Singapore,New
4106,2024-12-10,Company_04106,Paid Ads,Financial Services,SMB,Japan,New
4107,2024-02-08,Company_04107,Website,Technology,SMB,Hong Kong,New
4108,2024-11-07,Company_04108,Paid Ads,Technology,SMB,Japan,New
4109,2025-08-03,Company_04109,Website,Technology,SMB,Singapore,New
4110,2024-04-19,Company_04110,Website,Technology,SMB,Hong Kong,New
4111,2024-12-07,Company_04111,Partner,Manufacturing,SMB,Hong Kong,New
4112,2024-07-13,Company_04112,Paid Ads,Manufacturing,Mid-Market,Hong Kong,New
4113,2024-01-03,Company_04113,Referral,Healthcare,Enterprise,Taiwan,New
4114,2025-08-10,Company_04114,Referral,Technology,SMB,Singapore,New
4115,2025-07-19,Company_04115,Website,Manufacturing,Mid-Market,Hong Kong,New
4116,2025-02-01,Company_04116,Website,Technology,SMB,Singapore,New
4117,2024-02-19,Company_04117,Partner,Manufacturing,Enterprise,Japan,New
4118,2025-02-21,Company_04118,Website,Professional Services,Mid-Market,Taiwan,New
4119,2024-09-11,Company_04119,Website,Healthcare,SMB,Singapore,New
4120,2025-02-20,Company_04120,Website,Technology,SMB,Japan,New
4121,2025-11-10,Company_04121,Paid Ads,Financial Services,SMB,Hong Kong,New
4122,2025-07-07,Company_04122,Outbound,Technology,Mid-Market,Singapore,New
4123,2025-12-28,Company_04123,Outbound,Retail,Mid-Market,Singapore,New
4124,2025-01-25,Company_04124,Outbound,Technology,SMB,Taiwan,New
4125,2025-10-24,Company_04125,Outbound,Healthcare,SMB,Singapore,New
4126,2024-03-06,Company_04126,Paid Ads,Retail,Enterprise,Singapore,New
4127,2024-07-31,Company_04127,Outbound,Technology,SMB,Singapore,New
4128,2024-02-18,Company_04128,Website,Financial Services,Mid-Market,Singapore,New
4129,2025-03-08,Company_04129,Paid Ads,Retail,SMB,Singapore,New
4130,2024-06-12,Company_04130,Website,Retail,SMB,Japan,New
4131,2025-09-30,Company_04131,Outbound,Technology,SMB,Japan,New
4132,2024-12-04,Company_04132,Paid Ads,Technology,SMB,Taiwan,New
4133,2024-08-23,Company_04133,Website,Retail,SMB,Hong Kong,New
4134,2025-03-27,Company_04134,Website,Professional Services,SMB,Hong Kong,New
4135,2025-04-12,Company_04135,Paid Ads,Technology,SMB,Hong Kong,New
4136,2024-05-25,Company_04136,Outbound,Financial Services,Mid-Market,Singapore,New
4137,2024-09-12,Company_04137,Partner,Technology,SMB,Singapore,New
4138,2024-08-03,Company_04138,Website,Retail,Enterprise,Singapore,New
4139,2025-05-14,Company_04139,Website,Technology,SMB,Japan,New
4140,2024-02-17,Company_04140,Website,Manufacturing,SMB,Taiwan,New
4141,2024-04-03,Company_04141,Paid Ads,Retail,Enterprise,Japan,New
4142,2024-10-26,Company_04142,Website,Manufacturing,SMB,Hong Kong,New
4143,2024-09-22,Company_04143,Outbound,Financial Services,SMB,Taiwan,New
4144,2025-05-02,Company_04144,Referral,Professional Services,SMB,Singapore,New
4145,2025-02-27,Company_04145,Website,Financial Services,Enterprise,Japan,New
4146,2024-09-27,Company_04146,Website,Manufacturing,Mid-Market,Japan,New
4147,2025-07-03,Company_04147,Partner,Healthcare,SMB,Hong Kong,New
4148,2025-10-06,Company_04148,Website,Financial Services,Enterprise,Taiwan,New
4149,2024-07-03,Company_04149,Website,Financial Services,SMB,Singapore,New
4150,2025-01-29,Company_04150,Paid Ads,Financial Services,SMB,Singapore,New
4151,2025-06-03,Company_04151,Outbound,Retail,Enterprise,Hong Kong,New
4152,2024-09-12,Company_04152,Referral,Healthcare,Mid-Market,Taiwan,New
4153,2024-07-09,Company_04153,Website,Technology,SMB,Taiwan,New
4154,2024-05-02,Company_04154,Referral,Financial Services,SMB,Singapore,New
4155,2025-12-05,Company_04155,Referral,Professional Services,Mid-Market,Taiwan,New
4156,2025-04-10,Company_04156,Partner,Healthcare,SMB,Taiwan,New
4157,2025-10-06,Company_04157,Partner,Financial Services,SMB,Taiwan,New
4158,2025-08-24,Company_04158,Event,Financial Services,SMB,Singapore,New
4159,2024-07-01,Company_04159,Referral,Professional Services,Enterprise,Taiwan,New
4160,2025-05-20,Company_04160,Website,Retail,SMB,Hong Kong,New
4161,2025-02-01,Company_04161,Outbound,Retail,SMB,Hong Kong,New
4162,2024-07-05,Company_04162,Website,Manufacturing,Enterprise,Japan,New
4163,2024-05-27,Company_04163,Website,Retail,SMB,Singapore,New
4164,2025-12-02,Company_04164,Outbound,Financial Services,Enterprise,Hong Kong,New
4165,2024-07-15,Company_04165,Partner,Professional Services,Mid-Market,Japan,New
4166,2024-07-26,Company_04166,Event,Manufacturing,SMB,Taiwan,New
4167,2024-11-08,Company_04167,Referral,Financial Services,SMB,Singapore,New
4168,2024-01-13,Company_04168,Website,Technology,Mid-Market,Taiwan,New
4169,2025-01-18,Company_04169,Referral,Healthcare,Mid-Market,Singapore,New
4170,2024-03-14,Company_04170,Referral,Manufacturing,SMB,Hong Kong,New
4171,2025-05-23,Company_04171,Website,Professional Services,Enterprise,Hong Kong,New
4172,2025-03-13,Company_04172,Referral,Retail,SMB,Singapore,New
4173,2025-02-28,Company_04173,Website,Retail,SMB,Hong Kong,New
4174,2025-04-30,Company_04174,Paid Ads,Retail,SMB,Singapore,New
4175,2025-08-03,Company_04175,Website,Healthcare,SMB,Hong Kong,New
4176,2024-12-23,Company_04176,Referral,Retail,Mid-Market,Japan,New
4177,2024-01-29,Company_04177,Outbound,Financial Services,Mid-Market,Japan,New
4178,2024-06-03,Company_04178,Referral,Technology,SMB,Hong Kong,New
4179,2024-08-11,Company_04179,Website,Financial Services,SMB,Hong Kong,New
4180,2024-08-26,Company_04180,Paid Ads,Healthcare,Mid-Market,Japan,New
4181,2025-10-23,Company_04181,Paid Ads,Financial Services,Mid-Market,Japan,New
4182,2024-02-13,Company_04182,Paid Ads,Technology,SMB,Singapore,New
4183,2025-09-30,Company_04183,Referral,Professional Services,Mid-Market,Singapore,New
4184,2024-04-09,Company_04184,Website,Professional Services,SMB,Taiwan,New
4185,2024-02-14,Company_04185,Website,Financial Services,Enterprise,Japan,New
4186,2025-12-22,Company_04186,Partner,Technology,Mid-Market,Taiwan,New
4187,2024-06-30,Company_04187,Partner,Technology,Enterprise,Japan,New
4188,2024-03-19,Company_04188,Paid Ads,Manufacturing,SMB,Taiwan,New
4189,2025-12-29,Company_04189,Paid Ads,Retail,Enterprise,Hong Kong,New
4190,2025-07-02,Company_04190,Paid Ads,Healthcare,SMB,Taiwan,New
4191,2024-04-16,Company_04191,Outbound,Technology,SMB,Singapore,New
4192,2025-07-23,Company_04192,Referral,Healthcare,SMB,Singapore,New
4193,2024-05-16,Company_04193,Outbound,Professional Services,SMB,Hong Kong,New
4194,2024-06-30,Company_04194,Referral,Financial Services,Enterprise,Hong Kong,New
4195,2025-03-28,Company_04195,Referral,Healthcare,SMB,Singapore,New
4196,2025-06-17,Company_04196,Paid Ads,Professional Services,Enterprise,Hong Kong,New
4197,2024-10-15,Company_04197,Partner,Healthcare,Mid-Market,Taiwan,New
4198,2025-09-02,Company_04198,Paid Ads,Retail,SMB,Japan,New
4199,2024-04-24,Company_04199,Referral,Professional Services,Enterprise,Japan,New
4200,2024-07-02,Company_04200,Website,Retail,SMB,Taiwan,New
4201,2024-02-16,Company_04201,Website,Financial Services,SMB,Japan,New
4202,2024-04-25,Company_04202,Website,Healthcare,Enterprise,Taiwan,New
4203,2024-04-02,Company_04203,Paid Ads,Financial Services,SMB,Hong Kong,New
4204,2025-08-25,Company_04204,Referral,Financial Services,SMB,Taiwan,New
4205,2025-10-29,Company_04205,Website,Professional Services,SMB,Taiwan,New
4206,2024-02-28,Company_04206,Website,Healthcare,SMB,Taiwan,New
4207,2025-12-05,Company_04207,Outbound,Professional Services,SMB,Taiwan,New
4208,2024-12-22,Company_04208,Partner,Professional Services,SMB,Singapore,New
4209,2024-07-17,Company_04209,Referral,Retail,Enterprise,Taiwan,New
4210,2024-11-25,Company_04210,Referral,Manufacturing,Mid-Market,Singapore,New
4211,2024-09-07,Company_04211,Partner,Retail,SMB,Taiwan,New
4212,2024-12-29,Company_04212,Referral,Retail,Enterprise,Japan,New
4213,2025-11-06,Company_04213,Outbound,Financial Services,SMB,Hong Kong,New
4214,2025-02-11,Company_04214,Referral,Healthcare,SMB,Hong Kong,New
4215,2025-03-22,Company_04215,Partner,Retail,SMB,Japan,New
4216,2025-05-28,Company_04216,Referral,Healthcare,Mid-Market,Japan,New
4217,2024-08-07,Company_04217,Outbound,Healthcare,Enterprise,Taiwan,New
4218,2025-06-01,Company_04218,Paid Ads,Technology,Enterprise,Hong Kong,New
4219,2024-06-30,Company_04219,Paid Ads,Technology,SMB,Singapore,New
4220,2024-04-21,Company_04220,Website,Technology,SMB,Japan,New
4221,2024-07-24,Company_04221,Partner,Professional Services,Mid-Market,Taiwan,New
4222,2025-11-20,Company_04222,Referral,Financial Services,Mid-Market,Japan,New
4223,2024-12-23,Company_04223,Partner,Healthcare,Mid-Market,Taiwan,New
4224,2025-06-25,Company_04224,Paid Ads,Professional Services,Enterprise,Taiwan,New
4225,2025-02-19,Company_04225,Event,Healthcare,SMB,Taiwan,New
4226,2025-10-28,Company_04226,Website,Professional Services,Mid-Market,Japan,New
4227,2024-01-07,Company_04227,Referral,Financial Services,SMB,Singapore,New
4228,2024-09-10,Company_04228,Outbound,Financial Services,SMB,Hong Kong,New
4229,2025-02-23,Company_04229,Website,Financial Services,Mid-Market,Singapore,New
4230,2025-08-30,Company_04230,Paid Ads,Financial Services,Mid-Market,Singapore,New
4231,2024-12-24,Company_04231,Outbound,Retail,Mid-Market,Taiwan,New
4232,2024-06-03,Company_04232,Outbound,Healthcare,SMB,Hong Kong,New
4233,2025-06-30,Company_04233,Paid Ads,Retail,Mid-Market,Singapore,New
4234,2025-08-11,Company_04234,Outbound,Retail,SMB,Japan,New
4235,2024-11-11,Company_04235,Referral,Financial Services,Mid-Market,Japan,New
4236,2024-12-17,Company_04236,Paid Ads,Financial Services,SMB,Hong Kong,New
4237,2025-10-05,Company_04237,Referral,Healthcare,Mid-Market,Japan,New
4238,2025-08-16,Company_04238,Partner,Technology,SMB,Hong Kong,New
4239,2024-05-26,Company_04239,Outbound,Healthcare,SMB,Singapore,New
4240,2024-03-05,Company_04240,Outbound,Financial Services,Mid-Market,Hong Kong,New
4241,2024-01-23,Company_04241,Referral,Financial Services,Mid-Market,Hong Kong,New
4242,2024-11-10,Company_04242,Outbound,Healthcare,SMB,Singapore,New
4243,2025-12-03,Company_04243,Referral,Financial Services,SMB,Singapore,New
4244,2024-03-18,Company_04244,Event,Retail,Mid-Market,Singapore,New
4245,2024-04-25,Company_04245,Paid Ads,Retail,SMB,Hong Kong,New
4246,2025-06-15,Company_04246,Partner,Manufacturing,SMB,Taiwan,New
4247,2025-01-24,Company_04247,Website,Financial Services,SMB,Singapore,New
4248,2024-10-23,Company_04248,Paid Ads,Financial Services,SMB,Hong Kong,New
4249,2024-01-11,Company_04249,Paid Ads,Retail,SMB,Taiwan,New
4250,2024-06-16,Company_04250,Paid Ads,Healthcare,SMB,Hong Kong,New
4251,2024-10-23,Company_04251,Referral,Technology,SMB,Japan,New
4252,2024-10-04,Company_04252,Referral,Manufacturing,SMB,Taiwan,New
4253,2024-08-14,Company_04253,Website,Financial Services,Mid-Market,Japan,New
4254,2025-11-12,Company_04254,Outbound,Manufacturing,SMB,Japan,New
4255,2025-09-25,Company_04255,Referral,Healthcare,SMB,Taiwan,New
4256,2025-07-20,Company_04256,Paid Ads,Retail,SMB,Hong Kong,New
4257,2025-01-14,Company_04257,Partner,Technology,SMB,Taiwan,New
4258,2025-11-26,Company_04258,Paid Ads,Healthcare,Mid-Market,Hong Kong,New
4259,2024-04-14,Company_04259,Referral,Financial Services,SMB,Japan,New
4260,2024-01-18,Company_04260,Partner,Manufacturing,SMB,Taiwan,New
4261,2025-07-25,Company_04261,Website,Financial Services,SMB,Hong Kong,New
4262,2025-07-08,Company_04262,Outbound,Manufacturing,SMB,Taiwan,New
4263,2025-05-29,Company_04263,Outbound,Professional Services,Enterprise,Taiwan,New
4264,2025-06-27,Company_04264,Paid Ads,Healthcare,Enterprise,Taiwan,New
4265,2024-02-01,Company_04265,Website,Retail,SMB,Taiwan,New
4266,2024-02-18,Company_04266,Website,Manufacturing,SMB,Singapore,New
4267,2024-05-14,Company_04267,Referral,Technology,SMB,Singapore,New
4268,2025-11-12,Company_04268,Paid Ads,Healthcare,Mid-Market,Hong Kong,New
4269,2025-01-18,Company_04269,Website,Technology,SMB,Japan,New
4270,2024-04-29,Company_04270,Paid Ads,Manufacturing,Mid-Market,Hong Kong,New
4271,2025-05-04,Company_04271,Website,Healthcare,Mid-Market,Japan,New
4272,2024-07-04,Company_04272,Website,Technology,SMB,Japan,New
4273,2025-10-12,Company_04273,Referral,Manufacturing,SMB,Taiwan,New
4274,2024-09-21,Company_04274,Paid Ads,Healthcare,Enterprise,Singapore,New
4275,2025-07-08,Company_04275,Website,Manufacturing,SMB,Japan,New
4276,2025-09-07,Company_04276,Paid Ads,Retail,SMB,Japan,New
4277,2025-07-01,Company_04277,Website,Technology,SMB,Taiwan,New
4278,2024-05-20,Company_04278,Website,Professional Services,SMB,Taiwan,New
4279,2024-06-19,Company_04279,Outbound,Financial Services,SMB,Japan,New
4280,2025-02-07,Company_04280,Website,Retail,Enterprise,Taiwan,New
4281,2025-04-28,Company_04281,Website,Professional Services,SMB,Hong Kong,New
4282,2025-05-21,Company_04282,Website,Manufacturing,SMB,Japan,New
4283,2025-09-24,Company_04283,Paid Ads,Manufacturing,Mid-Market,Singapore,New
4284,2025-07-21,Company_04284,Paid Ads,Retail,Mid-Market,Singapore,New
4285,2024-06-23,Company_04285,Outbound,Manufacturing,SMB,Singapore,New
4286,2024-04-13,Company_04286,Paid Ads,Financial Services,SMB,Singapore,New
4287,2025-09-21,Company_04287,Website,Technology,SMB,Taiwan,New
4288,2025-06-25,Company_04288,Partner,Technology,SMB,Taiwan,New
4289,2024-09-21,Company_04289,Paid Ads,Manufacturing,SMB,Japan,New
4290,2025-01-09,Company_04290,Referral,Manufacturing,Mid-Market,Singapore,New
4291,2025-03-24,Company_04291,Partner,Professional Services,Mid-Market,Singapore,New
4292,2024-04-24,Company_04292,Outbound,Healthcare,SMB,Singapore,New
4293,2025-12-20,Company_04293,Outbound,Financial Services,SMB,Singapore,New
4294,2024-10-23,Company_04294,Outbound,Financial Services,SMB,Singapore,New
4295,2024-08-24,Company_04295,Paid Ads,Financial Services,SMB,Japan,New
4296,2024-05-07,Company_04296,Referral,Healthcare,SMB,Taiwan,New
4297,2025-12-05,Company_04297,Website,Professional Services,SMB,Japan,New
4298,2025-03-13,Company_04298,Partner,Financial Services,SMB,Japan,New
4299,2025-07-24,Company_04299,Website,Retail,SMB,Hong Kong,New
4300,2024-07-20,Company_04300,Website,Financial Services,SMB,Singapore,New
4301,2025-12-01,Company_04301,Website,Retail,SMB,Singapore,New
4302,2025-02-22,Company_04302,Paid Ads,Professional Services,SMB,Singapore,New
4303,2024-08-19,Company_04303,Paid Ads,Financial Services,SMB,Taiwan,New
4304,2024-12-30,Company_04304,Paid Ads,Healthcare,SMB,Singapore,New
4305,2025-01-25,Company_04305,Paid Ads,Professional Services,SMB,Hong Kong,New
4306,2024-06-15,Company_04306,Referral,Healthcare,Mid-Market,Taiwan,New
4307,2024-11-13,Company_04307,Website,Healthcare,SMB,Singapore,New
4308,2025-01-20,Company_04308,Referral,Healthcare,SMB,Singapore,New
4309,2024-02-23,Company_04309,Referral,Financial Services,Mid-Market,Taiwan,New
4310,2025-12-07,Company_04310,Website,Technology,SMB,Singapore,New
4311,2025-05-06,Company_04311,Website,Technology,SMB,Japan,New
4312,2025-12-01,Company_04312,Outbound,Retail,SMB,Taiwan,New
4313,2025-07-07,Company_04313,Referral,Professional Services,SMB,Singapore,New
4314,2024-06-23,Company_04314,Outbound,Healthcare,SMB,Singapore,New
4315,2025-09-26,Company_04315,Outbound,Professional Services,Mid-Market,Hong Kong,New
4316,2025-08-19,Company_04316,Paid Ads,Retail,Mid-Market,Singapore,New
4317,2025-05-17,Company_04317,Paid Ads,Professional Services,Mid-Market,Japan,New
4318,2025-06-14,Company_04318,Outbound,Financial Services,SMB,Japan,New
4319,2024-03-14,Company_04319,Paid Ads,Financial Services,SMB,Taiwan,New
4320,2024-05-20,Company_04320,Website,Financial Services,SMB,Hong Kong,New
4321,2024-03-24,Company_04321,Paid Ads,Manufacturing,Mid-Market,Singapore,New
4322,2024-09-25,Company_04322,Partner,Technology,Mid-Market,Japan,New
4323,2025-03-11,Company_04323,Paid Ads,Retail,SMB,Hong Kong,New
4324,2025-06-19,Company_04324,Website,Retail,Mid-Market,Taiwan,New
4325,2024-08-02,Company_04325,Referral,Manufacturing,Mid-Market,Taiwan,New
4326,2024-03-24,Company_04326,Referral,Financial Services,Enterprise,Hong Kong,New
4327,2025-07-05,Company_04327,Website,Manufacturing,Mid-Market,Taiwan,New
4328,2025-09-24,Company_04328,Outbound,Professional Services,Mid-Market,Japan,New
4329,2024-04-17,Company_04329,Paid Ads,Financial Services,SMB,Singapore,New
4330,2024-05-31,Company_04330,Referral,Healthcare,Enterprise,Japan,New
4331,2024-08-14,Company_04331,Outbound,Manufacturing,SMB,Singapore,New
4332,2025-05-31,Company_04332,Referral,Technology,Mid-Market,Hong Kong,New
4333,2024-01-13,Company_04333,Outbound,Professional Services,SMB,Japan,New
4334,2025-11-20,Company_04334,Paid Ads,Professional Services,Mid-Market,Taiwan,New
4335,2025-08-12,Company_04335,Website,Financial Services,SMB,Japan,New
4336,2025-06-29,Company_04336,Website,Financial Services,Enterprise,Singapore,New
4337,2024-05-17,Company_04337,Referral,Manufacturing,SMB,Japan,New
4338,2025-03-12,Company_04338,Website,Technology,Mid-Market,Singapore,New
4339,2025-07-01,Company_04339,Outbound,Financial Services,Mid-Market,Taiwan,New
4340,2024-10-17,Company_04340,Paid Ads,Retail,SMB,Hong Kong,New
4341,2024-07-30,Company_04341,Paid Ads,Manufacturing,Enterprise,Hong Kong,New
4342,2024-07-29,Company_04342,Paid Ads,Healthcare,SMB,Hong Kong,New
4343,2024-03-21,Company_04343,Website,Manufacturing,SMB,Hong Kong,New
4344,2025-08-04,Company_04344,Website,Manufacturing,SMB,Taiwan,New
4345,2025-12-22,Company_04345,Website,Manufacturing,SMB,Hong Kong,New
4346,2024-04-02,Company_04346,Paid Ads,Manufacturing,SMB,Japan,New
4347,2024-03-29,Company_04347,Outbound,Healthcare,Mid-Market,Japan,New
4348,2025-08-21,Company_04348,Paid Ads,Retail,SMB,Taiwan,New
4349,2024-04-13,Company_04349,Paid Ads,Retail,SMB,Taiwan,New
4350,2025-11-06,Company_04350,Website,Financial Services,Enterprise,Hong Kong,New
4351,2025-05-12,Company_04351,Website,Technology,Enterprise,Hong Kong,New
4352,2025-10-27,Company_04352,Paid Ads,Technology,SMB,Japan,New
4353,2024-10-29,Company_04353,Website,Technology,SMB,Singapore,New
4354,2024-09-19,Company_04354,Website,Professional Services,Mid-Market,Taiwan,New
4355,2024-02-05,Company_04355,Partner,Financial Services,Enterprise,Hong Kong,New
4356,2024-11-27,Company_04356,Referral,Retail,SMB,Singapore,New
4357,2025-02-23,Company_04357,Outbound,Technology,Enterprise,Taiwan,New
4358,2024-02-08,Company_04358,Website,Financial Services,SMB,Japan,New
4359,2025-05-17,Company_04359,Event,Technology,SMB,Hong Kong,New
4360,2025-03-05,Company_04360,Website,Retail,Enterprise,Taiwan,New
4361,2024-09-26,Company_04361,Referral,Professional Services,SMB,Taiwan,New
4362,2025-06-25,Company_04362,Outbound,Retail,Mid-Market,Japan,New
4363,2024-01-23,Company_04363,Referral,Financial Services,Mid-Market,Hong Kong,New
4364,2025-05-22,Company_04364,Paid Ads,Professional Services,Mid-Market,Taiwan,New
4365,2025-08-06,Company_04365,Website,Financial Services,SMB,Singapore,New
4366,2025-09-20,Company_04366,Referral,Manufacturing,Enterprise,Singapore,New
4367,2024-04-24,Company_04367,Partner,Retail,Mid-Market,Singapore,New
4368,2025-07-04,Company_04368,Outbound,Healthcare,SMB,Hong Kong,New
4369,2024-05-06,Company_04369,Paid Ads,Retail,SMB,Hong Kong,New
4370,2025-07-20,Company_04370,Event,Technology,Mid-Market,Hong Kong,New
4371,2024-10-04,Company_04371,Outbound,Technology,SMB,Japan,New
4372,2025-08-27,Company_04372,Referral,Financial Services,Enterprise,Hong Kong,New
4373,2024-07-29,Company_04373,Referral,Healthcare,Mid-Market,Singapore,New
4374,2025-06-08,Company_04374,Website,Retail,SMB,Singapore,New
4375,2025-05-01,Company_04375,Paid Ads,Manufacturing,SMB,Taiwan,New
4376,2025-09-11,Company_04376,Website,Technology,Enterprise,Singapore,New
4377,2024-07-16,Company_04377,Referral,Professional Services,Enterprise,Taiwan,New
4378,2024-07-09,Company_04378,Referral,Healthcare,SMB,Singapore,New
4379,2024-06-19,Company_04379,Event,Manufacturing,SMB,Japan,New
4380,2024-08-26,Company_04380,Partner,Financial Services,SMB,Singapore,New
4381,2025-04-06,Company_04381,Paid Ads,Technology,SMB,Singapore,New
4382,2024-03-08,Company_04382,Website,Professional Services,Mid-Market,Singapore,New
4383,2024-04-12,Company_04383,Referral,Retail,SMB,Japan,New
4384,2025-07-18,Company_04384,Referral,Technology,Mid-Market,Singapore,New
4385,2024-04-11,Company_04385,Event,Retail,SMB,Singapore,New
4386,2025-07-11,Company_04386,Event,Technology,Mid-Market,Hong Kong,New
4387,2024-06-03,Company_04387,Outbound,Manufacturing,Enterprise,Hong Kong,New
4388,2024-07-28,Company_04388,Website,Manufacturing,SMB,Hong Kong,New
4389,2024-11-01,Company_04389,Outbound,Retail,SMB,Singapore,New
4390,2025-12-11,Company_04390,Referral,Retail,SMB,Taiwan,New
4391,2024-04-20,Company_04391,Referral,Financial Services,SMB,Japan,New
4392,2024-11-08,Company_04392,Paid Ads,Healthcare,SMB,Hong Kong,New
4393,2024-08-08,Company_04393,Website,Technology,SMB,Hong Kong,New
4394,2025-04-04,Company_04394,Outbound,Retail,SMB,Japan,New
4395,2024-02-05,Company_04395,Website,Manufacturing,Mid-Market,Japan,New
4396,2025-02-04,Company_04396,Partner,Healthcare,Mid-Market,Taiwan,New
4397,2025-08-07,Company_04397,Paid Ads,Healthcare,Enterprise,Taiwan,New
4398,2024-01-11,Company_04398,Paid Ads,Healthcare,Mid-Market,Taiwan,New
4399,2024-03-02,Company_04399,Website,Retail,SMB,Taiwan,New
4400,2024-01-27,Company_04400,Outbound,Retail,Mid-Market,Taiwan,New
4401,2024-07-13,Company_04401,Outbound,Technology,Mid-Market,Japan,New
4402,2024-06-13,Company_04402,Website,Retail,SMB,Hong Kong,New
4403,2025-08-02,Company_04403,Website,Financial Services,SMB,Taiwan,New
4404,2025-11-01,Company_04404,Paid Ads,Retail,SMB,Taiwan,New
4405,2024-09-16,Company_04405,Paid Ads,Professional Services,Mid-Market,Hong Kong,New
4406,2024-04-24,Company_04406,Event,Technology,Mid-Market,Taiwan,New
4407,2025-04-30,Company_04407,Outbound,Healthcare,SMB,Japan,New
4408,2025-02-20,Company_04408,Website,Retail,Mid-Market,Singapore,New
4409,2024-10-27,Company_04409,Partner,Retail,SMB,Japan,New
4410,2024-04-05,Company_04410,Referral,Technology,SMB,Japan,New
4411,2024-08-07,Company_04411,Partner,Manufacturing,Mid-Market,Japan,New
4412,2025-11-11,Company_04412,Outbound,Financial Services,SMB,Hong Kong,New
4413,2025-04-30,Company_04413,Partner,Healthcare,Mid-Market,Japan,New
4414,2025-11-21,Company_04414,Website,Professional Services,Mid-Market,Singapore,New
4415,2024-04-06,Company_04415,Website,Retail,SMB,Taiwan,New
4416,2025-10-29,Company_04416,Paid Ads,Manufacturing,Mid-Market,Taiwan,New
4417,2025-11-24,Company_04417,Website,Manufacturing,Mid-Market,Singapore,New
4418,2025-08-21,Company_04418,Referral,Technology,SMB,Japan,New
4419,2024-04-18,Company_04419,Website,Professional Services,SMB,Taiwan,New
4420,2024-06-23,Company_04420,Outbound,Financial Services,Enterprise,Singapore,New
4421,2025-09-13,Company_04421,Outbound,Healthcare,SMB,Hong Kong,New
4422,2025-06-10,Company_04422,Outbound,Retail,SMB,Hong Kong,New
4423,2024-03-01,Company_04423,Partner,Financial Services,SMB,Singapore,New
4424,2025-04-12,Company_04424,Website,Financial Services,Mid-Market,Hong Kong,New
4425,2025-11-04,Company_04425,Referral,Technology,Enterprise,Taiwan,New
4426,2025-08-08,Company_04426,Website,Manufacturing,Mid-Market,Japan,New
4427,2024-03-28,Company_04427,Paid Ads,Technology,SMB,Japan,New
4428,2025-02-06,Company_04428,Referral,Professional Services,Mid-Market,Japan,New
4429,2024-11-29,Company_04429,Event,Manufacturing,SMB,Hong Kong,New
4430,2024-10-03,Company_04430,Paid Ads,Technology,SMB,Taiwan,New
4431,2024-08-17,Company_04431,Referral,Financial Services,SMB,Singapore,New
4432,2025-03-18,Company_04432,Website,Professional Services,Enterprise,Japan,New
4433,2024-03-08,Company_04433,Event,Retail,Mid-Market,Hong Kong,New
4434,2025-12-03,Company_04434,Partner,Retail,Enterprise,Singapore,New
4435,2024-12-02,Company_04435,Website,Retail,Mid-Market,Taiwan,New
4436,2024-03-03,Company_04436,Website,Financial Services,SMB,Japan,New
4437,2024-10-25,Company_04437,Outbound,Healthcare,SMB,Taiwan,New
4438,2025-09-18,Company_04438,Website,Financial Services,SMB,Taiwan,New
4439,2024-05-04,Company_04439,Website,Healthcare,Mid-Market,Taiwan,New
4440,2025-08-16,Company_04440,Event,Technology,SMB,Japan,New
4441,2024-08-28,Company_04441,Website,Healthcare,SMB,Hong Kong,New
4442,2025-08-18,Company_04442,Outbound,Financial Services,Mid-Market,Taiwan,New
4443,2025-02-01,Company_04443,Website,Professional Services,SMB,Taiwan,New
4444,2025-07-14,Company_04444,Paid Ads,Manufacturing,SMB,Taiwan,New
4445,2024-02-21,Company_04445,Website,Financial Services,Mid-Market,Singapore,New
4446,2025-12-01,Company_04446,Website,Healthcare,SMB,Taiwan,New
4447,2024-09-07,Company_04447,Event,Technology,Enterprise,Taiwan,New
4448,2024-11-21,Company_04448,Website,Financial Services,Mid-Market,Singapore,New
4449,2025-12-11,Company_04449,Website,Financial Services,SMB,Singapore,New
4450,2024-06-02,Company_04450,Event,Retail,Mid-Market,Taiwan,New
4451,2024-03-11,Company_04451,Paid Ads,Manufacturing,Mid-Market,Singapore,New
4452,2025-02-26,Company_04452,Paid Ads,Healthcare,SMB,Singapore,New
4453,2024-10-17,Company_04453,Referral,Professional Services,SMB,Hong Kong,New
4454,2025-03-18,Company_04454,Paid Ads,Professional Services,SMB,Taiwan,New
4455,2025-07-17,Company_04455,Website,Professional Services,Mid-Market,Japan,New
4456,2025-12-24,Company_04456,Outbound,Technology,Mid-Market,Japan,New
4457,2024-05-21,Company_04457,Outbound,Financial Services,SMB,Singapore,New
4458,2024-01-02,Company_04458,Website,Healthcare,SMB,Singapore,New
4459,2025-05-27,Company_04459,Partner,Healthcare,SMB,Singapore,New
4460,2024-05-19,Company_04460,Paid Ads,Manufacturing,Mid-Market,Japan,New
4461,2025-02-25,Company_04461,Paid Ads,Retail,SMB,Hong Kong,New
4462,2024-01-18,Company_04462,Website,Technology,SMB,Taiwan,New
4463,2025-07-27,Company_04463,Event,Financial Services,Mid-Market,Taiwan,New
4464,2025-07-16,Company_04464,Website,Healthcare,Enterprise,Japan,New
4465,2025-10-08,Company_04465,Event,Manufacturing,Mid-Market,Singapore,New
4466,2025-11-12,Company_04466,Partner,Healthcare,SMB,Taiwan,New
4467,2024-03-03,Company_04467,Paid Ads,Retail,SMB,Singapore,New
4468,2025-03-12,Company_04468,Paid Ads,Technology,SMB,Japan,New
4469,2025-06-18,Company_04469,Website,Technology,SMB,Japan,New
4470,2024-07-24,Company_04470,Event,Retail,Mid-Market,Hong Kong,New
4471,2024-03-11,Company_04471,Paid Ads,Retail,SMB,Singapore,New
4472,2025-06-29,Company_04472,Outbound,Technology,SMB,Hong Kong,New
4473,2025-03-21,Company_04473,Outbound,Retail,Enterprise,Singapore,New
4474,2024-11-15,Company_04474,Paid Ads,Technology,Enterprise,Singapore,New
4475,2025-11-01,Company_04475,Website,Retail,Enterprise,Hong Kong,New
4476,2024-08-12,Company_04476,Partner,Manufacturing,SMB,Taiwan,New
4477,2024-04-19,Company_04477,Referral,Manufacturing,SMB,Singapore,New
4478,2025-05-26,Company_04478,Outbound,Professional Services,Enterprise,Singapore,New
4479,2025-05-18,Company_04479,Outbound,Manufacturing,SMB,Hong Kong,New
4480,2024-03-26,Company_04480,Paid Ads,Healthcare,SMB,Japan,New
4481,2024-11-21,Company_04481,Outbound,Professional Services,Mid-Market,Hong Kong,New
4482,2025-11-15,Company_04482,Event,Healthcare,SMB,Taiwan,New
4483,2025-06-05,Company_04483,Paid Ads,Healthcare,Mid-Market,Hong Kong,New
4484,2024-12-25,Company_04484,Partner,Healthcare,Enterprise,Japan,New
4485,2024-10-09,Company_04485,Event,Financial Services,Enterprise,Hong Kong,New
4486,2025-07-12,Company_04486,Paid Ads,Manufacturing,Mid-Market,Singapore,New
4487,2025-04-29,Company_04487,Paid Ads,Technology,Mid-Market,Taiwan,New
4488,2025-10-16,Company_04488,Website,Technology,SMB,Taiwan,New
4489,2025-06-06,Company_04489,Paid Ads,Financial Services,SMB,Singapore,New
4490,2024-05-29,Company_04490,Website,Manufacturing,Enterprise,Japan,New
4491,2024-11-10,Company_04491,Website,Professional Services,SMB,Hong Kong,New
4492,2025-07-14,Company_04492,Website,Technology,SMB,Singapore,New
4493,2025-10-14,Company_04493,Paid Ads,Manufacturing,Mid-Market,Singapore,New
4494,2024-06-16,Company_04494,Paid Ads,Financial Services,Mid-Market,Taiwan,New
4495,2025-02-13,Company_04495,Outbound,Manufacturing,Mid-Market,Taiwan,New
4496,2024-05-06,Company_04496,Website,Professional Services,Mid-Market,Japan,New
4497,2025-07-13,Company_04497,Referral,Financial Services,SMB,Japan,New
4498,2024-01-03,Company_04498,Partner,Healthcare,SMB,Japan,New
4499,2024-12-11,Company_04499,Outbound,Manufacturing,SMB,Japan,New
4500,2024-03-07,Company_04500,Referral,Manufacturing,Mid-Market,Hong Kong,New
4501,2025-07-03,Company_04501,Website,Healthcare,SMB,Taiwan,New
4502,2024-12-21,Company_04502,Outbound,Technology,Enterprise,Japan,New
4503,2024-04-03,Company_04503,Website,Manufacturing,SMB,Singapore,New
4504,2024-03-25,Company_04504,Outbound,Retail,SMB,Taiwan,New
4505,2024-05-01,Company_04505,Outbound,Technology,SMB,Hong Kong,New
4506,2024-01-05,Company_04506,Outbound,Retail,SMB,Taiwan,New
4507,2025-10-19,Company_04507,Partner,Healthcare,SMB,Taiwan,New
4508,2024-07-26,Company_04508,Website,Professional Services,SMB,Hong Kong,New
4509,2025-07-17,Company_04509,Outbound,Financial Services,Mid-Market,Taiwan,New
4510,2024-03-23,Company_04510,Website,Manufacturing,SMB,Taiwan,New
4511,2024-08-02,Company_04511,Website,Healthcare,Mid-Market,Japan,New
4512,2024-04-19,Company_04512,Outbound,Healthcare,Mid-Market,Hong Kong,New
4513,2025-10-29,Company_04513,Referral,Technology,Mid-Market,Taiwan,New
4514,2025-10-07,Company_04514,Outbound,Retail,Mid-Market,Singapore,New
4515,2025-12-01,Company_04515,Outbound,Technology,Mid-Market,Singapore,New
4516,2024-04-10,Company_04516,Referral,Manufacturing,Mid-Market,Hong Kong,New
4517,2025-06-20,Company_04517,Paid Ads,Manufacturing,Enterprise,Taiwan,New
4518,2024-03-19,Company_04518,Website,Healthcare,SMB,Singapore,New
4519,2025-06-26,Company_04519,Website,Technology,SMB,Japan,New
4520,2025-07-25,Company_04520,Referral,Healthcare,SMB,Taiwan,New
4521,2025-04-27,Company_04521,Website,Healthcare,Mid-Market,Taiwan,New
4522,2024-08-20,Company_04522,Paid Ads,Healthcare,SMB,Taiwan,New
4523,2025-07-19,Company_04523,Outbound,Technology,Mid-Market,Hong Kong,New
4524,2024-06-07,Company_04524,Website,Retail,Mid-Market,Hong Kong,New
4525,2024-09-14,Company_04525,Paid Ads,Technology,SMB,Hong Kong,New
4526,2024-12-12,Company_04526,Outbound,Technology,SMB,Hong Kong,New
4527,2025-07-27,Company_04527,Partner,Technology,SMB,Singapore,New
4528,2025-07-14,Company_04528,Website,Professional Services,Mid-Market,Singapore,New
4529,2024-12-26,Company_04529,Paid Ads,Financial Services,SMB,Japan,New
4530,2025-10-28,Company_04530,Website,Manufacturing,SMB,Japan,New
4531,2024-08-06,Company_04531,Partner,Retail,SMB,Taiwan,New
4532,2025-02-04,Company_04532,Referral,Healthcare,Mid-Market,Hong Kong,New
4533,2025-07-18,Company_04533,Paid Ads,Healthcare,SMB,Hong Kong,New
4534,2024-01-21,Company_04534,Paid Ads,Healthcare,Mid-Market,Singapore,New
4535,2024-03-08,Company_04535,Paid Ads,Professional Services,SMB,Singapore,New
4536,2025-12-14,Company_04536,Outbound,Retail,SMB,Taiwan,New
4537,2024-04-28,Company_04537,Outbound,Manufacturing,Mid-Market,Hong Kong,New
4538,2024-03-15,Company_04538,Website,Technology,SMB,Singapore,New
4539,2024-02-17,Company_04539,Event,Professional Services,SMB,Singapore,New
4540,2024-06-09,Company_04540,Website,Retail,Mid-Market,Taiwan,New
4541,2025-09-26,Company_04541,Referral,Retail,Mid-Market,Singapore,New
4542,2025-07-08,Company_04542,Partner,Financial Services,SMB,Taiwan,New
4543,2024-01-11,Company_04543,Paid Ads,Technology,Mid-Market,Taiwan,New
4544,2024-01-16,Company_04544,Paid Ads,Retail,SMB,Taiwan,New
4545,2025-01-12,Company_04545,Partner,Healthcare,SMB,Singapore,New
4546,2025-07-17,Company_04546,Event,Professional Services,SMB,Japan,New
4547,2024-08-24,Company_04547,Outbound,Financial Services,Enterprise,Japan,New
4548,2024-11-13,Company_04548,Referral,Technology,SMB,Taiwan,New
4549,2024-05-01,Company_04549,Partner,Manufacturing,Enterprise,Hong Kong,New
4550,2024-09-22,Company_04550,Outbound,Retail,SMB,Hong Kong,New
4551,2024-05-05,Company_04551,Paid Ads,Retail,Mid-Market,Singapore,New
4552,2024-04-23,Company_04552,Website,Technology,Enterprise,Hong Kong,New
4553,2024-12-03,Company_04553,Outbound,Retail,SMB,Singapore,New
4554,2025-07-30,Company_04554,Paid Ads,Technology,SMB,Singapore,New
4555,2024-06-07,Company_04555,Paid Ads,Professional Services,SMB,Hong Kong,New
4556,2024-06-13,Company_04556,Website,Healthcare,SMB,Singapore,New
4557,2024-10-26,Company_04557,Paid Ads,Professional Services,Mid-Market,Singapore,New
4558,2024-10-13,Company_04558,Paid Ads,Healthcare,SMB,Taiwan,New
4559,2025-01-01,Company_04559,Website,Technology,SMB,Japan,New
4560,2024-03-03,Company_04560,Outbound,Healthcare,SMB,Hong Kong,New
4561,2024-09-26,Company_04561,Outbound,Healthcare,SMB,Japan,New
4562,2025-05-07,Company_04562,Outbound,Technology,SMB,Hong Kong,New
4563,2024-11-21,Company_04563,Paid Ads,Retail,SMB,Japan,New
4564,2025-03-28,Company_04564,Website,Technology,Mid-Market,Singapore,New
4565,2025-12-23,Company_04565,Paid Ads,Retail,SMB,Japan,New
4566,2025-07-30,Company_04566,Website,Manufacturing,Mid-Market,Hong Kong,New
4567,2025-12-02,Company_04567,Referral,Retail,Enterprise,Japan,New
4568,2025-07-22,Company_04568,Referral,Manufacturing,Enterprise,Hong Kong,New
4569,2025-03-02,Company_04569,Paid Ads,Retail,SMB,Hong Kong,New
4570,2025-11-30,Company_04570,Website,Healthcare,Enterprise,Japan,New
4571,2024-12-12,Company_04571,Website,Financial Services,Enterprise,Hong Kong,New
4572,2025-05-02,Company_04572,Paid Ads,Retail,SMB,Japan,New
4573,2024-08-11,Company_04573,Partner,Healthcare,Mid-Market,Hong Kong,New
4574,2025-09-13,Company_04574,Website,Professional Services,Mid-Market,Singapore,New
4575,2025-06-13,Company_04575,Partner,Financial Services,Enterprise,Japan,New
4576,2024-06-29,Company_04576,Website,Manufacturing,Mid-Market,Japan,New
4577,2024-09-22,Company_04577,Website,Technology,Mid-Market,Japan,New
4578,2025-04-30,Company_04578,Website,Healthcare,Mid-Market,Singapore,New
4579,2025-09-02,Company_04579,Partner,Healthcare,Enterprise,Taiwan,New
4580,2024-11-17,Company_04580,Website,Professional Services,Mid-Market,Hong Kong,New
4581,2025-04-06,Company_04581,Website,Healthcare,SMB,Hong Kong,New
4582,2025-05-26,Company_04582,Outbound,Manufacturing,SMB,Hong Kong,New
4583,2024-03-19,Company_04583,Referral,Technology,SMB,Singapore,New
4584,2024-05-30,Company_04584,Outbound,Healthcare,SMB,Hong Kong,New
4585,2024-05-13,Company_04585,Paid Ads,Retail,SMB,Japan,New
4586,2024-06-28,Company_04586,Partner,Retail,SMB,Taiwan,New
4587,2024-03-17,Company_04587,Outbound,Manufacturing,Mid-Market,Hong Kong,New
4588,2025-03-12,Company_04588,Referral,Healthcare,SMB,Japan,New
4589,2024-02-28,Company_04589,Outbound,Retail,Mid-Market,Singapore,New
4590,2024-04-26,Company_04590,Website,Financial Services,SMB,Japan,New
4591,2024-02-03,Company_04591,Paid Ads,Technology,Mid-Market,Taiwan,New
4592,2024-07-31,Company_04592,Referral,Retail,SMB,Japan,New
4593,2025-02-27,Company_04593,Event,Financial Services,Mid-Market,Taiwan,New
4594,2024-04-07,Company_04594,Event,Manufacturing,SMB,Hong Kong,New
4595,2024-10-02,Company_04595,Paid Ads,Technology,SMB,Taiwan,New
4596,2024-03-14,Company_04596,Paid Ads,Technology,Enterprise,Taiwan,New
4597,2025-02-13,Company_04597,Partner,Healthcare,Enterprise,Taiwan,New
4598,2024-12-16,Company_04598,Outbound,Technology,SMB,Japan,New
4599,2024-08-01,Company_04599,Website,Healthcare,SMB,Singapore,New
4600,2025-01-20,Company_04600,Referral,Technology,Enterprise,Hong Kong,New
4601,2024-06-12,Company_04601,Referral,Healthcare,SMB,Japan,New
4602,2025-07-22,Company_04602,Website,Retail,Enterprise,Taiwan,New
4603,2025-02-11,Company_04603,Outbound,Manufacturing,SMB,Japan,New
4604,2024-12-24,Company_04604,Referral,Financial Services,Mid-Market,Singapore,New
4605,2024-04-21,Company_04605,Outbound,Retail,Mid-Market,Japan,New
4606,2024-05-10,Company_04606,Paid Ads,Retail,Enterprise,Hong Kong,New
4607,2024-07-03,Company_04607,Referral,Technology,SMB,Taiwan,New
4608,2025-01-31,Company_04608,Website,Professional Services,SMB,Hong Kong,New
4609,2024-03-01,Company_04609,Website,Healthcare,Mid-Market,Hong Kong,New
4610,2025-02-08,Company_04610,Referral,Retail,SMB,Japan,New
4611,2025-07-20,Company_04611,Referral,Manufacturing,Enterprise,Hong Kong,New
4612,2024-09-28,Company_04612,Referral,Professional Services,Mid-Market,Taiwan,New
4613,2025-04-08,Company_04613,Outbound,Financial Services,Enterprise,Hong Kong,New
4614,2024-11-04,Company_04614,Outbound,Healthcare,Mid-Market,Singapore,New
4615,2025-02-26,Company_04615,Outbound,Technology,SMB,Taiwan,New
4616,2025-11-12,Company_04616,Outbound,Technology,Mid-Market,Japan,New
4617,2025-09-01,Company_04617,Website,Retail,Mid-Market,Singapore,New
4618,2024-11-02,Company_04618,Partner,Retail,Mid-Market,Singapore,New
4619,2024-09-22,Company_04619,Referral,Technology,Mid-Market,Japan,New
4620,2024-06-09,Company_04620,Paid Ads,Retail,SMB,Japan,New
4621,2024-01-07,Company_04621,Event,Retail,SMB,Taiwan,New
4622,2024-06-06,Company_04622,Outbound,Professional Services,Mid-Market,Singapore,New
4623,2024-03-01,Company_04623,Website,Professional Services,SMB,Singapore,New
4624,2024-10-17,Company_04624,Paid Ads,Professional Services,Mid-Market,Taiwan,New
4625,2024-08-19,Company_04625,Partner,Financial Services,SMB,Singapore,New
4626,2025-12-12,Company_04626,Outbound,Financial Services,SMB,Japan,New
4627,2024-07-16,Company_04627,Partner,Manufacturing,Mid-Market,Hong Kong,New
4628,2024-06-16,Company_04628,Referral,Retail,SMB,Taiwan,New
4629,2024-12-21,Company_04629,Referral,Professional Services,SMB,Japan,New
4630,2024-05-05,Company_04630,Website,Manufacturing,Mid-Market,Taiwan,New
4631,2024-06-14,Company_04631,Partner,Technology,SMB,Singapore,New
4632,2025-09-04,Company_04632,Paid Ads,Financial Services,Mid-Market,Japan,New
4633,2024-02-27,Company_04633,Website,Retail,Enterprise,Hong Kong,New
4634,2024-07-21,Company_04634,Website,Healthcare,SMB,Singapore,New
4635,2024-10-11,Company_04635,Website,Technology,SMB,Singapore,New
4636,2025-10-18,Company_04636,Website,Retail,Enterprise,Singapore,New
4637,2025-09-29,Company_04637,Event,Technology,Mid-Market,Japan,New
4638,2025-02-09,Company_04638,Paid Ads,Professional Services,SMB,Hong Kong,New
4639,2025-01-16,Company_04639,Website,Healthcare,SMB,Hong Kong,New
4640,2024-10-07,Company_04640,Paid Ads,Retail,Mid-Market,Hong Kong,New
4641,2024-09-14,Company_04641,Paid Ads,Retail,Mid-Market,Hong Kong,New
4642,2024-05-03,Company_04642,Paid Ads,Retail,SMB,Japan,New
4643,2025-11-06,Company_04643,Outbound,Financial Services,Enterprise,Singapore,New
4644,2024-05-20,Company_04644,Website,Retail,SMB,Taiwan,New
4645,2024-03-05,Company_04645,Paid Ads,Retail,Enterprise,Singapore,New
4646,2024-01-11,Company_04646,Paid Ads,Manufacturing,SMB,Japan,New
4647,2024-04-12,Company_04647,Referral,Technology,SMB,Taiwan,New
4648,2025-06-13,Company_04648,Partner,Healthcare,Enterprise,Hong Kong,New
4649,2025-10-15,Company_04649,Website,Healthcare,Mid-Market,Japan,New
4650,2025-01-18,Company_04650,Outbound,Manufacturing,Enterprise,Japan,New
4651,2024-04-05,Company_04651,Referral,Retail,Mid-Market,Singapore,New
4652,2025-10-05,Company_04652,Outbound,Manufacturing,Mid-Market,Taiwan,New
4653,2025-08-27,Company_04653,Website,Technology,SMB,Hong Kong,New
4654,2025-05-19,Company_04654,Website,Healthcare,Mid-Market,Japan,New
4655,2024-08-01,Company_04655,Partner,Retail,Mid-Market,Hong Kong,New
4656,2024-12-28,Company_04656,Website,Financial Services,Enterprise,Japan,New
4657,2024-12-14,Company_04657,Paid Ads,Financial Services,Mid-Market,Hong Kong,New
4658,2024-10-08,Company_04658,Website,Financial Services,SMB,Singapore,New
4659,2025-06-23,Company_04659,Referral,Professional Services,SMB,Singapore,New
4660,2025-12-17,Company_04660,Paid Ads,Healthcare,SMB,Japan,New
4661,2024-01-19,Company_04661,Outbound,Manufacturing,SMB,Japan,New
4662,2025-11-05,Company_04662,Referral,Retail,SMB,Japan,New
4663,2025-10-14,Company_04663,Partner,Professional Services,SMB,Hong Kong,New
4664,2024-06-21,Company_04664,Referral,Retail,SMB,Singapore,New
4665,2024-01-09,Company_04665,Outbound,Financial Services,SMB,Hong Kong,New
4666,2024-06-21,Company_04666,Outbound,Manufacturing,SMB,Hong Kong,New
4667,2024-07-12,Company_04667,Referral,Manufacturing,Enterprise,Taiwan,New
4668,2024-04-02,Company_04668,Partner,Retail,Mid-Market,Japan,New
4669,2024-10-07,Company_04669,Website,Financial Services,Mid-Market,Taiwan,New
4670,2024-01-14,Company_04670,Referral,Professional Services,SMB,Japan,New
4671,2025-12-11,Company_04671,Paid Ads,Retail,SMB,Taiwan,New
4672,2024-09-25,Company_04672,Partner,Manufacturing,Mid-Market,Taiwan,New
4673,2025-08-17,Company_04673,Paid Ads,Retail,SMB,Hong Kong,New
4674,2024-10-18,Company_04674,Referral,Technology,Mid-Market,Taiwan,New
4675,2024-02-21,Company_04675,Outbound,Technology,Mid-Market,Japan,New
4676,2025-01-14,Company_04676,Outbound,Financial Services,Mid-Market,Japan,New
4677,2024-06-13,Company_04677,Website,Healthcare,SMB,Japan,New
4678,2025-01-26,Company_04678,Partner,Professional Services,SMB,Taiwan,New
4679,2025-06-25,Company_04679,Website,Healthcare,Mid-Market,Singapore,New
4680,2025-02-13,Company_04680,Website,Technology,Enterprise,Hong Kong,New
4681,2024-02-26,Company_04681,Paid Ads,Healthcare,Enterprise,Hong Kong,New
4682,2024-10-15,Company_04682,Website,Financial Services,Mid-Market,Singapore,New
4683,2024-01-11,Company_04683,Website,Manufacturing,SMB,Japan,New
4684,2024-07-23,Company_04684,Website,Technology,SMB,Hong Kong,New
4685,2025-11-05,Company_04685,Website,Retail,Mid-Market,Japan,New
4686,2024-07-21,Company_04686,Outbound,Technology,SMB,Singapore,New
4687,2024-10-16,Company_04687,Outbound,Healthcare,SMB,Japan,New
4688,2024-04-11,Company_04688,Paid Ads,Manufacturing,Enterprise,Singapore,New
4689,2024-04-29,Company_04689,Partner,Retail,SMB,Hong Kong,New
4690,2025-04-26,Company_04690,Outbound,Healthcare,SMB,Hong Kong,New
4691,2025-03-06,Company_04691,Partner,Technology,SMB,Japan,New
4692,2024-09-14,Company_04692,Referral,Retail,Mid-Market,Taiwan,New
4693,2024-10-11,Company_04693,Partner,Technology,SMB,Singapore,New
4694,2024-04-12,Company_04694,Referral,Healthcare,SMB,Taiwan,New
4695,2025-05-21,Company_04695,Referral,Financial Services,SMB,Singapore,New
4696,2025-12-15,Company_04696,Website,Retail,SMB,Japan,New
4697,2025-03-31,Company_04697,Paid Ads,Manufacturing,SMB,Hong Kong,New
4698,2024-06-21,Company_04698,Website,Manufacturing,SMB,Singapore,New
4699,2024-07-20,Company_04699,Referral,Healthcare,Mid-Market,Hong Kong,New
4700,2025-08-06,Company_04700,Outbound,Technology,SMB,Singapore,New
4701,2025-07-02,Company_04701,Paid Ads,Retail,SMB,Japan,New
4702,2025-03-04,Company_04702,Referral,Technology,SMB,Hong Kong,New
4703,2024-06-26,Company_04703,Website,Healthcare,Mid-Market,Singapore,New
4704,2024-03-05,Company_04704,Outbound,Technology,Mid-Market,Japan,New
4705,2025-05-27,Company_04705,Partner,Professional Services,Enterprise,Hong Kong,New
4706,2024-10-01,Company_04706,Website,Healthcare,Mid-Market,Japan,New
4707,2024-11-24,Company_04707,Outbound,Financial Services,SMB,Taiwan,New
4708,2025-08-18,Company_04708,Outbound,Healthcare,SMB,Singapore,New
4709,2025-11-19,Company_04709,Paid Ads,Manufacturing,SMB,Hong Kong,New
4710,2024-04-06,Company_04710,Website,Healthcare,SMB,Singapore,New
4711,2024-10-09,Company_04711,Website,Technology,SMB,Hong Kong,New
4712,2024-03-25,Company_04712,Referral,Healthcare,Mid-Market,Singapore,New
4713,2025-03-01,Company_04713,Website,Healthcare,Mid-Market,Japan,New
4714,2025-11-26,Company_04714,Partner,Retail,SMB,Taiwan,New
4715,2025-01-11,Company_04715,Outbound,Professional Services,SMB,Singapore,New
4716,2025-06-13,Company_04716,Outbound,Financial Services,SMB,Taiwan,New
4717,2024-06-01,Company_04717,Paid Ads,Professional Services,SMB,Taiwan,New
4718,2024-01-12,Company_04718,Outbound,Manufacturing,SMB,Hong Kong,New
4719,2025-10-27,Company_04719,Outbound,Financial Services,SMB,Singapore,New
4720,2024-08-29,Company_04720,Paid Ads,Healthcare,SMB,Taiwan,New
4721,2024-08-21,Company_04721,Outbound,Healthcare,SMB,Hong Kong,New
4722,2025-08-29,Company_04722,Referral,Retail,SMB,Hong Kong,New
4723,2025-10-22,Company_04723,Paid Ads,Retail,SMB,Hong Kong,New
4724,2025-04-27,Company_04724,Outbound,Technology,SMB,Japan,New
4725,2024-07-06,Company_04725,Outbound,Healthcare,SMB,Hong Kong,New
4726,2025-08-11,Company_04726,Referral,Technology,Mid-Market,Hong Kong,New
4727,2025-06-04,Company_04727,Referral,Healthcare,SMB,Singapore,New
4728,2025-11-23,Company_04728,Referral,Technology,SMB,Japan,New
4729,2025-08-09,Company_04729,Paid Ads,Manufacturing,Mid-Market,Japan,New
4730,2025-12-14,Company_04730,Referral,Financial Services,Enterprise,Hong Kong,New
4731,2025-02-13,Company_04731,Website,Manufacturing,Mid-Market,Singapore,New
4732,2024-01-23,Company_04732,Outbound,Professional Services,SMB,Japan,New
4733,2024-05-22,Company_04733,Outbound,Professional Services,SMB,Singapore,New
4734,2025-10-25,Company_04734,Partner,Healthcare,Mid-Market,Taiwan,New
4735,2025-07-12,Company_04735,Partner,Professional Services,Mid-Market,Taiwan,New
4736,2025-02-20,Company_04736,Paid Ads,Retail,Mid-Market,Taiwan,New
4737,2025-02-15,Company_04737,Outbound,Financial Services,Enterprise,Taiwan,New
4738,2025-04-30,Company_04738,Website,Financial Services,Mid-Market,Taiwan,New
4739,2025-11-20,Company_04739,Event,Financial Services,Enterprise,Hong Kong,New
4740,2024-05-02,Company_04740,Referral,Healthcare,Mid-Market,Japan,New
4741,2024-08-26,Company_04741,Paid Ads,Healthcare,Mid-Market,Taiwan,New
4742,2025-06-30,Company_04742,Paid Ads,Manufacturing,Mid-Market,Japan,New
4743,2025-02-18,Company_04743,Referral,Retail,SMB,Japan,New
4744,2024-03-30,Company_04744,Outbound,Retail,Enterprise,Singapore,New
4745,2025-12-04,Company_04745,Event,Financial Services,Mid-Market,Taiwan,New
4746,2024-10-16,Company_04746,Paid Ads,Financial Services,Mid-Market,Hong Kong,New
4747,2025-04-05,Company_04747,Website,Healthcare,Mid-Market,Taiwan,New
4748,2025-09-23,Company_04748,Paid Ads,Financial Services,SMB,Taiwan,New
4749,2025-01-11,Company_04749,Website,Financial Services,SMB,Singapore,New
4750,2024-08-25,Company_04750,Referral,Financial Services,Mid-Market,Singapore,New
4751,2025-11-05,Company_04751,Outbound,Technology,Mid-Market,Taiwan,New
4752,2025-04-22,Company_04752,Outbound,Technology,SMB,Taiwan,New
4753,2025-01-30,Company_04753,Referral,Professional Services,SMB,Japan,New
4754,2025-11-25,Company_04754,Website,Professional Services,SMB,Taiwan,New
4755,2024-04-15,Company_04755,Paid Ads,Manufacturing,Enterprise,Japan,New
4756,2025-10-31,Company_04756,Referral,Manufacturing,SMB,Hong Kong,New
4757,2024-02-17,Company_04757,Website,Technology,Enterprise,Japan,New
4758,2025-02-26,Company_04758,Referral,Technology,SMB,Taiwan,New
4759,2024-07-27,Company_04759,Website,Professional Services,SMB,Taiwan,New
4760,2025-04-10,Company_04760,Website,Retail,SMB,Hong Kong,New
4761,2025-07-17,Company_04761,Website,Manufacturing,Mid-Market,Singapore,New
4762,2024-01-31,Company_04762,Outbound,Technology,SMB,Singapore,New
4763,2025-08-01,Company_04763,Website,Professional Services,SMB,Singapore,New
4764,2024-03-31,Company_04764,Website,Financial Services,SMB,Taiwan,New
4765,2025-09-06,Company_04765,Partner,Healthcare,Enterprise,Japan,New
4766,2025-04-28,Company_04766,Paid Ads,Retail,SMB,Taiwan,New
4767,2025-06-27,Company_04767,Website,Technology,SMB,Taiwan,New
4768,2025-04-12,Company_04768,Website,Retail,Enterprise,Hong Kong,New
4769,2024-07-18,Company_04769,Outbound,Manufacturing,SMB,Japan,New
4770,2024-11-29,Company_04770,Outbound,Healthcare,Mid-Market,Japan,New
4771,2025-10-19,Company_04771,Website,Financial Services,Mid-Market,Hong Kong,New
4772,2024-01-07,Company_04772,Website,Technology,Mid-Market,Singapore,New
4773,2025-11-08,Company_04773,Partner,Retail,SMB,Singapore,New
4774,2024-08-08,Company_04774,Paid Ads,Technology,Mid-Market,Japan,New
4775,2024-08-16,Company_04775,Paid Ads,Retail,SMB,Singapore,New
4776,2025-08-06,Company_04776,Paid Ads,Professional Services,SMB,Hong Kong,New
4777,2025-10-26,Company_04777,Outbound,Technology,SMB,Singapore,New
4778,2024-09-05,Company_04778,Paid Ads,Retail,Mid-Market,Singapore,New
4779,2024-02-13,Company_04779,Paid Ads,Retail,Mid-Market,Hong Kong,New
4780,2024-09-18,Company_04780,Referral,Technology,Mid-Market,Hong Kong,New
4781,2025-01-11,Company_04781,Outbound,Manufacturing,Mid-Market,Japan,New
4782,2025-02-13,Company_04782,Outbound,Manufacturing,Mid-Market,Japan,New
4783,2024-05-01,Company_04783,Paid Ads,Professional Services,Mid-Market,Hong Kong,New
4784,2024-09-11,Company_04784,Referral,Manufacturing,Enterprise,Hong Kong,New
4785,2025-02-24,Company_04785,Website,Retail,Enterprise,Japan,New
4786,2025-03-14,Company_04786,Website,Healthcare,Mid-Market,Hong Kong,New
4787,2024-10-17,Company_04787,Referral,Retail,SMB,Singapore,New
4788,2025-08-03,Company_04788,Outbound,Professional Services,Enterprise,Japan,New
4789,2024-02-21,Company_04789,Event,Retail,Mid-Market,Hong Kong,New
4790,2024-07-07,Company_04790,Website,Healthcare,Mid-Market,Japan,New
4791,2024-01-12,Company_04791,Paid Ads,Healthcare,SMB,Hong Kong,New
4792,2025-08-05,Company_04792,Referral,Retail,SMB,Singapore,New
4793,2025-01-21,Company_04793,Referral,Financial Services,Enterprise,Japan,New
4794,2025-08-25,Company_04794,Partner,Financial Services,Mid-Market,Japan,New
4795,2024-08-08,Company_04795,Paid Ads,Financial Services,Mid-Market,Hong Kong,New
4796,2025-07-23,Company_04796,Referral,Professional Services,SMB,Japan,New
4797,2025-01-16,Company_04797,Partner,Healthcare,SMB,Taiwan,New
4798,2024-09-09,Company_04798,Website,Retail,SMB,Singapore,New
4799,2025-09-14,Company_04799,Outbound,Technology,SMB,Japan,New
4800,2025-09-05,Company_04800,Website,Retail,SMB,Taiwan,New
4801,2024-01-05,Company_04801,Partner,Manufacturing,SMB,Hong Kong,New
4802,2025-02-12,Company_04802,Website,Financial Services,Mid-Market,Taiwan,New
4803,2024-11-08,Company_04803,Outbound,Professional Services,SMB,Taiwan,New
4804,2024-10-18,Company_04804,Outbound,Financial Services,SMB,Singapore,New
4805,2024-05-01,Company_04805,Website,Financial Services,Mid-Market,Hong Kong,New
4806,2024-11-25,Company_04806,Website,Professional Services,Mid-Market,Hong Kong,New
4807,2024-05-15,Company_04807,Website,Financial Services,SMB,Singapore,New
4808,2025-11-18,Company_04808,Paid Ads,Retail,Mid-Market,Japan,New
4809,2024-10-30,Company_04809,Partner,Manufacturing,Mid-Market,Japan,New
4810,2024-02-26,Company_04810,Referral,Retail,SMB,Japan,New
4811,2024-02-01,Company_04811,Referral,Healthcare,Enterprise,Hong Kong,New
4812,2025-09-15,Company_04812,Partner,Technology,Mid-Market,Singapore,New
4813,2025-07-26,Company_04813,Partner,Healthcare,SMB,Taiwan,New
4814,2025-10-26,Company_04814,Event,Manufacturing,SMB,Japan,New
4815,2024-01-05,Company_04815,Website,Professional Services,SMB,Taiwan,New
4816,2025-04-04,Company_04816,Referral,Healthcare,SMB,Hong Kong,New
4817,2025-08-08,Company_04817,Paid Ads,Healthcare,SMB,Singapore,New
4818,2024-01-07,Company_04818,Paid Ads,Manufacturing,SMB,Taiwan,New
4819,2025-12-28,Company_04819,Website,Retail,Enterprise,Japan,New
4820,2025-05-08,Company_04820,Outbound,Manufacturing,Enterprise,Taiwan,New
4821,2024-01-14,Company_04821,Website,Healthcare,SMB,Japan,New
4822,2024-03-16,Company_04822,Paid Ads,Manufacturing,SMB,Hong Kong,New
4823,2024-03-29,Company_04823,Outbound,Professional Services,SMB,Taiwan,New
4824,2024-05-30,Company_04824,Outbound,Financial Services,Mid-Market,Taiwan,New
4825,2025-08-27,Company_04825,Website,Healthcare,SMB,Hong Kong,New
4826,2024-02-11,Company_04826,Website,Professional Services,SMB,Singapore,New
4827,2024-11-13,Company_04827,Website,Healthcare,SMB,Taiwan,New
4828,2024-10-04,Company_04828,Paid Ads,Technology,SMB,Hong Kong,New
4829,2024-05-11,Company_04829,Outbound,Manufacturing,Enterprise,Taiwan,New
4830,2025-12-09,Company_04830,Outbound,Healthcare,SMB,Taiwan,New
4831,2025-04-27,Company_04831,Referral,Professional Services,Mid-Market,Singapore,New
4832,2024-04-01,Company_04832,Paid Ads,Retail,Enterprise,Japan,New
4833,2025-07-05,Company_04833,Referral,Technology,SMB,Hong Kong,New
4834,2024-07-16,Company_04834,Event,Technology,Mid-Market,Taiwan,New
4835,2025-07-25,Company_04835,Outbound,Financial Services,SMB,Singapore,New
4836,2025-07-11,Company_04836,Outbound,Professional Services,Mid-Market,Taiwan,New
4837,2024-11-24,Company_04837,Partner,Healthcare,SMB,Hong Kong,New
4838,2025-11-16,Company_04838,Paid Ads,Financial Services,Mid-Market,Hong Kong,New
4839,2024-02-18,Company_04839,Referral,Healthcare,SMB,Singapore,New
4840,2024-01-12,Company_04840,Referral,Technology,Mid-Market,Singapore,New
4841,2024-11-15,Company_04841,Website,Manufacturing,Enterprise,Japan,New
4842,2025-09-10,Company_04842,Partner,Professional Services,SMB,Japan,New
4843,2024-03-24,Company_04843,Outbound,Technology,Mid-Market,Hong Kong,New
4844,2025-02-07,Company_04844,Outbound,Professional Services,Mid-Market,Japan,New
4845,2025-06-10,Company_04845,Paid Ads,Financial Services,Mid-Market,Singapore,New
4846,2025-10-05,Company_04846,Event,Professional Services,SMB,Hong Kong,New
4847,2025-06-30,Company_04847,Referral,Retail,SMB,Japan,New
4848,2025-09-14,Company_04848,Outbound,Technology,Enterprise,Hong Kong,New
4849,2024-10-16,Company_04849,Outbound,Professional Services,Mid-Market,Japan,New
4850,2024-08-30,Company_04850,Paid Ads,Healthcare,SMB,Taiwan,New
4851,2024-07-13,Company_04851,Referral,Healthcare,SMB,Taiwan,New
4852,2025-05-30,Company_04852,Partner,Technology,Mid-Market,Hong Kong,New
4853,2025-05-14,Company_04853,Website,Professional Services,Enterprise,Hong Kong,New
4854,2024-02-13,Company_04854,Referral,Technology,Enterprise,Taiwan,New
4855,2025-09-05,Company_04855,Outbound,Technology,SMB,Singapore,New
4856,2024-08-15,Company_04856,Website,Retail,Mid-Market,Japan,New
4857,2025-02-03,Company_04857,Paid Ads,Technology,SMB,Singapore,New
4858,2025-07-20,Company_04858,Paid Ads,Technology,SMB,Hong Kong,New
4859,2024-09-03,Company_04859,Website,Technology,SMB,Hong Kong,New
4860,2024-02-03,Company_04860,Website,Healthcare,Mid-Market,Japan,New
4861,2024-05-30,Company_04861,Website,Retail,Mid-Market,Hong Kong,New
4862,2025-11-25,Company_04862,Website,Healthcare,Enterprise,Singapore,New
4863,2025-12-29,Company_04863,Website,Healthcare,Mid-Market,Taiwan,New
4864,2025-06-28,Company_04864,Outbound,Professional Services,Mid-Market,Japan,New
4865,2024-03-22,Company_04865,Paid Ads,Technology,SMB,Taiwan,New
4866,2025-09-24,Company_04866,Referral,Professional Services,SMB,Singapore,New
4867,2025-03-07,Company_04867,Partner,Healthcare,Mid-Market,Hong Kong,New
4868,2024-05-15,Company_04868,Partner,Retail,SMB,Hong Kong,New
4869,2024-01-03,Company_04869,Paid Ads,Technology,SMB,Hong Kong,New
4870,2024-03-16,Company_04870,Outbound,Manufacturing,SMB,Singapore,New
4871,2025-05-12,Company_04871,Outbound,Healthcare,SMB,Hong Kong,New
4872,2025-06-13,Company_04872,Paid Ads,Manufacturing,Enterprise,Taiwan,New
4873,2025-02-06,Company_04873,Website,Healthcare,SMB,Hong Kong,New
4874,2024-01-09,Company_04874,Paid Ads,Retail,Mid-Market,Taiwan,New
4875,2025-10-24,Company_04875,Referral,Manufacturing,Mid-Market,Taiwan,New
4876,2024-01-12,Company_04876,Partner,Financial Services,SMB,Taiwan,New
4877,2024-06-17,Company_04877,Website,Professional Services,SMB,Taiwan,New
4878,2024-05-26,Company_04878,Paid Ads,Technology,Mid-Market,Singapore,New
4879,2024-06-10,Company_04879,Outbound,Healthcare,Mid-Market,Hong Kong,New
4880,2025-12-13,Company_04880,Referral,Retail,Enterprise,Japan,New
4881,2025-02-05,Company_04881,Website,Financial Services,Mid-Market,Hong Kong,New
4882,2024-02-14,Company_04882,Website,Healthcare,SMB,Hong Kong,New
4883,2024-10-29,Company_04883,Outbound,Manufacturing,Mid-Market,Japan,New
4884,2024-02-14,Company_04884,Paid Ads,Professional Services,Mid-Market,Singapore,New
4885,2025-12-11,Company_04885,Website,Manufacturing,SMB,Taiwan,New
4886,2024-05-07,Company_04886,Referral,Professional Services,Mid-Market,Hong Kong,New
4887,2024-12-22,Company_04887,Referral,Financial Services,SMB,Singapore,New
4888,2024-12-04,Company_04888,Paid Ads,Healthcare,SMB,Japan,New
4889,2025-09-03,Company_04889,Outbound,Manufacturing,SMB,Hong Kong,New
4890,2025-09-23,Company_04890,Paid Ads,Manufacturing,Mid-Market,Hong Kong,New
4891,2024-01-13,Company_04891,Website,Healthcare,SMB,Hong Kong,New
4892,2024-05-22,Company_04892,Paid Ads,Healthcare,SMB,Taiwan,New
4893,2024-10-30,Company_04893,Paid Ads,Professional Services,SMB,Hong Kong,New
4894,2025-02-19,Company_04894,Website,Retail,SMB,Taiwan,New
4895,2025-01-09,Company_04895,Referral,Technology,SMB,Japan,New
4896,2025-11-28,Company_04896,Website,Healthcare,SMB,Taiwan,New
4897,2025-03-09,Company_04897,Paid Ads,Technology,SMB,Taiwan,New
4898,2024-12-21,Company_04898,Referral,Financial Services,SMB,Japan,New
4899,2024-07-02,Company_04899,Website,Technology,SMB,Singapore,New
4900,2024-11-10,Company_04900,Paid Ads,Manufacturing,SMB,Hong Kong,New
4901,2024-09-27,Company_04901,Outbound,Manufacturing,SMB,Singapore,New
4902,2025-12-12,Company_04902,Partner,Healthcare,Mid-Market,Singapore,New
4903,2025-04-16,Company_04903,Website,Professional Services,SMB,Hong Kong,New
4904,2025-03-21,Company_04904,Event,Manufacturing,Mid-Market,Hong Kong,New
4905,2025-08-17,Company_04905,Website,Manufacturing,SMB,Taiwan,New
4906,2025-07-21,Company_04906,Website,Manufacturing,Mid-Market,Hong Kong,New
4907,2024-09-27,Company_04907,Referral,Financial Services,SMB,Taiwan,New
4908,2025-01-18,Company_04908,Outbound,Technology,Mid-Market,Japan,New
4909,2025-12-11,Company_04909,Paid Ads,Healthcare,Mid-Market,Taiwan,New
4910,2025-07-09,Company_04910,Website,Technology,Mid-Market,Taiwan,New
4911,2025-07-31,Company_04911,Website,Technology,Mid-Market,Hong Kong,New
4912,2025-05-15,Company_04912,Website,Retail,Enterprise,Japan,New
4913,2025-12-07,Company_04913,Outbound,Professional Services,SMB,Japan,New
4914,2024-08-03,Company_04914,Referral,Healthcare,SMB,Taiwan,New
4915,2024-07-09,Company_04915,Partner,Retail,SMB,Japan,New
4916,2025-02-08,Company_04916,Partner,Healthcare,SMB,Japan,New
4917,2024-09-21,Company_04917,Website,Healthcare,Enterprise,Japan,New
4918,2024-08-17,Company_04918,Outbound,Manufacturing,Mid-Market,Taiwan,New
4919,2024-05-19,Company_04919,Website,Retail,SMB,Taiwan,New
4920,2024-09-14,Company_04920,Outbound,Technology,SMB,Japan,New
4921,2024-08-21,Company_04921,Outbound,Retail,SMB,Singapore,New
4922,2024-05-21,Company_04922,Website,Manufacturing,SMB,Taiwan,New
4923,2025-09-11,Company_04923,Referral,Retail,Enterprise,Taiwan,New
4924,2025-11-19,Company_04924,Paid Ads,Manufacturing,Enterprise,Singapore,New
4925,2024-10-02,Company_04925,Outbound,Retail,Enterprise,Taiwan,New
4926,2025-03-29,Company_04926,Paid Ads,Financial Services,Mid-Market,Taiwan,New
4927,2024-07-25,Company_04927,Referral,Retail,SMB,Taiwan,New
4928,2025-02-06,Company_04928,Outbound,Retail,SMB,Japan,New
4929,2024-07-07,Company_04929,Outbound,Healthcare,Enterprise,Japan,New
4930,2024-05-11,Company_04930,Paid Ads,Healthcare,SMB,Japan,New
4931,2024-03-18,Company_04931,Paid Ads,Professional Services,SMB,Taiwan,New
4932,2025-02-11,Company_04932,Paid Ads,Manufacturing,Mid-Market,Taiwan,New
4933,2025-03-29,Company_04933,Website,Financial Services,SMB,Japan,New
4934,2025-01-22,Company_04934,Outbound,Manufacturing,Mid-Market,Japan,New
4935,2025-09-30,Company_04935,Referral,Manufacturing,SMB,Singapore,New
4936,2024-03-27,Company_04936,Outbound,Technology,Mid-Market,Singapore,New
4937,2024-02-24,Company_04937,Website,Healthcare,SMB,Hong Kong,New
4938,2025-04-29,Company_04938,Outbound,Manufacturing,SMB,Hong Kong,New
4939,2025-04-09,Company_04939,Paid Ads,Manufacturing,Mid-Market,Taiwan,New
4940,2025-03-16,Company_04940,Outbound,Technology,Mid-Market,Japan,New
4941,2025-12-24,Company_04941,Paid Ads,Financial Services,Mid-Market,Singapore,New
4942,2025-10-11,Company_04942,Outbound,Healthcare,Enterprise,Singapore,New
4943,2025-02-25,Company_04943,Outbound,Manufacturing,Mid-Market,Singapore,New
4944,2024-11-18,Company_04944,Referral,Professional Services,Mid-Market,Taiwan,New
4945,2025-06-19,Company_04945,Partner,Financial Services,Mid-Market,Hong Kong,New
4946,2025-08-11,Company_04946,Outbound,Professional Services,SMB,Taiwan,New
4947,2024-09-20,Company_04947,Referral,Professional Services,SMB,Taiwan,New
4948,2025-08-26,Company_04948,Outbound,Manufacturing,Mid-Market,Taiwan,New
4949,2024-10-15,Company_04949,Referral,Professional Services,SMB,Hong Kong,New
4950,2025-03-22,Company_04950,Website,Retail,SMB,Japan,New
4951,2025-08-27,Company_04951,Website,Healthcare,SMB,Taiwan,New
4952,2024-06-09,Company_04952,Outbound,Financial Services,Mid-Market,Taiwan,New
4953,2025-11-07,Company_04953,Partner,Technology,SMB,Singapore,New
4954,2025-07-29,Company_04954,Partner,Retail,SMB,Taiwan,New
4955,2025-12-17,Company_04955,Website,Professional Services,SMB,Japan,New
4956,2024-05-20,Company_04956,Partner,Financial Services,Enterprise,Singapore,New
4957,2025-05-24,Company_04957,Paid Ads,Professional Services,SMB,Hong Kong,New
4958,2025-04-17,Company_04958,Outbound,Professional Services,SMB,Japan,New
4959,2024-05-11,Company_04959,Website,Financial Services,Mid-Market,Hong Kong,New
4960,2024-02-29,Company_04960,Paid Ads,Financial Services,Enterprise,Singapore,New
4961,2024-03-10,Company_04961,Paid Ads,Technology,SMB,Taiwan,New
4962,2024-07-23,Company_04962,Outbound,Manufacturing,Mid-Market,Singapore,New
4963,2025-02-14,Company_04963,Paid Ads,Professional Services,Enterprise,Singapore,New
4964,2025-02-04,Company_04964,Website,Professional Services,SMB,Hong Kong,New
4965,2025-12-04,Company_04965,Paid Ads,Manufacturing,Mid-Market,Hong Kong,New
4966,2024-07-16,Company_04966,Partner,Financial Services,SMB,Taiwan,New
4967,2025-09-27,Company_04967,Partner,Healthcare,SMB,Hong Kong,New
4968,2024-05-02,Company_04968,Website,Financial Services,SMB,Japan,New
4969,2025-03-03,Company_04969,Website,Healthcare,SMB,Taiwan,New
4970,2025-03-04,Company_04970,Paid Ads,Manufacturing,Mid-Market,Hong Kong,New
4971,2024-10-11,Company_04971,Paid Ads,Professional Services,Enterprise,Hong Kong,New
4972,2024-11-26,Company_04972,Paid Ads,Manufacturing,Enterprise,Singapore,New
4973,2024-04-12,Company_04973,Event,Retail,SMB,Hong Kong,New
4974,2024-10-08,Company_04974,Website,Technology,SMB,Hong Kong,New
4975,2024-12-11,Company_04975,Referral,Healthcare,Mid-Market,Japan,New
4976,2024-10-25,Company_04976,Outbound,Manufacturing,SMB,Hong Kong,New
4977,2024-12-27,Company_04977,Website,Technology,SMB,Singapore,New
4978,2024-11-05,Company_04978,Website,Financial Services,Mid-Market,Hong Kong,New
4979,2024-10-30,Company_04979,Website,Retail,SMB,Hong Kong,New
4980,2025-07-01,Company_04980,Event,Technology,SMB,Japan,New
4981,2024-11-21,Company_04981,Outbound,Technology,Mid-Market,Hong Kong,New
4982,2024-01-21,Company_04982,Event,Healthcare,SMB,Singapore,New
4983,2024-10-01,Company_04983,Website,Retail,SMB,Hong Kong,New
4984,2024-03-03,Company_04984,Website,Professional Services,SMB,Taiwan,New
4985,2025-07-07,Company_04985,Referral,Financial Services,SMB,Singapore,New
4986,2024-03-11,Company_04986,Website,Professional Services,Mid-Market,Hong Kong,New
4987,2025-10-15,Company_04987,Website,Financial Services,SMB,Hong Kong,New
4988,2025-08-12,Company_04988,Partner,Retail,Mid-Market,Singapore,New
4989,2024-06-05,Company_04989,Referral,Technology,SMB,Hong Kong,New
4990,2025-09-16,Company_04990,Website,Technology,SMB,Taiwan,New
4991,2025-04-20,Company_04991,Website,Healthcare,Mid-Market,Hong Kong,New
4992,2024-11-02,Company_04992,Event,Technology,Mid-Market,Hong Kong,New
4993,2025-10-17,Company_04993,Referral,Retail,Mid-Market,Taiwan,New
4994,2024-12-10,Company_04994,Referral,Professional Services,Mid-Market,Taiwan,New
4995,2024-05-23,Company_04995,Outbound,Healthcare,SMB,Singapore,New
4996,2024-10-03,Company_04996,Website,Technology,Mid-Market,Taiwan,New
4997,2024-12-28,Company_04997,Partner,Financial Services,Enterprise,Japan,New
4998,2024-12-06,Company_04998,Referral,Financial Services,Mid-Market,Taiwan,New
4999,2025-04-24,Company_04999,Website,Manufacturing,SMB,Japan,New
5000,2024-04-08,Company_05000,Referral,Healthcare,Mid-Market,Hong Kong,New
5001,2024-10-19,Company_05001,Referral,Healthcare,SMB,Singapore,New
5002,2024-04-26,Company_05002,Outbound,Technology,SMB,Hong Kong,New
5003,2024-09-30,Company_05003,Event,Professional Services,SMB,Japan,New
5004,2024-07-25,Company_05004,Website,Financial Services,Mid-Market,Japan,New
5005,2025-09-12,Company_05005,Paid Ads,Professional Services,SMB,Hong Kong,New
5006,2025-12-14,Company_05006,Referral,Manufacturing,SMB,Hong Kong,New
5007,2024-06-11,Company_05007,Website,Retail,SMB,Hong Kong,New
5008,2024-02-01,Company_05008,Outbound,Manufacturing,Mid-Market,Hong Kong,New
5009,2025-09-29,Company_05009,Outbound,Retail,SMB,Hong Kong,New
5010,2024-10-26,Company_05010,Partner,Retail,SMB,Hong Kong,New
5011,2024-07-16,Company_05011,Outbound,Healthcare,SMB,Japan,New
5012,2025-11-03,Company_05012,Event,Professional Services,SMB,Taiwan,New
5013,2025-06-26,Company_05013,Partner,Technology,SMB,Japan,New
5014,2024-10-28,Company_05014,Outbound,Healthcare,Mid-Market,Singapore,New
5015,2025-07-30,Company_05015,Paid Ads,Financial Services,SMB,Taiwan,New
5016,2025-03-06,Company_05016,Partner,Retail,SMB,Japan,New
5017,2024-08-13,Company_05017,Outbound,Technology,SMB,Taiwan,New
5018,2024-06-04,Company_05018,Partner,Retail,SMB,Taiwan,New
5019,2024-02-06,Company_05019,Outbound,Healthcare,SMB,Singapore,New
5020,2025-07-09,Company_05020,Referral,Healthcare,SMB,Singapore,New
5021,2025-04-22,Company_05021,Event,Financial Services,SMB,Singapore,New
5022,2024-03-13,Company_05022,Referral,Healthcare,SMB,Singapore,New
5023,2024-11-17,Company_05023,Website,Financial Services,SMB,Taiwan,New
5024,2025-04-08,Company_05024,Outbound,Healthcare,SMB,Singapore,New
5025,2025-08-20,Company_05025,Website,Healthcare,Mid-Market,Singapore,New
5026,2025-01-13,Company_05026,Referral,Financial Services,Mid-Market,Hong Kong,New
5027,2024-06-20,Company_05027,Paid Ads,Financial Services,SMB,Singapore,New
5028,2025-07-17,Company_05028,Referral,Healthcare,SMB,Taiwan,New
5029,2024-06-08,Company_05029,Event,Professional Services,SMB,Taiwan,New
5030,2024-06-03,Company_05030,Website,Healthcare,Mid-Market,Japan,New
5031,2024-04-27,Company_05031,Partner,Professional Services,Mid-Market,Singapore,New
5032,2024-03-31,Company_05032,Referral,Financial Services,SMB,Hong Kong,New
5033,2025-11-02,Company_05033,Outbound,Technology,SMB,Japan,New
5034,2024-01-28,Company_05034,Referral,Healthcare,SMB,Hong Kong,New
5035,2025-02-01,Company_05035,Outbound,Financial Services,SMB,Taiwan,New
5036,2024-02-18,Company_05036,Paid Ads,Retail,SMB,Japan,New
5037,2025-08-26,Company_05037,Referral,Healthcare,Mid-Market,Japan,New
5038,2024-08-17,Company_05038,Website,Professional Services,SMB,Hong Kong,New
5039,2025-11-08,Company_05039,Paid Ads,Healthcare,Enterprise,Japan,New
5040,2024-11-19,Company_05040,Website,Healthcare,SMB,Hong Kong,New
5041,2025-06-15,Company_05041,Outbound,Retail,Enterprise,Japan,New
5042,2024-12-12,Company_05042,Paid Ads,Healthcare,SMB,Hong Kong,New
5043,2025-03-28,Company_05043,Website,Technology,Mid-Market,Japan,New
5044,2024-04-12,Company_05044,Paid Ads,Manufacturing,Mid-Market,Singapore,New
5045,2025-03-26,Company_05045,Outbound,Technology,SMB,Taiwan,New
5046,2025-06-21,Company_05046,Paid Ads,Financial Services,Mid-Market,Japan,New
5047,2025-06-12,Company_05047,Website,Manufacturing,SMB,Singapore,New
5048,2025-01-11,Company_05048,Event,Financial Services,SMB,Taiwan,New
5049,2024-11-14,Company_05049,Website,Healthcare,Enterprise,Taiwan,New
5050,2024-06-05,Company_05050,Partner,Professional Services,Mid-Market,Taiwan,New
5051,2024-07-22,Company_05051,Paid Ads,Healthcare,SMB,Hong Kong,New
5052,2025-06-30,Company_05052,Referral,Professional Services,SMB,Hong Kong,New
5053,2025-04-06,Company_05053,Referral,Financial Services,SMB,Japan,New
5054,2024-08-25,Company_05054,Referral,Manufacturing,Mid-Market,Singapore,New
5055,2024-12-31,Company_05055,Paid Ads,Manufacturing,SMB,Hong Kong,New
5056,2025-08-11,Company_05056,Outbound,Technology,Enterprise,Japan,New
5057,2025-03-09,Company_05057,Outbound,Healthcare,Enterprise,Taiwan,New
5058,2024-03-08,Company_05058,Paid Ads,Retail,Mid-Market,Hong Kong,New
5059,2024-08-11,Company_05059,Outbound,Financial Services,Mid-Market,Taiwan,New
5060,2024-12-29,Company_05060,Referral,Healthcare,SMB,Japan,New
5061,2025-09-07,Company_05061,Partner,Professional Services,SMB,Hong Kong,New
5062,2024-08-27,Company_05062,Website,Healthcare,Enterprise,Japan,New
5063,2025-12-28,Company_05063,Website,Financial Services,Mid-Market,Singapore,New
5064,2025-07-26,Company_05064,Paid Ads,Professional Services,Mid-Market,Japan,New
5065,2024-08-20,Company_05065,Website,Manufacturing,SMB,Singapore,New
5066,2024-03-11,Company_05066,Referral,Professional Services,Mid-Market,Japan,New
5067,2025-08-20,Company_05067,Paid Ads,Healthcare,SMB,Hong Kong,New
5068,2024-07-31,Company_05068,Website,Healthcare,Mid-Market,Singapore,New
5069,2025-02-02,Company_05069,Website,Technology,SMB,Singapore,New
5070,2025-07-11,Company_05070,Website,Technology,Enterprise,Hong Kong,New
5071,2024-10-01,Company_05071,Outbound,Financial Services,SMB,Taiwan,New
5072,2025-03-28,Company_05072,Website,Technology,Enterprise,Japan,New
5073,2024-03-19,Company_05073,Referral,Technology,SMB,Taiwan,New
5074,2025-10-23,Company_05074,Outbound,Manufacturing,Enterprise,Taiwan,New
5075,2024-08-21,Company_05075,Outbound,Manufacturing,Mid-Market,Hong Kong,New
5076,2025-01-30,Company_05076,Outbound,Technology,Mid-Market,Singapore,New
5077,2025-07-29,Company_05077,Website,Healthcare,Mid-Market,Singapore,New
5078,2024-01-27,Company_05078,Outbound,Retail,Mid-Market,Japan,New
5079,2025-07-02,Company_05079,Paid Ads,Professional Services,Mid-Market,Japan,New
5080,2024-07-25,Company_05080,Outbound,Technology,Mid-Market,Hong Kong,New
5081,2025-10-11,Company_05081,Paid Ads,Professional Services,SMB,Hong Kong,New
5082,2025-12-25,Company_05082,Outbound,Technology,Mid-Market,Japan,New
5083,2025-03-01,Company_05083,Paid Ads,Healthcare,SMB,Hong Kong,New
5084,2025-03-01,Company_05084,Paid Ads,Technology,SMB,Singapore,New
5085,2025-02-07,Company_05085,Partner,Manufacturing,SMB,Taiwan,New
5086,2024-05-17,Company_05086,Outbound,Retail,SMB,Japan,New
5087,2024-10-02,Company_05087,Referral,Financial Services,SMB,Japan,New
5088,2025-03-24,Company_05088,Event,Financial Services,SMB,Hong Kong,New
5089,2025-05-14,Company_05089,Paid Ads,Professional Services,SMB,Hong Kong,New
5090,2025-04-08,Company_05090,Referral,Manufacturing,SMB,Singapore,New
5091,2024-10-09,Company_05091,Outbound,Technology,SMB,Taiwan,New
5092,2025-09-23,Company_05092,Website,Retail,Mid-Market,Singapore,New
5093,2024-03-05,Company_05093,Paid Ads,Healthcare,Enterprise,Hong Kong,New
5094,2024-11-10,Company_05094,Website,Healthcare,Mid-Market,Taiwan,New
5095,2025-07-16,Company_05095,Paid Ads,Healthcare,Mid-Market,Hong Kong,New
5096,2024-08-11,Company_05096,Website,Financial Services,Mid-Market,Singapore,New
5097,2025-10-20,Company_05097,Paid Ads,Financial Services,Mid-Market,Singapore,New
5098,2025-08-19,Company_05098,Outbound,Professional Services,SMB,Hong Kong,New
5099,2025-01-19,Company_05099,Partner,Manufacturing,Mid-Market,Singapore,New
5100,2025-09-14,Company_05100,Website,Retail,Enterprise,Singapore,New
5101,2024-01-03,Company_05101,Event,Professional Services,Mid-Market,Singapore,New
5102,2024-03-06,Company_05102,Outbound,Retail,Mid-Market,Singapore,New
5103,2024-10-22,Company_05103,Partner,Manufacturing,Enterprise,Hong Kong,New
5104,2025-05-07,Company_05104,Website,Financial Services,Enterprise,Japan,New
5105,2025-08-09,Company_05105,Website,Healthcare,Mid-Market,Japan,New
5106,2024-03-08,Company_05106,Website,Manufacturing,SMB,Taiwan,New
5107,2025-01-17,Company_05107,Outbound,Manufacturing,Mid-Market,Japan,New
5108,2024-06-01,Company_05108,Paid Ads,Technology,SMB,Hong Kong,New
5109,2025-06-22,Company_05109,Referral,Financial Services,Mid-Market,Japan,New
5110,2024-03-06,Company_05110,Website,Professional Services,SMB,Taiwan,New
5111,2025-08-20,Company_05111,Paid Ads,Retail,SMB,Hong Kong,New
5112,2025-03-11,Company_05112,Website,Retail,SMB,Singapore,New
5113,2025-05-29,Company_05113,Website,Technology,Mid-Market,Hong Kong,New
5114,2024-09-06,Company_05114,Website,Retail,Mid-Market,Singapore,New
5115,2024-04-04,Company_05115,Partner,Manufacturing,SMB,Hong Kong,New
5116,2025-07-01,Company_05116,Paid Ads,Professional Services,SMB,Taiwan,New
5117,2025-05-12,Company_05117,Outbound,Technology,SMB,Taiwan,New
5118,2024-02-16,Company_05118,Referral,Healthcare,Mid-Market,Singapore,New
5119,2025-03-09,Company_05119,Paid Ads,Manufacturing,Mid-Market,Taiwan,New
5120,2025-02-20,Company_05120,Referral,Professional Services,Mid-Market,Japan,New
5121,2025-03-14,Company_05121,Outbound,Professional Services,SMB,Taiwan,New
5122,2025-01-16,Company_05122,Partner,Retail,Mid-Market,Japan,New
5123,2024-01-13,Company_05123,Paid Ads,Technology,SMB,Taiwan,New
5124,2024-07-08,Company_05124,Event,Healthcare,Enterprise,Singapore,New
5125,2025-12-13,Company_05125,Website,Manufacturing,Enterprise,Japan,New
5126,2024-06-21,Company_05126,Website,Technology,SMB,Japan,New
5127,2024-01-28,Company_05127,Paid Ads,Healthcare,SMB,Singapore,New
5128,2024-03-18,Company_05128,Website,Professional Services,Mid-Market,Japan,New
5129,2024-01-20,Company_05129,Website,Healthcare,SMB,Japan,New
5130,2024-07-29,Company_05130,Outbound,Financial Services,SMB,Japan,New
5131,2024-05-19,Company_05131,Website,Technology,Enterprise,Japan,New
5132,2025-08-24,Company_05132,Website,Professional Services,SMB,Singapore,New
5133,2025-01-21,Company_05133,Website,Technology,SMB,Taiwan,New
5134,2024-03-18,Company_05134,Website,Retail,SMB,Singapore,New
5135,2024-08-02,Company_05135,Website,Technology,SMB,Japan,New
5136,2025-01-07,Company_05136,Website,Healthcare,Enterprise,Taiwan,New
5137,2024-08-07,Company_05137,Website,Professional Services,Mid-Market,Singapore,New
5138,2025-02-25,Company_05138,Outbound,Manufacturing,SMB,Singapore,New
5139,2024-07-09,Company_05139,Referral,Manufacturing,Mid-Market,Singapore,New
5140,2025-09-16,Company_05140,Paid Ads,Technology,SMB,Hong Kong,New
5141,2025-03-15,Company_05141,Website,Retail,Mid-Market,Singapore,New
5142,2024-09-10,Company_05142,Paid Ads,Healthcare,Mid-Market,Hong Kong,New
5143,2025-10-02,Company_05143,Partner,Retail,SMB,Singapore,New
5144,2024-06-30,Company_05144,Referral,Retail,SMB,Taiwan,New
5145,2024-12-08,Company_05145,Outbound,Healthcare,Enterprise,Hong Kong,New
5146,2025-01-14,Company_05146,Outbound,Financial Services,Mid-Market,Singapore,New
5147,2025-05-14,Company_05147,Outbound,Healthcare,Enterprise,Singapore,New
5148,2024-09-09,Company_05148,Partner,Financial Services,SMB,Hong Kong,New
5149,2025-03-02,Company_05149,Paid Ads,Manufacturing,SMB,Singapore,New
5150,2024-08-12,Company_05150,Website,Financial Services,Mid-Market,Japan,New
5151,2024-10-22,Company_05151,Partner,Manufacturing,Enterprise,Hong Kong,New
5152,2025-03-20,Company_05152,Outbound,Professional Services,SMB,Japan,New
5153,2025-07-28,Company_05153,Referral,Professional Services,Mid-Market,Hong Kong,New
5154,2024-05-10,Company_05154,Outbound,Financial Services,Mid-Market,Singapore,New
5155,2024-09-12,Company_05155,Website,Retail,Enterprise,Hong Kong,New
5156,2025-05-20,Company_05156,Partner,Retail,SMB,Singapore,New
5157,2025-05-01,Company_05157,Website,Professional Services,SMB,Hong Kong,New
5158,2024-07-20,Company_05158,Outbound,Financial Services,Enterprise,Singapore,New
5159,2024-10-04,Company_05159,Website,Professional Services,SMB,Singapore,New
5160,2025-05-27,Company_05160,Outbound,Retail,Mid-Market,Taiwan,New
5161,2025-02-26,Company_05161,Outbound,Healthcare,Mid-Market,Japan,New
5162,2024-10-30,Company_05162,Referral,Financial Services,Mid-Market,Taiwan,New
5163,2025-03-01,Company_05163,Website,Retail,Mid-Market,Taiwan,New
5164,2024-04-13,Company_05164,Paid Ads,Financial Services,Mid-Market,Hong Kong,New
5165,2024-03-31,Company_05165,Website,Technology,SMB,Japan,New
5166,2025-04-30,Company_05166,Website,Technology,SMB,Japan,New
5167,2024-01-05,Company_05167,Partner,Manufacturing,SMB,Hong Kong,New
5168,2025-05-08,Company_05168,Event,Professional Services,SMB,Japan,New
5169,2025-01-30,Company_05169,Outbound,Financial Services,SMB,Japan,New
5170,2024-05-05,Company_05170,Event,Healthcare,Mid-Market,Singapore,New
5171,2025-03-28,Company_05171,Paid Ads,Manufacturing,Mid-Market,Japan,New
5172,2025-08-15,Company_05172,Event,Professional Services,SMB,Singapore,New
5173,2024-12-18,Company_05173,Outbound,Retail,Enterprise,Japan,New
5174,2025-09-04,Company_05174,Website,Retail,Mid-Market,Singapore,New
5175,2024-01-12,Company_05175,Website,Financial Services,SMB,Taiwan,New
5176,2025-11-14,Company_05176,Website,Professional Services,SMB,Hong Kong,New
5177,2024-10-26,Company_05177,Referral,Technology,Mid-Market,Hong Kong,New
5178,2025-11-19,Company_05178,Website,Professional Services,Enterprise,Japan,New
5179,2024-08-11,Company_05179,Paid Ads,Financial Services,SMB,Taiwan,New
5180,2025-02-02,Company_05180,Website,Manufacturing,Mid-Market,Taiwan,New
5181,2024-04-26,Company_05181,Paid Ads,Professional Services,SMB,Singapore,New
5182,2025-08-22,Company_05182,Website,Technology,SMB,Japan,New
5183,2024-10-05,Company_05183,Event,Retail,SMB,Hong Kong,New
5184,2025-05-08,Company_05184,Outbound,Retail,Enterprise,Singapore,New
5185,2025-06-30,Company_05185,Outbound,Manufacturing,SMB,Singapore,New
5186,2024-03-31,Company_05186,Outbound,Technology,Enterprise,Hong Kong,New
5187,2025-09-06,Company_05187,Website,Technology,Enterprise,Taiwan,New
5188,2024-04-16,Company_05188,Paid Ads,Manufacturing,Mid-Market,Taiwan,New
5189,2024-01-26,Company_05189,Website,Manufacturing,Mid-Market,Japan,New
5190,2024-02-09,Company_05190,Website,Financial Services,Mid-Market,Hong Kong,New
5191,2025-03-03,Company_05191,Partner,Healthcare,Enterprise,Taiwan,New
5192,2024-03-15,Company_05192,Partner,Financial Services,SMB,Singapore,New
5193,2024-05-27,Company_05193,Website,Retail,SMB,Singapore,New
5194,2024-11-05,Company_05194,Referral,Retail,Enterprise,Japan,New
5195,2024-11-22,Company_05195,Website,Healthcare,SMB,Hong Kong,New
5196,2025-08-02,Company_05196,Event,Technology,SMB,Taiwan,New
5197,2024-07-29,Company_05197,Partner,Healthcare,SMB,Singapore,New
5198,2025-05-07,Company_05198,Website,Professional Services,Enterprise,Hong Kong,New
5199,2024-04-28,Company_05199,Website,Retail,Mid-Market,Taiwan,New
5200,2025-08-19,Company_05200,Outbound,Technology,Enterprise,Singapore,New
5201,2025-04-20,Company_05201,Outbound,Technology,SMB,Taiwan,New
5202,2024-10-23,Company_05202,Website,Retail,Mid-Market,Hong Kong,New
5203,2025-10-09,Company_05203,Website,Retail,Enterprise,Taiwan,New
5204,2025-09-14,Company_05204,Website,Healthcare,SMB,Singapore,New
5205,2025-05-17,Company_05205,Paid Ads,Healthcare,SMB,Taiwan,New
5206,2024-09-01,Company_05206,Referral,Technology,SMB,Hong Kong,New
5207,2024-11-04,Company_05207,Referral,Technology,Mid-Market,Hong Kong,New
5208,2024-05-05,Company_05208,Outbound,Manufacturing,SMB,Japan,New
5209,2024-05-01,Company_05209,Paid Ads,Technology,SMB,Japan,New
5210,2024-03-25,Company_05210,Partner,Retail,SMB,Hong Kong,New
5211,2025-09-03,Company_05211,Outbound,Professional Services,SMB,Taiwan,New
5212,2025-02-20,Company_05212,Referral,Manufacturing,SMB,Singapore,New
5213,2024-06-28,Company_05213,Outbound,Healthcare,Mid-Market,Taiwan,New
5214,2024-01-03,Company_05214,Website,Manufacturing,SMB,Taiwan,New
5215,2025-12-25,Company_05215,Paid Ads,Financial Services,Mid-Market,Singapore,New
5216,2025-06-17,Company_05216,Referral,Manufacturing,SMB,Singapore,New
5217,2025-06-02,Company_05217,Referral,Financial Services,SMB,Taiwan,New
5218,2024-02-01,Company_05218,Paid Ads,Financial Services,Enterprise,Singapore,New
5219,2025-03-19,Company_05219,Paid Ads,Professional Services,Enterprise,Japan,New
5220,2025-01-09,Company_05220,Paid Ads,Financial Services,SMB,Japan,New
5221,2024-07-07,Company_05221,Paid Ads,Professional Services,SMB,Japan,New
5222,2025-02-03,Company_05222,Paid Ads,Professional Services,SMB,Singapore,New
5223,2024-01-27,Company_05223,Website,Technology,SMB,Taiwan,New
5224,2024-03-25,Company_05224,Website,Professional Services,Enterprise,Taiwan,New
5225,2024-08-15,Company_05225,Website,Healthcare,SMB,Hong Kong,New
5226,2024-07-03,Company_05226,Website,Professional Services,SMB,Taiwan,New
5227,2024-01-06,Company_05227,Website,Professional Services,Enterprise,Hong Kong,New
5228,2025-02-22,Company_05228,Referral,Technology,Mid-Market,Taiwan,New
5229,2025-05-12,Company_05229,Website,Retail,SMB,Hong Kong,New
5230,2024-06-21,Company_05230,Website,Professional Services,SMB,Singapore,New
5231,2025-11-06,Company_05231,Website,Retail,SMB,Japan,New
5232,2024-07-04,Company_05232,Website,Retail,SMB,Singapore,New
5233,2025-04-27,Company_05233,Paid Ads,Retail,SMB,Singapore,New
5234,2025-09-12,Company_05234,Referral,Manufacturing,SMB,Singapore,New
5235,2024-04-04,Company_05235,Website,Financial Services,SMB,Taiwan,New
5236,2024-08-21,Company_05236,Paid Ads,Technology,Mid-Market,Japan,New
5237,2024-12-21,Company_05237,Outbound,Manufacturing,SMB,Hong Kong,New
5238,2024-05-29,Company_05238,Website,Professional Services,SMB,Japan,New
5239,2024-01-08,Company_05239,Outbound,Healthcare,SMB,Singapore,New
5240,2025-05-16,Company_05240,Referral,Technology,Mid-Market,Hong Kong,New
5241,2025-06-20,Company_05241,Website,Retail,Enterprise,Taiwan,New
5242,2024-03-15,Company_05242,Website,Manufacturing,SMB,Singapore,New
5243,2025-12-30,Company_05243,Partner,Retail,SMB,Singapore,New
5244,2024-05-09,Company_05244,Outbound,Financial Services,Mid-Market,Taiwan,New
5245,2025-11-02,Company_05245,Website,Healthcare,Mid-Market,Hong Kong,New
5246,2024-10-21,Company_05246,Outbound,Professional Services,SMB,Taiwan,New
5247,2024-06-28,Company_05247,Website,Financial Services,Mid-Market,Japan,New
5248,2024-01-24,Company_05248,Paid Ads,Manufacturing,SMB,Taiwan,New
5249,2025-11-20,Company_05249,Event,Healthcare,Mid-Market,Taiwan,New
5250,2025-11-14,Company_05250,Website,Retail,Mid-Market,Hong Kong,New
5251,2024-09-13,Company_05251,Partner,Retail,Mid-Market,Hong Kong,New
5252,2025-09-02,Company_05252,Referral,Manufacturing,Mid-Market,Singapore,New
5253,2024-12-18,Company_05253,Partner,Manufacturing,Mid-Market,Singapore,New
5254,2025-12-15,Company_05254,Outbound,Financial Services,Mid-Market,Japan,New
5255,2025-08-12,Company_05255,Partner,Technology,Mid-Market,Hong Kong,New
5256,2025-08-03,Company_05256,Referral,Professional Services,SMB,Japan,New
5257,2025-06-16,Company_05257,Referral,Financial Services,SMB,Hong Kong,New
5258,2024-03-09,Company_05258,Outbound,Healthcare,SMB,Hong Kong,New
5259,2024-09-03,Company_05259,Website,Manufacturing,SMB,Taiwan,New
5260,2024-03-25,Company_05260,Paid Ads,Retail,SMB,Taiwan,New
5261,2024-08-16,Company_05261,Paid Ads,Financial Services,SMB,Taiwan,New
5262,2024-05-23,Company_05262,Paid Ads,Professional Services,SMB,Singapore,New
5263,2024-07-18,Company_05263,Paid Ads,Healthcare,Mid-Market,Japan,New
5264,2025-10-17,Company_05264,Referral,Healthcare,SMB,Singapore,New
5265,2025-04-15,Company_05265,Outbound,Healthcare,Enterprise,Japan,New
5266,2024-11-26,Company_05266,Outbound,Technology,SMB,Japan,New
5267,2024-09-03,Company_05267,Outbound,Manufacturing,SMB,Singapore,New
5268,2025-06-08,Company_05268,Website,Technology,SMB,Hong Kong,New
5269,2025-12-27,Company_05269,Website,Technology,Mid-Market,Singapore,New
5270,2024-09-09,Company_05270,Partner,Healthcare,Mid-Market,Singapore,New
5271,2025-07-01,Company_05271,Paid Ads,Healthcare,SMB,Taiwan,New
5272,2025-01-28,Company_05272,Website,Healthcare,Mid-Market,Hong Kong,New
5273,2024-01-16,Company_05273,Website,Retail,SMB,Taiwan,New
5274,2024-09-01,Company_05274,Event,Retail,SMB,Japan,New
5275,2025-09-27,Company_05275,Outbound,Professional Services,Mid-Market,Singapore,New
5276,2024-07-04,Company_05276,Partner,Technology,SMB,Japan,New
5277,2025-06-21,Company_05277,Paid Ads,Technology,SMB,Japan,New
5278,2025-09-11,Company_05278,Paid Ads,Retail,Enterprise,Taiwan,New
5279,2025-03-29,Company_05279,Website,Healthcare,SMB,Japan,New
5280,2025-09-06,Company_05280,Website,Retail,SMB,Taiwan,New
5281,2025-02-21,Company_05281,Paid Ads,Retail,Enterprise,Singapore,New
5282,2025-12-01,Company_05282,Website,Retail,Enterprise,Hong Kong,New
5283,2025-09-10,Company_05283,Website,Technology,SMB,Japan,New
5284,2024-12-29,Company_05284,Outbound,Retail,SMB,Japan,New
5285,2025-08-23,Company_05285,Website,Technology,SMB,Singapore,New
5286,2024-01-08,Company_05286,Website,Technology,SMB,Taiwan,New
5287,2024-04-18,Company_05287,Referral,Professional Services,SMB,Singapore,New
5288,2025-09-25,Company_05288,Website,Financial Services,SMB,Taiwan,New
5289,2024-01-03,Company_05289,Website,Technology,SMB,Singapore,New
5290,2025-03-16,Company_05290,Website,Retail,SMB,Singapore,New
5291,2025-01-20,Company_05291,Outbound,Professional Services,SMB,Hong Kong,New
5292,2024-03-06,Company_05292,Referral,Manufacturing,SMB,Singapore,New
5293,2024-01-03,Company_05293,Outbound,Financial Services,Enterprise,Japan,New
5294,2024-08-20,Company_05294,Website,Manufacturing,Mid-Market,Japan,New
5295,2024-05-19,Company_05295,Outbound,Technology,Enterprise,Hong Kong,New
5296,2025-04-21,Company_05296,Partner,Financial Services,Mid-Market,Singapore,New
5297,2024-12-05,Company_05297,Paid Ads,Healthcare,Mid-Market,Japan,New
5298,2025-03-30,Company_05298,Website,Professional Services,SMB,Singapore,New
5299,2024-12-27,Company_05299,Website,Financial Services,Mid-Market,Taiwan,New
5300,2024-03-23,Company_05300,Outbound,Healthcare,SMB,Hong Kong,New
5301,2025-12-29,Company_05301,Paid Ads,Technology,SMB,Hong Kong,New
5302,2025-10-25,Company_05302,Partner,Healthcare,SMB,Taiwan,New
5303,2025-08-12,Company_05303,Website,Technology,Mid-Market,Singapore,New
5304,2025-05-03,Company_05304,Referral,Healthcare,Mid-Market,Taiwan,New
5305,2024-06-08,Company_05305,Website,Technology,Mid-Market,Hong Kong,New
5306,2025-05-04,Company_05306,Referral,Professional Services,Enterprise,Taiwan,New
5307,2025-01-30,Company_05307,Referral,Healthcare,Mid-Market,Japan,New
5308,2024-12-09,Company_05308,Website,Retail,SMB,Hong Kong,New
5309,2024-05-06,Company_05309,Referral,Financial Services,SMB,Japan,New
5310,2025-01-22,Company_05310,Outbound,Financial Services,Mid-Market,Singapore,New
5311,2025-02-28,Company_05311,Website,Healthcare,SMB,Singapore,New
5312,2024-06-04,Company_05312,Referral,Retail,SMB,Taiwan,New
5313,2024-09-07,Company_05313,Paid Ads,Manufacturing,Mid-Market,Japan,New
5314,2025-08-06,Company_05314,Outbound,Financial Services,Enterprise,Japan,New
5315,2024-09-06,Company_05315,Outbound,Technology,SMB,Singapore,New
5316,2025-03-23,Company_05316,Paid Ads,Professional Services,Mid-Market,Hong Kong,New
5317,2025-01-24,Company_05317,Referral,Retail,Enterprise,Singapore,New
5318,2024-04-15,Company_05318,Paid Ads,Financial Services,SMB,Hong Kong,New
5319,2025-02-26,Company_05319,Paid Ads,Technology,Enterprise,Singapore,New
5320,2024-08-03,Company_05320,Partner,Retail,SMB,Taiwan,New
5321,2024-10-08,Company_05321,Outbound,Technology,Mid-Market,Singapore,New
5322,2024-06-16,Company_05322,Outbound,Healthcare,SMB,Hong Kong,New
5323,2025-03-31,Company_05323,Partner,Retail,Enterprise,Singapore,New
5324,2024-03-06,Company_05324,Outbound,Healthcare,SMB,Singapore,New
5325,2024-11-19,Company_05325,Partner,Retail,Enterprise,Japan,New
5326,2025-05-15,Company_05326,Event,Manufacturing,Mid-Market,Singapore,New
5327,2025-01-30,Company_05327,Referral,Healthcare,SMB,Hong Kong,New
5328,2025-06-07,Company_05328,Website,Healthcare,SMB,Singapore,New
5329,2025-08-14,Company_05329,Website,Manufacturing,Mid-Market,Taiwan,New
5330,2024-11-10,Company_05330,Paid Ads,Retail,SMB,Hong Kong,New
5331,2025-08-15,Company_05331,Website,Financial Services,SMB,Hong Kong,New
5332,2025-06-30,Company_05332,Partner,Technology,SMB,Taiwan,New
5333,2025-03-07,Company_05333,Outbound,Healthcare,Enterprise,Hong Kong,New
5334,2024-07-02,Company_05334,Referral,Retail,Mid-Market,Taiwan,New
5335,2025-09-20,Company_05335,Paid Ads,Retail,SMB,Singapore,New
5336,2024-05-21,Company_05336,Website,Financial Services,SMB,Hong Kong,New
5337,2025-11-03,Company_05337,Paid Ads,Technology,SMB,Japan,New
5338,2024-10-26,Company_05338,Partner,Healthcare,Mid-Market,Taiwan,New
5339,2024-10-20,Company_05339,Partner,Healthcare,Mid-Market,Hong Kong,New
5340,2024-05-20,Company_05340,Paid Ads,Financial Services,SMB,Taiwan,New
5341,2025-04-14,Company_05341,Website,Retail,Mid-Market,Japan,New
5342,2024-04-05,Company_05342,Website,Financial Services,Mid-Market,Japan,New
5343,2024-09-05,Company_05343,Website,Professional Services,Mid-Market,Japan,New
5344,2025-12-11,Company_05344,Website,Financial Services,Mid-Market,Singapore,New
5345,2024-11-20,Company_05345,Website,Healthcare,SMB,Hong Kong,New
5346,2024-01-13,Company_05346,Paid Ads,Healthcare,Mid-Market,Japan,New
5347,2025-06-16,Company_05347,Paid Ads,Technology,SMB,Japan,New
5348,2024-06-04,Company_05348,Website,Technology,Enterprise,Singapore,New
5349,2025-05-30,Company_05349,Partner,Retail,SMB,Singapore,New
5350,2025-07-10,Company_05350,Website,Retail,SMB,Hong Kong,New
5351,2025-11-22,Company_05351,Referral,Technology,Enterprise,Japan,New
5352,2025-12-08,Company_05352,Referral,Healthcare,SMB,Taiwan,New
5353,2025-12-15,Company_05353,Website,Technology,Enterprise,Singapore,New
5354,2025-09-13,Company_05354,Partner,Healthcare,Enterprise,Japan,New
5355,2024-01-25,Company_05355,Referral,Manufacturing,Enterprise,Singapore,New
5356,2025-08-04,Company_05356,Outbound,Technology,SMB,Japan,New
5357,2024-05-29,Company_05357,Website,Manufacturing,Mid-Market,Taiwan,New
5358,2025-07-31,Company_05358,Partner,Manufacturing,SMB,Taiwan,New
5359,2024-03-20,Company_05359,Website,Manufacturing,SMB,Taiwan,New
5360,2025-05-01,Company_05360,Paid Ads,Financial Services,Mid-Market,Taiwan,New
5361,2025-07-07,Company_05361,Partner,Retail,Enterprise,Taiwan,New
5362,2024-10-19,Company_05362,Website,Technology,SMB,Taiwan,New
5363,2024-10-05,Company_05363,Website,Manufacturing,SMB,Singapore,New
5364,2024-03-18,Company_05364,Outbound,Manufacturing,SMB,Taiwan,New
5365,2024-10-08,Company_05365,Referral,Retail,SMB,Hong Kong,New
5366,2024-11-23,Company_05366,Paid Ads,Technology,SMB,Taiwan,New
5367,2024-04-15,Company_05367,Partner,Financial Services,Enterprise,Hong Kong,New
5368,2024-10-15,Company_05368,Paid Ads,Healthcare,Mid-Market,Hong Kong,New
5369,2025-07-16,Company_05369,Website,Technology,Enterprise,Taiwan,New
5370,2024-06-07,Company_05370,Partner,Professional Services,SMB,Japan,New
5371,2025-05-10,Company_05371,Outbound,Healthcare,SMB,Singapore,New
5372,2025-06-12,Company_05372,Partner,Healthcare,Enterprise,Hong Kong,New
5373,2024-04-25,Company_05373,Website,Financial Services,SMB,Hong Kong,New
5374,2025-03-25,Company_05374,Paid Ads,Professional Services,Mid-Market,Japan,New
5375,2025-11-10,Company_05375,Website,Healthcare,SMB,Taiwan,New
5376,2024-11-24,Company_05376,Partner,Manufacturing,Enterprise,Japan,New
5377,2025-01-18,Company_05377,Website,Manufacturing,Mid-Market,Taiwan,New
5378,2025-08-25,Company_05378,Paid Ads,Manufacturing,SMB,Japan,New
5379,2025-07-12,Company_05379,Paid Ads,Manufacturing,Enterprise,Japan,New
5380,2025-08-15,Company_05380,Outbound,Financial Services,SMB,Japan,New
5381,2025-02-01,Company_05381,Paid Ads,Retail,SMB,Hong Kong,New
5382,2024-12-09,Company_05382,Referral,Technology,Mid-Market,Singapore,New
5383,2025-03-11,Company_05383,Paid Ads,Healthcare,Mid-Market,Japan,New
5384,2024-01-05,Company_05384,Outbound,Retail,SMB,Singapore,New
5385,2024-07-28,Company_05385,Website,Healthcare,SMB,Hong Kong,New
5386,2025-03-16,Company_05386,Referral,Professional Services,SMB,Singapore,New
5387,2024-03-12,Company_05387,Referral,Professional Services,Mid-Market,Japan,New
5388,2024-11-23,Company_05388,Website,Financial Services,SMB,Singapore,New
5389,2025-03-12,Company_05389,Website,Retail,SMB,Hong Kong,New
5390,2024-07-14,Company_05390,Partner,Technology,SMB,Hong Kong,New
5391,2024-05-08,Company_05391,Partner,Technology,Mid-Market,Japan,New
5392,2025-07-22,Company_05392,Partner,Retail,Enterprise,Hong Kong,New
5393,2025-04-25,Company_05393,Paid Ads,Professional Services,Enterprise,Taiwan,New
5394,2024-05-03,Company_05394,Partner,Financial Services,SMB,Singapore,New
5395,2024-05-11,Company_05395,Outbound,Healthcare,Mid-Market,Hong Kong,New
5396,2024-07-22,Company_05396,Website,Financial Services,SMB,Hong Kong,New
5397,2024-03-25,Company_05397,Website,Technology,Mid-Market,Singapore,New
5398,2024-05-24,Company_05398,Website,Professional Services,SMB,Japan,New
5399,2025-11-25,Company_05399,Event,Manufacturing,Mid-Market,Hong Kong,New
5400,2025-12-09,Company_05400,Outbound,Healthcare,SMB,Hong Kong,New
5401,2024-05-03,Company_05401,Outbound,Financial Services,Mid-Market,Taiwan,New
5402,2025-01-20,Company_05402,Paid Ads,Financial Services,SMB,Hong Kong,New
5403,2025-02-16,Company_05403,Outbound,Healthcare,SMB,Hong Kong,New
5404,2025-06-20,Company_05404,Partner,Retail,SMB,Singapore,New
5405,2024-01-17,Company_05405,Website,Professional Services,SMB,Japan,New
5406,2024-10-15,Company_05406,Partner,Professional Services,SMB,Singapore,New
5407,2024-07-19,Company_05407,Outbound,Financial Services,SMB,Japan,New
5408,2024-05-10,Company_05408,Outbound,Financial Services,SMB,Singapore,New
5409,2024-09-06,Company_05409,Event,Professional Services,SMB,Taiwan,New
5410,2025-01-05,Company_05410,Outbound,Healthcare,Mid-Market,Hong Kong,New
5411,2024-02-21,Company_05411,Outbound,Manufacturing,SMB,Taiwan,New
5412,2024-03-25,Company_05412,Partner,Manufacturing,SMB,Taiwan,New
5413,2024-02-14,Company_05413,Website,Professional Services,Mid-Market,Japan,New
5414,2025-03-05,Company_05414,Website,Financial Services,SMB,Hong Kong,New
5415,2024-12-23,Company_05415,Referral,Professional Services,SMB,Singapore,New
5416,2025-04-24,Company_05416,Partner,Financial Services,SMB,Japan,New
5417,2024-08-13,Company_05417,Paid Ads,Financial Services,SMB,Japan,New
5418,2025-01-01,Company_05418,Paid Ads,Technology,Mid-Market,Taiwan,New
5419,2024-10-17,Company_05419,Referral,Healthcare,Mid-Market,Singapore,New
5420,2025-01-28,Company_05420,Website,Professional Services,SMB,Hong Kong,New
5421,2025-10-10,Company_05421,Paid Ads,Manufacturing,Mid-Market,Japan,New
5422,2024-06-08,Company_05422,Website,Retail,SMB,Hong Kong,New
5423,2025-12-10,Company_05423,Website,Professional Services,SMB,Singapore,New
5424,2024-05-29,Company_05424,Outbound,Retail,SMB,Singapore,New
5425,2024-09-27,Company_05425,Partner,Financial Services,Enterprise,Hong Kong,New
5426,2025-11-16,Company_05426,Website,Technology,SMB,Taiwan,New
5427,2025-12-06,Company_05427,Partner,Professional Services,Mid-Market,Taiwan,New
5428,2025-07-13,Company_05428,Paid Ads,Technology,SMB,Hong Kong,New
5429,2024-01-18,Company_05429,Paid Ads,Financial Services,SMB,Singapore,New
5430,2024-10-13,Company_05430,Website,Retail,SMB,Taiwan,New
5431,2025-02-14,Company_05431,Event,Retail,Mid-Market,Japan,New
5432,2024-08-28,Company_05432,Paid Ads,Healthcare,Mid-Market,Japan,New
5433,2025-01-25,Company_05433,Referral,Retail,Mid-Market,Taiwan,New
5434,2024-02-29,Company_05434,Website,Technology,Mid-Market,Japan,New
5435,2024-03-08,Company_05435,Referral,Financial Services,SMB,Taiwan,New
5436,2024-11-13,Company_05436,Partner,Financial Services,Enterprise,Japan,New
5437,2025-06-23,Company_05437,Referral,Retail,SMB,Singapore,New
5438,2024-03-07,Company_05438,Paid Ads,Financial Services,Mid-Market,Taiwan,New
5439,2025-09-28,Company_05439,Outbound,Technology,Enterprise,Japan,New
5440,2025-10-10,Company_05440,Paid Ads,Healthcare,SMB,Hong Kong,New
5441,2025-02-07,Company_05441,Website,Professional Services,SMB,Taiwan,New
5442,2024-05-23,Company_05442,Event,Professional Services,Mid-Market,Taiwan,New
5443,2024-12-23,Company_05443,Partner,Financial Services,SMB,Hong Kong,New
5444,2025-12-15,Company_05444,Event,Healthcare,Mid-Market,Singapore,New
5445,2024-08-13,Company_05445,Website,Technology,SMB,Singapore,New
5446,2025-11-28,Company_05446,Referral,Retail,Mid-Market,Japan,New
5447,2024-01-09,Company_05447,Partner,Healthcare,SMB,Japan,New
5448,2025-09-11,Company_05448,Paid Ads,Financial Services,SMB,Japan,New
5449,2024-04-06,Company_05449,Referral,Technology,Mid-Market,Japan,New
5450,2025-11-14,Company_05450,Paid Ads,Retail,SMB,Hong Kong,New
5451,2024-12-30,Company_05451,Referral,Professional Services,SMB,Hong Kong,New
5452,2025-03-13,Company_05452,Paid Ads,Technology,SMB,Hong Kong,New
5453,2025-02-11,Company_05453,Partner,Retail,Mid-Market,Japan,New
5454,2025-02-22,Company_05454,Partner,Healthcare,SMB,Singapore,New
5455,2024-01-26,Company_05455,Website,Professional Services,SMB,Japan,New
5456,2025-04-15,Company_05456,Partner,Retail,Mid-Market,Japan,New
5457,2025-03-11,Company_05457,Paid Ads,Healthcare,SMB,Taiwan,New
5458,2025-08-06,Company_05458,Outbound,Retail,SMB,Hong Kong,New
5459,2024-03-28,Company_05459,Partner,Manufacturing,SMB,Taiwan,New
5460,2025-04-19,Company_05460,Website,Financial Services,SMB,Singapore,New
5461,2025-08-02,Company_05461,Referral,Retail,SMB,Hong Kong,New
5462,2025-05-06,Company_05462,Paid Ads,Healthcare,SMB,Hong Kong,New
5463,2025-01-24,Company_05463,Website,Financial Services,Mid-Market,Singapore,New
5464,2025-06-28,Company_05464,Website,Technology,Enterprise,Singapore,New
5465,2024-05-07,Company_05465,Outbound,Technology,Enterprise,Hong Kong,New
5466,2024-12-03,Company_05466,Paid Ads,Financial Services,SMB,Taiwan,New
5467,2024-05-22,Company_05467,Referral,Manufacturing,Enterprise,Singapore,New
5468,2024-04-05,Company_05468,Referral,Healthcare,SMB,Taiwan,New
5469,2024-11-11,Company_05469,Referral,Technology,SMB,Singapore,New
5470,2024-02-14,Company_05470,Website,Financial Services,SMB,Singapore,New
5471,2025-08-31,Company_05471,Outbound,Retail,SMB,Hong Kong,New
5472,2025-07-28,Company_05472,Outbound,Healthcare,SMB,Hong Kong,New
5473,2024-02-20,Company_05473,Referral,Professional Services,SMB,Japan,New
5474,2025-08-26,Company_05474,Website,Technology,SMB,Japan,New
5475,2024-12-14,Company_05475,Referral,Technology,Mid-Market,Hong Kong,New
5476,2025-10-02,Company_05476,Website,Manufacturing,SMB,Taiwan,New
5477,2025-02-15,Company_05477,Outbound,Financial Services,SMB,Japan,New
5478,2024-06-14,Company_05478,Website,Retail,SMB,Japan,New
5479,2024-05-01,Company_05479,Referral,Technology,SMB,Taiwan,New
5480,2024-01-14,Company_05480,Outbound,Healthcare,Mid-Market,Taiwan,New
5481,2024-05-19,Company_05481,Outbound,Retail,Enterprise,Hong Kong,New
5482,2024-05-22,Company_05482,Website,Financial Services,SMB,Japan,New
5483,2025-04-25,Company_05483,Partner,Professional Services,Mid-Market,Taiwan,New
5484,2025-12-15,Company_05484,Outbound,Healthcare,Enterprise,Taiwan,New
5485,2025-10-19,Company_05485,Outbound,Manufacturing,SMB,Singapore,New
5486,2025-02-21,Company_05486,Outbound,Healthcare,SMB,Hong Kong,New
5487,2025-07-09,Company_05487,Partner,Retail,SMB,Singapore,New
5488,2024-09-16,Company_05488,Partner,Retail,SMB,Taiwan,New
5489,2024-10-14,Company_05489,Paid Ads,Healthcare,Enterprise,Hong Kong,New
5490,2024-12-28,Company_05490,Partner,Financial Services,SMB,Singapore,New
5491,2025-06-02,Company_05491,Website,Manufacturing,Mid-Market,Japan,New
5492,2025-11-08,Company_05492,Partner,Manufacturing,Mid-Market,Hong Kong,New
5493,2025-10-07,Company_05493,Website,Healthcare,Mid-Market,Japan,New
5494,2025-03-20,Company_05494,Event,Manufacturing,SMB,Japan,New
5495,2024-06-06,Company_05495,Website,Professional Services,Mid-Market,Hong Kong,New
5496,2025-01-08,Company_05496,Referral,Technology,Enterprise,Singapore,New
5497,2024-09-06,Company_05497,Website,Professional Services,SMB,Japan,New
5498,2025-11-03,Company_05498,Outbound,Manufacturing,SMB,Hong Kong,New
5499,2025-09-03,Company_05499,Outbound,Financial Services,SMB,Taiwan,New
5500,2024-11-08,Company_05500,Paid Ads,Technology,SMB,Taiwan,New
5501,2025-09-02,Company_05501,Website,Manufacturing,SMB,Japan,New
5502,2024-01-09,Company_05502,Website,Retail,SMB,Japan,New
5503,2025-08-03,Company_05503,Website,Healthcare,SMB,Hong Kong,New
5504,2024-05-25,Company_05504,Outbound,Financial Services,SMB,Singapore,New
5505,2025-11-13,Company_05505,Referral,Professional Services,SMB,Taiwan,New
5506,2024-03-05,Company_05506,Paid Ads,Manufacturing,Mid-Market,Singapore,New
5507,2024-04-22,Company_05507,Paid Ads,Professional Services,SMB,Taiwan,New
5508,2024-11-03,Company_05508,Event,Technology,Mid-Market,Taiwan,New
5509,2024-11-15,Company_05509,Website,Retail,Enterprise,Japan,New
5510,2025-04-20,Company_05510,Referral,Professional Services,Mid-Market,Japan,New
5511,2024-08-17,Company_05511,Outbound,Financial Services,Enterprise,Singapore,New
5512,2024-07-11,Company_05512,Website,Professional Services,Mid-Market,Taiwan,New
5513,2024-04-24,Company_05513,Website,Professional Services,SMB,Taiwan,New
5514,2024-10-08,Company_05514,Event,Retail,SMB,Japan,New
5515,2025-04-16,Company_05515,Outbound,Retail,Mid-Market,Hong Kong,New
5516,2024-07-06,Company_05516,Outbound,Manufacturing,SMB,Taiwan,New
5517,2025-06-20,Company_05517,Paid Ads,Retail,SMB,Singapore,New
5518,2024-12-22,Company_05518,Website,Technology,SMB,Hong Kong,New
5519,2024-02-11,Company_05519,Outbound,Professional Services,SMB,Japan,New
5520,2024-11-27,Company_05520,Website,Healthcare,Mid-Market,Singapore,New
5521,2024-12-18,Company_05521,Outbound,Manufacturing,Mid-Market,Japan,New
5522,2025-12-06,Company_05522,Paid Ads,Technology,Enterprise,Hong Kong,New
5523,2024-05-18,Company_05523,Paid Ads,Financial Services,Mid-Market,Hong Kong,New
5524,2025-04-11,Company_05524,Website,Healthcare,SMB,Taiwan,New
5525,2024-05-23,Company_05525,Outbound,Professional Services,SMB,Hong Kong,New
5526,2025-01-18,Company_05526,Event,Professional Services,Mid-Market,Japan,New
5527,2025-03-11,Company_05527,Website,Technology,SMB,Hong Kong,New
5528,2024-01-30,Company_05528,Referral,Financial Services,SMB,Hong Kong,New
5529,2025-02-05,Company_05529,Website,Financial Services,Mid-Market,Taiwan,New
5530,2025-03-10,Company_05530,Referral,Technology,Mid-Market,Hong Kong,New
5531,2024-09-03,Company_05531,Website,Retail,Enterprise,Singapore,New
5532,2024-03-16,Company_05532,Paid Ads,Healthcare,Enterprise,Singapore,New
5533,2024-12-09,Company_05533,Website,Manufacturing,Mid-Market,Japan,New
5534,2024-05-08,Company_05534,Partner,Professional Services,Mid-Market,Hong Kong,New
5535,2024-08-21,Company_05535,Outbound,Technology,Enterprise,Japan,New
5536,2024-10-14,Company_05536,Outbound,Financial Services,Enterprise,Taiwan,New
5537,2024-11-11,Company_05537,Referral,Technology,Mid-Market,Japan,New
5538,2024-02-28,Company_05538,Website,Financial Services,Mid-Market,Hong Kong,New
5539,2024-10-31,Company_05539,Paid Ads,Professional Services,SMB,Japan,New
5540,2024-08-31,Company_05540,Website,Manufacturing,SMB,Singapore,New
5541,2025-01-14,Company_05541,Paid Ads,Healthcare,SMB,Taiwan,New
5542,2024-04-22,Company_05542,Outbound,Manufacturing,Mid-Market,Singapore,New
5543,2025-10-05,Company_05543,Website,Technology,SMB,Japan,New
5544,2025-10-24,Company_05544,Website,Healthcare,Enterprise,Singapore,New
5545,2024-08-18,Company_05545,Partner,Technology,Enterprise,Japan,New
5546,2025-11-11,Company_05546,Event,Healthcare,SMB,Taiwan,New
5547,2024-11-24,Company_05547,Website,Retail,Mid-Market,Taiwan,New
5548,2025-11-20,Company_05548,Partner,Financial Services,SMB,Singapore,New
5549,2024-03-06,Company_05549,Partner,Retail,Enterprise,Taiwan,New
5550,2025-03-13,Company_05550,Website,Financial Services,SMB,Taiwan,New
5551,2025-05-30,Company_05551,Paid Ads,Financial Services,SMB,Taiwan,New
5552,2025-08-30,Company_05552,Referral,Healthcare,Mid-Market,Taiwan,New
5553,2024-11-25,Company_05553,Paid Ads,Professional Services,SMB,Hong Kong,New
5554,2024-04-26,Company_05554,Outbound,Manufacturing,SMB,Hong Kong,New
5555,2025-05-14,Company_05555,Website,Professional Services,SMB,Taiwan,New
5556,2025-01-17,Company_05556,Partner,Technology,SMB,Singapore,New
5557,2024-02-22,Company_05557,Website,Retail,SMB,Hong Kong,New
5558,2025-06-17,Company_05558,Website,Healthcare,Mid-Market,Taiwan,New
5559,2024-08-06,Company_05559,Outbound,Manufacturing,Mid-Market,Taiwan,New
5560,2024-06-23,Company_05560,Referral,Financial Services,SMB,Hong Kong,New
5561,2024-02-18,Company_05561,Website,Technology,SMB,Japan,New
5562,2024-10-06,Company_05562,Paid Ads,Professional Services,SMB,Singapore,New
5563,2024-10-31,Company_05563,Referral,Financial Services,Mid-Market,Japan,New
5564,2024-09-02,Company_05564,Outbound,Financial Services,SMB,Taiwan,New
5565,2024-03-18,Company_05565,Partner,Financial Services,Mid-Market,Hong Kong,New
5566,2024-06-25,Company_05566,Website,Manufacturing,SMB,Japan,New
5567,2024-10-14,Company_05567,Paid Ads,Technology,SMB,Japan,New
5568,2024-06-01,Company_05568,Website,Retail,SMB,Japan,New
5569,2025-01-05,Company_05569,Outbound,Retail,SMB,Japan,New
5570,2025-12-02,Company_05570,Outbound,Professional Services,SMB,Taiwan,New
5571,2025-10-14,Company_05571,Paid Ads,Healthcare,Mid-Market,Japan,New
5572,2025-07-04,Company_05572,Referral,Professional Services,Mid-Market,Hong Kong,New
5573,2024-09-08,Company_05573,Outbound,Financial Services,SMB,Singapore,New
5574,2025-10-25,Company_05574,Paid Ads,Healthcare,SMB,Taiwan,New
5575,2024-01-24,Company_05575,Paid Ads,Technology,SMB,Taiwan,New
5576,2024-02-21,Company_05576,Event,Technology,SMB,Hong Kong,New
5577,2024-09-04,Company_05577,Website,Manufacturing,Enterprise,Taiwan,New
5578,2025-10-31,Company_05578,Outbound,Financial Services,SMB,Japan,New
5579,2024-08-09,Company_05579,Paid Ads,Financial Services,SMB,Taiwan,New
5580,2025-08-21,Company_05580,Outbound,Financial Services,SMB,Singapore,New
5581,2025-01-05,Company_05581,Website,Manufacturing,SMB,Hong Kong,New
5582,2024-05-25,Company_05582,Referral,Manufacturing,SMB,Taiwan,New
5583,2025-09-06,Company_05583,Website,Healthcare,SMB,Japan,New
5584,2025-03-25,Company_05584,Paid Ads,Professional Services,Mid-Market,Hong Kong,New
5585,2024-05-24,Company_05585,Outbound,Retail,Mid-Market,Hong Kong,New
5586,2024-04-19,Company_05586,Website,Healthcare,Mid-Market,Hong Kong,New
5587,2025-03-27,Company_05587,Referral,Technology,SMB,Hong Kong,New
5588,2024-07-31,Company_05588,Paid Ads,Retail,SMB,Hong Kong,New
5589,2024-10-20,Company_05589,Outbound,Technology,SMB,Japan,New
5590,2024-08-10,Company_05590,Outbound,Professional Services,Mid-Market,Singapore,New
5591,2025-11-14,Company_05591,Paid Ads,Technology,SMB,Hong Kong,New
5592,2025-01-25,Company_05592,Website,Healthcare,SMB,Japan,New
5593,2024-01-01,Company_05593,Website,Professional Services,SMB,Hong Kong,New
5594,2025-03-02,Company_05594,Outbound,Professional Services,SMB,Taiwan,New
5595,2025-01-18,Company_05595,Website,Financial Services,SMB,Hong Kong,New
5596,2025-06-28,Company_05596,Outbound,Retail,Enterprise,Hong Kong,New
5597,2024-09-25,Company_05597,Paid Ads,Manufacturing,SMB,Hong Kong,New
5598,2025-07-05,Company_05598,Event,Healthcare,Mid-Market,Hong Kong,New
5599,2024-01-23,Company_05599,Website,Financial Services,Mid-Market,Japan,New
5600,2024-01-04,Company_05600,Website,Financial Services,SMB,Japan,New
5601,2025-02-15,Company_05601,Outbound,Professional Services,Mid-Market,Singapore,New
5602,2025-08-13,Company_05602,Event,Professional Services,Enterprise,Taiwan,New
5603,2025-11-08,Company_05603,Referral,Healthcare,Enterprise,Hong Kong,New
5604,2024-12-03,Company_05604,Referral,Manufacturing,SMB,Singapore,New
5605,2024-02-21,Company_05605,Paid Ads,Professional Services,SMB,Taiwan,New
5606,2024-03-24,Company_05606,Referral,Retail,SMB,Japan,New
5607,2024-10-14,Company_05607,Paid Ads,Financial Services,SMB,Taiwan,New
5608,2025-07-03,Company_05608,Website,Professional Services,Mid-Market,Hong Kong,New
5609,2025-10-29,Company_05609,Website,Healthcare,SMB,Hong Kong,New
5610,2025-06-22,Company_05610,Referral,Professional Services,SMB,Singapore,New
5611,2025-08-13,Company_05611,Paid Ads,Manufacturing,Mid-Market,Hong Kong,New
5612,2025-10-01,Company_05612,Referral,Manufacturing,SMB,Japan,New
5613,2024-04-19,Company_05613,Paid Ads,Technology,SMB,Hong Kong,New
5614,2024-12-09,Company_05614,Event,Manufacturing,SMB,Taiwan,New
5615,2025-07-20,Company_05615,Referral,Professional Services,SMB,Taiwan,New
5616,2025-03-19,Company_05616,Website,Retail,Mid-Market,Singapore,New
5617,2025-02-20,Company_05617,Partner,Technology,Enterprise,Japan,New
5618,2024-04-06,Company_05618,Website,Healthcare,Enterprise,Singapore,New
5619,2024-12-26,Company_05619,Paid Ads,Retail,Mid-Market,Hong Kong,New
5620,2024-04-15,Company_05620,Paid Ads,Manufacturing,Mid-Market,Japan,New
5621,2025-05-14,Company_05621,Partner,Financial Services,SMB,Japan,New
5622,2025-06-22,Company_05622,Partner,Professional Services,Mid-Market,Taiwan,New
5623,2025-02-05,Company_05623,Referral,Retail,Mid-Market,Taiwan,New
5624,2024-07-31,Company_05624,Referral,Technology,SMB,Hong Kong,New
5625,2025-05-20,Company_05625,Paid Ads,Professional Services,Mid-Market,Taiwan,New
5626,2025-02-02,Company_05626,Website,Professional Services,SMB,Taiwan,New
5627,2024-09-04,Company_05627,Website,Financial Services,Enterprise,Singapore,New
5628,2024-10-01,Company_05628,Referral,Technology,SMB,Taiwan,New
5629,2024-09-05,Company_05629,Paid Ads,Retail,Mid-Market,Singapore,New
5630,2025-01-15,Company_05630,Referral,Manufacturing,SMB,Singapore,New
5631,2025-12-12,Company_05631,Paid Ads,Retail,Mid-Market,Taiwan,New
5632,2024-06-05,Company_05632,Paid Ads,Manufacturing,Enterprise,Japan,New
5633,2025-09-10,Company_05633,Referral,Retail,Enterprise,Singapore,New
5634,2024-04-18,Company_05634,Paid Ads,Manufacturing,SMB,Japan,New
5635,2024-11-26,Company_05635,Referral,Technology,Mid-Market,Singapore,New
5636,2025-05-20,Company_05636,Partner,Retail,Enterprise,Taiwan,New
5637,2025-12-21,Company_05637,Event,Professional Services,SMB,Taiwan,New
5638,2024-05-04,Company_05638,Outbound,Healthcare,SMB,Singapore,New
5639,2025-01-01,Company_05639,Website,Retail,Mid-Market,Singapore,New
5640,2024-11-21,Company_05640,Website,Manufacturing,SMB,Taiwan,New
5641,2025-09-09,Company_05641,Website,Healthcare,Mid-Market,Singapore,New
5642,2025-09-28,Company_05642,Website,Financial Services,SMB,Singapore,New
5643,2025-01-06,Company_05643,Partner,Financial Services,SMB,Japan,New
5644,2025-10-06,Company_05644,Website,Professional Services,SMB,Japan,New
5645,2025-12-20,Company_05645,Website,Healthcare,Mid-Market,Japan,New
5646,2024-12-02,Company_05646,Outbound,Technology,SMB,Taiwan,New
5647,2024-03-09,Company_05647,Partner,Retail,Enterprise,Hong Kong,New
5648,2024-07-15,Company_05648,Partner,Healthcare,SMB,Japan,New
5649,2024-05-03,Company_05649,Paid Ads,Retail,Mid-Market,Taiwan,New
5650,2025-12-24,Company_05650,Partner,Manufacturing,SMB,Japan,New
5651,2025-10-23,Company_05651,Website,Manufacturing,SMB,Japan,New
5652,2024-03-03,Company_05652,Paid Ads,Retail,SMB,Japan,New
5653,2025-03-20,Company_05653,Paid Ads,Technology,SMB,Taiwan,New
5654,2025-10-26,Company_05654,Outbound,Manufacturing,SMB,Singapore,New
5655,2025-07-20,Company_05655,Partner,Manufacturing,SMB,Taiwan,New
5656,2024-06-10,Company_05656,Outbound,Retail,Mid-Market,Singapore,New
5657,2024-01-08,Company_05657,Outbound,Manufacturing,SMB,Singapore,New
5658,2025-12-19,Company_05658,Partner,Technology,SMB,Hong Kong,New
5659,2025-11-04,Company_05659,Website,Manufacturing,SMB,Singapore,New
5660,2024-01-09,Company_05660,Referral,Financial Services,SMB,Singapore,New
5661,2025-05-21,Company_05661,Paid Ads,Financial Services,SMB,Taiwan,New
5662,2024-07-16,Company_05662,Paid Ads,Manufacturing,SMB,Japan,New
5663,2024-11-03,Company_05663,Outbound,Technology,Mid-Market,Taiwan,New
5664,2025-06-04,Company_05664,Partner,Retail,SMB,Taiwan,New
5665,2025-11-14,Company_05665,Partner,Technology,SMB,Japan,New
5666,2024-11-21,Company_05666,Paid Ads,Financial Services,SMB,Japan,New
5667,2024-02-06,Company_05667,Referral,Retail,SMB,Hong Kong,New
5668,2025-12-29,Company_05668,Paid Ads,Financial Services,Mid-Market,Hong Kong,New
5669,2025-09-06,Company_05669,Website,Retail,Mid-Market,Japan,New
5670,2024-08-25,Company_05670,Referral,Technology,Mid-Market,Taiwan,New
5671,2024-03-07,Company_05671,Referral,Financial Services,Mid-Market,Japan,New
5672,2025-09-15,Company_05672,Outbound,Financial Services,Mid-Market,Singapore,New
5673,2024-05-09,Company_05673,Website,Professional Services,Enterprise,Singapore,New
5674,2024-01-03,Company_05674,Paid Ads,Professional Services,SMB,Japan,New
5675,2024-10-03,Company_05675,Paid Ads,Retail,Mid-Market,Japan,New
5676,2024-08-31,Company_05676,Website,Healthcare,SMB,Hong Kong,New
5677,2025-03-22,Company_05677,Partner,Manufacturing,Mid-Market,Hong Kong,New
5678,2025-01-05,Company_05678,Outbound,Retail,SMB,Japan,New
5679,2025-01-27,Company_05679,Partner,Retail,Mid-Market,Singapore,New
5680,2024-01-22,Company_05680,Paid Ads,Retail,SMB,Taiwan,New
5681,2025-08-14,Company_05681,Partner,Retail,Enterprise,Singapore,New
5682,2025-09-15,Company_05682,Website,Healthcare,Mid-Market,Taiwan,New
5683,2024-09-11,Company_05683,Referral,Financial Services,Enterprise,Hong Kong,New
5684,2024-10-17,Company_05684,Paid Ads,Manufacturing,Mid-Market,Hong Kong,New
5685,2025-02-18,Company_05685,Paid Ads,Manufacturing,SMB,Japan,New
5686,2024-01-05,Company_05686,Website,Financial Services,Mid-Market,Singapore,New
5687,2024-10-07,Company_05687,Website,Financial Services,Enterprise,Japan,New
5688,2024-10-08,Company_05688,Event,Professional Services,Mid-Market,Hong Kong,New
5689,2025-11-13,Company_05689,Paid Ads,Healthcare,SMB,Singapore,New
5690,2025-04-12,Company_05690,Website,Professional Services,SMB,Taiwan,New
5691,2025-03-19,Company_05691,Referral,Technology,Mid-Market,Hong Kong,New
5692,2024-03-25,Company_05692,Website,Retail,Mid-Market,Singapore,New
5693,2025-04-03,Company_05693,Website,Healthcare,SMB,Singapore,New
5694,2025-03-04,Company_05694,Paid Ads,Manufacturing,SMB,Singapore,New
5695,2024-03-19,Company_05695,Referral,Financial Services,SMB,Taiwan,New
5696,2025-12-03,Company_05696,Website,Healthcare,Mid-Market,Singapore,New
5697,2025-07-30,Company_05697,Partner,Professional Services,SMB,Singapore,New
5698,2025-12-11,Company_05698,Website,Manufacturing,Mid-Market,Hong Kong,New
5699,2025-08-12,Company_05699,Referral,Technology,Enterprise,Singapore,New
5700,2024-11-27,Company_05700,Outbound,Technology,Mid-Market,Hong Kong,New
5701,2025-02-22,Company_05701,Partner,Financial Services,Mid-Market,Japan,New
5702,2025-05-11,Company_05702,Paid Ads,Technology,SMB,Singapore,New
5703,2024-07-01,Company_05703,Outbound,Healthcare,SMB,Japan,New
5704,2024-12-05,Company_05704,Outbound,Technology,SMB,Taiwan,New
5705,2024-05-13,Company_05705,Paid Ads,Professional Services,Enterprise,Singapore,New
5706,2025-12-23,Company_05706,Event,Healthcare,Mid-Market,Hong Kong,New
5707,2024-11-04,Company_05707,Referral,Technology,Mid-Market,Japan,New
5708,2025-06-13,Company_05708,Referral,Financial Services,SMB,Hong Kong,New
5709,2025-07-26,Company_05709,Partner,Professional Services,SMB,Singapore,New
5710,2025-06-08,Company_05710,Paid Ads,Technology,Mid-Market,Taiwan,New
5711,2024-01-23,Company_05711,Outbound,Retail,SMB,Hong Kong,New
5712,2025-09-07,Company_05712,Paid Ads,Financial Services,Mid-Market,Taiwan,New
5713,2024-10-28,Company_05713,Referral,Financial Services,Enterprise,Japan,New
5714,2025-12-26,Company_05714,Paid Ads,Manufacturing,SMB,Hong Kong,New
5715,2024-02-19,Company_05715,Partner,Healthcare,SMB,Japan,New
5716,2024-02-22,Company_05716,Partner,Professional Services,SMB,Singapore,New
5717,2024-11-07,Company_05717,Outbound,Retail,Mid-Market,Singapore,New
5718,2025-02-16,Company_05718,Referral,Financial Services,SMB,Japan,New
5719,2024-08-26,Company_05719,Website,Technology,Mid-Market,Japan,New
5720,2024-07-19,Company_05720,Website,Healthcare,Mid-Market,Taiwan,New
5721,2025-05-03,Company_05721,Outbound,Professional Services,Enterprise,Hong Kong,New
5722,2024-08-13,Company_05722,Outbound,Healthcare,SMB,Singapore,New
5723,2025-04-17,Company_05723,Paid Ads,Healthcare,SMB,Hong Kong,New
5724,2024-05-19,Company_05724,Paid Ads,Healthcare,SMB,Singapore,New
5725,2025-12-14,Company_05725,Website,Financial Services,Enterprise,Hong Kong,New
5726,2025-05-22,Company_05726,Website,Healthcare,Enterprise,Singapore,New
5727,2025-09-19,Company_05727,Website,Manufacturing,Mid-Market,Singapore,New
5728,2025-05-29,Company_05728,Outbound,Retail,Mid-Market,Japan,New
5729,2025-04-01,Company_05729,Outbound,Manufacturing,Enterprise,Taiwan,New
5730,2024-09-02,Company_05730,Paid Ads,Healthcare,SMB,Hong Kong,New
5731,2024-10-15,Company_05731,Website,Retail,SMB,Hong Kong,New
5732,2025-03-07,Company_05732,Paid Ads,Technology,SMB,Hong Kong,New
5733,2024-12-25,Company_05733,Website,Technology,SMB,Hong Kong,New
5734,2024-07-31,Company_05734,Outbound,Retail,SMB,Taiwan,New
5735,2024-02-03,Company_05735,Referral,Technology,Mid-Market,Singapore,New
5736,2024-02-04,Company_05736,Outbound,Manufacturing,SMB,Japan,New
5737,2024-09-04,Company_05737,Outbound,Professional Services,SMB,Japan,New
5738,2025-06-21,Company_05738,Event,Manufacturing,Mid-Market,Hong Kong,New
5739,2025-01-09,Company_05739,Website,Retail,Enterprise,Japan,New
5740,2025-02-25,Company_05740,Paid Ads,Technology,Mid-Market,Taiwan,New
5741,2024-02-07,Company_05741,Website,Technology,Enterprise,Taiwan,New
5742,2024-03-12,Company_05742,Website,Retail,Mid-Market,Singapore,New
5743,2025-03-07,Company_05743,Website,Financial Services,Mid-Market,Hong Kong,New
5744,2024-11-17,Company_05744,Event,Technology,SMB,Singapore,New
5745,2025-05-29,Company_05745,Website,Healthcare,Mid-Market,Singapore,New
5746,2025-02-15,Company_05746,Paid Ads,Manufacturing,Mid-Market,Hong Kong,New
5747,2025-04-04,Company_05747,Paid Ads,Technology,SMB,Hong Kong,New
5748,2025-06-07,Company_05748,Paid Ads,Technology,SMB,Hong Kong,New
5749,2025-08-20,Company_05749,Paid Ads,Professional Services,Mid-Market,Hong Kong,New
5750,2025-07-14,Company_05750,Partner,Professional Services,Mid-Market,Singapore,New
5751,2025-12-30,Company_05751,Website,Healthcare,SMB,Singapore,New
5752,2024-01-18,Company_05752,Referral,Financial Services,SMB,Japan,New
5753,2025-12-19,Company_05753,Website,Retail,SMB,Japan,New
5754,2025-08-11,Company_05754,Outbound,Healthcare,SMB,Singapore,New
5755,2024-01-18,Company_05755,Paid Ads,Healthcare,Mid-Market,Hong Kong,New
5756,2024-06-27,Company_05756,Partner,Technology,SMB,Singapore,New
5757,2024-03-09,Company_05757,Website,Technology,SMB,Hong Kong,New
5758,2024-02-03,Company_05758,Paid Ads,Manufacturing,SMB,Japan,New
5759,2024-08-06,Company_05759,Referral,Technology,SMB,Singapore,New
5760,2024-06-20,Company_05760,Website,Manufacturing,Enterprise,Japan,New
5761,2024-01-03,Company_05761,Website,Financial Services,SMB,Taiwan,New
5762,2024-01-18,Company_05762,Partner,Professional Services,Enterprise,Japan,New
5763,2024-08-19,Company_05763,Outbound,Healthcare,Mid-Market,Singapore,New
5764,2024-03-25,Company_05764,Referral,Professional Services,Mid-Market,Hong Kong,New
5765,2025-02-27,Company_05765,Paid Ads,Healthcare,SMB,Taiwan,New
5766,2024-07-27,Company_05766,Website,Retail,Enterprise,Taiwan,New
5767,2025-06-01,Company_05767,Outbound,Technology,SMB,Singapore,New
5768,2024-07-19,Company_05768,Website,Healthcare,Mid-Market,Taiwan,New
5769,2024-12-23,Company_05769,Website,Financial Services,Enterprise,Singapore,New
5770,2025-10-15,Company_05770,Website,Technology,SMB,Singapore,New
5771,2024-12-17,Company_05771,Partner,Financial Services,SMB,Singapore,New
5772,2025-12-23,Company_05772,Partner,Technology,Enterprise,Hong Kong,New
5773,2024-12-04,Company_05773,Paid Ads,Financial Services,Mid-Market,Taiwan,New
5774,2025-01-20,Company_05774,Paid Ads,Financial Services,SMB,Japan,New
5775,2024-04-09,Company_05775,Referral,Manufacturing,SMB,Taiwan,New
5776,2025-07-14,Company_05776,Partner,Technology,Mid-Market,Japan,New
5777,2025-06-29,Company_05777,Website,Manufacturing,Enterprise,Japan,New
5778,2024-09-22,Company_05778,Website,Financial Services,Enterprise,Japan,New
5779,2024-11-15,Company_05779,Partner,Technology,Mid-Market,Singapore,New
5780,2025-08-11,Company_05780,Paid Ads,Retail,Enterprise,Taiwan,New
5781,2025-08-24,Company_05781,Outbound,Technology,SMB,Singapore,New
5782,2024-06-07,Company_05782,Paid Ads,Retail,SMB,Taiwan,New
5783,2024-10-29,Company_05783,Outbound,Technology,SMB,Taiwan,New
5784,2024-12-06,Company_05784,Partner,Manufacturing,SMB,Taiwan,New
5785,2024-03-05,Company_05785,Paid Ads,Technology,SMB,Singapore,New
5786,2024-10-30,Company_05786,Website,Healthcare,SMB,Taiwan,New
5787,2024-02-18,Company_05787,Referral,Professional Services,SMB,Singapore,New
5788,2025-11-10,Company_05788,Outbound,Manufacturing,SMB,Hong Kong,New
5789,2024-08-31,Company_05789,Outbound,Manufacturing,SMB,Singapore,New
5790,2024-05-02,Company_05790,Outbound,Professional Services,Enterprise,Taiwan,New
5791,2024-05-24,Company_05791,Paid Ads,Financial Services,Enterprise,Singapore,New
5792,2024-12-15,Company_05792,Website,Healthcare,SMB,Taiwan,New
5793,2025-09-24,Company_05793,Partner,Technology,SMB,Taiwan,New
5794,2025-12-12,Company_05794,Outbound,Professional Services,SMB,Taiwan,New
5795,2024-01-18,Company_05795,Website,Professional Services,Mid-Market,Japan,New
5796,2024-06-12,Company_05796,Outbound,Retail,Mid-Market,Taiwan,New
5797,2025-02-18,Company_05797,Referral,Healthcare,Mid-Market,Japan,New
5798,2024-06-04,Company_05798,Outbound,Professional Services,Mid-Market,Singapore,New
5799,2025-10-15,Company_05799,Paid Ads,Professional Services,Mid-Market,Hong Kong,New
5800,2024-05-29,Company_05800,Website,Retail,Mid-Market,Hong Kong,New
5801,2025-08-09,Company_05801,Outbound,Professional Services,SMB,Taiwan,New
5802,2024-01-12,Company_05802,Paid Ads,Retail,SMB,Singapore,New
5803,2025-05-19,Company_05803,Website,Retail,Mid-Market,Hong Kong,New
5804,2024-02-20,Company_05804,Outbound,Retail,SMB,Taiwan,New
5805,2025-10-22,Company_05805,Outbound,Manufacturing,Mid-Market,Hong Kong,New
5806,2024-05-11,Company_05806,Website,Retail,Mid-Market,Taiwan,New
5807,2024-05-28,Company_05807,Referral,Technology,SMB,Japan,New
5808,2024-02-15,Company_05808,Paid Ads,Financial Services,Enterprise,Taiwan,New
5809,2025-12-24,Company_05809,Partner,Professional Services,Enterprise,Hong Kong,New
5810,2024-01-17,Company_05810,Outbound,Technology,SMB,Taiwan,New
5811,2024-06-26,Company_05811,Outbound,Retail,SMB,Hong Kong,New
5812,2025-01-02,Company_05812,Outbound,Healthcare,SMB,Hong Kong,New
5813,2025-12-10,Company_05813,Event,Manufacturing,SMB,Taiwan,New
5814,2024-09-20,Company_05814,Partner,Professional Services,SMB,Singapore,New
5815,2025-03-22,Company_05815,Paid Ads,Professional Services,SMB,Taiwan,New
5816,2024-04-06,Company_05816,Partner,Manufacturing,Mid-Market,Singapore,New
5817,2025-03-17,Company_05817,Outbound,Retail,SMB,Hong Kong,New
5818,2025-06-27,Company_05818,Referral,Financial Services,SMB,Hong Kong,New
5819,2024-12-21,Company_05819,Paid Ads,Financial Services,Mid-Market,Japan,New
5820,2024-03-16,Company_05820,Website,Professional Services,Enterprise,Hong Kong,New
5821,2025-10-24,Company_05821,Website,Retail,Mid-Market,Taiwan,New
5822,2024-03-31,Company_05822,Event,Professional Services,Enterprise,Hong Kong,New
5823,2024-01-10,Company_05823,Partner,Healthcare,Mid-Market,Singapore,New
5824,2025-11-12,Company_05824,Outbound,Technology,Mid-Market,Taiwan,New
5825,2024-08-07,Company_05825,Referral,Retail,SMB,Singapore,New
5826,2025-06-17,Company_05826,Referral,Manufacturing,Mid-Market,Japan,New
5827,2025-08-06,Company_05827,Website,Technology,Mid-Market,Taiwan,New
5828,2024-09-22,Company_05828,Paid Ads,Financial Services,Mid-Market,Singapore,New
5829,2024-08-26,Company_05829,Paid Ads,Retail,Mid-Market,Singapore,New
5830,2024-04-05,Company_05830,Event,Healthcare,SMB,Taiwan,New
5831,2025-07-31,Company_05831,Paid Ads,Retail,SMB,Hong Kong,New
5832,2025-05-20,Company_05832,Website,Financial Services,SMB,Hong Kong,New
5833,2025-10-03,Company_05833,Referral,Healthcare,Mid-Market,Singapore,New
5834,2025-01-24,Company_05834,Outbound,Retail,Mid-Market,Japan,New
5835,2025-01-11,Company_05835,Outbound,Professional Services,SMB,Japan,New
5836,2024-06-11,Company_05836,Referral,Retail,Mid-Market,Taiwan,New
5837,2024-04-23,Company_05837,Referral,Retail,SMB,Japan,New
5838,2024-02-12,Company_05838,Paid Ads,Financial Services,SMB,Hong Kong,New
5839,2025-07-02,Company_05839,Outbound,Professional Services,Enterprise,Hong Kong,New
5840,2025-05-11,Company_05840,Partner,Professional Services,SMB,Taiwan,New
5841,2025-09-17,Company_05841,Partner,Manufacturing,SMB,Japan,New
5842,2025-05-06,Company_05842,Event,Professional Services,SMB,Singapore,New
5843,2025-08-11,Company_05843,Paid Ads,Retail,SMB,Singapore,New
5844,2025-10-13,Company_05844,Website,Healthcare,SMB,Singapore,New
5845,2025-12-01,Company_05845,Outbound,Manufacturing,Mid-Market,Japan,New
5846,2025-05-30,Company_05846,Outbound,Healthcare,SMB,Hong Kong,New
5847,2024-10-10,Company_05847,Website,Professional Services,SMB,Singapore,New
5848,2025-06-23,Company_05848,Paid Ads,Retail,SMB,Singapore,New
5849,2024-05-03,Company_05849,Outbound,Professional Services,SMB,Hong Kong,New
5850,2025-03-10,Company_05850,Website,Retail,SMB,Hong Kong,New
5851,2024-12-30,Company_05851,Outbound,Technology,Mid-Market,Hong Kong,New
5852,2024-11-14,Company_05852,Partner,Financial Services,SMB,Hong Kong,New
5853,2024-08-31,Company_05853,Partner,Technology,Enterprise,Taiwan,New
5854,2025-08-02,Company_05854,Event,Manufacturing,Mid-Market,Japan,New
5855,2024-03-03,Company_05855,Outbound,Healthcare,Mid-Market,Taiwan,New
5856,2024-03-28,Company_05856,Outbound,Manufacturing,Mid-Market,Japan,New
5857,2024-06-25,Company_05857,Partner,Retail,SMB,Singapore,New
5858,2025-07-08,Company_05858,Outbound,Retail,SMB,Japan,New
5859,2025-05-06,Company_05859,Paid Ads,Financial Services,SMB,Singapore,New
5860,2025-03-22,Company_05860,Outbound,Technology,Enterprise,Taiwan,New
5861,2024-10-08,Company_05861,Website,Retail,SMB,Singapore,New
5862,2025-07-20,Company_05862,Website,Manufacturing,Enterprise,Hong Kong,New
5863,2024-09-04,Company_05863,Paid Ads,Financial Services,SMB,Hong Kong,New
5864,2024-04-16,Company_05864,Partner,Manufacturing,SMB,Hong Kong,New
5865,2024-01-17,Company_05865,Paid Ads,Financial Services,SMB,Hong Kong,New
5866,2024-02-11,Company_05866,Referral,Healthcare,SMB,Singapore,New
5867,2025-02-16,Company_05867,Referral,Retail,SMB,Taiwan,New
5868,2025-10-06,Company_05868,Paid Ads,Retail,SMB,Singapore,New
5869,2025-10-01,Company_05869,Referral,Technology,Mid-Market,Japan,New
5870,2025-12-28,Company_05870,Referral,Manufacturing,SMB,Japan,New
5871,2025-05-28,Company_05871,Paid Ads,Technology,SMB,Taiwan,New
5872,2024-12-31,Company_05872,Event,Professional Services,Enterprise,Japan,New
5873,2025-07-24,Company_05873,Website,Technology,Mid-Market,Hong Kong,New
5874,2024-12-14,Company_05874,Partner,Financial Services,SMB,Japan,New
5875,2025-01-30,Company_05875,Website,Manufacturing,SMB,Singapore,New
5876,2025-02-11,Company_05876,Paid Ads,Financial Services,SMB,Hong Kong,New
5877,2024-01-03,Company_05877,Paid Ads,Financial Services,Mid-Market,Taiwan,New
5878,2025-05-07,Company_05878,Outbound,Technology,Mid-Market,Taiwan,New
5879,2025-09-13,Company_05879,Referral,Healthcare,SMB,Singapore,New
5880,2024-03-11,Company_05880,Website,Professional Services,Mid-Market,Singapore,New
5881,2024-04-08,Company_05881,Outbound,Financial Services,Mid-Market,Singapore,New
5882,2024-07-29,Company_05882,Outbound,Healthcare,Enterprise,Japan,New
5883,2025-06-16,Company_05883,Outbound,Retail,SMB,Singapore,New
5884,2025-11-09,Company_05884,Referral,Manufacturing,SMB,Hong Kong,New
5885,2024-12-24,Company_05885,Paid Ads,Manufacturing,Mid-Market,Taiwan,New
5886,2025-05-07,Company_05886,Website,Manufacturing,SMB,Singapore,New
5887,2025-10-26,Company_05887,Outbound,Retail,Mid-Market,Singapore,New
5888,2024-08-15,Company_05888,Event,Healthcare,SMB,Hong Kong,New
5889,2024-04-14,Company_05889,Paid Ads,Healthcare,Mid-Market,Japan,New
5890,2024-05-24,Company_05890,Outbound,Financial Services,SMB,Taiwan,New
5891,2025-05-13,Company_05891,Paid Ads,Professional Services,SMB,Taiwan,New
5892,2024-12-20,Company_05892,Website,Financial Services,SMB,Taiwan,New
5893,2024-02-22,Company_05893,Outbound,Technology,SMB,Singapore,New
5894,2025-10-20,Company_05894,Website,Healthcare,Enterprise,Singapore,New
5895,2025-09-21,Company_05895,Event,Retail,Mid-Market,Singapore,New
5896,2025-12-11,Company_05896,Referral,Retail,SMB,Singapore,New
5897,2025-04-24,Company_05897,Event,Manufacturing,SMB,Taiwan,New
5898,2024-08-16,Company_05898,Paid Ads,Professional Services,Enterprise,Hong Kong,New
5899,2024-11-12,Company_05899,Website,Financial Services,SMB,Singapore,New
5900,2025-04-23,Company_05900,Website,Professional Services,SMB,Japan,New
5901,2024-05-28,Company_05901,Referral,Manufacturing,SMB,Taiwan,New
5902,2025-11-21,Company_05902,Outbound,Manufacturing,SMB,Singapore,New
5903,2025-05-14,Company_05903,Paid Ads,Financial Services,SMB,Hong Kong,New
5904,2025-02-16,Company_05904,Website,Financial Services,Mid-Market,Singapore,New
5905,2025-10-05,Company_05905,Referral,Retail,SMB,Japan,New
5906,2024-08-06,Company_05906,Outbound,Professional Services,Mid-Market,Singapore,New
5907,2025-03-30,Company_05907,Website,Technology,SMB,Singapore,New
5908,2025-02-14,Company_05908,Outbound,Healthcare,Mid-Market,Taiwan,New
5909,2024-09-17,Company_05909,Outbound,Healthcare,Mid-Market,Hong Kong,New
5910,2025-12-11,Company_05910,Website,Manufacturing,SMB,Singapore,New
5911,2024-11-23,Company_05911,Referral,Technology,SMB,Japan,New
5912,2025-05-26,Company_05912,Partner,Manufacturing,Mid-Market,Hong Kong,New
5913,2024-02-07,Company_05913,Website,Technology,SMB,Hong Kong,New
5914,2024-04-13,Company_05914,Website,Healthcare,SMB,Taiwan,New
5915,2025-11-05,Company_05915,Outbound,Technology,SMB,Taiwan,New
5916,2025-01-27,Company_05916,Paid Ads,Professional Services,SMB,Taiwan,New
5917,2025-05-15,Company_05917,Referral,Professional Services,Mid-Market,Singapore,New
5918,2024-11-17,Company_05918,Outbound,Healthcare,Enterprise,Japan,New
5919,2024-04-22,Company_05919,Outbound,Manufacturing,Mid-Market,Japan,New
5920,2025-11-11,Company_05920,Referral,Financial Services,SMB,Hong Kong,New
5921,2025-11-24,Company_05921,Website,Retail,Mid-Market,Hong Kong,New
5922,2024-09-02,Company_05922,Paid Ads,Professional Services,Mid-Market,Hong Kong,New
5923,2024-02-16,Company_05923,Paid Ads,Healthcare,SMB,Japan,New
5924,2024-10-03,Company_05924,Outbound,Retail,SMB,Singapore,New
5925,2024-04-19,Company_05925,Outbound,Financial Services,SMB,Singapore,New
5926,2024-07-13,Company_05926,Website,Healthcare,Enterprise,Singapore,New
5927,2024-06-17,Company_05927,Paid Ads,Manufacturing,Enterprise,Japan,New
5928,2025-03-18,Company_05928,Paid Ads,Professional Services,Enterprise,Singapore,New
5929,2025-05-06,Company_05929,Outbound,Professional Services,Mid-Market,Hong Kong,New
5930,2024-03-05,Company_05930,Event,Manufacturing,SMB,Taiwan,New
5931,2024-07-19,Company_05931,Outbound,Professional Services,SMB,Taiwan,New
5932,2025-04-12,Company_05932,Outbound,Retail,Mid-Market,Hong Kong,New
5933,2025-01-08,Company_05933,Referral,Retail,SMB,Taiwan,New
5934,2025-06-09,Company_05934,Website,Manufacturing,SMB,Hong Kong,New
5935,2024-08-30,Company_05935,Partner,Healthcare,Mid-Market,Singapore,New
5936,2025-12-25,Company_05936,Outbound,Technology,SMB,Hong Kong,New
5937,2025-03-15,Company_05937,Partner,Technology,SMB,Japan,New
5938,2025-11-19,Company_05938,Website,Retail,Mid-Market,Japan,New
5939,2024-03-18,Company_05939,Website,Professional Services,SMB,Japan,New
5940,2025-01-21,Company_05940,Website,Technology,Mid-Market,Japan,New
5941,2024-12-07,Company_05941,Outbound,Manufacturing,SMB,Singapore,New
5942,2025-04-07,Company_05942,Event,Professional Services,Mid-Market,Hong Kong,New
5943,2025-01-16,Company_05943,Outbound,Retail,SMB,Singapore,New
5944,2024-10-13,Company_05944,Website,Technology,SMB,Taiwan,New
5945,2025-12-05,Company_05945,Referral,Professional Services,SMB,Japan,New
5946,2025-01-26,Company_05946,Partner,Retail,SMB,Taiwan,New
5947,2025-12-04,Company_05947,Paid Ads,Technology,SMB,Taiwan,New
5948,2025-12-07,Company_05948,Referral,Healthcare,Mid-Market,Hong Kong,New
5949,2025-06-09,Company_05949,Paid Ads,Technology,SMB,Singapore,New
5950,2025-05-23,Company_05950,Partner,Manufacturing,SMB,Japan,New
5951,2024-06-18,Company_05951,Website,Technology,SMB,Japan,New
5952,2024-07-22,Company_05952,Website,Manufacturing,Enterprise,Taiwan,New
5953,2024-04-23,Company_05953,Website,Retail,SMB,Hong Kong,New
5954,2024-01-12,Company_05954,Website,Financial Services,SMB,Hong Kong,New
5955,2024-10-25,Company_05955,Paid Ads,Healthcare,SMB,Taiwan,New
5956,2025-03-07,Company_05956,Outbound,Healthcare,SMB,Japan,New
5957,2025-04-21,Company_05957,Paid Ads,Professional Services,Mid-Market,Taiwan,New
5958,2025-05-09,Company_05958,Paid Ads,Healthcare,Mid-Market,Taiwan,New
5959,2025-10-13,Company_05959,Paid Ads,Technology,SMB,Taiwan,New
5960,2024-10-15,Company_05960,Referral,Financial Services,SMB,Taiwan,New
5961,2025-11-03,Company_05961,Website,Financial Services,SMB,Japan,New
5962,2024-02-15,Company_05962,Website,Professional Services,SMB,Singapore,New
5963,2025-11-01,Company_05963,Paid Ads,Healthcare,SMB,Hong Kong,New
5964,2025-04-23,Company_05964,Website,Financial Services,Mid-Market,Hong Kong,New
5965,2024-02-07,Company_05965,Paid Ads,Professional Services,Mid-Market,Taiwan,New
5966,2025-01-31,Company_05966,Outbound,Manufacturing,Mid-Market,Taiwan,New
5967,2025-08-01,Company_05967,Outbound,Healthcare,Mid-Market,Japan,New
5968,2024-11-01,Company_05968,Website,Professional Services,Enterprise,Hong Kong,New
5969,2025-11-30,Company_05969,Website,Financial Services,SMB,Singapore,New
5970,2025-07-26,Company_05970,Referral,Retail,SMB,Japan,New
5971,2025-08-16,Company_05971,Paid Ads,Technology,SMB,Japan,New
5972,2024-04-30,Company_05972,Event,Retail,SMB,Japan,New
5973,2025-10-14,Company_05973,Partner,Professional Services,SMB,Singapore,New
5974,2024-06-24,Company_05974,Paid Ads,Technology,SMB,Taiwan,New
5975,2025-03-09,Company_05975,Referral,Technology,Mid-Market,Hong Kong,New
5976,2025-01-10,Company_05976,Outbound,Financial Services,SMB,Japan,New
5977,2024-07-22,Company_05977,Outbound,Manufacturing,SMB,Singapore,New
5978,2024-07-15,Company_05978,Outbound,Financial Services,Mid-Market,Taiwan,New
5979,2025-02-22,Company_05979,Paid Ads,Retail,Enterprise,Singapore,New
5980,2024-03-27,Company_05980,Paid Ads,Manufacturing,Enterprise,Hong Kong,New
5981,2025-08-10,Company_05981,Website,Professional Services,Mid-Market,Taiwan,New
5982,2024-01-27,Company_05982,Partner,Professional Services,SMB,Taiwan,New
5983,2024-03-31,Company_05983,Website,Financial Services,SMB,Taiwan,New
5984,2025-08-08,Company_05984,Paid Ads,Financial Services,Enterprise,Hong Kong,New
5985,2025-08-02,Company_05985,Referral,Retail,SMB,Hong Kong,New
5986,2024-04-12,Company_05986,Paid Ads,Healthcare,SMB,Hong Kong,New
5987,2025-12-17,Company_05987,Website,Technology,SMB,Hong Kong,New
5988,2024-02-28,Company_05988,Partner,Manufacturing,SMB,Singapore,New
5989,2025-12-16,Company_05989,Paid Ads,Manufacturing,SMB,Hong Kong,New
5990,2024-09-16,Company_05990,Referral,Retail,Mid-Market,Singapore,New
5991,2024-08-01,Company_05991,Website,Healthcare,Mid-Market,Taiwan,New
5992,2025-07-24,Company_05992,Paid Ads,Healthcare,SMB,Hong Kong,New
5993,2024-03-03,Company_05993,Website,Manufacturing,SMB,Singapore,New
5994,2025-11-02,Company_05994,Outbound,Financial Services,Mid-Market,Hong Kong,New
5995,2025-11-23,Company_05995,Referral,Retail,Mid-Market,Hong Kong,New
5996,2024-08-30,Company_05996,Website,Retail,SMB,Hong Kong,New
5997,2025-04-07,Company_05997,Paid Ads,Healthcare,Enterprise,Singapore,New
5998,2024-12-14,Company_05998,Website,Technology,SMB,Singapore,New
5999,2025-06-30,Company_05999,Partner,Financial Services,SMB,Hong Kong,New
6000,2024-08-10,Company_06000,Outbound,Financial Services,SMB,Singapore,New
6001,2025-01-31,Company_06001,Website,Manufacturing,Mid-Market,Japan,New
6002,2025-05-10,Company_06002,Website,Financial Services,Mid-Market,Singapore,New
6003,2025-08-16,Company_06003,Outbound,Manufacturing,Mid-Market,Hong Kong,New
6004,2024-04-30,Company_06004,Website,Technology,SMB,Hong Kong,New
6005,2025-02-05,Company_06005,Paid Ads,Healthcare,SMB,Singapore,New
6006,2025-03-04,Company_06006,Paid Ads,Retail,SMB,Hong Kong,New
6007,2024-06-04,Company_06007,Website,Professional Services,Mid-Market,Singapore,New
6008,2025-06-03,Company_06008,Paid Ads,Professional Services,SMB,Japan,New
6009,2025-08-16,Company_06009,Website,Financial Services,SMB,Hong Kong,New
6010,2025-06-25,Company_06010,Partner,Professional Services,SMB,Hong Kong,New
6011,2025-01-23,Company_06011,Outbound,Professional Services,Mid-Market,Hong Kong,New
6012,2024-03-10,Company_06012,Website,Retail,Enterprise,Hong Kong,New
6013,2024-02-04,Company_06013,Referral,Healthcare,Enterprise,Hong Kong,New
6014,2025-03-25,Company_06014,Referral,Healthcare,SMB,Japan,New
6015,2025-08-06,Company_06015,Referral,Healthcare,SMB,Japan,New
6016,2025-05-23,Company_06016,Paid Ads,Retail,Enterprise,Hong Kong,New
6017,2024-03-12,Company_06017,Outbound,Technology,SMB,Hong Kong,New
6018,2024-09-01,Company_06018,Event,Technology,SMB,Hong Kong,New
6019,2024-06-25,Company_06019,Website,Technology,SMB,Japan,New
6020,2024-10-21,Company_06020,Website,Retail,SMB,Japan,New
6021,2024-02-23,Company_06021,Outbound,Retail,Mid-Market,Japan,New
6022,2024-09-15,Company_06022,Website,Technology,Mid-Market,Taiwan,New
6023,2025-01-21,Company_06023,Referral,Manufacturing,Mid-Market,Taiwan,New
6024,2025-02-12,Company_06024,Referral,Professional Services,SMB,Singapore,New
6025,2025-03-24,Company_06025,Referral,Healthcare,SMB,Japan,New
6026,2025-09-05,Company_06026,Paid Ads,Retail,SMB,Japan,New
6027,2025-05-08,Company_06027,Outbound,Technology,SMB,Hong Kong,New
6028,2024-09-28,Company_06028,Website,Financial Services,SMB,Hong Kong,New
6029,2024-12-14,Company_06029,Website,Technology,Enterprise,Taiwan,New
6030,2024-09-19,Company_06030,Website,Manufacturing,Enterprise,Japan,New
6031,2025-06-26,Company_06031,Outbound,Manufacturing,SMB,Hong Kong,New
6032,2025-02-24,Company_06032,Outbound,Manufacturing,Enterprise,Singapore,New
6033,2024-12-07,Company_06033,Outbound,Healthcare,Mid-Market,Hong Kong,New
6034,2025-07-17,Company_06034,Referral,Healthcare,SMB,Taiwan,New
6035,2025-11-26,Company_06035,Website,Retail,Mid-Market,Japan,New
6036,2024-06-21,Company_06036,Website,Technology,Enterprise,Taiwan,New
6037,2024-04-05,Company_06037,Referral,Professional Services,Enterprise,Hong Kong,New
6038,2025-02-28,Company_06038,Partner,Financial Services,Mid-Market,Japan,New
6039,2025-07-06,Company_06039,Outbound,Financial Services,SMB,Hong Kong,New
6040,2024-06-12,Company_06040,Partner,Financial Services,SMB,Taiwan,New
6041,2024-09-14,Company_06041,Outbound,Manufacturing,Mid-Market,Hong Kong,New
6042,2024-06-26,Company_06042,Referral,Technology,SMB,Hong Kong,New
6043,2024-11-13,Company_06043,Paid Ads,Healthcare,SMB,Japan,New
6044,2024-07-06,Company_06044,Referral,Financial Services,SMB,Taiwan,New
6045,2024-01-20,Company_06045,Paid Ads,Professional Services,SMB,Hong Kong,New
6046,2024-11-15,Company_06046,Paid Ads,Technology,SMB,Taiwan,New
6047,2024-05-30,Company_06047,Outbound,Professional Services,Mid-Market,Taiwan,New
6048,2024-03-25,Company_06048,Outbound,Healthcare,SMB,Singapore,New
6049,2024-10-05,Company_06049,Website,Manufacturing,SMB,Japan,New
6050,2025-11-05,Company_06050,Partner,Technology,SMB,Singapore,New
6051,2025-02-19,Company_06051,Paid Ads,Healthcare,SMB,Taiwan,New
6052,2024-04-10,Company_06052,Paid Ads,Healthcare,Mid-Market,Hong Kong,New
6053,2024-09-15,Company_06053,Website,Technology,SMB,Hong Kong,New
6054,2024-02-26,Company_06054,Paid Ads,Manufacturing,SMB,Japan,New
6055,2024-07-25,Company_06055,Website,Manufacturing,SMB,Hong Kong,New
6056,2024-05-25,Company_06056,Partner,Professional Services,Mid-Market,Hong Kong,New
6057,2025-07-01,Company_06057,Outbound,Technology,SMB,Taiwan,New
6058,2024-09-22,Company_06058,Paid Ads,Financial Services,SMB,Japan,New
6059,2025-02-14,Company_06059,Paid Ads,Manufacturing,Mid-Market,Singapore,New
6060,2025-05-27,Company_06060,Outbound,Financial Services,Mid-Market,Taiwan,New
6061,2024-04-07,Company_06061,Paid Ads,Professional Services,SMB,Hong Kong,New
6062,2025-05-23,Company_06062,Referral,Healthcare,Mid-Market,Taiwan,New
6063,2025-09-24,Company_06063,Website,Technology,Mid-Market,Taiwan,New
6064,2024-05-02,Company_06064,Outbound,Retail,SMB,Singapore,New
6065,2024-05-09,Company_06065,Website,Professional Services,SMB,Hong Kong,New
6066,2024-01-04,Company_06066,Outbound,Financial Services,Mid-Market,Japan,New
6067,2025-05-03,Company_06067,Referral,Financial Services,SMB,Taiwan,New
6068,2024-12-17,Company_06068,Referral,Professional Services,Enterprise,Singapore,New
6069,2024-05-07,Company_06069,Website,Retail,Mid-Market,Hong Kong,New
6070,2024-03-26,Company_06070,Website,Retail,Enterprise,Hong Kong,New
6071,2024-12-08,Company_06071,Outbound,Healthcare,SMB,Taiwan,New
6072,2024-11-13,Company_06072,Partner,Manufacturing,Mid-Market,Hong Kong,New
6073,2024-08-31,Company_06073,Referral,Retail,SMB,Singapore,New
6074,2025-09-07,Company_06074,Website,Financial Services,SMB,Taiwan,New
6075,2024-07-01,Company_06075,Paid Ads,Financial Services,Enterprise,Hong Kong,New
6076,2025-04-05,Company_06076,Website,Professional Services,SMB,Hong Kong,New
6077,2025-05-06,Company_06077,Website,Manufacturing,SMB,Singapore,New
6078,2024-07-21,Company_06078,Referral,Manufacturing,Enterprise,Hong Kong,New
6079,2025-06-15,Company_06079,Paid Ads,Financial Services,Enterprise,Hong Kong,New
6080,2025-01-05,Company_06080,Paid Ads,Manufacturing,Enterprise,Singapore,New
6081,2024-08-16,Company_06081,Partner,Professional Services,Mid-Market,Japan,New
6082,2025-09-20,Company_06082,Partner,Technology,Mid-Market,Japan,New
6083,2024-10-03,Company_06083,Partner,Professional Services,SMB,Singapore,New
6084,2024-05-08,Company_06084,Website,Financial Services,Enterprise,Taiwan,New
6085,2025-10-03,Company_06085,Website,Technology,Mid-Market,Taiwan,New
6086,2025-09-07,Company_06086,Website,Professional Services,SMB,Japan,New
6087,2025-05-04,Company_06087,Paid Ads,Manufacturing,Enterprise,Hong Kong,New
6088,2025-01-26,Company_06088,Outbound,Professional Services,Mid-Market,Japan,New
6089,2025-01-09,Company_06089,Website,Retail,Enterprise,Japan,New
6090,2025-02-26,Company_06090,Outbound,Retail,SMB,Taiwan,New
6091,2024-10-01,Company_06091,Partner,Professional Services,Enterprise,Taiwan,New
6092,2025-11-26,Company_06092,Paid Ads,Healthcare,SMB,Taiwan,New
6093,2025-04-16,Company_06093,Website,Retail,SMB,Taiwan,New
6094,2024-09-21,Company_06094,Paid Ads,Manufacturing,SMB,Taiwan,New
6095,2024-01-12,Company_06095,Referral,Financial Services,SMB,Japan,New
6096,2024-08-10,Company_06096,Event,Financial Services,SMB,Singapore,New
6097,2025-04-04,Company_06097,Outbound,Retail,SMB,Japan,New
6098,2025-10-24,Company_06098,Outbound,Financial Services,SMB,Hong Kong,New
6099,2025-12-11,Company_06099,Paid Ads,Healthcare,Mid-Market,Taiwan,New
6100,2024-12-27,Company_06100,Website,Financial Services,SMB,Japan,New
6101,2024-06-19,Company_06101,Paid Ads,Retail,Mid-Market,Hong Kong,New
6102,2024-08-29,Company_06102,Paid Ads,Technology,SMB,Japan,New
6103,2024-05-26,Company_06103,Referral,Technology,Mid-Market,Taiwan,New
6104,2025-03-18,Company_06104,Paid Ads,Healthcare,SMB,Singapore,New
6105,2024-11-04,Company_06105,Website,Financial Services,SMB,Singapore,New
6106,2024-11-21,Company_06106,Website,Technology,Mid-Market,Singapore,New
6107,2024-06-29,Company_06107,Referral,Technology,SMB,Hong Kong,New
6108,2025-09-05,Company_06108,Website,Professional Services,Mid-Market,Hong Kong,New
6109,2025-03-29,Company_06109,Event,Manufacturing,Enterprise,Japan,New
6110,2025-09-28,Company_06110,Website,Retail,Mid-Market,Hong Kong,New
6111,2025-08-24,Company_06111,Website,Manufacturing,Enterprise,Japan,New
6112,2025-12-06,Company_06112,Paid Ads,Financial Services,SMB,Japan,New
6113,2024-12-08,Company_06113,Paid Ads,Retail,Mid-Market,Taiwan,New
6114,2024-08-14,Company_06114,Website,Healthcare,SMB,Singapore,New
6115,2024-09-11,Company_06115,Referral,Professional Services,SMB,Japan,New
6116,2024-08-23,Company_06116,Paid Ads,Technology,Mid-Market,Japan,New
6117,2024-10-27,Company_06117,Outbound,Manufacturing,SMB,Singapore,New
6118,2024-07-14,Company_06118,Outbound,Healthcare,SMB,Japan,New
6119,2024-08-23,Company_06119,Paid Ads,Manufacturing,Enterprise,Hong Kong,New
6120,2024-02-19,Company_06120,Website,Retail,SMB,Taiwan,New
6121,2025-05-14,Company_06121,Outbound,Manufacturing,Enterprise,Singapore,New
6122,2025-07-01,Company_06122,Partner,Technology,Mid-Market,Singapore,New
6123,2025-10-11,Company_06123,Event,Technology,SMB,Japan,New
6124,2025-10-25,Company_06124,Outbound,Professional Services,SMB,Singapore,New
6125,2025-02-06,Company_06125,Paid Ads,Technology,Mid-Market,Japan,New
6126,2025-01-15,Company_06126,Outbound,Technology,SMB,Japan,New
6127,2025-06-06,Company_06127,Outbound,Technology,Enterprise,Taiwan,New
6128,2025-08-23,Company_06128,Website,Retail,Mid-Market,Singapore,New
6129,2024-01-22,Company_06129,Paid Ads,Professional Services,SMB,Singapore,New
6130,2025-09-17,Company_06130,Event,Technology,Mid-Market,Hong Kong,New
6131,2024-04-22,Company_06131,Paid Ads,Healthcare,Enterprise,Singapore,New
6132,2025-01-01,Company_06132,Paid Ads,Technology,Enterprise,Hong Kong,New
6133,2025-03-18,Company_06133,Outbound,Retail,Enterprise,Japan,New
6134,2024-10-11,Company_06134,Paid Ads,Technology,Mid-Market,Hong Kong,New
6135,2024-05-03,Company_06135,Outbound,Retail,Mid-Market,Taiwan,New
6136,2025-11-18,Company_06136,Outbound,Financial Services,Mid-Market,Hong Kong,New
6137,2024-08-31,Company_06137,Paid Ads,Technology,Enterprise,Taiwan,New
6138,2025-04-14,Company_06138,Paid Ads,Technology,SMB,Singapore,New
6139,2024-06-06,Company_06139,Website,Financial Services,Mid-Market,Hong Kong,New
6140,2025-05-27,Company_06140,Outbound,Professional Services,Mid-Market,Hong Kong,New
6141,2025-04-16,Company_06141,Partner,Manufacturing,SMB,Japan,New
6142,2025-12-10,Company_06142,Event,Technology,Enterprise,Taiwan,New
6143,2025-08-30,Company_06143,Website,Technology,SMB,Singapore,New
6144,2025-03-03,Company_06144,Outbound,Technology,Mid-Market,Japan,New
6145,2025-05-12,Company_06145,Outbound,Financial Services,SMB,Taiwan,New
6146,2025-07-04,Company_06146,Referral,Technology,SMB,Hong Kong,New
6147,2025-11-03,Company_06147,Website,Retail,Mid-Market,Taiwan,New
6148,2025-02-21,Company_06148,Event,Healthcare,Mid-Market,Singapore,New
6149,2024-03-31,Company_06149,Referral,Professional Services,SMB,Hong Kong,New
6150,2025-09-02,Company_06150,Website,Manufacturing,Mid-Market,Hong Kong,New
6151,2024-12-08,Company_06151,Event,Financial Services,SMB,Japan,New
6152,2025-01-24,Company_06152,Paid Ads,Financial Services,SMB,Hong Kong,New
6153,2024-06-08,Company_06153,Outbound,Retail,Mid-Market,Taiwan,New
6154,2025-11-20,Company_06154,Outbound,Manufacturing,SMB,Japan,New
6155,2025-04-14,Company_06155,Website,Healthcare,SMB,Hong Kong,New
6156,2025-06-12,Company_06156,Website,Professional Services,Mid-Market,Taiwan,New
6157,2025-06-30,Company_06157,Website,Healthcare,Mid-Market,Singapore,New
6158,2024-04-15,Company_06158,Referral,Manufacturing,Enterprise,Japan,New
6159,2025-02-25,Company_06159,Paid Ads,Technology,SMB,Hong Kong,New
6160,2024-09-26,Company_06160,Referral,Healthcare,SMB,Hong Kong,New
6161,2025-04-05,Company_06161,Paid Ads,Financial Services,SMB,Hong Kong,New
6162,2024-04-13,Company_06162,Website,Manufacturing,SMB,Taiwan,New
6163,2024-12-25,Company_06163,Outbound,Manufacturing,Mid-Market,Japan,New
6164,2024-11-06,Company_06164,Website,Technology,SMB,Hong Kong,New
6165,2024-08-02,Company_06165,Referral,Retail,SMB,Taiwan,New
6166,2024-05-17,Company_06166,Paid Ads,Manufacturing,SMB,Japan,New
6167,2024-09-02,Company_06167,Outbound,Professional Services,SMB,Japan,New
6168,2024-01-19,Company_06168,Outbound,Technology,SMB,Hong Kong,New
6169,2024-04-20,Company_06169,Referral,Retail,Mid-Market,Taiwan,New
6170,2025-01-15,Company_06170,Website,Healthcare,Mid-Market,Taiwan,New
6171,2024-04-15,Company_06171,Website,Professional Services,SMB,Singapore,New
6172,2024-10-24,Company_06172,Paid Ads,Technology,Mid-Market,Singapore,New
6173,2024-10-29,Company_06173,Referral,Technology,SMB,Taiwan,New
6174,2025-11-12,Company_06174,Referral,Financial Services,Mid-Market,Hong Kong,New
6175,2025-02-15,Company_06175,Referral,Retail,SMB,Hong Kong,New
6176,2024-05-18,Company_06176,Paid Ads,Technology,SMB,Taiwan,New
6177,2024-07-26,Company_06177,Outbound,Manufacturing,SMB,Japan,New
6178,2025-11-18,Company_06178,Website,Technology,Mid-Market,Singapore,New
6179,2024-08-16,Company_06179,Paid Ads,Financial Services,SMB,Japan,New
6180,2024-01-19,Company_06180,Paid Ads,Professional Services,SMB,Hong Kong,New
6181,2025-08-04,Company_06181,Referral,Professional Services,SMB,Singapore,New
6182,2025-02-27,Company_06182,Outbound,Retail,SMB,Hong Kong,New
6183,2025-12-10,Company_06183,Website,Technology,SMB,Hong Kong,New
6184,2024-06-09,Company_06184,Website,Retail,SMB,Singapore,New
6185,2025-10-09,Company_06185,Paid Ads,Technology,SMB,Japan,New
6186,2024-02-08,Company_06186,Website,Manufacturing,SMB,Hong Kong,New
6187,2025-04-24,Company_06187,Paid Ads,Technology,SMB,Taiwan,New
6188,2025-11-06,Company_06188,Paid Ads,Financial Services,Mid-Market,Singapore,New
6189,2024-04-14,Company_06189,Partner,Professional Services,SMB,Taiwan,New
6190,2024-12-10,Company_06190,Website,Healthcare,SMB,Taiwan,New
6191,2024-07-03,Company_06191,Website,Retail,SMB,Singapore,New
6192,2024-10-09,Company_06192,Paid Ads,Financial Services,SMB,Hong Kong,New
6193,2024-07-17,Company_06193,Paid Ads,Manufacturing,SMB,Hong Kong,New
6194,2025-09-18,Company_06194,Paid Ads,Financial Services,Mid-Market,Singapore,New
6195,2024-11-06,Company_06195,Paid Ads,Technology,SMB,Singapore,New
6196,2025-12-11,Company_06196,Referral,Manufacturing,SMB,Hong Kong,New
6197,2024-07-14,Company_06197,Outbound,Retail,Enterprise,Japan,New
6198,2025-04-18,Company_06198,Website,Manufacturing,SMB,Taiwan,New
6199,2024-04-22,Company_06199,Partner,Technology,Mid-Market,Hong Kong,New
6200,2025-11-26,Company_06200,Paid Ads,Financial Services,Mid-Market,Singapore,New
6201,2024-05-04,Company_06201,Referral,Retail,Mid-Market,Hong Kong,New
6202,2024-01-07,Company_06202,Paid Ads,Technology,SMB,Taiwan,New
6203,2025-05-28,Company_06203,Referral,Professional Services,SMB,Taiwan,New
6204,2025-08-17,Company_06204,Outbound,Financial Services,SMB,Singapore,New
6205,2025-01-22,Company_06205,Event,Professional Services,Mid-Market,Singapore,New
6206,2025-05-12,Company_06206,Paid Ads,Financial Services,Mid-Market,Japan,New
6207,2024-10-23,Company_06207,Website,Technology,SMB,Taiwan,New
6208,2024-10-14,Company_06208,Website,Technology,SMB,Taiwan,New
6209,2025-07-29,Company_06209,Referral,Manufacturing,SMB,Singapore,New
6210,2024-03-28,Company_06210,Outbound,Retail,SMB,Taiwan,New
6211,2025-03-31,Company_06211,Partner,Professional Services,SMB,Singapore,New
6212,2025-04-06,Company_06212,Website,Manufacturing,SMB,Singapore,New
6213,2024-02-18,Company_06213,Outbound,Healthcare,SMB,Singapore,New
6214,2025-11-07,Company_06214,Outbound,Healthcare,SMB,Taiwan,New
6215,2024-01-23,Company_06215,Website,Manufacturing,Mid-Market,Singapore,New
6216,2025-02-03,Company_06216,Website,Healthcare,SMB,Japan,New
6217,2025-04-13,Company_06217,Paid Ads,Healthcare,Mid-Market,Taiwan,New
6218,2025-04-10,Company_06218,Outbound,Technology,SMB,Hong Kong,New
6219,2024-09-28,Company_06219,Website,Professional Services,Mid-Market,Hong Kong,New
6220,2024-01-04,Company_06220,Referral,Retail,SMB,Taiwan,New
6221,2025-12-26,Company_06221,Website,Professional Services,Enterprise,Singapore,New
6222,2024-04-01,Company_06222,Website,Professional Services,SMB,Singapore,New
6223,2024-03-13,Company_06223,Website,Healthcare,SMB,Japan,New
6224,2025-03-12,Company_06224,Outbound,Healthcare,SMB,Taiwan,New
6225,2025-12-20,Company_06225,Referral,Technology,SMB,Hong Kong,New
6226,2024-09-04,Company_06226,Website,Technology,SMB,Hong Kong,New
6227,2025-10-21,Company_06227,Paid Ads,Healthcare,Mid-Market,Japan,New
6228,2024-11-25,Company_06228,Website,Technology,SMB,Singapore,New
6229,2024-01-22,Company_06229,Website,Healthcare,SMB,Hong Kong,New
6230,2025-04-20,Company_06230,Referral,Financial Services,SMB,Singapore,New
6231,2025-06-04,Company_06231,Website,Technology,SMB,Japan,New
6232,2025-02-19,Company_06232,Outbound,Technology,Enterprise,Hong Kong,New
6233,2025-04-24,Company_06233,Website,Technology,SMB,Japan,New
6234,2025-10-31,Company_06234,Paid Ads,Financial Services,Enterprise,Japan,New
6235,2024-07-25,Company_06235,Outbound,Technology,SMB,Taiwan,New
6236,2024-04-23,Company_06236,Partner,Technology,SMB,Hong Kong,New
6237,2024-02-23,Company_06237,Event,Manufacturing,Mid-Market,Japan,New
6238,2024-04-05,Company_06238,Website,Manufacturing,SMB,Singapore,New
6239,2024-12-08,Company_06239,Outbound,Healthcare,SMB,Japan,New
6240,2024-08-25,Company_06240,Website,Professional Services,SMB,Hong Kong,New
6241,2025-12-19,Company_06241,Partner,Manufacturing,Enterprise,Japan,New
6242,2025-08-04,Company_06242,Event,Healthcare,Mid-Market,Taiwan,New
6243,2024-08-04,Company_06243,Outbound,Manufacturing,SMB,Taiwan,New
6244,2024-02-26,Company_06244,Paid Ads,Professional Services,Mid-Market,Japan,New
6245,2025-01-28,Company_06245,Referral,Manufacturing,SMB,Hong Kong,New
6246,2024-04-24,Company_06246,Event,Financial Services,SMB,Hong Kong,New
6247,2024-08-29,Company_06247,Website,Healthcare,SMB,Singapore,New
6248,2025-03-13,Company_06248,Outbound,Retail,SMB,Hong Kong,New
6249,2024-06-04,Company_06249,Partner,Retail,Mid-Market,Singapore,New
6250,2025-06-22,Company_06250,Paid Ads,Manufacturing,Enterprise,Japan,New
6251,2025-09-28,Company_06251,Website,Healthcare,Mid-Market,Hong Kong,New
6252,2025-07-20,Company_06252,Paid Ads,Technology,SMB,Taiwan,New
6253,2024-09-04,Company_06253,Website,Retail,Mid-Market,Hong Kong,New
6254,2025-09-15,Company_06254,Paid Ads,Technology,SMB,Singapore,New
6255,2025-01-07,Company_06255,Referral,Technology,SMB,Japan,New
6256,2024-11-23,Company_06256,Paid Ads,Retail,SMB,Taiwan,New
6257,2025-02-01,Company_06257,Website,Technology,SMB,Japan,New
6258,2025-01-14,Company_06258,Outbound,Healthcare,SMB,Japan,New
6259,2025-08-29,Company_06259,Referral,Financial Services,SMB,Taiwan,New
6260,2024-10-30,Company_06260,Outbound,Professional Services,Mid-Market,Singapore,New
6261,2025-05-12,Company_06261,Website,Retail,Mid-Market,Japan,New
6262,2024-09-13,Company_06262,Outbound,Healthcare,Mid-Market,Taiwan,New
6263,2025-07-07,Company_06263,Event,Healthcare,Enterprise,Japan,New
6264,2025-01-05,Company_06264,Paid Ads,Financial Services,Mid-Market,Taiwan,New
6265,2024-12-03,Company_06265,Website,Retail,SMB,Taiwan,New
6266,2024-01-08,Company_06266,Website,Technology,Mid-Market,Taiwan,New
6267,2025-11-14,Company_06267,Outbound,Technology,SMB,Singapore,New
6268,2025-03-10,Company_06268,Website,Technology,Mid-Market,Hong Kong,New
6269,2024-07-16,Company_06269,Referral,Manufacturing,Enterprise,Taiwan,New
6270,2024-05-22,Company_06270,Partner,Retail,SMB,Japan,New
6271,2025-11-01,Company_06271,Outbound,Financial Services,Enterprise,Hong Kong,New
6272,2025-08-09,Company_06272,Referral,Professional Services,Mid-Market,Hong Kong,New
6273,2025-05-04,Company_06273,Website,Professional Services,Enterprise,Taiwan,New
6274,2024-03-03,Company_06274,Website,Manufacturing,SMB,Hong Kong,New
6275,2025-11-23,Company_06275,Partner,Healthcare,Enterprise,Japan,New
6276,2025-10-05,Company_06276,Event,Manufacturing,Enterprise,Hong Kong,New
6277,2024-03-12,Company_06277,Referral,Retail,Enterprise,Japan,New
6278,2024-05-23,Company_06278,Website,Retail,Mid-Market,Hong Kong,New
6279,2024-10-21,Company_06279,Website,Healthcare,SMB,Japan,New
6280,2024-01-30,Company_06280,Website,Healthcare,SMB,Taiwan,New
6281,2025-12-07,Company_06281,Referral,Financial Services,SMB,Japan,New
6282,2024-11-20,Company_06282,Partner,Financial Services,Mid-Market,Hong Kong,New
6283,2025-04-18,Company_06283,Paid Ads,Technology,Mid-Market,Japan,New
6284,2024-08-18,Company_06284,Outbound,Professional Services,SMB,Japan,New
6285,2025-11-05,Company_06285,Website,Manufacturing,SMB,Japan,New
6286,2025-10-12,Company_06286,Outbound,Healthcare,Enterprise,Japan,New
6287,2025-01-24,Company_06287,Partner,Retail,SMB,Singapore,New
6288,2025-09-11,Company_06288,Outbound,Financial Services,SMB,Japan,New
6289,2024-07-09,Company_06289,Paid Ads,Financial Services,SMB,Singapore,New
6290,2024-09-21,Company_06290,Paid Ads,Financial Services,SMB,Japan,New
6291,2025-10-06,Company_06291,Paid Ads,Professional Services,Mid-Market,Hong Kong,New
6292,2025-06-03,Company_06292,Website,Technology,SMB,Japan,New
6293,2024-08-14,Company_06293,Website,Manufacturing,SMB,Taiwan,New
6294,2024-11-24,Company_06294,Referral,Healthcare,SMB,Singapore,New
6295,2024-11-20,Company_06295,Outbound,Financial Services,Mid-Market,Taiwan,New
6296,2025-10-17,Company_06296,Partner,Professional Services,Enterprise,Hong Kong,New
6297,2025-06-27,Company_06297,Paid Ads,Financial Services,SMB,Singapore,New
6298,2025-08-13,Company_06298,Website,Retail,SMB,Singapore,New
6299,2025-02-03,Company_06299,Event,Healthcare,SMB,Hong Kong,New
6300,2024-07-01,Company_06300,Partner,Healthcare,SMB,Taiwan,New
6301,2024-08-09,Company_06301,Website,Manufacturing,SMB,Taiwan,New
6302,2025-07-02,Company_06302,Outbound,Retail,Mid-Market,Singapore,New
6303,2025-11-04,Company_06303,Referral,Financial Services,Enterprise,Hong Kong,New
6304,2024-08-20,Company_06304,Outbound,Financial Services,SMB,Singapore,New
6305,2025-05-15,Company_06305,Partner,Manufacturing,Mid-Market,Taiwan,New
6306,2025-07-31,Company_06306,Event,Retail,SMB,Hong Kong,New
6307,2024-10-02,Company_06307,Outbound,Technology,SMB,Japan,New
6308,2025-02-04,Company_06308,Event,Healthcare,SMB,Hong Kong,New
6309,2024-05-31,Company_06309,Event,Healthcare,Enterprise,Hong Kong,New
6310,2025-03-17,Company_06310,Website,Retail,SMB,Singapore,New
6311,2024-06-13,Company_06311,Website,Technology,Mid-Market,Taiwan,New
6312,2025-01-05,Company_06312,Paid Ads,Retail,SMB,Japan,New
6313,2025-08-14,Company_06313,Event,Professional Services,SMB,Japan,New
6314,2025-06-07,Company_06314,Paid Ads,Retail,Mid-Market,Taiwan,New
6315,2025-04-28,Company_06315,Outbound,Financial Services,SMB,Taiwan,New
6316,2024-06-24,Company_06316,Referral,Retail,Mid-Market,Singapore,New
6317,2024-10-24,Company_06317,Referral,Retail,SMB,Hong Kong,New
6318,2024-05-16,Company_06318,Website,Financial Services,SMB,Taiwan,New
6319,2025-07-17,Company_06319,Website,Financial Services,SMB,Taiwan,New
6320,2025-03-23,Company_06320,Outbound,Retail,SMB,Hong Kong,New
6321,2024-08-02,Company_06321,Referral,Manufacturing,SMB,Singapore,New
6322,2024-12-27,Company_06322,Paid Ads,Professional Services,Mid-Market,Taiwan,New
6323,2025-01-07,Company_06323,Partner,Technology,SMB,Singapore,New
6324,2025-12-06,Company_06324,Referral,Manufacturing,Mid-Market,Japan,New
6325,2025-03-15,Company_06325,Partner,Retail,Mid-Market,Taiwan,New
6326,2024-08-02,Company_06326,Paid Ads,Healthcare,SMB,Japan,New
6327,2024-11-25,Company_06327,Website,Professional Services,Mid-Market,Japan,New
6328,2024-01-03,Company_06328,Outbound,Retail,Mid-Market,Japan,New
6329,2025-10-17,Company_06329,Website,Healthcare,SMB,Japan,New
6330,2025-08-11,Company_06330,Website,Healthcare,Mid-Market,Japan,New
6331,2025-07-27,Company_06331,Website,Financial Services,SMB,Hong Kong,New
6332,2025-12-27,Company_06332,Paid Ads,Technology,SMB,Hong Kong,New
6333,2025-09-18,Company_06333,Paid Ads,Financial Services,SMB,Singapore,New
6334,2024-01-10,Company_06334,Website,Technology,SMB,Singapore,New
6335,2024-09-15,Company_06335,Website,Technology,SMB,Hong Kong,New
6336,2025-02-04,Company_06336,Website,Healthcare,SMB,Singapore,New
6337,2024-10-24,Company_06337,Outbound,Manufacturing,Mid-Market,Taiwan,New
6338,2024-12-03,Company_06338,Outbound,Technology,SMB,Singapore,New
6339,2024-05-26,Company_06339,Referral,Healthcare,Mid-Market,Japan,New
6340,2025-06-12,Company_06340,Website,Retail,SMB,Taiwan,New
6341,2025-01-02,Company_06341,Website,Technology,Mid-Market,Hong Kong,New
6342,2025-09-22,Company_06342,Referral,Professional Services,SMB,Japan,New
6343,2024-05-05,Company_06343,Paid Ads,Retail,Mid-Market,Singapore,New
6344,2024-06-12,Company_06344,Outbound,Professional Services,SMB,Taiwan,New
6345,2024-11-28,Company_06345,Referral,Financial Services,SMB,Hong Kong,New
6346,2025-10-25,Company_06346,Paid Ads,Manufacturing,SMB,Singapore,New
6347,2024-02-28,Company_06347,Event,Professional Services,SMB,Hong Kong,New
6348,2024-06-27,Company_06348,Partner,Professional Services,Enterprise,Japan,New
6349,2025-09-02,Company_06349,Paid Ads,Technology,SMB,Singapore,New
6350,2024-06-11,Company_06350,Outbound,Manufacturing,SMB,Hong Kong,New
6351,2024-07-04,Company_06351,Paid Ads,Professional Services,SMB,Japan,New
6352,2025-02-15,Company_06352,Website,Technology,Enterprise,Singapore,New
6353,2025-06-28,Company_06353,Referral,Retail,SMB,Singapore,New
6354,2025-06-30,Company_06354,Partner,Financial Services,SMB,Hong Kong,New
6355,2024-04-30,Company_06355,Outbound,Healthcare,SMB,Singapore,New
6356,2024-05-14,Company_06356,Website,Retail,SMB,Singapore,New
6357,2025-12-09,Company_06357,Outbound,Professional Services,Mid-Market,Japan,New
6358,2024-02-16,Company_06358,Paid Ads,Manufacturing,Mid-Market,Hong Kong,New
6359,2024-11-24,Company_06359,Paid Ads,Financial Services,Mid-Market,Taiwan,New
6360,2024-04-19,Company_06360,Outbound,Healthcare,Enterprise,Japan,New
6361,2024-01-19,Company_06361,Outbound,Manufacturing,SMB,Japan,New
6362,2025-03-28,Company_06362,Partner,Manufacturing,Mid-Market,Taiwan,New
6363,2024-03-30,Company_06363,Event,Technology,SMB,Singapore,New
6364,2025-06-27,Company_06364,Referral,Technology,Mid-Market,Taiwan,New
6365,2024-12-22,Company_06365,Outbound,Retail,SMB,Japan,New
6366,2024-07-25,Company_06366,Paid Ads,Financial Services,Mid-Market,Hong Kong,New
6367,2024-03-03,Company_06367,Website,Financial Services,SMB,Hong Kong,New
6368,2025-03-19,Company_06368,Outbound,Technology,SMB,Japan,New
6369,2024-01-08,Company_06369,Outbound,Healthcare,SMB,Taiwan,New
6370,2024-04-29,Company_06370,Outbound,Professional Services,Mid-Market,Hong Kong,New
6371,2025-08-14,Company_06371,Partner,Financial Services,SMB,Taiwan,New
6372,2025-10-10,Company_06372,Partner,Manufacturing,Mid-Market,Taiwan,New
6373,2024-08-13,Company_06373,Website,Professional Services,SMB,Singapore,New
6374,2024-05-29,Company_06374,Referral,Professional Services,Mid-Market,Hong Kong,New
6375,2025-06-08,Company_06375,Outbound,Financial Services,Mid-Market,Singapore,New
6376,2024-08-28,Company_06376,Event,Healthcare,SMB,Japan,New
6377,2024-02-22,Company_06377,Outbound,Financial Services,SMB,Taiwan,New
6378,2025-04-26,Company_06378,Website,Financial Services,SMB,Singapore,New
6379,2024-10-10,Company_06379,Paid Ads,Professional Services,Enterprise,Singapore,New
6380,2024-11-13,Company_06380,Website,Technology,SMB,Japan,New
6381,2025-03-12,Company_06381,Website,Professional Services,Mid-Market,Singapore,New
6382,2024-10-18,Company_06382,Outbound,Manufacturing,Mid-Market,Singapore,New
6383,2025-08-04,Company_06383,Website,Healthcare,SMB,Singapore,New
6384,2024-09-12,Company_06384,Paid Ads,Professional Services,Enterprise,Japan,New
6385,2025-09-17,Company_06385,Referral,Professional Services,Mid-Market,Taiwan,New
6386,2025-04-18,Company_06386,Outbound,Professional Services,Mid-Market,Hong Kong,New
6387,2025-01-07,Company_06387,Referral,Manufacturing,SMB,Japan,New
6388,2025-11-19,Company_06388,Paid Ads,Healthcare,Mid-Market,Taiwan,New
6389,2025-01-22,Company_06389,Paid Ads,Manufacturing,Enterprise,Japan,New
6390,2024-11-09,Company_06390,Outbound,Healthcare,Mid-Market,Japan,New
6391,2024-02-28,Company_06391,Event,Professional Services,Mid-Market,Hong Kong,New
6392,2025-04-21,Company_06392,Event,Technology,Enterprise,Japan,New
6393,2024-11-19,Company_06393,Outbound,Professional Services,Mid-Market,Hong Kong,New
6394,2025-06-04,Company_06394,Referral,Healthcare,Mid-Market,Japan,New
6395,2024-07-14,Company_06395,Website,Professional Services,SMB,Singapore,New
6396,2024-01-14,Company_06396,Website,Retail,SMB,Singapore,New
6397,2024-05-13,Company_06397,Event,Manufacturing,Mid-Market,Taiwan,New
6398,2024-07-10,Company_06398,Website,Retail,Enterprise,Hong Kong,New
6399,2024-11-18,Company_06399,Website,Healthcare,SMB,Singapore,New
6400,2024-05-01,Company_06400,Website,Healthcare,SMB,Taiwan,New
6401,2024-07-11,Company_06401,Website,Retail,SMB,Hong Kong,New
6402,2025-05-13,Company_06402,Website,Healthcare,Mid-Market,Singapore,New
6403,2024-02-04,Company_06403,Referral,Professional Services,SMB,Singapore,New
6404,2024-12-18,Company_06404,Outbound,Technology,Enterprise,Japan,New
6405,2024-02-07,Company_06405,Website,Technology,SMB,Taiwan,New
6406,2024-07-18,Company_06406,Paid Ads,Manufacturing,SMB,Singapore,New
6407,2025-07-31,Company_06407,Website,Healthcare,Mid-Market,Taiwan,New
6408,2024-06-12,Company_06408,Website,Financial Services,SMB,Taiwan,New
6409,2025-10-12,Company_06409,Website,Professional Services,Mid-Market,Taiwan,New
6410,2025-03-04,Company_06410,Paid Ads,Healthcare,Mid-Market,Taiwan,New
6411,2024-06-06,Company_06411,Website,Retail,Enterprise,Japan,New
6412,2025-11-02,Company_06412,Outbound,Technology,SMB,Singapore,New
6413,2024-10-17,Company_06413,Paid Ads,Professional Services,SMB,Taiwan,New
6414,2024-09-19,Company_06414,Paid Ads,Manufacturing,Mid-Market,Singapore,New
6415,2025-08-17,Company_06415,Paid Ads,Retail,Enterprise,Japan,New
6416,2025-12-23,Company_06416,Paid Ads,Technology,SMB,Hong Kong,New
6417,2025-07-05,Company_06417,Referral,Professional Services,SMB,Japan,New
6418,2024-08-25,Company_06418,Referral,Healthcare,SMB,Japan,New
6419,2025-08-13,Company_06419,Outbound,Technology,SMB,Hong Kong,New
6420,2024-02-06,Company_06420,Website,Retail,Mid-Market,Japan,New
6421,2025-02-13,Company_06421,Referral,Professional Services,Mid-Market,Japan,New
6422,2025-03-10,Company_06422,Partner,Financial Services,SMB,Japan,New
6423,2024-06-02,Company_06423,Website,Healthcare,SMB,Singapore,New
6424,2025-11-23,Company_06424,Website,Technology,SMB,Taiwan,New
6425,2025-03-18,Company_06425,Referral,Healthcare,SMB,Taiwan,New
6426,2024-12-14,Company_06426,Outbound,Retail,SMB,Japan,New
6427,2025-08-21,Company_06427,Outbound,Manufacturing,SMB,Taiwan,New
6428,2025-04-13,Company_06428,Paid Ads,Healthcare,Enterprise,Taiwan,New
6429,2025-01-26,Company_06429,Website,Technology,Mid-Market,Japan,New
6430,2025-12-03,Company_06430,Website,Professional Services,Mid-Market,Taiwan,New
6431,2025-09-02,Company_06431,Website,Healthcare,Mid-Market,Japan,New
6432,2024-04-25,Company_06432,Website,Manufacturing,SMB,Hong Kong,New
6433,2024-03-28,Company_06433,Website,Healthcare,SMB,Taiwan,New
6434,2025-07-26,Company_06434,Website,Retail,SMB,Hong Kong,New
6435,2025-03-31,Company_06435,Outbound,Retail,SMB,Taiwan,New
6436,2024-11-19,Company_06436,Website,Financial Services,SMB,Hong Kong,New
6437,2024-06-19,Company_06437,Partner,Retail,SMB,Japan,New
6438,2024-06-03,Company_06438,Website,Professional Services,SMB,Taiwan,New
6439,2024-03-22,Company_06439,Event,Retail,SMB,Taiwan,New
6440,2024-10-25,Company_06440,Website,Professional Services,SMB,Singapore,New
6441,2024-05-20,Company_06441,Outbound,Manufacturing,SMB,Taiwan,New
6442,2025-08-04,Company_06442,Paid Ads,Professional Services,Mid-Market,Hong Kong,New
6443,2024-09-28,Company_06443,Paid Ads,Professional Services,Mid-Market,Singapore,New
6444,2024-06-30,Company_06444,Paid Ads,Retail,SMB,Hong Kong,New
6445,2025-12-12,Company_06445,Website,Healthcare,SMB,Singapore,New
6446,2024-01-15,Company_06446,Paid Ads,Professional Services,Mid-Market,Singapore,New
6447,2025-03-02,Company_06447,Paid Ads,Healthcare,SMB,Taiwan,New
6448,2025-03-20,Company_06448,Website,Financial Services,SMB,Hong Kong,New
6449,2024-06-05,Company_06449,Referral,Retail,SMB,Taiwan,New
6450,2025-09-05,Company_06450,Website,Retail,Enterprise,Taiwan,New
6451,2025-12-25,Company_06451,Referral,Healthcare,SMB,Hong Kong,New
6452,2024-01-28,Company_06452,Website,Retail,Enterprise,Taiwan,New
6453,2025-10-22,Company_06453,Referral,Healthcare,SMB,Hong Kong,New
6454,2025-02-11,Company_06454,Referral,Technology,Mid-Market,Taiwan,New
6455,2025-12-07,Company_06455,Outbound,Professional Services,SMB,Singapore,New
6456,2025-04-28,Company_06456,Event,Financial Services,Mid-Market,Taiwan,New
6457,2024-05-27,Company_06457,Paid Ads,Financial Services,SMB,Taiwan,New
6458,2024-06-27,Company_06458,Outbound,Manufacturing,SMB,Singapore,New
6459,2024-08-31,Company_06459,Event,Professional Services,Mid-Market,Taiwan,New
6460,2025-02-12,Company_06460,Outbound,Technology,Mid-Market,Taiwan,New
6461,2025-09-23,Company_06461,Referral,Manufacturing,Mid-Market,Hong Kong,New
6462,2024-01-03,Company_06462,Partner,Technology,SMB,Hong Kong,New
6463,2025-05-12,Company_06463,Partner,Technology,SMB,Taiwan,New
6464,2025-05-06,Company_06464,Paid Ads,Technology,Mid-Market,Taiwan,New
6465,2025-04-27,Company_06465,Outbound,Technology,SMB,Japan,New
6466,2025-03-10,Company_06466,Event,Financial Services,SMB,Hong Kong,New
6467,2025-09-03,Company_06467,Paid Ads,Professional Services,SMB,Singapore,New
6468,2025-02-26,Company_06468,Website,Technology,SMB,Taiwan,New
6469,2024-04-03,Company_06469,Website,Financial Services,Enterprise,Taiwan,New
6470,2025-11-23,Company_06470,Paid Ads,Technology,SMB,Singapore,New
6471,2024-01-29,Company_06471,Outbound,Technology,SMB,Japan,New
6472,2024-12-22,Company_06472,Outbound,Financial Services,SMB,Japan,New
6473,2025-12-21,Company_06473,Outbound,Retail,SMB,Taiwan,New
6474,2025-11-21,Company_06474,Website,Healthcare,SMB,Hong Kong,New
6475,2024-10-02,Company_06475,Referral,Professional Services,Mid-Market,Singapore,New
6476,2025-10-17,Company_06476,Website,Financial Services,SMB,Hong Kong,New
6477,2024-11-12,Company_06477,Website,Retail,SMB,Hong Kong,New
6478,2025-11-10,Company_06478,Outbound,Financial Services,Mid-Market,Singapore,New
6479,2025-11-16,Company_06479,Referral,Technology,SMB,Hong Kong,New
6480,2024-10-18,Company_06480,Website,Professional Services,SMB,Singapore,New
6481,2024-02-10,Company_06481,Partner,Professional Services,Enterprise,Taiwan,New
6482,2024-07-11,Company_06482,Website,Financial Services,Mid-Market,Hong Kong,New
6483,2025-03-09,Company_06483,Outbound,Healthcare,Mid-Market,Hong Kong,New
6484,2025-01-23,Company_06484,Referral,Professional Services,Mid-Market,Hong Kong,New
6485,2024-01-05,Company_06485,Outbound,Manufacturing,SMB,Taiwan,New
6486,2025-04-13,Company_06486,Paid Ads,Professional Services,SMB,Singapore,New
6487,2025-06-17,Company_06487,Website,Professional Services,SMB,Taiwan,New
6488,2024-10-08,Company_06488,Website,Financial Services,SMB,Taiwan,New
6489,2024-08-04,Company_06489,Event,Manufacturing,SMB,Japan,New
6490,2024-10-17,Company_06490,Outbound,Professional Services,SMB,Singapore,New
6491,2024-09-28,Company_06491,Paid Ads,Financial Services,Mid-Market,Hong Kong,New
6492,2024-08-02,Company_06492,Website,Manufacturing,Mid-Market,Singapore,New
6493,2024-05-28,Company_06493,Event,Professional Services,Mid-Market,Taiwan,New
6494,2024-04-29,Company_06494,Website,Technology,Enterprise,Singapore,New
6495,2025-12-10,Company_06495,Partner,Financial Services,SMB,Hong Kong,New
6496,2025-06-07,Company_06496,Referral,Professional Services,Enterprise,Singapore,New
6497,2025-09-02,Company_06497,Website,Retail,SMB,Singapore,New
6498,2025-08-13,Company_06498,Paid Ads,Financial Services,Mid-Market,Taiwan,New
6499,2025-11-05,Company_06499,Paid Ads,Professional Services,SMB,Singapore,New
6500,2025-12-10,Company_06500,Partner,Financial Services,SMB,Taiwan,New
6501,2024-06-08,Company_06501,Website,Healthcare,SMB,Singapore,New
6502,2025-09-22,Company_06502,Event,Healthcare,Mid-Market,Japan,New
6503,2024-01-09,Company_06503,Paid Ads,Manufacturing,SMB,Japan,New
6504,2025-08-11,Company_06504,Referral,Healthcare,Enterprise,Taiwan,New
6505,2025-09-16,Company_06505,Website,Technology,Enterprise,Singapore,New
6506,2025-04-26,Company_06506,Event,Manufacturing,Mid-Market,Singapore,New
6507,2025-04-02,Company_06507,Paid Ads,Technology,SMB,Japan,New
6508,2025-04-11,Company_06508,Event,Healthcare,Mid-Market,Singapore,New
6509,2025-11-29,Company_06509,Paid Ads,Retail,SMB,Hong Kong,New
6510,2024-03-21,Company_06510,Paid Ads,Healthcare,SMB,Taiwan,New
6511,2024-10-04,Company_06511,Paid Ads,Retail,Mid-Market,Japan,New
6512,2025-03-09,Company_06512,Paid Ads,Healthcare,Mid-Market,Hong Kong,New
6513,2025-08-26,Company_06513,Event,Financial Services,SMB,Hong Kong,New
6514,2024-12-04,Company_06514,Website,Manufacturing,SMB,Hong Kong,New
6515,2024-10-28,Company_06515,Event,Retail,SMB,Taiwan,New
6516,2025-09-17,Company_06516,Partner,Retail,Mid-Market,Japan,New
6517,2025-03-01,Company_06517,Event,Technology,Mid-Market,Hong Kong,New
6518,2024-07-05,Company_06518,Outbound,Manufacturing,Mid-Market,Taiwan,New
6519,2025-12-16,Company_06519,Referral,Manufacturing,SMB,Japan,New
6520,2025-06-12,Company_06520,Referral,Technology,SMB,Singapore,New
6521,2025-06-24,Company_06521,Website,Manufacturing,SMB,Japan,New
6522,2025-03-08,Company_06522,Outbound,Professional Services,SMB,Taiwan,New
6523,2024-03-12,Company_06523,Event,Healthcare,Mid-Market,Hong Kong,New
6524,2024-05-19,Company_06524,Outbound,Professional Services,Enterprise,Taiwan,New
6525,2025-04-21,Company_06525,Website,Healthcare,SMB,Singapore,New
6526,2025-06-14,Company_06526,Website,Manufacturing,Enterprise,Taiwan,New
6527,2025-01-22,Company_06527,Website,Professional Services,SMB,Singapore,New
6528,2024-09-04,Company_06528,Website,Retail,Mid-Market,Japan,New
6529,2025-10-28,Company_06529,Outbound,Healthcare,SMB,Hong Kong,New
6530,2025-10-12,Company_06530,Referral,Manufacturing,SMB,Singapore,New
6531,2025-03-04,Company_06531,Website,Technology,Mid-Market,Taiwan,New
6532,2024-05-13,Company_06532,Referral,Retail,SMB,Taiwan,New
6533,2025-05-18,Company_06533,Referral,Retail,Mid-Market,Hong Kong,New
6534,2025-07-06,Company_06534,Outbound,Technology,Enterprise,Hong Kong,New
6535,2024-03-20,Company_06535,Paid Ads,Manufacturing,SMB,Singapore,New
6536,2025-06-09,Company_06536,Paid Ads,Retail,SMB,Singapore,New
6537,2025-12-26,Company_06537,Outbound,Technology,SMB,Taiwan,New
6538,2024-06-18,Company_06538,Referral,Financial Services,Mid-Market,Japan,New
6539,2024-12-12,Company_06539,Website,Retail,Enterprise,Hong Kong,New
6540,2025-03-19,Company_06540,Referral,Manufacturing,Mid-Market,Singapore,New
6541,2025-02-03,Company_06541,Referral,Professional Services,Mid-Market,Singapore,New
6542,2024-06-28,Company_06542,Referral,Retail,Enterprise,Singapore,New
6543,2025-04-04,Company_06543,Partner,Manufacturing,SMB,Japan,New
6544,2024-03-22,Company_06544,Outbound,Professional Services,SMB,Hong Kong,New
6545,2024-04-03,Company_06545,Outbound,Retail,SMB,Japan,New
6546,2024-01-18,Company_06546,Website,Healthcare,Enterprise,Hong Kong,New
6547,2024-10-27,Company_06547,Website,Healthcare,Enterprise,Hong Kong,New
6548,2025-07-12,Company_06548,Paid Ads,Healthcare,Enterprise,Singapore,New
6549,2024-07-09,Company_06549,Paid Ads,Financial Services,SMB,Hong Kong,New
6550,2024-01-30,Company_06550,Outbound,Retail,SMB,Hong Kong,New
6551,2025-04-04,Company_06551,Referral,Manufacturing,SMB,Taiwan,New
6552,2024-01-08,Company_06552,Paid Ads,Professional Services,SMB,Japan,New
6553,2024-09-29,Company_06553,Referral,Manufacturing,Mid-Market,Singapore,New
6554,2025-05-06,Company_06554,Website,Healthcare,SMB,Japan,New
6555,2025-04-08,Company_06555,Paid Ads,Professional Services,Mid-Market,Taiwan,New
6556,2024-09-17,Company_06556,Paid Ads,Manufacturing,SMB,Hong Kong,New
6557,2024-08-11,Company_06557,Website,Retail,Mid-Market,Japan,New
6558,2025-10-13,Company_06558,Outbound,Retail,SMB,Singapore,New
6559,2025-04-03,Company_06559,Partner,Technology,SMB,Japan,New
6560,2024-09-17,Company_06560,Website,Professional Services,Enterprise,Singapore,New
6561,2024-12-16,Company_06561,Paid Ads,Healthcare,SMB,Japan,New
6562,2025-08-15,Company_06562,Outbound,Healthcare,Mid-Market,Singapore,New
6563,2024-04-16,Company_06563,Website,Healthcare,Enterprise,Taiwan,New
6564,2025-01-03,Company_06564,Outbound,Healthcare,Mid-Market,Singapore,New
6565,2025-02-13,Company_06565,Partner,Healthcare,SMB,Hong Kong,New
6566,2024-12-17,Company_06566,Paid Ads,Technology,SMB,Singapore,New
6567,2025-06-11,Company_06567,Outbound,Manufacturing,Mid-Market,Hong Kong,New
6568,2025-05-26,Company_06568,Outbound,Retail,SMB,Japan,New
6569,2025-09-30,Company_06569,Outbound,Professional Services,SMB,Singapore,New
6570,2024-12-26,Company_06570,Referral,Professional Services,SMB,Taiwan,New
6571,2025-11-06,Company_06571,Outbound,Retail,SMB,Singapore,New
6572,2024-11-16,Company_06572,Referral,Financial Services,Mid-Market,Singapore,New
6573,2024-06-12,Company_06573,Paid Ads,Technology,SMB,Taiwan,New
6574,2025-10-13,Company_06574,Referral,Manufacturing,SMB,Taiwan,New
6575,2024-05-11,Company_06575,Partner,Technology,SMB,Japan,New
6576,2025-08-12,Company_06576,Referral,Professional Services,SMB,Hong Kong,New
6577,2024-04-03,Company_06577,Partner,Healthcare,SMB,Japan,New
6578,2024-09-10,Company_06578,Paid Ads,Financial Services,Mid-Market,Singapore,New
6579,2025-07-15,Company_06579,Outbound,Technology,SMB,Taiwan,New
6580,2024-04-29,Company_06580,Paid Ads,Retail,SMB,Singapore,New
6581,2024-07-21,Company_06581,Paid Ads,Healthcare,SMB,Hong Kong,New
6582,2025-05-17,Company_06582,Website,Healthcare,SMB,Singapore,New
6583,2025-01-25,Company_06583,Paid Ads,Healthcare,Mid-Market,Singapore,New
6584,2025-04-18,Company_06584,Outbound,Financial Services,Mid-Market,Singapore,New
6585,2024-12-27,Company_06585,Event,Manufacturing,Mid-Market,Singapore,New
6586,2025-01-11,Company_06586,Website,Manufacturing,SMB,Japan,New
6587,2025-12-05,Company_06587,Referral,Retail,Mid-Market,Taiwan,New
6588,2025-03-29,Company_06588,Website,Financial Services,SMB,Singapore,New
6589,2024-03-17,Company_06589,Referral,Financial Services,SMB,Japan,New
6590,2025-12-07,Company_06590,Paid Ads,Professional Services,Enterprise,Singapore,New
6591,2024-05-26,Company_06591,Outbound,Technology,Enterprise,Japan,New
6592,2024-03-17,Company_06592,Paid Ads,Manufacturing,SMB,Taiwan,New
6593,2025-09-16,Company_06593,Referral,Retail,SMB,Singapore,New
6594,2025-05-18,Company_06594,Website,Manufacturing,SMB,Taiwan,New
6595,2024-07-28,Company_06595,Website,Professional Services,SMB,Hong Kong,New
6596,2025-09-29,Company_06596,Partner,Healthcare,SMB,Japan,New
6597,2024-11-03,Company_06597,Event,Retail,Mid-Market,Singapore,New
6598,2025-11-30,Company_06598,Partner,Retail,Mid-Market,Taiwan,New
6599,2024-06-21,Company_06599,Outbound,Manufacturing,Enterprise,Singapore,New
6600,2024-01-10,Company_06600,Outbound,Retail,Mid-Market,Hong Kong,New
6601,2024-08-27,Company_06601,Website,Technology,Mid-Market,Taiwan,New
6602,2024-06-29,Company_06602,Outbound,Technology,Mid-Market,Taiwan,New
6603,2025-01-05,Company_06603,Outbound,Professional Services,SMB,Hong Kong,New
6604,2025-08-08,Company_06604,Paid Ads,Financial Services,SMB,Taiwan,New
6605,2024-10-16,Company_06605,Partner,Healthcare,Mid-Market,Singapore,New
6606,2024-03-31,Company_06606,Website,Professional Services,SMB,Japan,New
6607,2024-11-28,Company_06607,Paid Ads,Technology,SMB,Taiwan,New
6608,2024-04-26,Company_06608,Website,Manufacturing,Mid-Market,Japan,New
6609,2024-09-25,Company_06609,Outbound,Professional Services,SMB,Taiwan,New
6610,2024-07-25,Company_06610,Website,Professional Services,Mid-Market,Japan,New
6611,2025-04-17,Company_06611,Paid Ads,Healthcare,SMB,Hong Kong,New
6612,2024-09-01,Company_06612,Website,Retail,SMB,Taiwan,New
6613,2024-06-03,Company_06613,Website,Retail,Mid-Market,Japan,New
6614,2025-05-29,Company_06614,Website,Retail,SMB,Singapore,New
6615,2025-08-29,Company_06615,Partner,Financial Services,SMB,Taiwan,New
6616,2025-07-23,Company_06616,Referral,Financial Services,Mid-Market,Hong Kong,New
6617,2025-11-24,Company_06617,Paid Ads,Manufacturing,SMB,Taiwan,New
6618,2025-08-09,Company_06618,Website,Financial Services,Enterprise,Taiwan,New
6619,2025-06-09,Company_06619,Website,Professional Services,SMB,Singapore,New
6620,2025-02-05,Company_06620,Event,Professional Services,Mid-Market,Japan,New
6621,2024-04-06,Company_06621,Paid Ads,Retail,SMB,Hong Kong,New
6622,2025-10-03,Company_06622,Paid Ads,Technology,Enterprise,Taiwan,New
6623,2025-05-10,Company_06623,Website,Professional Services,SMB,Taiwan,New
6624,2025-09-25,Company_06624,Website,Financial Services,Mid-Market,Hong Kong,New
6625,2024-10-24,Company_06625,Website,Technology,SMB,Japan,New
6626,2024-06-11,Company_06626,Website,Retail,SMB,Singapore,New
6627,2025-08-29,Company_06627,Paid Ads,Technology,Enterprise,Taiwan,New
6628,2024-09-19,Company_06628,Partner,Healthcare,Mid-Market,Singapore,New
6629,2024-02-29,Company_06629,Outbound,Healthcare,SMB,Japan,New
6630,2025-01-01,Company_06630,Outbound,Professional Services,SMB,Japan,New
6631,2024-03-18,Company_06631,Outbound,Professional Services,SMB,Hong Kong,New
6632,2024-01-27,Company_06632,Outbound,Professional Services,SMB,Taiwan,New
6633,2024-04-05,Company_06633,Outbound,Professional Services,Mid-Market,Taiwan,New
6634,2024-11-19,Company_06634,Outbound,Professional Services,Mid-Market,Taiwan,New
6635,2024-07-11,Company_06635,Outbound,Financial Services,Mid-Market,Japan,New
6636,2024-03-02,Company_06636,Paid Ads,Healthcare,SMB,Singapore,New
6637,2025-08-31,Company_06637,Referral,Healthcare,Enterprise,Hong Kong,New
6638,2025-02-10,Company_06638,Outbound,Retail,Enterprise,Japan,New
6639,2024-09-10,Company_06639,Website,Healthcare,SMB,Hong Kong,New
6640,2024-04-20,Company_06640,Outbound,Manufacturing,SMB,Taiwan,New
6641,2024-01-28,Company_06641,Referral,Technology,SMB,Taiwan,New
6642,2025-07-26,Company_06642,Paid Ads,Retail,SMB,Singapore,New
6643,2024-08-08,Company_06643,Outbound,Healthcare,SMB,Hong Kong,New
6644,2024-10-27,Company_06644,Website,Professional Services,SMB,Japan,New
6645,2025-09-30,Company_06645,Partner,Retail,SMB,Singapore,New
6646,2025-09-06,Company_06646,Outbound,Financial Services,SMB,Japan,New
6647,2025-06-21,Company_06647,Partner,Manufacturing,Enterprise,Japan,New
6648,2025-12-03,Company_06648,Paid Ads,Manufacturing,Mid-Market,Singapore,New
6649,2024-11-19,Company_06649,Event,Technology,SMB,Taiwan,New
6650,2025-08-12,Company_06650,Event,Technology,Enterprise,Singapore,New
6651,2025-06-15,Company_06651,Partner,Retail,SMB,Japan,New
6652,2025-07-14,Company_06652,Outbound,Retail,SMB,Japan,New
6653,2024-05-28,Company_06653,Event,Financial Services,SMB,Singapore,New
6654,2025-12-12,Company_06654,Website,Manufacturing,SMB,Singapore,New
6655,2025-02-27,Company_06655,Paid Ads,Manufacturing,SMB,Hong Kong,New
6656,2025-12-29,Company_06656,Website,Healthcare,SMB,Taiwan,New
6657,2024-05-13,Company_06657,Website,Retail,SMB,Singapore,New
6658,2024-12-19,Company_06658,Partner,Financial Services,SMB,Hong Kong,New
6659,2024-02-08,Company_06659,Website,Manufacturing,SMB,Taiwan,New
6660,2025-06-09,Company_06660,Website,Professional Services,Mid-Market,Singapore,New
6661,2024-03-22,Company_06661,Paid Ads,Retail,SMB,Singapore,New
6662,2025-12-29,Company_06662,Website,Healthcare,Enterprise,Taiwan,New
6663,2025-02-28,Company_06663,Referral,Technology,SMB,Hong Kong,New
6664,2024-02-01,Company_06664,Partner,Healthcare,SMB,Japan,New
6665,2025-02-13,Company_06665,Outbound,Technology,Mid-Market,Singapore,New
6666,2024-12-13,Company_06666,Outbound,Manufacturing,SMB,Singapore,New
6667,2024-09-21,Company_06667,Website,Healthcare,SMB,Japan,New
6668,2025-01-23,Company_06668,Referral,Manufacturing,Enterprise,Japan,New
6669,2025-05-26,Company_06669,Paid Ads,Manufacturing,Mid-Market,Japan,New
6670,2024-10-24,Company_06670,Partner,Professional Services,SMB,Singapore,New
6671,2024-10-14,Company_06671,Event,Financial Services,SMB,Hong Kong,New
6672,2025-03-10,Company_06672,Website,Retail,Enterprise,Taiwan,New
6673,2024-04-04,Company_06673,Referral,Healthcare,Mid-Market,Japan,New
6674,2024-06-04,Company_06674,Paid Ads,Retail,Enterprise,Hong Kong,New
6675,2025-08-24,Company_06675,Paid Ads,Manufacturing,Mid-Market,Taiwan,New
6676,2025-10-29,Company_06676,Partner,Healthcare,Mid-Market,Japan,New
6677,2025-02-03,Company_06677,Outbound,Retail,SMB,Taiwan,New
6678,2025-08-17,Company_06678,Paid Ads,Professional Services,Mid-Market,Taiwan,New
6679,2025-08-22,Company_06679,Website,Technology,Mid-Market,Taiwan,New
6680,2025-02-20,Company_06680,Outbound,Manufacturing,SMB,Taiwan,New
6681,2024-03-12,Company_06681,Website,Professional Services,Mid-Market,Taiwan,New
6682,2024-09-03,Company_06682,Website,Financial Services,Mid-Market,Singapore,New
6683,2024-07-12,Company_06683,Partner,Healthcare,Mid-Market,Taiwan,New
6684,2024-01-16,Company_06684,Outbound,Retail,Mid-Market,Singapore,New
6685,2025-12-30,Company_06685,Outbound,Manufacturing,Enterprise,Taiwan,New
6686,2024-11-08,Company_06686,Outbound,Financial Services,Enterprise,Singapore,New
6687,2024-10-18,Company_06687,Referral,Healthcare,SMB,Singapore,New
6688,2024-10-27,Company_06688,Website,Technology,Enterprise,Hong Kong,New
6689,2025-12-13,Company_06689,Outbound,Manufacturing,Mid-Market,Japan,New
6690,2025-05-01,Company_06690,Paid Ads,Financial Services,SMB,Taiwan,New
6691,2024-04-24,Company_06691,Paid Ads,Professional Services,Enterprise,Taiwan,New
6692,2025-10-25,Company_06692,Event,Retail,SMB,Hong Kong,New
6693,2025-08-16,Company_06693,Outbound,Manufacturing,Mid-Market,Singapore,New
6694,2025-08-22,Company_06694,Website,Manufacturing,Mid-Market,Hong Kong,New
6695,2025-12-29,Company_06695,Website,Retail,Mid-Market,Hong Kong,New
6696,2024-10-12,Company_06696,Partner,Financial Services,Mid-Market,Taiwan,New
6697,2025-12-04,Company_06697,Event,Technology,SMB,Hong Kong,New
6698,2024-01-14,Company_06698,Paid Ads,Technology,SMB,Singapore,New
6699,2025-10-13,Company_06699,Outbound,Healthcare,SMB,Taiwan,New
6700,2024-09-02,Company_06700,Website,Manufacturing,Enterprise,Singapore,New
6701,2025-07-26,Company_06701,Website,Professional Services,Enterprise,Singapore,New
6702,2024-06-26,Company_06702,Referral,Professional Services,Mid-Market,Japan,New
6703,2024-11-16,Company_06703,Outbound,Retail,Mid-Market,Japan,New
6704,2025-10-17,Company_06704,Website,Retail,Mid-Market,Hong Kong,New
6705,2025-01-02,Company_06705,Partner,Professional Services,SMB,Taiwan,New
6706,2025-11-06,Company_06706,Website,Retail,SMB,Singapore,New
6707,2025-01-22,Company_06707,Website,Healthcare,Enterprise,Hong Kong,New
6708,2024-04-08,Company_06708,Outbound,Manufacturing,SMB,Japan,New
6709,2024-03-07,Company_06709,Outbound,Healthcare,Enterprise,Singapore,New
6710,2024-03-15,Company_06710,Partner,Technology,SMB,Taiwan,New
6711,2024-04-28,Company_06711,Event,Technology,SMB,Hong Kong,New
6712,2024-09-20,Company_06712,Website,Professional Services,Mid-Market,Taiwan,New
6713,2025-08-19,Company_06713,Partner,Retail,SMB,Hong Kong,New
6714,2025-01-06,Company_06714,Outbound,Retail,Mid-Market,Singapore,New
6715,2025-05-16,Company_06715,Website,Professional Services,Mid-Market,Singapore,New
6716,2025-12-28,Company_06716,Website,Healthcare,Enterprise,Hong Kong,New
6717,2024-10-26,Company_06717,Referral,Professional Services,SMB,Taiwan,New
6718,2024-02-27,Company_06718,Paid Ads,Financial Services,Enterprise,Japan,New
6719,2024-12-14,Company_06719,Website,Manufacturing,Enterprise,Japan,New
6720,2024-03-29,Company_06720,Outbound,Professional Services,Mid-Market,Taiwan,New
6721,2025-07-17,Company_06721,Event,Retail,SMB,Taiwan,New
6722,2025-09-21,Company_06722,Paid Ads,Healthcare,SMB,Taiwan,New
6723,2024-05-31,Company_06723,Referral,Manufacturing,Enterprise,Japan,New
6724,2025-07-16,Company_06724,Event,Financial Services,Mid-Market,Singapore,New
6725,2025-04-15,Company_06725,Website,Manufacturing,SMB,Japan,New
6726,2024-04-21,Company_06726,Outbound,Technology,Mid-Market,Japan,New
6727,2025-11-30,Company_06727,Event,Healthcare,SMB,Taiwan,New
6728,2025-04-02,Company_06728,Website,Retail,SMB,Taiwan,New
6729,2025-06-24,Company_06729,Referral,Professional Services,SMB,Hong Kong,New
6730,2025-08-16,Company_06730,Website,Technology,SMB,Taiwan,New
6731,2025-08-07,Company_06731,Event,Financial Services,SMB,Singapore,New
6732,2025-08-31,Company_06732,Website,Professional Services,Mid-Market,Hong Kong,New
6733,2024-11-07,Company_06733,Referral,Healthcare,Enterprise,Japan,New
6734,2025-09-22,Company_06734,Paid Ads,Technology,Enterprise,Singapore,New
6735,2025-11-20,Company_06735,Partner,Manufacturing,SMB,Hong Kong,New
6736,2024-05-16,Company_06736,Paid Ads,Healthcare,SMB,Singapore,New
6737,2024-04-01,Company_06737,Outbound,Financial Services,SMB,Taiwan,New
6738,2025-04-02,Company_06738,Event,Manufacturing,SMB,Singapore,New
6739,2024-01-04,Company_06739,Partner,Technology,SMB,Singapore,New
6740,2024-05-15,Company_06740,Outbound,Technology,SMB,Japan,New
6741,2025-02-10,Company_06741,Referral,Retail,SMB,Japan,New
6742,2025-02-02,Company_06742,Outbound,Manufacturing,SMB,Singapore,New
6743,2025-03-29,Company_06743,Website,Technology,Mid-Market,Taiwan,New
6744,2025-04-17,Company_06744,Outbound,Manufacturing,Mid-Market,Taiwan,New
6745,2025-01-25,Company_06745,Website,Technology,SMB,Singapore,New
6746,2024-05-30,Company_06746,Referral,Manufacturing,SMB,Hong Kong,New
6747,2025-01-11,Company_06747,Website,Manufacturing,Mid-Market,Japan,New
6748,2025-05-08,Company_06748,Outbound,Financial Services,Mid-Market,Taiwan,New
6749,2024-03-04,Company_06749,Outbound,Manufacturing,Mid-Market,Japan,New
6750,2025-02-13,Company_06750,Outbound,Healthcare,Mid-Market,Japan,New
6751,2024-07-17,Company_06751,Website,Healthcare,SMB,Singapore,New
6752,2024-05-12,Company_06752,Website,Manufacturing,Mid-Market,Japan,New
6753,2025-06-16,Company_06753,Website,Retail,Enterprise,Japan,New
6754,2025-05-24,Company_06754,Outbound,Retail,SMB,Japan,New
6755,2024-04-14,Company_06755,Website,Retail,Mid-Market,Taiwan,New
6756,2024-01-08,Company_06756,Referral,Financial Services,SMB,Japan,New
6757,2024-09-14,Company_06757,Partner,Technology,SMB,Hong Kong,New
6758,2024-01-12,Company_06758,Website,Retail,SMB,Japan,New
6759,2025-11-30,Company_06759,Website,Professional Services,SMB,Japan,New
6760,2025-06-30,Company_06760,Website,Healthcare,Mid-Market,Taiwan,New
6761,2024-05-10,Company_06761,Paid Ads,Healthcare,Enterprise,Taiwan,New
6762,2024-10-02,Company_06762,Paid Ads,Healthcare,SMB,Singapore,New
6763,2025-12-04,Company_06763,Outbound,Healthcare,Enterprise,Hong Kong,New
6764,2025-07-07,Company_06764,Website,Professional Services,Mid-Market,Singapore,New
6765,2025-01-13,Company_06765,Outbound,Manufacturing,SMB,Japan,New
6766,2024-04-08,Company_06766,Paid Ads,Professional Services,Mid-Market,Japan,New
6767,2025-04-19,Company_06767,Referral,Retail,SMB,Taiwan,New
6768,2024-11-26,Company_06768,Website,Retail,Mid-Market,Hong Kong,New
6769,2024-07-21,Company_06769,Referral,Financial Services,SMB,Singapore,New
6770,2025-09-23,Company_06770,Website,Professional Services,Enterprise,Japan,New
6771,2025-10-12,Company_06771,Outbound,Technology,SMB,Hong Kong,New
6772,2025-09-20,Company_06772,Partner,Healthcare,Enterprise,Japan,New
6773,2025-11-24,Company_06773,Website,Professional Services,SMB,Japan,New
6774,2024-06-17,Company_06774,Website,Financial Services,SMB,Hong Kong,New
6775,2024-12-19,Company_06775,Outbound,Technology,Mid-Market,Taiwan,New
6776,2024-05-10,Company_06776,Paid Ads,Healthcare,SMB,Hong Kong,New
6777,2025-10-15,Company_06777,Outbound,Technology,SMB,Hong Kong,New
6778,2024-08-16,Company_06778,Event,Healthcare,SMB,Taiwan,New
6779,2024-10-31,Company_06779,Outbound,Financial Services,Mid-Market,Hong Kong,New
6780,2024-09-09,Company_06780,Website,Financial Services,SMB,Taiwan,New
6781,2024-01-01,Company_06781,Website,Manufacturing,SMB,Japan,New
6782,2025-04-25,Company_06782,Paid Ads,Retail,SMB,Singapore,New
6783,2025-08-02,Company_06783,Outbound,Retail,Enterprise,Hong Kong,New
6784,2024-10-29,Company_06784,Website,Professional Services,Enterprise,Japan,New
6785,2025-09-02,Company_06785,Referral,Financial Services,SMB,Singapore,New
6786,2024-01-08,Company_06786,Website,Financial Services,SMB,Singapore,New
6787,2025-02-28,Company_06787,Paid Ads,Professional Services,Mid-Market,Japan,New
6788,2024-03-17,Company_06788,Paid Ads,Financial Services,SMB,Taiwan,New
6789,2024-02-24,Company_06789,Website,Technology,SMB,Japan,New
6790,2025-04-23,Company_06790,Partner,Healthcare,Mid-Market,Japan,New
6791,2025-11-30,Company_06791,Outbound,Retail,SMB,Hong Kong,New
6792,2025-11-03,Company_06792,Outbound,Retail,Mid-Market,Japan,New
6793,2024-06-23,Company_06793,Partner,Retail,SMB,Hong Kong,New
6794,2024-10-01,Company_06794,Referral,Financial Services,Enterprise,Hong Kong,New
6795,2025-11-14,Company_06795,Paid Ads,Technology,Mid-Market,Taiwan,New
6796,2025-09-09,Company_06796,Website,Financial Services,SMB,Hong Kong,New
6797,2024-01-24,Company_06797,Outbound,Retail,Enterprise,Japan,New
6798,2025-02-27,Company_06798,Paid Ads,Healthcare,Mid-Market,Japan,New
6799,2025-11-11,Company_06799,Paid Ads,Manufacturing,Mid-Market,Singapore,New
6800,2024-04-03,Company_06800,Paid Ads,Healthcare,Mid-Market,Taiwan,New
6801,2025-09-05,Company_06801,Website,Technology,Enterprise,Singapore,New
6802,2025-12-25,Company_06802,Outbound,Manufacturing,Mid-Market,Taiwan,New
6803,2024-01-15,Company_06803,Website,Healthcare,Mid-Market,Singapore,New
6804,2025-03-04,Company_06804,Paid Ads,Financial Services,Mid-Market,Singapore,New
6805,2025-05-20,Company_06805,Outbound,Professional Services,Enterprise,Japan,New
6806,2025-07-06,Company_06806,Paid Ads,Financial Services,Enterprise,Singapore,New
6807,2024-05-13,Company_06807,Referral,Financial Services,SMB,Singapore,New
6808,2025-02-02,Company_06808,Paid Ads,Technology,Mid-Market,Hong Kong,New
6809,2025-07-09,Company_06809,Outbound,Manufacturing,Mid-Market,Hong Kong,New
6810,2024-04-02,Company_06810,Referral,Financial Services,SMB,Hong Kong,New
6811,2024-10-07,Company_06811,Website,Manufacturing,SMB,Hong Kong,New
6812,2025-06-04,Company_06812,Paid Ads,Retail,SMB,Hong Kong,New
6813,2024-06-10,Company_06813,Outbound,Technology,SMB,Taiwan,New
6814,2025-06-07,Company_06814,Partner,Professional Services,Mid-Market,Hong Kong,New
6815,2024-10-14,Company_06815,Paid Ads,Financial Services,Enterprise,Japan,New
6816,2024-09-28,Company_06816,Partner,Manufacturing,Mid-Market,Japan,New
6817,2025-01-01,Company_06817,Website,Healthcare,Mid-Market,Japan,New
6818,2024-04-24,Company_06818,Website,Technology,Mid-Market,Hong Kong,New
6819,2024-02-02,Company_06819,Outbound,Financial Services,SMB,Taiwan,New
6820,2025-06-17,Company_06820,Referral,Retail,SMB,Singapore,New
6821,2025-03-05,Company_06821,Referral,Healthcare,SMB,Singapore,New
6822,2025-08-24,Company_06822,Outbound,Retail,SMB,Singapore,New
6823,2025-03-27,Company_06823,Website,Healthcare,Mid-Market,Taiwan,New
6824,2025-11-03,Company_06824,Outbound,Technology,SMB,Japan,New
6825,2024-06-30,Company_06825,Website,Manufacturing,SMB,Japan,New
6826,2025-08-11,Company_06826,Outbound,Healthcare,Mid-Market,Singapore,New
6827,2025-07-18,Company_06827,Outbound,Professional Services,SMB,Taiwan,New
6828,2025-10-15,Company_06828,Referral,Professional Services,SMB,Singapore,New
6829,2024-05-05,Company_06829,Paid Ads,Financial Services,SMB,Japan,New
6830,2025-01-16,Company_06830,Website,Financial Services,SMB,Hong Kong,New
6831,2024-01-02,Company_06831,Website,Retail,SMB,Singapore,New
6832,2024-01-01,Company_06832,Outbound,Technology,SMB,Singapore,New
6833,2025-05-08,Company_06833,Website,Financial Services,SMB,Taiwan,New
6834,2024-03-11,Company_06834,Website,Manufacturing,Mid-Market,Hong Kong,New
6835,2024-04-06,Company_06835,Event,Technology,Enterprise,Taiwan,New
6836,2025-01-29,Company_06836,Outbound,Professional Services,Mid-Market,Singapore,New
6837,2025-09-14,Company_06837,Referral,Financial Services,SMB,Hong Kong,New
6838,2025-10-02,Company_06838,Outbound,Manufacturing,SMB,Singapore,New
6839,2024-12-10,Company_06839,Website,Technology,Mid-Market,Japan,New
6840,2025-08-13,Company_06840,Paid Ads,Healthcare,SMB,Hong Kong,New
6841,2025-11-07,Company_06841,Paid Ads,Healthcare,SMB,Taiwan,New
6842,2025-10-19,Company_06842,Paid Ads,Retail,Mid-Market,Japan,New
6843,2025-12-25,Company_06843,Website,Financial Services,Enterprise,Singapore,New
6844,2024-01-18,Company_06844,Paid Ads,Professional Services,SMB,Hong Kong,New
6845,2024-03-26,Company_06845,Website,Financial Services,SMB,Japan,New
6846,2024-03-17,Company_06846,Outbound,Manufacturing,Mid-Market,Japan,New
6847,2024-05-18,Company_06847,Website,Manufacturing,SMB,Taiwan,New
6848,2024-08-06,Company_06848,Paid Ads,Professional Services,SMB,Hong Kong,New
6849,2025-05-22,Company_06849,Paid Ads,Financial Services,SMB,Japan,New
6850,2025-04-04,Company_06850,Website,Technology,SMB,Taiwan,New
6851,2024-03-10,Company_06851,Outbound,Retail,Enterprise,Japan,New
6852,2024-02-03,Company_06852,Referral,Technology,Enterprise,Singapore,New
6853,2024-03-16,Company_06853,Paid Ads,Healthcare,Mid-Market,Japan,New
6854,2024-04-22,Company_06854,Website,Healthcare,SMB,Taiwan,New
6855,2025-07-09,Company_06855,Website,Technology,Mid-Market,Japan,New
6856,2025-11-15,Company_06856,Outbound,Retail,Enterprise,Japan,New
6857,2024-07-19,Company_06857,Website,Manufacturing,SMB,Hong Kong,New
6858,2025-08-17,Company_06858,Outbound,Retail,SMB,Japan,New
6859,2024-08-14,Company_06859,Website,Manufacturing,Mid-Market,Singapore,New
6860,2025-09-06,Company_06860,Paid Ads,Professional Services,Mid-Market,Taiwan,New
6861,2024-01-21,Company_06861,Partner,Professional Services,SMB,Taiwan,New
6862,2025-08-07,Company_06862,Outbound,Financial Services,SMB,Singapore,New
6863,2025-01-02,Company_06863,Website,Retail,SMB,Japan,New
6864,2024-02-20,Company_06864,Outbound,Healthcare,SMB,Taiwan,New
6865,2025-02-18,Company_06865,Outbound,Technology,Enterprise,Taiwan,New
6866,2024-09-16,Company_06866,Website,Healthcare,Mid-Market,Taiwan,New
6867,2025-12-09,Company_06867,Referral,Technology,SMB,Japan,New
6868,2024-10-06,Company_06868,Paid Ads,Manufacturing,SMB,Singapore,New
6869,2024-01-31,Company_06869,Outbound,Technology,Mid-Market,Singapore,New
6870,2025-05-28,Company_06870,Website,Retail,Mid-Market,Hong Kong,New
6871,2024-09-25,Company_06871,Paid Ads,Healthcare,Mid-Market,Japan,New
6872,2025-12-01,Company_06872,Referral,Financial Services,Enterprise,Singapore,New
6873,2025-08-08,Company_06873,Outbound,Healthcare,SMB,Singapore,New
6874,2024-03-21,Company_06874,Paid Ads,Professional Services,Mid-Market,Taiwan,New
6875,2024-10-24,Company_06875,Referral,Healthcare,Enterprise,Hong Kong,New
6876,2025-03-17,Company_06876,Website,Retail,Mid-Market,Singapore,New
6877,2025-04-10,Company_06877,Paid Ads,Healthcare,Mid-Market,Singapore,New
6878,2024-07-18,Company_06878,Website,Healthcare,Enterprise,Singapore,New
6879,2025-05-22,Company_06879,Website,Professional Services,SMB,Hong Kong,New
6880,2024-10-27,Company_06880,Outbound,Healthcare,Enterprise,Singapore,New
6881,2025-08-19,Company_06881,Partner,Retail,Enterprise,Hong Kong,New
6882,2024-05-12,Company_06882,Referral,Healthcare,Enterprise,Taiwan,New
6883,2024-05-03,Company_06883,Outbound,Healthcare,SMB,Hong Kong,New
6884,2025-03-21,Company_06884,Website,Retail,SMB,Japan,New
6885,2024-10-03,Company_06885,Outbound,Healthcare,Enterprise,Hong Kong,New
6886,2025-05-09,Company_06886,Outbound,Technology,SMB,Hong Kong,New
6887,2024-06-10,Company_06887,Outbound,Professional Services,SMB,Singapore,New
6888,2024-02-15,Company_06888,Website,Manufacturing,Mid-Market,Hong Kong,New
6889,2024-05-15,Company_06889,Website,Professional Services,Enterprise,Singapore,New
6890,2024-05-31,Company_06890,Website,Retail,SMB,Singapore,New
6891,2025-02-03,Company_06891,Outbound,Technology,SMB,Singapore,New
6892,2025-09-06,Company_06892,Paid Ads,Technology,SMB,Taiwan,New
6893,2025-01-05,Company_06893,Event,Technology,SMB,Japan,New
6894,2024-01-09,Company_06894,Referral,Professional Services,Enterprise,Singapore,New
6895,2024-07-22,Company_06895,Outbound,Retail,Mid-Market,Singapore,New
6896,2025-01-15,Company_06896,Partner,Technology,SMB,Japan,New
6897,2024-10-22,Company_06897,Outbound,Retail,SMB,Taiwan,New
6898,2024-01-07,Company_06898,Referral,Retail,Enterprise,Singapore,New
6899,2024-09-21,Company_06899,Partner,Retail,Mid-Market,Singapore,New
6900,2025-12-16,Company_06900,Referral,Technology,SMB,Taiwan,New
6901,2025-07-05,Company_06901,Partner,Healthcare,SMB,Singapore,New
6902,2025-12-12,Company_06902,Partner,Retail,Mid-Market,Hong Kong,New
6903,2025-05-08,Company_06903,Referral,Financial Services,SMB,Singapore,New
6904,2024-02-16,Company_06904,Outbound,Technology,Enterprise,Hong Kong,New
6905,2025-06-27,Company_06905,Website,Technology,SMB,Taiwan,New
6906,2025-05-29,Company_06906,Website,Technology,Enterprise,Hong Kong,New
6907,2024-06-03,Company_06907,Partner,Retail,Enterprise,Singapore,New
6908,2025-04-19,Company_06908,Referral,Financial Services,Mid-Market,Hong Kong,New
6909,2024-08-10,Company_06909,Outbound,Manufacturing,SMB,Hong Kong,New
6910,2024-10-16,Company_06910,Outbound,Manufacturing,Enterprise,Hong Kong,New
6911,2024-08-06,Company_06911,Outbound,Manufacturing,SMB,Japan,New
6912,2024-07-19,Company_06912,Outbound,Healthcare,Mid-Market,Japan,New
6913,2024-11-18,Company_06913,Paid Ads,Professional Services,SMB,Singapore,New
6914,2024-07-26,Company_06914,Paid Ads,Technology,Enterprise,Japan,New
6915,2025-07-20,Company_06915,Website,Technology,Enterprise,Singapore,New
6916,2024-12-10,Company_06916,Paid Ads,Financial Services,Mid-Market,Japan,New
6917,2025-06-07,Company_06917,Event,Retail,SMB,Singapore,New
6918,2025-03-27,Company_06918,Paid Ads,Healthcare,SMB,Hong Kong,New
6919,2025-12-26,Company_06919,Website,Retail,SMB,Hong Kong,New
6920,2024-11-02,Company_06920,Paid Ads,Professional Services,Mid-Market,Hong Kong,New
6921,2024-03-21,Company_06921,Outbound,Retail,SMB,Hong Kong,New
6922,2024-11-16,Company_06922,Website,Professional Services,Mid-Market,Japan,New
6923,2025-02-03,Company_06923,Referral,Financial Services,SMB,Singapore,New
6924,2025-12-27,Company_06924,Website,Retail,SMB,Taiwan,New
6925,2025-05-07,Company_06925,Outbound,Professional Services,Enterprise,Taiwan,New
6926,2024-09-20,Company_06926,Outbound,Manufacturing,SMB,Taiwan,New
6927,2024-01-16,Company_06927,Outbound,Technology,SMB,Singapore,New
6928,2024-12-30,Company_06928,Website,Financial Services,SMB,Singapore,New
6929,2024-12-26,Company_06929,Outbound,Manufacturing,SMB,Japan,New
6930,2024-08-06,Company_06930,Website,Financial Services,Enterprise,Taiwan,New
6931,2024-05-05,Company_06931,Outbound,Manufacturing,SMB,Japan,New
6932,2024-10-10,Company_06932,Outbound,Healthcare,SMB,Hong Kong,New
6933,2025-09-22,Company_06933,Paid Ads,Technology,SMB,Taiwan,New
6934,2024-07-29,Company_06934,Outbound,Manufacturing,SMB,Singapore,New
6935,2025-09-06,Company_06935,Referral,Manufacturing,Mid-Market,Singapore,New
6936,2025-07-18,Company_06936,Outbound,Professional Services,SMB,Taiwan,New
6937,2025-05-02,Company_06937,Referral,Technology,Enterprise,Japan,New
6938,2024-04-28,Company_06938,Paid Ads,Financial Services,SMB,Singapore,New
6939,2024-08-10,Company_06939,Paid Ads,Retail,SMB,Hong Kong,New
6940,2024-10-22,Company_06940,Referral,Technology,Enterprise,Japan,New
6941,2024-08-07,Company_06941,Website,Retail,SMB,Singapore,New
6942,2024-09-27,Company_06942,Referral,Healthcare,SMB,Hong Kong,New
6943,2024-07-30,Company_06943,Outbound,Manufacturing,Mid-Market,Japan,New
6944,2025-02-09,Company_06944,Referral,Manufacturing,SMB,Hong Kong,New
6945,2024-09-18,Company_06945,Website,Technology,SMB,Hong Kong,New
6946,2025-02-24,Company_06946,Partner,Manufacturing,SMB,Taiwan,New
6947,2025-11-19,Company_06947,Event,Healthcare,Enterprise,Japan,New
6948,2024-06-14,Company_06948,Partner,Financial Services,Enterprise,Taiwan,New
6949,2024-07-04,Company_06949,Outbound,Professional Services,SMB,Taiwan,New
6950,2025-08-17,Company_06950,Outbound,Retail,Enterprise,Hong Kong,New
6951,2025-07-04,Company_06951,Website,Financial Services,Mid-Market,Hong Kong,New
6952,2024-05-16,Company_06952,Paid Ads,Professional Services,Mid-Market,Japan,New
6953,2024-07-21,Company_06953,Partner,Manufacturing,Mid-Market,Singapore,New
6954,2025-10-21,Company_06954,Referral,Healthcare,Mid-Market,Taiwan,New
6955,2025-02-15,Company_06955,Paid Ads,Healthcare,SMB,Singapore,New
6956,2025-07-10,Company_06956,Paid Ads,Retail,SMB,Japan,New
6957,2024-09-15,Company_06957,Outbound,Manufacturing,SMB,Singapore,New
6958,2025-06-17,Company_06958,Outbound,Manufacturing,Mid-Market,Taiwan,New
6959,2024-04-25,Company_06959,Event,Professional Services,SMB,Hong Kong,New
6960,2024-12-25,Company_06960,Website,Manufacturing,SMB,Taiwan,New
6961,2025-02-02,Company_06961,Outbound,Healthcare,Mid-Market,Taiwan,New
6962,2025-04-30,Company_06962,Outbound,Technology,SMB,Japan,New
6963,2025-01-20,Company_06963,Website,Financial Services,SMB,Hong Kong,New
6964,2024-12-12,Company_06964,Referral,Manufacturing,Mid-Market,Singapore,New
6965,2025-08-09,Company_06965,Partner,Retail,SMB,Japan,New
6966,2025-05-26,Company_06966,Referral,Retail,Enterprise,Japan,New
6967,2025-02-23,Company_06967,Website,Professional Services,SMB,Hong Kong,New
6968,2024-06-30,Company_06968,Paid Ads,Healthcare,SMB,Hong Kong,New
6969,2025-05-02,Company_06969,Paid Ads,Financial Services,SMB,Hong Kong,New
6970,2024-03-14,Company_06970,Website,Manufacturing,SMB,Singapore,New
6971,2025-09-01,Company_06971,Website,Manufacturing,SMB,Taiwan,New
6972,2025-07-14,Company_06972,Outbound,Manufacturing,SMB,Hong Kong,New
6973,2024-05-13,Company_06973,Website,Financial Services,Mid-Market,Hong Kong,New
6974,2025-02-19,Company_06974,Website,Technology,SMB,Taiwan,New
6975,2024-03-24,Company_06975,Website,Technology,SMB,Taiwan,New
6976,2024-11-11,Company_06976,Website,Professional Services,SMB,Singapore,New
6977,2025-05-26,Company_06977,Referral,Technology,SMB,Taiwan,New
6978,2024-03-30,Company_06978,Website,Professional Services,SMB,Hong Kong,New
6979,2024-04-09,Company_06979,Outbound,Healthcare,Mid-Market,Singapore,New
6980,2025-04-16,Company_06980,Outbound,Technology,SMB,Taiwan,New
6981,2024-12-16,Company_06981,Event,Healthcare,SMB,Taiwan,New
6982,2025-01-25,Company_06982,Paid Ads,Financial Services,SMB,Japan,New
6983,2025-01-31,Company_06983,Paid Ads,Technology,Mid-Market,Hong Kong,New
6984,2024-05-01,Company_06984,Website,Retail,Mid-Market,Hong Kong,New
6985,2024-07-04,Company_06985,Paid Ads,Retail,Mid-Market,Taiwan,New
6986,2025-01-07,Company_06986,Referral,Healthcare,Mid-Market,Hong Kong,New
6987,2024-06-11,Company_06987,Partner,Manufacturing,Mid-Market,Hong Kong,New
6988,2024-04-16,Company_06988,Outbound,Professional Services,SMB,Hong Kong,New
6989,2025-09-24,Company_06989,Website,Healthcare,SMB,Taiwan,New
6990,2024-04-28,Company_06990,Outbound,Manufacturing,Mid-Market,Taiwan,New
6991,2025-04-22,Company_06991,Outbound,Retail,Mid-Market,Japan,New
6992,2025-02-27,Company_06992,Website,Financial Services,SMB,Singapore,New
6993,2025-02-20,Company_06993,Referral,Professional Services,SMB,Hong Kong,New
6994,2024-03-05,Company_06994,Website,Financial Services,SMB,Hong Kong,New
6995,2024-07-24,Company_06995,Partner,Financial Services,SMB,Hong Kong,New
6996,2025-08-28,Company_06996,Website,Retail,Enterprise,Japan,New
6997,2025-02-24,Company_06997,Website,Healthcare,SMB,Hong Kong,New
6998,2024-07-24,Company_06998,Website,Healthcare,Mid-Market,Hong Kong,New
6999,2024-12-25,Company_06999,Referral,Manufacturing,Mid-Market,Hong Kong,New
7000,2025-11-02,Company_07000,Outbound,Healthcare,Mid-Market,Singapore,New
7001,2025-03-29,Company_07001,Outbound,Manufacturing,SMB,Japan,New
7002,2024-10-08,Company_07002,Partner,Manufacturing,Enterprise,Taiwan,New
7003,2025-10-15,Company_07003,Website,Technology,Mid-Market,Japan,New
7004,2025-03-29,Company_07004,Paid Ads,Financial Services,Mid-Market,Singapore,New
7005,2025-11-26,Company_07005,Outbound,Financial Services,Mid-Market,Singapore,New
7006,2024-08-20,Company_07006,Referral,Manufacturing,SMB,Taiwan,New
7007,2024-08-30,Company_07007,Paid Ads,Manufacturing,SMB,Taiwan,New
7008,2025-05-08,Company_07008,Referral,Manufacturing,SMB,Japan,New
7009,2024-07-22,Company_07009,Outbound,Manufacturing,Enterprise,Japan,New
7010,2024-07-10,Company_07010,Outbound,Technology,SMB,Hong Kong,New
7011,2024-11-06,Company_07011,Event,Financial Services,SMB,Singapore,New
7012,2024-01-30,Company_07012,Paid Ads,Healthcare,SMB,Singapore,New
7013,2024-03-30,Company_07013,Paid Ads,Professional Services,Enterprise,Japan,New
7014,2024-06-29,Company_07014,Outbound,Professional Services,SMB,Taiwan,New
7015,2024-11-17,Company_07015,Website,Professional Services,Enterprise,Hong Kong,New
7016,2025-01-04,Company_07016,Referral,Financial Services,SMB,Hong Kong,New
7017,2024-07-29,Company_07017,Website,Manufacturing,Enterprise,Hong Kong,New
7018,2024-10-14,Company_07018,Referral,Manufacturing,Mid-Market,Hong Kong,New
7019,2025-03-18,Company_07019,Outbound,Retail,SMB,Japan,New
7020,2025-05-12,Company_07020,Website,Financial Services,Mid-Market,Singapore,New
7021,2024-04-24,Company_07021,Paid Ads,Retail,Mid-Market,Singapore,New
7022,2024-03-12,Company_07022,Website,Technology,SMB,Hong Kong,New
7023,2025-03-22,Company_07023,Website,Financial Services,SMB,Singapore,New
7024,2024-04-27,Company_07024,Paid Ads,Financial Services,SMB,Hong Kong,New
7025,2025-05-02,Company_07025,Referral,Healthcare,SMB,Japan,New
7026,2024-08-29,Company_07026,Partner,Technology,SMB,Singapore,New
7027,2024-09-14,Company_07027,Website,Manufacturing,SMB,Singapore,New
7028,2024-10-03,Company_07028,Outbound,Healthcare,SMB,Japan,New
7029,2024-12-15,Company_07029,Website,Manufacturing,Mid-Market,Japan,New
7030,2025-02-23,Company_07030,Website,Healthcare,SMB,Hong Kong,New
7031,2025-06-24,Company_07031,Paid Ads,Healthcare,Mid-Market,Taiwan,New
7032,2025-05-07,Company_07032,Website,Professional Services,SMB,Taiwan,New
7033,2024-06-12,Company_07033,Referral,Retail,Enterprise,Hong Kong,New
7034,2024-04-07,Company_07034,Partner,Financial Services,SMB,Japan,New
7035,2025-05-18,Company_07035,Paid Ads,Manufacturing,Mid-Market,Singapore,New
7036,2025-11-19,Company_07036,Website,Professional Services,Enterprise,Japan,New
7037,2025-05-25,Company_07037,Paid Ads,Financial Services,SMB,Singapore,New
7038,2025-12-11,Company_07038,Referral,Technology,SMB,Taiwan,New
7039,2024-02-15,Company_07039,Referral,Healthcare,Mid-Market,Singapore,New
7040,2024-05-01,Company_07040,Partner,Healthcare,SMB,Hong Kong,New
7041,2024-02-06,Company_07041,Event,Financial Services,SMB,Singapore,New
7042,2025-03-27,Company_07042,Referral,Manufacturing,SMB,Japan,New
7043,2024-01-11,Company_07043,Website,Financial Services,Mid-Market,Singapore,New
7044,2025-04-18,Company_07044,Website,Manufacturing,Mid-Market,Taiwan,New
7045,2024-10-25,Company_07045,Partner,Financial Services,SMB,Japan,New
7046,2025-06-10,Company_07046,Website,Technology,SMB,Hong Kong,New
7047,2025-07-21,Company_07047,Partner,Financial Services,SMB,Hong Kong,New
7048,2024-09-19,Company_07048,Website,Technology,SMB,Singapore,New
7049,2025-10-01,Company_07049,Referral,Manufacturing,Enterprise,Singapore,New
7050,2024-02-12,Company_07050,Referral,Professional Services,Mid-Market,Singapore,New
7051,2025-08-24,Company_07051,Website,Retail,Enterprise,Taiwan,New
7052,2025-04-17,Company_07052,Referral,Manufacturing,SMB,Singapore,New
7053,2024-06-07,Company_07053,Paid Ads,Financial Services,Mid-Market,Taiwan,New
7054,2025-01-05,Company_07054,Website,Professional Services,SMB,Japan,New
7055,2025-09-13,Company_07055,Partner,Professional Services,Mid-Market,Hong Kong,New
7056,2024-07-19,Company_07056,Website,Financial Services,Mid-Market,Japan,New
7057,2024-09-08,Company_07057,Paid Ads,Healthcare,SMB,Taiwan,New
7058,2024-09-07,Company_07058,Website,Financial Services,Mid-Market,Taiwan,New
7059,2024-12-27,Company_07059,Website,Technology,Mid-Market,Hong Kong,New
7060,2024-08-01,Company_07060,Partner,Technology,SMB,Singapore,New
7061,2024-08-08,Company_07061,Website,Manufacturing,SMB,Singapore,New
7062,2024-05-11,Company_07062,Website,Professional Services,Enterprise,Japan,New
7063,2025-12-17,Company_07063,Website,Professional Services,Enterprise,Japan,New
7064,2024-02-26,Company_07064,Paid Ads,Technology,Mid-Market,Taiwan,New
7065,2025-08-03,Company_07065,Website,Technology,Enterprise,Singapore,New
7066,2024-10-31,Company_07066,Referral,Professional Services,SMB,Singapore,New
7067,2025-03-30,Company_07067,Outbound,Healthcare,Mid-Market,Japan,New
7068,2025-08-23,Company_07068,Outbound,Professional Services,SMB,Singapore,New
7069,2025-10-15,Company_07069,Outbound,Retail,SMB,Taiwan,New
7070,2025-01-18,Company_07070,Partner,Financial Services,SMB,Japan,New
7071,2025-11-25,Company_07071,Website,Financial Services,Enterprise,Hong Kong,New
7072,2024-10-08,Company_07072,Partner,Financial Services,SMB,Taiwan,New
7073,2025-05-31,Company_07073,Paid Ads,Manufacturing,SMB,Hong Kong,New
7074,2025-12-03,Company_07074,Paid Ads,Financial Services,Mid-Market,Taiwan,New
7075,2024-12-10,Company_07075,Partner,Financial Services,SMB,Taiwan,New
7076,2025-06-09,Company_07076,Website,Healthcare,Mid-Market,Singapore,New
7077,2024-11-06,Company_07077,Website,Financial Services,SMB,Taiwan,New
7078,2025-11-22,Company_07078,Outbound,Technology,Mid-Market,Singapore,New
7079,2025-06-08,Company_07079,Referral,Financial Services,Mid-Market,Singapore,New
7080,2024-02-01,Company_07080,Referral,Retail,Mid-Market,Singapore,New
7081,2025-02-20,Company_07081,Outbound,Technology,SMB,Singapore,New
7082,2024-01-28,Company_07082,Paid Ads,Healthcare,Mid-Market,Singapore,New
7083,2024-12-20,Company_07083,Outbound,Financial Services,Mid-Market,Japan,New
7084,2025-01-12,Company_07084,Partner,Financial Services,SMB,Taiwan,New
7085,2025-06-03,Company_07085,Outbound,Retail,Mid-Market,Hong Kong,New
7086,2025-03-25,Company_07086,Outbound,Manufacturing,SMB,Hong Kong,New
7087,2025-10-04,Company_07087,Paid Ads,Healthcare,SMB,Japan,New
7088,2025-01-13,Company_07088,Website,Professional Services,SMB,Japan,New
7089,2025-06-10,Company_07089,Paid Ads,Manufacturing,Mid-Market,Japan,New
7090,2025-05-09,Company_07090,Referral,Financial Services,SMB,Hong Kong,New
7091,2024-03-04,Company_07091,Outbound,Manufacturing,Enterprise,Singapore,New
7092,2025-07-14,Company_07092,Outbound,Financial Services,Mid-Market,Hong Kong,New
7093,2025-04-17,Company_07093,Partner,Professional Services,Mid-Market,Taiwan,New
7094,2025-03-22,Company_07094,Paid Ads,Retail,Mid-Market,Singapore,New
7095,2025-03-07,Company_07095,Outbound,Healthcare,SMB,Singapore,New
7096,2025-01-07,Company_07096,Referral,Manufacturing,Enterprise,Japan,New
7097,2025-04-06,Company_07097,Paid Ads,Manufacturing,Mid-Market,Taiwan,New
7098,2025-01-19,Company_07098,Paid Ads,Retail,Enterprise,Japan,New
7099,2025-05-17,Company_07099,Website,Healthcare,SMB,Japan,New
7100,2024-03-05,Company_07100,Partner,Manufacturing,Enterprise,Japan,New
7101,2024-10-09,Company_07101,Website,Professional Services,Mid-Market,Taiwan,New
7102,2024-12-13,Company_07102,Website,Manufacturing,SMB,Japan,New
7103,2024-10-23,Company_07103,Paid Ads,Financial Services,Enterprise,Singapore,New
7104,2025-03-21,Company_07104,Outbound,Technology,SMB,Japan,New
7105,2024-07-27,Company_07105,Paid Ads,Professional Services,SMB,Hong Kong,New
7106,2025-02-28,Company_07106,Referral,Financial Services,Mid-Market,Singapore,New
7107,2024-01-08,Company_07107,Paid Ads,Professional Services,Mid-Market,Taiwan,New
7108,2025-05-29,Company_07108,Paid Ads,Professional Services,SMB,Japan,New
7109,2024-03-22,Company_07109,Paid Ads,Manufacturing,Enterprise,Hong Kong,New
7110,2025-07-26,Company_07110,Paid Ads,Retail,SMB,Hong Kong,New
7111,2025-08-20,Company_07111,Website,Healthcare,Mid-Market,Taiwan,New
7112,2025-09-22,Company_07112,Outbound,Retail,Enterprise,Hong Kong,New
7113,2024-02-06,Company_07113,Referral,Financial Services,Enterprise,Singapore,New
7114,2025-10-23,Company_07114,Outbound,Technology,SMB,Singapore,New
7115,2025-07-19,Company_07115,Website,Technology,SMB,Singapore,New
7116,2024-07-28,Company_07116,Website,Retail,SMB,Taiwan,New
7117,2024-02-03,Company_07117,Referral,Retail,Mid-Market,Japan,New
7118,2025-12-25,Company_07118,Website,Financial Services,SMB,Hong Kong,New
7119,2025-08-24,Company_07119,Website,Technology,Mid-Market,Japan,New
7120,2025-07-10,Company_07120,Referral,Healthcare,SMB,Taiwan,New
7121,2025-07-27,Company_07121,Referral,Retail,SMB,Singapore,New
7122,2025-04-05,Company_07122,Referral,Healthcare,Mid-Market,Hong Kong,New
7123,2025-02-17,Company_07123,Website,Manufacturing,Enterprise,Japan,New
7124,2024-01-09,Company_07124,Referral,Manufacturing,SMB,Taiwan,New
7125,2024-07-09,Company_07125,Website,Professional Services,Mid-Market,Hong Kong,New
7126,2024-10-26,Company_07126,Paid Ads,Retail,Mid-Market,Hong Kong,New
7127,2024-11-10,Company_07127,Website,Technology,SMB,Japan,New
7128,2025-12-01,Company_07128,Outbound,Healthcare,Mid-Market,Hong Kong,New
7129,2025-02-20,Company_07129,Website,Financial Services,Mid-Market,Singapore,New
7130,2025-06-14,Company_07130,Website,Professional Services,SMB,Hong Kong,New
7131,2024-11-05,Company_07131,Website,Financial Services,SMB,Hong Kong,New
7132,2025-06-23,Company_07132,Paid Ads,Technology,SMB,Singapore,New
7133,2025-01-28,Company_07133,Outbound,Retail,Enterprise,Singapore,New
7134,2024-09-12,Company_07134,Website,Manufacturing,SMB,Hong Kong,New
7135,2025-02-17,Company_07135,Paid Ads,Retail,SMB,Singapore,New
7136,2024-01-11,Company_07136,Partner,Professional Services,SMB,Taiwan,New
7137,2025-07-22,Company_07137,Partner,Healthcare,SMB,Hong Kong,New
7138,2025-02-03,Company_07138,Paid Ads,Financial Services,SMB,Taiwan,New
7139,2025-11-08,Company_07139,Event,Retail,Mid-Market,Japan,New
7140,2024-09-05,Company_07140,Outbound,Professional Services,Mid-Market,Japan,New
7141,2024-09-29,Company_07141,Paid Ads,Healthcare,SMB,Taiwan,New
7142,2024-08-19,Company_07142,Paid Ads,Retail,SMB,Singapore,New
7143,2024-02-24,Company_07143,Event,Professional Services,Mid-Market,Japan,New
7144,2025-06-11,Company_07144,Paid Ads,Manufacturing,Mid-Market,Singapore,New
7145,2025-05-22,Company_07145,Referral,Technology,Enterprise,Singapore,New
7146,2024-12-01,Company_07146,Referral,Professional Services,Mid-Market,Singapore,New
7147,2025-11-22,Company_07147,Outbound,Professional Services,SMB,Singapore,New
7148,2025-04-16,Company_07148,Referral,Financial Services,Mid-Market,Taiwan,New
7149,2024-12-27,Company_07149,Paid Ads,Professional Services,SMB,Hong Kong,New
7150,2025-10-14,Company_07150,Outbound,Professional Services,SMB,Singapore,New
7151,2025-09-08,Company_07151,Website,Healthcare,Enterprise,Japan,New
7152,2025-04-23,Company_07152,Website,Healthcare,SMB,Hong Kong,New
7153,2024-12-29,Company_07153,Website,Manufacturing,Mid-Market,Japan,New
7154,2024-02-13,Company_07154,Website,Retail,SMB,Hong Kong,New
7155,2025-03-29,Company_07155,Website,Professional Services,SMB,Singapore,New
7156,2024-05-20,Company_07156,Website,Manufacturing,SMB,Taiwan,New
7157,2025-08-08,Company_07157,Event,Manufacturing,Mid-Market,Taiwan,New
7158,2024-12-14,Company_07158,Paid Ads,Professional Services,SMB,Japan,New
7159,2024-11-20,Company_07159,Partner,Financial Services,SMB,Taiwan,New
7160,2025-10-02,Company_07160,Website,Retail,Enterprise,Japan,New
7161,2025-12-27,Company_07161,Referral,Healthcare,Enterprise,Hong Kong,New
7162,2025-12-28,Company_07162,Event,Retail,Enterprise,Taiwan,New
7163,2024-10-12,Company_07163,Website,Retail,SMB,Taiwan,New
7164,2025-02-15,Company_07164,Website,Professional Services,Mid-Market,Taiwan,New
7165,2025-05-17,Company_07165,Website,Manufacturing,SMB,Taiwan,New
7166,2025-06-25,Company_07166,Website,Healthcare,Enterprise,Singapore,New
7167,2025-08-17,Company_07167,Outbound,Healthcare,SMB,Taiwan,New
7168,2024-12-07,Company_07168,Outbound,Healthcare,SMB,Japan,New
7169,2024-12-25,Company_07169,Referral,Healthcare,SMB,Taiwan,New
7170,2024-10-23,Company_07170,Website,Financial Services,Mid-Market,Taiwan,New
7171,2024-11-15,Company_07171,Partner,Technology,Mid-Market,Hong Kong,New
7172,2025-01-10,Company_07172,Website,Technology,SMB,Taiwan,New
7173,2025-09-01,Company_07173,Outbound,Retail,SMB,Hong Kong,New
7174,2024-10-21,Company_07174,Paid Ads,Retail,Mid-Market,Taiwan,New
7175,2024-10-16,Company_07175,Event,Retail,Enterprise,Japan,New
7176,2024-02-14,Company_07176,Website,Technology,Mid-Market,Hong Kong,New
7177,2024-10-15,Company_07177,Website,Technology,SMB,Hong Kong,New
7178,2025-02-25,Company_07178,Paid Ads,Technology,SMB,Japan,New
7179,2025-02-15,Company_07179,Website,Healthcare,Enterprise,Singapore,New
7180,2025-06-06,Company_07180,Website,Retail,SMB,Singapore,New
7181,2024-12-05,Company_07181,Paid Ads,Healthcare,SMB,Japan,New
7182,2024-02-25,Company_07182,Outbound,Healthcare,Mid-Market,Hong Kong,New
7183,2024-02-28,Company_07183,Website,Professional Services,SMB,Taiwan,New
7184,2024-01-08,Company_07184,Partner,Manufacturing,Enterprise,Hong Kong,New
7185,2025-07-17,Company_07185,Paid Ads,Healthcare,Mid-Market,Singapore,New
7186,2025-04-18,Company_07186,Event,Technology,Enterprise,Taiwan,New
7187,2025-12-15,Company_07187,Referral,Healthcare,SMB,Japan,New
7188,2024-07-03,Company_07188,Event,Manufacturing,Mid-Market,Japan,New
7189,2025-08-11,Company_07189,Outbound,Professional Services,Enterprise,Taiwan,New
7190,2025-10-06,Company_07190,Partner,Manufacturing,SMB,Singapore,New
7191,2024-03-24,Company_07191,Partner,Healthcare,SMB,Taiwan,New
7192,2025-03-28,Company_07192,Referral,Retail,SMB,Taiwan,New
7193,2025-12-24,Company_07193,Referral,Technology,SMB,Japan,New
7194,2025-02-09,Company_07194,Outbound,Healthcare,Mid-Market,Singapore,New
7195,2025-10-05,Company_07195,Partner,Manufacturing,Mid-Market,Taiwan,New
7196,2024-05-26,Company_07196,Outbound,Manufacturing,SMB,Taiwan,New
7197,2024-11-26,Company_07197,Outbound,Financial Services,SMB,Singapore,New
7198,2024-04-10,Company_07198,Website,Retail,SMB,Hong Kong,New
7199,2025-01-08,Company_07199,Outbound,Retail,Enterprise,Japan,New
7200,2024-08-31,Company_07200,Website,Healthcare,Mid-Market,Singapore,New
7201,2025-12-17,Company_07201,Paid Ads,Healthcare,Mid-Market,Taiwan,New
7202,2024-01-03,Company_07202,Referral,Financial Services,Enterprise,Taiwan,New
7203,2025-02-19,Company_07203,Outbound,Manufacturing,SMB,Hong Kong,New
7204,2024-02-03,Company_07204,Referral,Retail,SMB,Hong Kong,New
7205,2024-01-11,Company_07205,Outbound,Professional Services,SMB,Taiwan,New
7206,2024-04-23,Company_07206,Outbound,Manufacturing,Mid-Market,Japan,New
7207,2025-07-19,Company_07207,Partner,Retail,Enterprise,Hong Kong,New
7208,2024-04-04,Company_07208,Paid Ads,Financial Services,SMB,Taiwan,New
7209,2025-04-09,Company_07209,Paid Ads,Healthcare,SMB,Singapore,New
7210,2025-09-10,Company_07210,Website,Professional Services,SMB,Japan,New
7211,2024-02-01,Company_07211,Outbound,Technology,Enterprise,Singapore,New
7212,2025-01-06,Company_07212,Partner,Financial Services,SMB,Hong Kong,New
7213,2025-09-13,Company_07213,Outbound,Retail,SMB,Taiwan,New
7214,2025-05-14,Company_07214,Referral,Healthcare,SMB,Hong Kong,New
7215,2024-01-29,Company_07215,Referral,Professional Services,Mid-Market,Singapore,New
7216,2024-02-14,Company_07216,Paid Ads,Professional Services,Mid-Market,Singapore,New
7217,2024-12-29,Company_07217,Outbound,Professional Services,SMB,Japan,New
7218,2025-01-12,Company_07218,Paid Ads,Professional Services,SMB,Hong Kong,New
7219,2025-01-12,Company_07219,Website,Manufacturing,SMB,Taiwan,New
7220,2025-04-25,Company_07220,Referral,Professional Services,SMB,Japan,New
7221,2025-10-30,Company_07221,Partner,Retail,SMB,Japan,New
7222,2025-02-24,Company_07222,Website,Retail,Enterprise,Hong Kong,New
7223,2024-03-07,Company_07223,Website,Healthcare,SMB,Taiwan,New
7224,2024-04-30,Company_07224,Website,Financial Services,Enterprise,Japan,New
7225,2025-03-22,Company_07225,Outbound,Financial Services,Mid-Market,Singapore,New
7226,2025-08-08,Company_07226,Website,Financial Services,SMB,Hong Kong,New
7227,2024-02-20,Company_07227,Website,Retail,Enterprise,Hong Kong,New
7228,2025-12-07,Company_07228,Paid Ads,Retail,SMB,Singapore,New
7229,2025-11-15,Company_07229,Outbound,Financial Services,SMB,Hong Kong,New
7230,2025-05-22,Company_07230,Outbound,Technology,SMB,Hong Kong,New
7231,2024-05-17,Company_07231,Outbound,Financial Services,SMB,Taiwan,New
7232,2024-04-17,Company_07232,Referral,Healthcare,Mid-Market,Hong Kong,New
7233,2024-11-09,Company_07233,Paid Ads,Healthcare,SMB,Singapore,New
7234,2025-08-31,Company_07234,Paid Ads,Professional Services,Mid-Market,Taiwan,New
7235,2025-08-30,Company_07235,Outbound,Retail,SMB,Taiwan,New
7236,2024-07-28,Company_07236,Paid Ads,Retail,Enterprise,Hong Kong,New
7237,2024-10-16,Company_07237,Outbound,Professional Services,Mid-Market,Singapore,New
7238,2024-02-15,Company_07238,Website,Manufacturing,SMB,Hong Kong,New
7239,2024-09-29,Company_07239,Partner,Professional Services,SMB,Hong Kong,New
7240,2024-07-12,Company_07240,Paid Ads,Technology,Mid-Market,Taiwan,New
7241,2025-05-16,Company_07241,Outbound,Manufacturing,SMB,Singapore,New
7242,2025-05-26,Company_07242,Paid Ads,Retail,SMB,Singapore,New
7243,2025-11-01,Company_07243,Referral,Retail,SMB,Singapore,New
7244,2025-01-30,Company_07244,Referral,Financial Services,SMB,Taiwan,New
7245,2024-06-30,Company_07245,Paid Ads,Technology,Mid-Market,Japan,New
7246,2024-03-04,Company_07246,Outbound,Manufacturing,SMB,Taiwan,New
7247,2024-06-01,Company_07247,Paid Ads,Healthcare,SMB,Taiwan,New
7248,2025-08-05,Company_07248,Paid Ads,Financial Services,Mid-Market,Japan,New
7249,2025-01-13,Company_07249,Website,Technology,SMB,Taiwan,New
7250,2024-09-08,Company_07250,Outbound,Healthcare,Mid-Market,Taiwan,New
7251,2024-11-24,Company_07251,Referral,Financial Services,SMB,Hong Kong,New
7252,2025-01-17,Company_07252,Website,Manufacturing,Mid-Market,Japan,New
7253,2025-03-09,Company_07253,Outbound,Technology,SMB,Singapore,New
7254,2025-07-16,Company_07254,Event,Manufacturing,SMB,Taiwan,New
7255,2024-04-26,Company_07255,Website,Retail,SMB,Japan,New
7256,2024-10-24,Company_07256,Outbound,Technology,SMB,Japan,New
7257,2024-05-10,Company_07257,Website,Retail,SMB,Hong Kong,New
7258,2025-06-06,Company_07258,Paid Ads,Technology,Mid-Market,Singapore,New
7259,2025-12-03,Company_07259,Outbound,Healthcare,SMB,Taiwan,New
7260,2024-11-19,Company_07260,Paid Ads,Healthcare,Mid-Market,Hong Kong,New
7261,2025-05-09,Company_07261,Outbound,Financial Services,SMB,Singapore,New
7262,2024-07-27,Company_07262,Website,Retail,Mid-Market,Japan,New
7263,2024-11-05,Company_07263,Referral,Retail,SMB,Taiwan,New
7264,2024-03-11,Company_07264,Outbound,Healthcare,SMB,Japan,New
7265,2025-04-15,Company_07265,Website,Financial Services,SMB,Taiwan,New
7266,2024-07-11,Company_07266,Paid Ads,Professional Services,Enterprise,Hong Kong,New
7267,2025-10-21,Company_07267,Paid Ads,Healthcare,SMB,Singapore,New
7268,2024-07-20,Company_07268,Website,Technology,SMB,Hong Kong,New
7269,2025-04-16,Company_07269,Event,Financial Services,SMB,Singapore,New
7270,2024-01-17,Company_07270,Paid Ads,Manufacturing,SMB,Singapore,New
7271,2024-09-29,Company_07271,Outbound,Technology,Mid-Market,Taiwan,New
7272,2024-01-17,Company_07272,Website,Healthcare,Mid-Market,Hong Kong,New
7273,2024-09-23,Company_07273,Referral,Manufacturing,SMB,Japan,New
7274,2024-04-27,Company_07274,Partner,Technology,SMB,Taiwan,New
7275,2025-06-01,Company_07275,Referral,Professional Services,Mid-Market,Taiwan,New
7276,2024-08-07,Company_07276,Event,Professional Services,Mid-Market,Singapore,New
7277,2025-04-04,Company_07277,Event,Manufacturing,SMB,Singapore,New
7278,2025-05-29,Company_07278,Partner,Technology,SMB,Singapore,New
7279,2025-05-26,Company_07279,Website,Retail,SMB,Singapore,New
7280,2025-02-09,Company_07280,Website,Technology,Enterprise,Hong Kong,New
7281,2024-10-20,Company_07281,Outbound,Professional Services,SMB,Japan,New
7282,2024-11-05,Company_07282,Outbound,Manufacturing,Enterprise,Singapore,New
7283,2025-03-02,Company_07283,Event,Technology,Enterprise,Taiwan,New
7284,2024-08-24,Company_07284,Paid Ads,Manufacturing,Mid-Market,Japan,New
7285,2024-05-27,Company_07285,Outbound,Financial Services,SMB,Hong Kong,New
7286,2024-03-26,Company_07286,Outbound,Retail,Mid-Market,Japan,New
7287,2024-10-09,Company_07287,Paid Ads,Technology,Enterprise,Singapore,New
7288,2024-09-22,Company_07288,Paid Ads,Technology,Mid-Market,Taiwan,New
7289,2025-03-03,Company_07289,Website,Retail,Enterprise,Taiwan,New
7290,2024-02-22,Company_07290,Paid Ads,Manufacturing,SMB,Japan,New
7291,2024-12-11,Company_07291,Website,Manufacturing,Mid-Market,Taiwan,New
7292,2024-06-30,Company_07292,Website,Retail,SMB,Taiwan,New
7293,2025-05-14,Company_07293,Paid Ads,Technology,SMB,Taiwan,New
7294,2025-09-13,Company_07294,Paid Ads,Manufacturing,Mid-Market,Taiwan,New
7295,2025-06-25,Company_07295,Outbound,Manufacturing,SMB,Japan,New
7296,2024-08-11,Company_07296,Outbound,Healthcare,SMB,Taiwan,New
7297,2024-05-23,Company_07297,Referral,Financial Services,Mid-Market,Taiwan,New
7298,2024-12-02,Company_07298,Partner,Professional Services,Mid-Market,Singapore,New
7299,2025-07-19,Company_07299,Website,Professional Services,Mid-Market,Singapore,New
7300,2025-04-29,Company_07300,Referral,Financial Services,SMB,Singapore,New
7301,2024-06-30,Company_07301,Outbound,Manufacturing,Mid-Market,Japan,New
7302,2024-03-28,Company_07302,Outbound,Technology,Mid-Market,Taiwan,New
7303,2025-10-28,Company_07303,Website,Financial Services,Mid-Market,Singapore,New
7304,2025-05-30,Company_07304,Website,Technology,SMB,Taiwan,New
7305,2024-08-09,Company_07305,Outbound,Manufacturing,Mid-Market,Hong Kong,New
7306,2025-08-14,Company_07306,Referral,Financial Services,SMB,Japan,New
7307,2025-02-26,Company_07307,Paid Ads,Technology,Enterprise,Japan,New
7308,2025-12-28,Company_07308,Website,Healthcare,SMB,Taiwan,New
7309,2024-06-04,Company_07309,Website,Financial Services,Mid-Market,Singapore,New
7310,2025-03-22,Company_07310,Referral,Financial Services,SMB,Hong Kong,New
7311,2025-02-16,Company_07311,Paid Ads,Manufacturing,SMB,Japan,New
7312,2025-04-19,Company_07312,Website,Financial Services,SMB,Hong Kong,New
7313,2025-04-13,Company_07313,Partner,Manufacturing,Enterprise,Taiwan,New
7314,2025-03-02,Company_07314,Paid Ads,Manufacturing,Mid-Market,Taiwan,New
7315,2024-11-16,Company_07315,Website,Retail,Mid-Market,Taiwan,New
7316,2024-04-07,Company_07316,Website,Technology,SMB,Japan,New
7317,2024-08-10,Company_07317,Website,Healthcare,Mid-Market,Japan,New
7318,2024-08-29,Company_07318,Website,Financial Services,SMB,Taiwan,New
7319,2024-05-08,Company_07319,Website,Professional Services,Enterprise,Singapore,New
7320,2025-02-08,Company_07320,Website,Healthcare,SMB,Taiwan,New
7321,2025-10-06,Company_07321,Website,Retail,SMB,Japan,New
7322,2024-11-16,Company_07322,Website,Manufacturing,SMB,Hong Kong,New
7323,2025-03-27,Company_07323,Outbound,Healthcare,SMB,Taiwan,New
7324,2024-11-14,Company_07324,Outbound,Financial Services,Enterprise,Japan,New
7325,2025-10-29,Company_07325,Event,Professional Services,Mid-Market,Hong Kong,New
7326,2025-10-17,Company_07326,Outbound,Healthcare,Mid-Market,Hong Kong,New
7327,2024-11-05,Company_07327,Website,Financial Services,Mid-Market,Hong Kong,New
7328,2025-05-13,Company_07328,Partner,Technology,SMB,Singapore,New
7329,2024-07-01,Company_07329,Outbound,Professional Services,SMB,Japan,New
7330,2024-08-11,Company_07330,Outbound,Manufacturing,Enterprise,Taiwan,New
7331,2025-12-05,Company_07331,Outbound,Financial Services,Mid-Market,Hong Kong,New
7332,2024-05-28,Company_07332,Website,Healthcare,Mid-Market,Japan,New
7333,2024-12-18,Company_07333,Website,Healthcare,SMB,Taiwan,New
7334,2025-03-23,Company_07334,Outbound,Professional Services,Enterprise,Japan,New
7335,2025-08-30,Company_07335,Website,Healthcare,Mid-Market,Japan,New
7336,2025-08-17,Company_07336,Referral,Professional Services,SMB,Taiwan,New
7337,2025-07-18,Company_07337,Website,Financial Services,Mid-Market,Hong Kong,New
7338,2025-10-25,Company_07338,Website,Professional Services,Mid-Market,Hong Kong,New
7339,2025-07-16,Company_07339,Outbound,Financial Services,SMB,Taiwan,New
7340,2024-10-07,Company_07340,Website,Retail,SMB,Hong Kong,New
7341,2025-10-28,Company_07341,Website,Financial Services,Mid-Market,Singapore,New
7342,2025-08-15,Company_07342,Website,Technology,Mid-Market,Japan,New
7343,2025-11-21,Company_07343,Website,Retail,SMB,Singapore,New
7344,2025-12-25,Company_07344,Paid Ads,Technology,SMB,Hong Kong,New
7345,2025-11-02,Company_07345,Website,Healthcare,SMB,Singapore,New
7346,2025-08-02,Company_07346,Website,Financial Services,Mid-Market,Hong Kong,New
7347,2024-07-21,Company_07347,Outbound,Healthcare,SMB,Hong Kong,New
7348,2025-12-22,Company_07348,Event,Retail,Mid-Market,Japan,New
7349,2025-07-13,Company_07349,Partner,Manufacturing,Enterprise,Singapore,New
7350,2024-03-15,Company_07350,Referral,Manufacturing,Mid-Market,Singapore,New
7351,2024-10-11,Company_07351,Outbound,Retail,Enterprise,Singapore,New
7352,2024-12-10,Company_07352,Website,Retail,Mid-Market,Singapore,New
7353,2025-09-19,Company_07353,Website,Manufacturing,SMB,Hong Kong,New
7354,2024-08-01,Company_07354,Outbound,Manufacturing,SMB,Taiwan,New
7355,2024-01-27,Company_07355,Referral,Healthcare,SMB,Taiwan,New
7356,2025-11-19,Company_07356,Website,Healthcare,SMB,Singapore,New
7357,2025-09-11,Company_07357,Website,Manufacturing,Mid-Market,Singapore,New
7358,2024-03-07,Company_07358,Paid Ads,Healthcare,Enterprise,Japan,New
7359,2024-05-24,Company_07359,Website,Retail,SMB,Hong Kong,New
7360,2025-05-29,Company_07360,Outbound,Healthcare,Enterprise,Taiwan,New
7361,2025-12-27,Company_07361,Website,Professional Services,SMB,Taiwan,New
7362,2024-05-23,Company_07362,Referral,Healthcare,SMB,Japan,New
7363,2024-12-27,Company_07363,Partner,Manufacturing,Mid-Market,Singapore,New
7364,2024-05-22,Company_07364,Event,Technology,SMB,Japan,New
7365,2025-03-27,Company_07365,Outbound,Financial Services,SMB,Hong Kong,New
7366,2024-08-10,Company_07366,Website,Manufacturing,Mid-Market,Japan,New
7367,2024-09-01,Company_07367,Event,Technology,Enterprise,Hong Kong,New
7368,2024-06-14,Company_07368,Event,Technology,Mid-Market,Singapore,New
7369,2025-08-18,Company_07369,Partner,Professional Services,Mid-Market,Taiwan,New
7370,2024-08-28,Company_07370,Outbound,Financial Services,SMB,Taiwan,New
7371,2024-09-06,Company_07371,Outbound,Manufacturing,SMB,Singapore,New
7372,2024-04-04,Company_07372,Outbound,Technology,SMB,Japan,New
7373,2024-11-07,Company_07373,Website,Manufacturing,SMB,Taiwan,New
7374,2025-04-03,Company_07374,Website,Financial Services,SMB,Hong Kong,New
7375,2024-03-05,Company_07375,Paid Ads,Financial Services,SMB,Hong Kong,New
7376,2025-10-18,Company_07376,Outbound,Retail,SMB,Taiwan,New
7377,2024-10-15,Company_07377,Referral,Financial Services,SMB,Taiwan,New
7378,2024-08-02,Company_07378,Outbound,Technology,SMB,Singapore,New
7379,2025-11-11,Company_07379,Paid Ads,Retail,Mid-Market,Singapore,New
7380,2024-11-08,Company_07380,Website,Technology,SMB,Taiwan,New
7381,2024-02-16,Company_07381,Outbound,Manufacturing,Mid-Market,Taiwan,New
7382,2024-03-08,Company_07382,Website,Manufacturing,SMB,Taiwan,New
7383,2024-08-28,Company_07383,Paid Ads,Manufacturing,Enterprise,Hong Kong,New
7384,2025-08-07,Company_07384,Paid Ads,Technology,Mid-Market,Japan,New
7385,2025-12-02,Company_07385,Outbound,Professional Services,SMB,Singapore,New
7386,2025-03-09,Company_07386,Outbound,Professional Services,SMB,Taiwan,New
7387,2025-05-15,Company_07387,Paid Ads,Technology,Mid-Market,Hong Kong,New
7388,2025-07-21,Company_07388,Partner,Healthcare,SMB,Hong Kong,New
7389,2025-03-24,Company_07389,Partner,Technology,SMB,Hong Kong,New
7390,2025-04-20,Company_07390,Outbound,Retail,Mid-Market,Taiwan,New
7391,2025-06-29,Company_07391,Event,Retail,Mid-Market,Japan,New
7392,2024-02-12,Company_07392,Website,Healthcare,SMB,Singapore,New
7393,2025-01-04,Company_07393,Website,Manufacturing,SMB,Hong Kong,New
7394,2025-06-06,Company_07394,Outbound,Technology,Mid-Market,Hong Kong,New
7395,2024-08-16,Company_07395,Website,Financial Services,Mid-Market,Taiwan,New
7396,2025-05-25,Company_07396,Event,Financial Services,Mid-Market,Singapore,New
7397,2025-11-24,Company_07397,Website,Professional Services,Mid-Market,Taiwan,New
7398,2024-12-22,Company_07398,Partner,Manufacturing,SMB,Japan,New
7399,2025-08-05,Company_07399,Website,Financial Services,Mid-Market,Japan,New
7400,2025-11-08,Company_07400,Paid Ads,Retail,SMB,Singapore,New
7401,2024-11-09,Company_07401,Referral,Retail,Mid-Market,Hong Kong,New
7402,2024-03-24,Company_07402,Outbound,Manufacturing,SMB,Hong Kong,New
7403,2024-08-21,Company_07403,Referral,Healthcare,Enterprise,Taiwan,New
7404,2024-05-23,Company_07404,Event,Professional Services,SMB,Taiwan,New
7405,2024-12-29,Company_07405,Website,Financial Services,Mid-Market,Japan,New
7406,2024-02-26,Company_07406,Outbound,Manufacturing,SMB,Singapore,New
7407,2024-12-10,Company_07407,Outbound,Professional Services,SMB,Singapore,New
7408,2024-02-06,Company_07408,Paid Ads,Financial Services,Mid-Market,Hong Kong,New
7409,2025-04-11,Company_07409,Paid Ads,Financial Services,Enterprise,Japan,New
7410,2025-10-21,Company_07410,Outbound,Professional Services,SMB,Taiwan,New
7411,2024-02-02,Company_07411,Outbound,Healthcare,Mid-Market,Taiwan,New
7412,2024-10-10,Company_07412,Website,Financial Services,SMB,Taiwan,New
7413,2024-05-07,Company_07413,Outbound,Manufacturing,SMB,Hong Kong,New
7414,2025-01-10,Company_07414,Outbound,Financial Services,Mid-Market,Singapore,New
7415,2024-04-07,Company_07415,Partner,Technology,Enterprise,Singapore,New
7416,2025-07-19,Company_07416,Paid Ads,Healthcare,SMB,Hong Kong,New
7417,2024-09-20,Company_07417,Event,Retail,Enterprise,Japan,New
7418,2024-10-26,Company_07418,Paid Ads,Healthcare,SMB,Singapore,New
7419,2025-07-30,Company_07419,Referral,Healthcare,SMB,Taiwan,New
7420,2024-04-30,Company_07420,Referral,Healthcare,Mid-Market,Japan,New
7421,2024-09-05,Company_07421,Website,Healthcare,Mid-Market,Singapore,New
7422,2025-11-06,Company_07422,Website,Technology,SMB,Japan,New
7423,2024-11-11,Company_07423,Outbound,Professional Services,SMB,Hong Kong,New
7424,2025-11-04,Company_07424,Partner,Financial Services,Mid-Market,Taiwan,New
7425,2024-08-06,Company_07425,Referral,Technology,SMB,Japan,New
7426,2025-06-09,Company_07426,Event,Healthcare,SMB,Japan,New
7427,2024-09-24,Company_07427,Paid Ads,Financial Services,SMB,Hong Kong,New
7428,2024-01-23,Company_07428,Website,Financial Services,SMB,Japan,New
7429,2024-03-01,Company_07429,Website,Healthcare,Mid-Market,Singapore,New
7430,2024-09-07,Company_07430,Website,Technology,Mid-Market,Singapore,New
7431,2025-12-06,Company_07431,Paid Ads,Manufacturing,SMB,Taiwan,New
7432,2024-06-19,Company_07432,Paid Ads,Financial Services,SMB,Hong Kong,New
7433,2024-02-28,Company_07433,Website,Manufacturing,SMB,Hong Kong,New
7434,2024-10-04,Company_07434,Website,Retail,SMB,Hong Kong,New
7435,2025-11-30,Company_07435,Paid Ads,Technology,Enterprise,Singapore,New
7436,2024-08-03,Company_07436,Paid Ads,Manufacturing,SMB,Japan,New
7437,2024-07-29,Company_07437,Website,Manufacturing,SMB,Taiwan,New
7438,2024-04-26,Company_07438,Referral,Technology,Mid-Market,Taiwan,New
7439,2025-01-23,Company_07439,Website,Technology,SMB,Hong Kong,New
7440,2025-10-27,Company_07440,Referral,Technology,Mid-Market,Singapore,New
7441,2024-05-11,Company_07441,Website,Professional Services,SMB,Japan,New
7442,2025-10-24,Company_07442,Partner,Healthcare,Mid-Market,Japan,New
7443,2025-01-09,Company_07443,Outbound,Financial Services,SMB,Japan,New
7444,2024-11-19,Company_07444,Outbound,Technology,SMB,Hong Kong,New
7445,2024-04-21,Company_07445,Event,Manufacturing,Mid-Market,Singapore,New
7446,2024-10-03,Company_07446,Outbound,Healthcare,Mid-Market,Taiwan,New
7447,2025-06-30,Company_07447,Website,Manufacturing,SMB,Hong Kong,New
7448,2024-11-20,Company_07448,Referral,Retail,SMB,Japan,New
7449,2025-10-18,Company_07449,Referral,Technology,SMB,Singapore,New
7450,2025-09-18,Company_07450,Referral,Professional Services,SMB,Taiwan,New
7451,2024-07-06,Company_07451,Outbound,Retail,SMB,Singapore,New
7452,2025-08-30,Company_07452,Website,Manufacturing,SMB,Japan,New
7453,2025-11-16,Company_07453,Outbound,Professional Services,SMB,Japan,New
7454,2025-06-04,Company_07454,Referral,Manufacturing,SMB,Hong Kong,New
7455,2024-11-19,Company_07455,Website,Healthcare,Mid-Market,Taiwan,New
7456,2025-08-22,Company_07456,Outbound,Professional Services,Mid-Market,Japan,New
7457,2025-01-04,Company_07457,Website,Manufacturing,Enterprise,Singapore,New
7458,2024-07-04,Company_07458,Website,Professional Services,SMB,Hong Kong,New
7459,2025-05-09,Company_07459,Website,Manufacturing,Mid-Market,Singapore,New
7460,2025-08-24,Company_07460,Website,Manufacturing,SMB,Taiwan,New
7461,2024-02-19,Company_07461,Paid Ads,Healthcare,Mid-Market,Japan,New
7462,2025-02-03,Company_07462,Website,Healthcare,SMB,Hong Kong,New
7463,2025-01-07,Company_07463,Outbound,Retail,SMB,Japan,New
7464,2025-07-29,Company_07464,Paid Ads,Professional Services,Enterprise,Hong Kong,New
7465,2024-01-22,Company_07465,Referral,Retail,SMB,Singapore,New
7466,2024-01-25,Company_07466,Paid Ads,Manufacturing,SMB,Singapore,New
7467,2024-07-21,Company_07467,Referral,Technology,SMB,Hong Kong,New
7468,2024-03-02,Company_07468,Referral,Financial Services,Enterprise,Japan,New
7469,2024-05-24,Company_07469,Outbound,Professional Services,SMB,Taiwan,New
7470,2025-03-26,Company_07470,Referral,Healthcare,Enterprise,Singapore,New
7471,2025-11-15,Company_07471,Partner,Technology,Mid-Market,Singapore,New
7472,2024-07-25,Company_07472,Website,Healthcare,Mid-Market,Japan,New
7473,2024-05-14,Company_07473,Paid Ads,Professional Services,Mid-Market,Singapore,New
7474,2024-09-09,Company_07474,Outbound,Financial Services,SMB,Singapore,New
7475,2024-09-30,Company_07475,Partner,Healthcare,Mid-Market,Singapore,New
7476,2024-06-08,Company_07476,Outbound,Retail,SMB,Hong Kong,New
7477,2025-08-28,Company_07477,Partner,Financial Services,SMB,Singapore,New
7478,2024-12-10,Company_07478,Partner,Manufacturing,Mid-Market,Singapore,New
7479,2025-12-29,Company_07479,Referral,Healthcare,Mid-Market,Taiwan,New
7480,2024-06-26,Company_07480,Paid Ads,Retail,Mid-Market,Hong Kong,New
7481,2025-12-27,Company_07481,Partner,Professional Services,Mid-Market,Japan,New
7482,2025-03-25,Company_07482,Outbound,Financial Services,SMB,Japan,New
7483,2025-11-30,Company_07483,Website,Technology,SMB,Japan,New
7484,2025-02-07,Company_07484,Partner,Retail,SMB,Taiwan,New
7485,2025-04-17,Company_07485,Paid Ads,Manufacturing,Mid-Market,Singapore,New
7486,2024-02-11,Company_07486,Website,Healthcare,SMB,Singapore,New
7487,2024-04-11,Company_07487,Website,Financial Services,SMB,Taiwan,New
7488,2024-05-05,Company_07488,Event,Manufacturing,SMB,Japan,New
7489,2025-12-25,Company_07489,Partner,Retail,SMB,Japan,New
7490,2024-02-08,Company_07490,Paid Ads,Professional Services,SMB,Singapore,New
7491,2025-08-24,Company_07491,Paid Ads,Financial Services,Enterprise,Japan,New
7492,2025-03-28,Company_07492,Outbound,Healthcare,SMB,Singapore,New
7493,2024-07-05,Company_07493,Website,Retail,SMB,Singapore,New
7494,2024-08-10,Company_07494,Partner,Retail,Mid-Market,Hong Kong,New
7495,2024-07-17,Company_07495,Outbound,Retail,Mid-Market,Japan,New
7496,2025-09-14,Company_07496,Paid Ads,Professional Services,Mid-Market,Taiwan,New
7497,2024-12-18,Company_07497,Website,Technology,SMB,Taiwan,New
7498,2025-05-16,Company_07498,Paid Ads,Retail,SMB,Japan,New
7499,2025-10-05,Company_07499,Referral,Professional Services,SMB,Hong Kong,New
7500,2024-12-17,Company_07500,Website,Healthcare,SMB,Singapore,New
7501,2025-05-02,Company_07501,Website,Technology,SMB,Taiwan,New
7502,2025-07-27,Company_07502,Referral,Retail,SMB,Hong Kong,New
7503,2024-08-15,Company_07503,Website,Financial Services,Enterprise,Taiwan,New
7504,2025-05-02,Company_07504,Referral,Retail,SMB,Japan,New
7505,2024-04-17,Company_07505,Event,Financial Services,SMB,Japan,New
7506,2024-10-08,Company_07506,Partner,Professional Services,SMB,Singapore,New
7507,2024-02-22,Company_07507,Partner,Retail,Mid-Market,Hong Kong,New
7508,2025-11-16,Company_07508,Partner,Manufacturing,Mid-Market,Taiwan,New
7509,2025-06-22,Company_07509,Website,Financial Services,Mid-Market,Taiwan,New
7510,2025-09-14,Company_07510,Website,Retail,SMB,Hong Kong,New
7511,2024-03-28,Company_07511,Partner,Technology,SMB,Singapore,New
7512,2024-12-21,Company_07512,Website,Financial Services,Enterprise,Singapore,New
7513,2025-08-06,Company_07513,Paid Ads,Technology,SMB,Japan,New
7514,2024-03-18,Company_07514,Outbound,Financial Services,Enterprise,Hong Kong,New
7515,2024-12-25,Company_07515,Website,Manufacturing,SMB,Taiwan,New
7516,2024-07-21,Company_07516,Website,Technology,Mid-Market,Taiwan,New
7517,2025-03-20,Company_07517,Partner,Financial Services,SMB,Taiwan,New
7518,2025-04-21,Company_07518,Paid Ads,Retail,Enterprise,Singapore,New
7519,2024-05-04,Company_07519,Partner,Technology,SMB,Hong Kong,New
7520,2025-05-20,Company_07520,Referral,Financial Services,Mid-Market,Hong Kong,New
7521,2024-11-28,Company_07521,Paid Ads,Financial Services,SMB,Taiwan,New
7522,2025-08-24,Company_07522,Paid Ads,Technology,SMB,Taiwan,New
7523,2024-10-30,Company_07523,Referral,Healthcare,SMB,Japan,New
7524,2025-02-04,Company_07524,Paid Ads,Manufacturing,Mid-Market,Japan,New
7525,2025-04-01,Company_07525,Website,Healthcare,Enterprise,Taiwan,New
7526,2025-07-07,Company_07526,Partner,Manufacturing,Mid-Market,Japan,New
7527,2024-02-10,Company_07527,Paid Ads,Retail,Mid-Market,Singapore,New
7528,2025-11-09,Company_07528,Paid Ads,Technology,Mid-Market,Singapore,New
7529,2025-02-14,Company_07529,Website,Healthcare,Enterprise,Singapore,New
7530,2025-11-09,Company_07530,Website,Manufacturing,Mid-Market,Japan,New
7531,2025-08-10,Company_07531,Partner,Technology,SMB,Hong Kong,New
7532,2025-04-04,Company_07532,Website,Technology,SMB,Hong Kong,New
7533,2025-07-31,Company_07533,Referral,Professional Services,Enterprise,Singapore,New
7534,2025-06-29,Company_07534,Paid Ads,Manufacturing,Mid-Market,Taiwan,New
7535,2024-02-25,Company_07535,Paid Ads,Healthcare,SMB,Japan,New
7536,2025-03-15,Company_07536,Website,Technology,SMB,Japan,New
7537,2025-10-30,Company_07537,Referral,Financial Services,Mid-Market,Singapore,New
7538,2024-08-09,Company_07538,Paid Ads,Technology,SMB,Japan,New
7539,2024-10-12,Company_07539,Referral,Technology,SMB,Singapore,New
7540,2024-12-30,Company_07540,Outbound,Financial Services,SMB,Japan,New
7541,2024-09-21,Company_07541,Event,Healthcare,SMB,Singapore,New
7542,2025-03-26,Company_07542,Website,Technology,SMB,Japan,New
7543,2025-02-02,Company_07543,Paid Ads,Financial Services,Mid-Market,Singapore,New
7544,2025-02-07,Company_07544,Outbound,Retail,Enterprise,Japan,New
7545,2024-02-21,Company_07545,Outbound,Retail,Mid-Market,Japan,New
7546,2025-04-25,Company_07546,Event,Manufacturing,Mid-Market,Taiwan,New
7547,2024-05-24,Company_07547,Paid Ads,Healthcare,Enterprise,Taiwan,New
7548,2024-06-07,Company_07548,Partner,Technology,SMB,Singapore,New
7549,2025-04-13,Company_07549,Outbound,Financial Services,SMB,Taiwan,New
7550,2025-01-11,Company_07550,Website,Professional Services,SMB,Singapore,New
7551,2025-02-01,Company_07551,Paid Ads,Technology,Mid-Market,Taiwan,New
7552,2024-12-07,Company_07552,Partner,Financial Services,SMB,Taiwan,New
7553,2025-12-15,Company_07553,Event,Technology,SMB,Singapore,New
7554,2024-03-15,Company_07554,Outbound,Retail,Mid-Market,Hong Kong,New
7555,2024-12-12,Company_07555,Outbound,Retail,Mid-Market,Singapore,New
7556,2025-03-20,Company_07556,Outbound,Financial Services,SMB,Hong Kong,New
7557,2025-03-27,Company_07557,Outbound,Technology,Mid-Market,Taiwan,New
7558,2025-03-12,Company_07558,Website,Healthcare,SMB,Hong Kong,New
7559,2024-04-11,Company_07559,Outbound,Retail,SMB,Hong Kong,New
7560,2024-02-02,Company_07560,Event,Manufacturing,Mid-Market,Taiwan,New
7561,2025-11-07,Company_07561,Paid Ads,Manufacturing,Enterprise,Singapore,New
7562,2024-07-20,Company_07562,Paid Ads,Healthcare,SMB,Hong Kong,New
7563,2024-09-01,Company_07563,Referral,Professional Services,SMB,Japan,New
7564,2024-03-22,Company_07564,Partner,Healthcare,Mid-Market,Singapore,New
7565,2024-01-07,Company_07565,Outbound,Manufacturing,Enterprise,Hong Kong,New
7566,2025-03-15,Company_07566,Website,Retail,SMB,Hong Kong,New
7567,2024-11-10,Company_07567,Website,Retail,SMB,Singapore,New
7568,2024-08-27,Company_07568,Referral,Manufacturing,SMB,Hong Kong,New
7569,2024-06-26,Company_07569,Paid Ads,Professional Services,SMB,Japan,New
7570,2024-03-25,Company_07570,Referral,Retail,SMB,Japan,New
7571,2025-08-13,Company_07571,Partner,Financial Services,Enterprise,Japan,New
7572,2024-05-05,Company_07572,Paid Ads,Technology,SMB,Taiwan,New
7573,2024-08-04,Company_07573,Partner,Retail,Mid-Market,Taiwan,New
7574,2024-10-23,Company_07574,Outbound,Financial Services,SMB,Singapore,New
7575,2025-03-05,Company_07575,Paid Ads,Healthcare,SMB,Singapore,New
7576,2024-04-23,Company_07576,Outbound,Healthcare,Mid-Market,Hong Kong,New
7577,2025-02-03,Company_07577,Website,Manufacturing,SMB,Japan,New
7578,2025-08-13,Company_07578,Website,Technology,SMB,Singapore,New
7579,2025-01-14,Company_07579,Paid Ads,Healthcare,SMB,Hong Kong,New
7580,2025-02-13,Company_07580,Partner,Healthcare,Mid-Market,Hong Kong,New
7581,2025-02-14,Company_07581,Partner,Healthcare,Enterprise,Taiwan,New
7582,2025-07-29,Company_07582,Paid Ads,Technology,SMB,Singapore,New
7583,2025-10-18,Company_07583,Website,Healthcare,SMB,Singapore,New
7584,2024-07-08,Company_07584,Website,Manufacturing,SMB,Hong Kong,New
7585,2025-06-25,Company_07585,Website,Financial Services,SMB,Japan,New
7586,2025-04-24,Company_07586,Paid Ads,Professional Services,SMB,Japan,New
7587,2024-01-06,Company_07587,Paid Ads,Professional Services,Mid-Market,Singapore,New
7588,2025-12-09,Company_07588,Website,Financial Services,SMB,Hong Kong,New
7589,2025-11-26,Company_07589,Website,Financial Services,SMB,Singapore,New
7590,2024-02-05,Company_07590,Website,Healthcare,SMB,Hong Kong,New
7591,2025-03-18,Company_07591,Website,Technology,SMB,Taiwan,New
7592,2024-09-20,Company_07592,Website,Retail,SMB,Japan,New
7593,2025-08-03,Company_07593,Outbound,Retail,SMB,Taiwan,New
7594,2024-03-21,Company_07594,Website,Technology,Mid-Market,Singapore,New
7595,2025-11-15,Company_07595,Website,Manufacturing,SMB,Singapore,New
7596,2024-12-17,Company_07596,Referral,Manufacturing,SMB,Singapore,New
7597,2024-12-30,Company_07597,Website,Healthcare,SMB,Taiwan,New
7598,2024-10-10,Company_07598,Website,Financial Services,SMB,Singapore,New
7599,2024-12-20,Company_07599,Paid Ads,Financial Services,SMB,Taiwan,New
7600,2025-04-08,Company_07600,Event,Financial Services,SMB,Hong Kong,New
7601,2025-12-30,Company_07601,Partner,Professional Services,SMB,Singapore,New
7602,2025-02-10,Company_07602,Event,Financial Services,SMB,Japan,New
7603,2025-11-03,Company_07603,Event,Financial Services,Mid-Market,Singapore,New
7604,2025-12-28,Company_07604,Partner,Financial Services,SMB,Singapore,New
7605,2024-03-10,Company_07605,Paid Ads,Financial Services,Enterprise,Singapore,New
7606,2025-11-29,Company_07606,Paid Ads,Technology,Mid-Market,Taiwan,New
7607,2025-03-18,Company_07607,Website,Healthcare,Enterprise,Singapore,New
7608,2025-10-11,Company_07608,Paid Ads,Professional Services,Enterprise,Japan,New
7609,2025-02-06,Company_07609,Outbound,Professional Services,Enterprise,Singapore,New
7610,2024-05-20,Company_07610,Paid Ads,Manufacturing,Mid-Market,Hong Kong,New
7611,2025-08-27,Company_07611,Paid Ads,Healthcare,SMB,Taiwan,New
7612,2024-04-02,Company_07612,Outbound,Technology,SMB,Hong Kong,New
7613,2024-03-19,Company_07613,Referral,Technology,Mid-Market,Singapore,New
7614,2025-11-23,Company_07614,Partner,Technology,SMB,Hong Kong,New
7615,2024-06-11,Company_07615,Website,Retail,SMB,Singapore,New
7616,2025-10-14,Company_07616,Website,Technology,Mid-Market,Singapore,New
7617,2025-01-26,Company_07617,Website,Manufacturing,Mid-Market,Singapore,New
7618,2025-03-03,Company_07618,Outbound,Retail,SMB,Hong Kong,New
7619,2024-12-10,Company_07619,Paid Ads,Retail,Mid-Market,Japan,New
7620,2025-09-08,Company_07620,Website,Professional Services,SMB,Japan,New
7621,2024-10-21,Company_07621,Website,Retail,SMB,Singapore,New
7622,2024-09-03,Company_07622,Outbound,Technology,Enterprise,Taiwan,New
7623,2024-08-28,Company_07623,Website,Healthcare,SMB,Singapore,New
7624,2024-03-08,Company_07624,Outbound,Retail,SMB,Singapore,New
7625,2025-06-25,Company_07625,Website,Manufacturing,SMB,Singapore,New
7626,2025-01-12,Company_07626,Website,Professional Services,Mid-Market,Japan,New
7627,2024-07-07,Company_07627,Referral,Financial Services,Mid-Market,Hong Kong,New
7628,2024-01-26,Company_07628,Website,Manufacturing,SMB,Japan,New
7629,2024-03-29,Company_07629,Website,Financial Services,SMB,Hong Kong,New
7630,2024-04-08,Company_07630,Outbound,Retail,SMB,Singapore,New
7631,2025-12-20,Company_07631,Outbound,Retail,Mid-Market,Hong Kong,New
7632,2025-05-01,Company_07632,Referral,Retail,SMB,Singapore,New
7633,2024-12-17,Company_07633,Website,Healthcare,SMB,Japan,New
7634,2025-03-30,Company_07634,Paid Ads,Retail,SMB,Singapore,New
7635,2025-07-24,Company_07635,Partner,Manufacturing,SMB,Taiwan,New
7636,2024-07-03,Company_07636,Partner,Healthcare,SMB,Singapore,New
7637,2025-11-30,Company_07637,Website,Retail,Mid-Market,Japan,New
7638,2025-09-13,Company_07638,Website,Healthcare,Mid-Market,Japan,New
7639,2024-03-11,Company_07639,Paid Ads,Professional Services,SMB,Singapore,New
7640,2024-08-15,Company_07640,Referral,Financial Services,SMB,Japan,New
7641,2025-04-28,Company_07641,Referral,Professional Services,SMB,Singapore,New
7642,2025-05-31,Company_07642,Website,Manufacturing,Mid-Market,Hong Kong,New
7643,2024-07-12,Company_07643,Website,Financial Services,SMB,Japan,New
7644,2025-09-09,Company_07644,Partner,Technology,SMB,Taiwan,New
7645,2025-12-06,Company_07645,Referral,Retail,Enterprise,Singapore,New
7646,2025-09-05,Company_07646,Website,Professional Services,Mid-Market,Singapore,New
7647,2025-04-18,Company_07647,Outbound,Technology,Enterprise,Japan,New
7648,2024-03-27,Company_07648,Outbound,Technology,SMB,Japan,New
7649,2024-06-30,Company_07649,Website,Professional Services,SMB,Singapore,New
7650,2025-09-04,Company_07650,Website,Technology,Mid-Market,Singapore,New
7651,2024-07-13,Company_07651,Paid Ads,Retail,SMB,Singapore,New
7652,2024-09-14,Company_07652,Website,Retail,Mid-Market,Hong Kong,New
7653,2025-08-25,Company_07653,Website,Retail,SMB,Taiwan,New
7654,2025-10-08,Company_07654,Website,Professional Services,SMB,Hong Kong,New
7655,2025-02-11,Company_07655,Outbound,Retail,SMB,Hong Kong,New
7656,2025-06-04,Company_07656,Website,Professional Services,SMB,Hong Kong,New
7657,2025-07-12,Company_07657,Paid Ads,Healthcare,SMB,Japan,New
7658,2024-07-11,Company_07658,Referral,Manufacturing,SMB,Taiwan,New
7659,2024-02-14,Company_07659,Referral,Technology,Mid-Market,Japan,New
7660,2025-10-11,Company_07660,Event,Manufacturing,SMB,Hong Kong,New
7661,2025-10-22,Company_07661,Event,Healthcare,Enterprise,Singapore,New
7662,2025-02-16,Company_07662,Paid Ads,Healthcare,SMB,Japan,New
7663,2025-07-20,Company_07663,Outbound,Healthcare,Mid-Market,Japan,New
7664,2024-10-23,Company_07664,Website,Healthcare,Mid-Market,Japan,New
7665,2024-07-07,Company_07665,Outbound,Healthcare,SMB,Hong Kong,New
7666,2025-06-25,Company_07666,Website,Technology,SMB,Hong Kong,New
7667,2024-07-24,Company_07667,Paid Ads,Healthcare,SMB,Japan,New
7668,2024-11-17,Company_07668,Event,Technology,Mid-Market,Singapore,New
7669,2024-04-20,Company_07669,Outbound,Healthcare,SMB,Hong Kong,New
7670,2025-01-02,Company_07670,Outbound,Financial Services,SMB,Hong Kong,New
7671,2024-12-01,Company_07671,Outbound,Technology,SMB,Japan,New
7672,2025-12-23,Company_07672,Website,Professional Services,SMB,Japan,New
7673,2025-08-06,Company_07673,Outbound,Professional Services,SMB,Singapore,New
7674,2025-10-14,Company_07674,Website,Technology,Mid-Market,Japan,New
7675,2024-05-10,Company_07675,Paid Ads,Professional Services,SMB,Singapore,New
7676,2025-05-06,Company_07676,Partner,Professional Services,SMB,Japan,New
7677,2025-04-09,Company_07677,Referral,Retail,SMB,Hong Kong,New
7678,2024-02-16,Company_07678,Website,Manufacturing,SMB,Hong Kong,New
7679,2024-11-10,Company_07679,Website,Retail,Mid-Market,Hong Kong,New
7680,2024-02-17,Company_07680,Referral,Retail,Mid-Market,Japan,New
7681,2024-07-02,Company_07681,Referral,Retail,SMB,Japan,New
7682,2025-01-05,Company_07682,Referral,Retail,SMB,Japan,New
7683,2025-09-12,Company_07683,Website,Financial Services,Mid-Market,Taiwan,New
7684,2024-03-30,Company_07684,Outbound,Professional Services,Mid-Market,Singapore,New
7685,2025-08-04,Company_07685,Paid Ads,Retail,Mid-Market,Taiwan,New
7686,2025-04-16,Company_07686,Outbound,Professional Services,Mid-Market,Singapore,New
7687,2024-07-21,Company_07687,Referral,Financial Services,SMB,Japan,New
7688,2025-11-06,Company_07688,Event,Manufacturing,Mid-Market,Hong Kong,New
7689,2025-04-13,Company_07689,Outbound,Technology,SMB,Hong Kong,New
7690,2025-06-01,Company_07690,Website,Manufacturing,SMB,Hong Kong,New
7691,2025-01-21,Company_07691,Referral,Professional Services,Mid-Market,Hong Kong,New
7692,2025-12-01,Company_07692,Outbound,Professional Services,Enterprise,Singapore,New
7693,2024-08-03,Company_07693,Referral,Financial Services,SMB,Singapore,New
7694,2024-01-17,Company_07694,Referral,Manufacturing,Mid-Market,Singapore,New
7695,2025-10-10,Company_07695,Paid Ads,Financial Services,SMB,Japan,New
7696,2025-01-21,Company_07696,Paid Ads,Retail,SMB,Japan,New
7697,2024-12-01,Company_07697,Paid Ads,Retail,SMB,Singapore,New
7698,2025-02-26,Company_07698,Partner,Professional Services,Mid-Market,Japan,New
7699,2025-04-29,Company_07699,Event,Professional Services,Mid-Market,Hong Kong,New
7700,2024-06-30,Company_07700,Website,Professional Services,Mid-Market,Singapore,New
7701,2025-10-15,Company_07701,Website,Healthcare,SMB,Taiwan,New
7702,2024-02-17,Company_07702,Paid Ads,Manufacturing,Mid-Market,Hong Kong,New
7703,2024-03-30,Company_07703,Referral,Healthcare,Enterprise,Hong Kong,New
7704,2024-06-21,Company_07704,Referral,Financial Services,SMB,Hong Kong,New
7705,2025-09-22,Company_07705,Event,Manufacturing,Enterprise,Singapore,New
7706,2024-01-20,Company_07706,Outbound,Professional Services,Enterprise,Singapore,New
7707,2024-03-26,Company_07707,Referral,Healthcare,Mid-Market,Singapore,New
7708,2025-03-03,Company_07708,Outbound,Retail,Mid-Market,Singapore,New
7709,2024-02-18,Company_07709,Partner,Financial Services,SMB,Japan,New
7710,2024-04-13,Company_07710,Referral,Financial Services,SMB,Hong Kong,New
7711,2025-08-16,Company_07711,Outbound,Manufacturing,SMB,Taiwan,New
7712,2024-05-18,Company_07712,Referral,Retail,SMB,Hong Kong,New
7713,2025-09-08,Company_07713,Event,Retail,Mid-Market,Taiwan,New
7714,2024-04-03,Company_07714,Outbound,Retail,SMB,Taiwan,New
7715,2024-03-19,Company_07715,Paid Ads,Technology,SMB,Singapore,New
7716,2024-07-03,Company_07716,Website,Professional Services,SMB,Taiwan,New
7717,2025-01-07,Company_07717,Website,Technology,Enterprise,Japan,New
7718,2025-02-08,Company_07718,Referral,Professional Services,SMB,Taiwan,New
7719,2024-10-25,Company_07719,Outbound,Financial Services,Mid-Market,Taiwan,New
7720,2024-06-20,Company_07720,Paid Ads,Retail,SMB,Hong Kong,New
7721,2025-05-10,Company_07721,Website,Technology,SMB,Singapore,New
7722,2025-09-10,Company_07722,Website,Retail,SMB,Hong Kong,New
7723,2025-05-12,Company_07723,Referral,Healthcare,Enterprise,Taiwan,New
7724,2024-01-08,Company_07724,Outbound,Professional Services,SMB,Taiwan,New
7725,2025-04-19,Company_07725,Paid Ads,Manufacturing,Mid-Market,Japan,New
7726,2024-06-27,Company_07726,Partner,Manufacturing,SMB,Singapore,New
7727,2024-08-11,Company_07727,Outbound,Financial Services,Enterprise,Hong Kong,New
7728,2024-04-26,Company_07728,Paid Ads,Technology,SMB,Hong Kong,New
7729,2024-11-07,Company_07729,Paid Ads,Technology,SMB,Taiwan,New
7730,2025-12-07,Company_07730,Referral,Technology,SMB,Japan,New
7731,2025-06-29,Company_07731,Event,Technology,Mid-Market,Taiwan,New
7732,2024-02-17,Company_07732,Referral,Professional Services,Enterprise,Taiwan,New
7733,2025-07-12,Company_07733,Partner,Retail,SMB,Taiwan,New
7734,2024-07-02,Company_07734,Outbound,Retail,SMB,Taiwan,New
7735,2024-01-26,Company_07735,Paid Ads,Financial Services,Enterprise,Japan,New
7736,2024-07-01,Company_07736,Website,Technology,SMB,Japan,New
7737,2025-11-30,Company_07737,Outbound,Manufacturing,SMB,Hong Kong,New
7738,2025-01-28,Company_07738,Website,Retail,Mid-Market,Taiwan,New
7739,2024-06-16,Company_07739,Website,Technology,SMB,Hong Kong,New
7740,2025-07-31,Company_07740,Paid Ads,Manufacturing,SMB,Japan,New
7741,2024-06-20,Company_07741,Partner,Healthcare,Mid-Market,Taiwan,New
7742,2024-03-26,Company_07742,Paid Ads,Financial Services,SMB,Hong Kong,New
7743,2025-04-24,Company_07743,Outbound,Professional Services,SMB,Japan,New
7744,2025-09-04,Company_07744,Website,Manufacturing,SMB,Japan,New
7745,2025-06-03,Company_07745,Paid Ads,Manufacturing,Mid-Market,Hong Kong,New
7746,2025-03-29,Company_07746,Website,Technology,SMB,Taiwan,New
7747,2025-09-21,Company_07747,Referral,Technology,SMB,Singapore,New
7748,2024-08-01,Company_07748,Referral,Technology,SMB,Taiwan,New
7749,2025-01-04,Company_07749,Outbound,Technology,Mid-Market,Singapore,New
7750,2024-03-17,Company_07750,Website,Manufacturing,SMB,Singapore,New
7751,2024-11-23,Company_07751,Website,Manufacturing,SMB,Japan,New
7752,2025-07-14,Company_07752,Website,Healthcare,SMB,Japan,New
7753,2025-05-23,Company_07753,Referral,Healthcare,SMB,Hong Kong,New
7754,2024-02-20,Company_07754,Outbound,Financial Services,Mid-Market,Japan,New
7755,2024-01-25,Company_07755,Outbound,Healthcare,SMB,Singapore,New
7756,2024-02-11,Company_07756,Paid Ads,Financial Services,SMB,Singapore,New
7757,2024-01-08,Company_07757,Website,Retail,SMB,Hong Kong,New
7758,2025-10-18,Company_07758,Referral,Healthcare,SMB,Japan,New
7759,2025-07-15,Company_07759,Website,Technology,SMB,Japan,New
7760,2024-05-13,Company_07760,Website,Technology,SMB,Japan,New
7761,2024-03-05,Company_07761,Outbound,Manufacturing,SMB,Japan,New
7762,2025-01-27,Company_07762,Referral,Technology,Enterprise,Taiwan,New
7763,2025-01-07,Company_07763,Website,Manufacturing,SMB,Singapore,New
7764,2024-03-06,Company_07764,Website,Healthcare,Mid-Market,Singapore,New
7765,2025-05-01,Company_07765,Outbound,Professional Services,SMB,Taiwan,New
7766,2025-11-15,Company_07766,Paid Ads,Financial Services,SMB,Hong Kong,New
7767,2025-08-03,Company_07767,Paid Ads,Financial Services,Mid-Market,Japan,New
7768,2025-10-07,Company_07768,Outbound,Retail,Enterprise,Singapore,New
7769,2024-02-27,Company_07769,Paid Ads,Professional Services,Mid-Market,Singapore,New
7770,2025-10-11,Company_07770,Website,Professional Services,SMB,Japan,New
7771,2025-07-09,Company_07771,Event,Financial Services,SMB,Taiwan,New
7772,2024-05-07,Company_07772,Website,Manufacturing,Mid-Market,Singapore,New
7773,2025-12-16,Company_07773,Paid Ads,Professional Services,SMB,Hong Kong,New
7774,2025-03-02,Company_07774,Partner,Financial Services,Enterprise,Japan,New
7775,2024-10-01,Company_07775,Referral,Professional Services,SMB,Hong Kong,New
7776,2024-02-09,Company_07776,Referral,Technology,SMB,Singapore,New
7777,2024-12-05,Company_07777,Website,Healthcare,Enterprise,Hong Kong,New
7778,2024-02-11,Company_07778,Website,Retail,Mid-Market,Taiwan,New
7779,2024-09-14,Company_07779,Outbound,Manufacturing,Enterprise,Singapore,New
7780,2025-04-07,Company_07780,Referral,Retail,SMB,Japan,New
7781,2024-11-26,Company_07781,Partner,Professional Services,SMB,Singapore,New
7782,2025-10-13,Company_07782,Referral,Professional Services,SMB,Singapore,New
7783,2025-06-20,Company_07783,Referral,Healthcare,Mid-Market,Singapore,New
7784,2025-12-26,Company_07784,Referral,Retail,Enterprise,Japan,New
7785,2025-09-26,Company_07785,Referral,Retail,SMB,Singapore,New
7786,2025-12-18,Company_07786,Paid Ads,Professional Services,Mid-Market,Japan,New
7787,2025-12-17,Company_07787,Partner,Technology,Enterprise,Japan,New
7788,2025-08-12,Company_07788,Referral,Professional Services,SMB,Singapore,New
7789,2025-01-28,Company_07789,Website,Manufacturing,SMB,Hong Kong,New
7790,2024-09-11,Company_07790,Referral,Retail,SMB,Hong Kong,New
7791,2025-11-24,Company_07791,Paid Ads,Professional Services,SMB,Taiwan,New
7792,2025-07-20,Company_07792,Outbound,Healthcare,Mid-Market,Hong Kong,New
7793,2024-06-19,Company_07793,Outbound,Retail,SMB,Singapore,New
7794,2024-08-19,Company_07794,Outbound,Manufacturing,Enterprise,Hong Kong,New
7795,2025-10-07,Company_07795,Website,Technology,SMB,Japan,New
7796,2024-09-08,Company_07796,Website,Technology,SMB,Japan,New
7797,2024-04-04,Company_07797,Paid Ads,Professional Services,SMB,Singapore,New
7798,2024-06-30,Company_07798,Event,Healthcare,SMB,Japan,New
7799,2025-06-24,Company_07799,Referral,Retail,Enterprise,Japan,New
7800,2025-01-08,Company_07800,Paid Ads,Manufacturing,SMB,Singapore,New
7801,2025-01-06,Company_07801,Outbound,Technology,Mid-Market,Singapore,New
7802,2024-07-27,Company_07802,Website,Manufacturing,Enterprise,Taiwan,New
7803,2024-03-20,Company_07803,Website,Manufacturing,SMB,Singapore,New
7804,2024-10-27,Company_07804,Event,Manufacturing,SMB,Singapore,New
7805,2024-06-19,Company_07805,Outbound,Technology,Mid-Market,Singapore,New
7806,2024-07-02,Company_07806,Partner,Manufacturing,SMB,Taiwan,New
7807,2025-01-10,Company_07807,Website,Financial Services,SMB,Hong Kong,New
7808,2024-10-06,Company_07808,Outbound,Professional Services,Mid-Market,Singapore,New
7809,2025-11-07,Company_07809,Paid Ads,Retail,Mid-Market,Hong Kong,New
7810,2024-06-26,Company_07810,Website,Professional Services,SMB,Japan,New
7811,2025-10-29,Company_07811,Partner,Financial Services,SMB,Hong Kong,New
7812,2025-01-18,Company_07812,Outbound,Financial Services,Mid-Market,Singapore,New
7813,2024-09-02,Company_07813,Partner,Technology,SMB,Taiwan,New
7814,2024-09-24,Company_07814,Paid Ads,Professional Services,SMB,Japan,New
7815,2024-10-11,Company_07815,Paid Ads,Financial Services,SMB,Japan,New
7816,2024-02-19,Company_07816,Paid Ads,Healthcare,Mid-Market,Japan,New
7817,2024-09-23,Company_07817,Paid Ads,Retail,Enterprise,Taiwan,New
7818,2025-05-30,Company_07818,Website,Manufacturing,SMB,Singapore,New
7819,2024-09-01,Company_07819,Outbound,Financial Services,Mid-Market,Hong Kong,New
7820,2024-06-21,Company_07820,Paid Ads,Professional Services,SMB,Taiwan,New
7821,2024-10-02,Company_07821,Referral,Technology,SMB,Hong Kong,New
7822,2024-04-26,Company_07822,Outbound,Healthcare,Mid-Market,Hong Kong,New
7823,2024-09-05,Company_07823,Outbound,Manufacturing,Mid-Market,Japan,New
7824,2024-03-06,Company_07824,Referral,Healthcare,Mid-Market,Taiwan,New
7825,2025-01-30,Company_07825,Paid Ads,Healthcare,SMB,Singapore,New
7826,2025-03-24,Company_07826,Website,Financial Services,SMB,Taiwan,New
7827,2024-06-17,Company_07827,Paid Ads,Retail,Mid-Market,Japan,New
7828,2024-03-24,Company_07828,Paid Ads,Technology,Enterprise,Taiwan,New
7829,2024-07-10,Company_07829,Partner,Healthcare,SMB,Hong Kong,New
7830,2025-06-07,Company_07830,Event,Professional Services,SMB,Japan,New
7831,2024-03-02,Company_07831,Referral,Technology,SMB,Singapore,New
7832,2024-05-24,Company_07832,Paid Ads,Healthcare,Mid-Market,Hong Kong,New
7833,2025-09-24,Company_07833,Referral,Professional Services,Mid-Market,Hong Kong,New
7834,2025-06-01,Company_07834,Partner,Retail,SMB,Taiwan,New
7835,2025-10-24,Company_07835,Website,Technology,SMB,Singapore,New
7836,2024-05-19,Company_07836,Website,Technology,Mid-Market,Japan,New
7837,2025-05-15,Company_07837,Website,Professional Services,Mid-Market,Hong Kong,New
7838,2024-03-10,Company_07838,Outbound,Manufacturing,Mid-Market,Japan,New
7839,2025-06-15,Company_07839,Outbound,Manufacturing,Mid-Market,Singapore,New
7840,2025-04-12,Company_07840,Event,Professional Services,SMB,Hong Kong,New
7841,2024-08-06,Company_07841,Partner,Healthcare,Mid-Market,Japan,New
7842,2025-08-30,Company_07842,Website,Manufacturing,SMB,Hong Kong,New
7843,2025-08-11,Company_07843,Paid Ads,Financial Services,Mid-Market,Japan,New
7844,2025-02-03,Company_07844,Paid Ads,Technology,SMB,Taiwan,New
7845,2024-02-11,Company_07845,Paid Ads,Retail,Mid-Market,Taiwan,New
7846,2024-11-20,Company_07846,Website,Manufacturing,Mid-Market,Japan,New
7847,2025-08-06,Company_07847,Website,Retail,SMB,Hong Kong,New
7848,2024-01-27,Company_07848,Partner,Financial Services,SMB,Hong Kong,New
7849,2025-09-25,Company_07849,Referral,Healthcare,SMB,Taiwan,New
7850,2025-09-24,Company_07850,Paid Ads,Manufacturing,SMB,Hong Kong,New
7851,2025-02-06,Company_07851,Website,Healthcare,SMB,Taiwan,New
7852,2024-06-24,Company_07852,Website,Technology,SMB,Japan,New
7853,2025-02-02,Company_07853,Website,Retail,SMB,Singapore,New
7854,2024-04-16,Company_07854,Referral,Retail,Enterprise,Singapore,New
7855,2025-08-19,Company_07855,Website,Financial Services,SMB,Japan,New
7856,2024-11-25,Company_07856,Paid Ads,Retail,SMB,Singapore,New
7857,2025-10-18,Company_07857,Website,Healthcare,Mid-Market,Singapore,New
7858,2024-02-08,Company_07858,Outbound,Professional Services,Enterprise,Singapore,New
7859,2024-11-26,Company_07859,Paid Ads,Retail,SMB,Singapore,New
7860,2025-07-27,Company_07860,Outbound,Professional Services,SMB,Japan,New
7861,2024-12-04,Company_07861,Website,Retail,Enterprise,Singapore,New
7862,2025-03-05,Company_07862,Paid Ads,Financial Services,Mid-Market,Taiwan,New
7863,2024-03-25,Company_07863,Outbound,Manufacturing,Mid-Market,Japan,New
7864,2025-05-06,Company_07864,Referral,Professional Services,Enterprise,Singapore,New
7865,2025-07-30,Company_07865,Outbound,Healthcare,SMB,Japan,New
7866,2024-08-02,Company_07866,Outbound,Healthcare,SMB,Taiwan,New
7867,2024-05-25,Company_07867,Website,Retail,Mid-Market,Singapore,New
7868,2024-10-02,Company_07868,Website,Technology,SMB,Singapore,New
7869,2024-04-01,Company_07869,Paid Ads,Professional Services,SMB,Japan,New
7870,2024-10-16,Company_07870,Website,Financial Services,Mid-Market,Hong Kong,New
7871,2024-11-23,Company_07871,Website,Professional Services,SMB,Taiwan,New
7872,2025-12-25,Company_07872,Event,Professional Services,Enterprise,Hong Kong,New
7873,2025-01-19,Company_07873,Outbound,Manufacturing,SMB,Singapore,New
7874,2025-03-03,Company_07874,Website,Retail,Mid-Market,Japan,New
7875,2024-01-23,Company_07875,Website,Financial Services,SMB,Taiwan,New
7876,2025-02-11,Company_07876,Outbound,Retail,SMB,Hong Kong,New
7877,2024-03-19,Company_07877,Website,Financial Services,SMB,Hong Kong,New
7878,2024-07-12,Company_07878,Paid Ads,Financial Services,SMB,Hong Kong,New
7879,2024-12-23,Company_07879,Event,Retail,Mid-Market,Taiwan,New
7880,2024-10-20,Company_07880,Website,Financial Services,SMB,Taiwan,New
7881,2025-01-28,Company_07881,Website,Retail,SMB,Japan,New
7882,2024-03-03,Company_07882,Referral,Manufacturing,SMB,Taiwan,New
7883,2025-06-25,Company_07883,Outbound,Retail,SMB,Hong Kong,New
7884,2024-02-25,Company_07884,Outbound,Professional Services,SMB,Japan,New
7885,2024-03-30,Company_07885,Website,Financial Services,SMB,Japan,New
7886,2025-12-01,Company_07886,Partner,Technology,Mid-Market,Hong Kong,New
7887,2025-05-12,Company_07887,Outbound,Professional Services,Enterprise,Hong Kong,New
7888,2025-04-13,Company_07888,Outbound,Healthcare,SMB,Hong Kong,New
7889,2024-12-16,Company_07889,Outbound,Healthcare,SMB,Singapore,New
7890,2024-12-22,Company_07890,Website,Financial Services,Enterprise,Japan,New
7891,2024-09-13,Company_07891,Partner,Financial Services,SMB,Singapore,New
7892,2025-12-13,Company_07892,Website,Manufacturing,Mid-Market,Taiwan,New
7893,2024-04-20,Company_07893,Partner,Retail,SMB,Japan,New
7894,2025-08-10,Company_07894,Paid Ads,Retail,SMB,Taiwan,New
7895,2025-07-04,Company_07895,Referral,Retail,SMB,Japan,New
7896,2024-07-12,Company_07896,Outbound,Technology,SMB,Taiwan,New
7897,2024-11-14,Company_07897,Event,Financial Services,SMB,Taiwan,New
7898,2025-04-20,Company_07898,Website,Healthcare,SMB,Hong Kong,New
7899,2024-05-21,Company_07899,Outbound,Healthcare,SMB,Hong Kong,New
7900,2024-10-15,Company_07900,Outbound,Manufacturing,Mid-Market,Taiwan,New
7901,2024-10-31,Company_07901,Paid Ads,Financial Services,SMB,Japan,New
7902,2024-04-19,Company_07902,Partner,Healthcare,Enterprise,Japan,New
7903,2024-09-18,Company_07903,Outbound,Healthcare,Mid-Market,Hong Kong,New
7904,2024-09-12,Company_07904,Website,Financial Services,SMB,Hong Kong,New
7905,2025-08-03,Company_07905,Paid Ads,Healthcare,Enterprise,Singapore,New
7906,2024-06-20,Company_07906,Outbound,Retail,SMB,Singapore,New
7907,2025-06-03,Company_07907,Referral,Healthcare,SMB,Taiwan,New
7908,2024-06-13,Company_07908,Paid Ads,Retail,SMB,Taiwan,New
7909,2025-08-28,Company_07909,Outbound,Professional Services,Mid-Market,Singapore,New
7910,2025-09-09,Company_07910,Paid Ads,Technology,SMB,Singapore,New
7911,2025-10-01,Company_07911,Referral,Professional Services,Mid-Market,Singapore,New
7912,2024-11-17,Company_07912,Outbound,Healthcare,Mid-Market,Singapore,New
7913,2024-11-01,Company_07913,Paid Ads,Manufacturing,SMB,Taiwan,New
7914,2024-01-31,Company_07914,Website,Manufacturing,SMB,Japan,New
7915,2025-06-22,Company_07915,Paid Ads,Financial Services,SMB,Singapore,New
7916,2025-05-20,Company_07916,Partner,Technology,SMB,Hong Kong,New
7917,2025-05-14,Company_07917,Referral,Manufacturing,Mid-Market,Taiwan,New
7918,2025-12-02,Company_07918,Paid Ads,Healthcare,Enterprise,Japan,New
7919,2025-03-09,Company_07919,Paid Ads,Professional Services,Enterprise,Taiwan,New
7920,2024-05-11,Company_07920,Partner,Professional Services,SMB,Singapore,New
7921,2025-11-13,Company_07921,Website,Healthcare,Enterprise,Taiwan,New
7922,2025-10-12,Company_07922,Paid Ads,Manufacturing,Mid-Market,Hong Kong,New
7923,2024-02-13,Company_07923,Outbound,Technology,SMB,Japan,New
7924,2025-11-10,Company_07924,Website,Professional Services,SMB,Japan,New
7925,2025-12-02,Company_07925,Outbound,Healthcare,Enterprise,Singapore,New
7926,2025-05-07,Company_07926,Paid Ads,Retail,SMB,Singapore,New
7927,2025-10-25,Company_07927,Website,Financial Services,Mid-Market,Japan,New
7928,2024-05-08,Company_07928,Outbound,Healthcare,SMB,Singapore,New
7929,2024-04-02,Company_07929,Event,Professional Services,SMB,Hong Kong,New
7930,2025-06-17,Company_07930,Partner,Technology,SMB,Hong Kong,New
7931,2024-04-22,Company_07931,Outbound,Manufacturing,Mid-Market,Hong Kong,New
7932,2024-03-23,Company_07932,Partner,Healthcare,Mid-Market,Singapore,New
7933,2024-02-14,Company_07933,Referral,Healthcare,Enterprise,Japan,New
7934,2025-02-01,Company_07934,Website,Professional Services,SMB,Singapore,New
7935,2024-11-17,Company_07935,Website,Healthcare,SMB,Taiwan,New
7936,2024-08-12,Company_07936,Website,Manufacturing,SMB,Japan,New
7937,2024-07-10,Company_07937,Website,Manufacturing,Enterprise,Japan,New
7938,2025-01-17,Company_07938,Paid Ads,Healthcare,SMB,Japan,New
7939,2024-03-24,Company_07939,Partner,Professional Services,Mid-Market,Hong Kong,New
7940,2024-11-15,Company_07940,Referral,Professional Services,Enterprise,Hong Kong,New
7941,2025-07-20,Company_07941,Paid Ads,Healthcare,Mid-Market,Hong Kong,New
7942,2024-07-21,Company_07942,Website,Healthcare,Enterprise,Taiwan,New
7943,2024-12-21,Company_07943,Website,Professional Services,SMB,Japan,New
7944,2025-02-02,Company_07944,Referral,Retail,SMB,Singapore,New
7945,2025-07-30,Company_07945,Outbound,Healthcare,SMB,Japan,New
7946,2024-01-05,Company_07946,Partner,Retail,SMB,Hong Kong,New
7947,2025-08-23,Company_07947,Partner,Technology,SMB,Hong Kong,New
7948,2024-07-27,Company_07948,Event,Financial Services,SMB,Hong Kong,New
7949,2024-09-06,Company_07949,Paid Ads,Professional Services,Mid-Market,Singapore,New
7950,2025-11-14,Company_07950,Paid Ads,Healthcare,SMB,Japan,New
7951,2024-06-26,Company_07951,Website,Healthcare,SMB,Hong Kong,New
7952,2025-04-26,Company_07952,Website,Professional Services,SMB,Hong Kong,New
7953,2025-01-17,Company_07953,Paid Ads,Professional Services,SMB,Singapore,New
7954,2024-03-07,Company_07954,Website,Manufacturing,Enterprise,Taiwan,New
7955,2024-08-10,Company_07955,Partner,Retail,SMB,Taiwan,New
7956,2024-08-11,Company_07956,Outbound,Manufacturing,Mid-Market,Japan,New
7957,2025-12-27,Company_07957,Paid Ads,Professional Services,Enterprise,Japan,New
7958,2024-11-28,Company_07958,Website,Professional Services,SMB,Singapore,New
7959,2025-02-27,Company_07959,Website,Financial Services,SMB,Japan,New
7960,2024-01-14,Company_07960,Event,Financial Services,SMB,Hong Kong,New
7961,2025-11-19,Company_07961,Outbound,Financial Services,SMB,Hong Kong,New
7962,2024-05-22,Company_07962,Outbound,Financial Services,SMB,Taiwan,New
7963,2025-12-28,Company_07963,Website,Professional Services,Enterprise,Taiwan,New
7964,2025-04-22,Company_07964,Paid Ads,Financial Services,SMB,Japan,New
7965,2025-10-14,Company_07965,Paid Ads,Healthcare,SMB,Hong Kong,New
7966,2025-10-28,Company_07966,Outbound,Financial Services,SMB,Japan,New
7967,2025-06-03,Company_07967,Website,Retail,SMB,Singapore,New
7968,2025-08-18,Company_07968,Referral,Manufacturing,SMB,Japan,New
7969,2025-12-01,Company_07969,Paid Ads,Technology,Mid-Market,Singapore,New
7970,2024-02-01,Company_07970,Outbound,Healthcare,SMB,Singapore,New
7971,2025-10-10,Company_07971,Outbound,Professional Services,Mid-Market,Japan,New
7972,2024-06-08,Company_07972,Outbound,Professional Services,SMB,Hong Kong,New
7973,2025-12-06,Company_07973,Paid Ads,Healthcare,Mid-Market,Singapore,New
7974,2024-02-18,Company_07974,Outbound,Professional Services,SMB,Singapore,New
7975,2025-02-16,Company_07975,Referral,Financial Services,SMB,Taiwan,New
7976,2024-05-08,Company_07976,Outbound,Healthcare,SMB,Singapore,New
7977,2025-09-29,Company_07977,Website,Financial Services,Mid-Market,Singapore,New
7978,2024-06-12,Company_07978,Outbound,Financial Services,Enterprise,Japan,New
7979,2025-06-03,Company_07979,Referral,Retail,Enterprise,Taiwan,New
7980,2024-12-01,Company_07980,Website,Financial Services,SMB,Hong Kong,New
7981,2025-02-27,Company_07981,Website,Technology,SMB,Taiwan,New
7982,2025-02-22,Company_07982,Partner,Healthcare,SMB,Singapore,New
7983,2024-05-20,Company_07983,Referral,Retail,Enterprise,Hong Kong,New
7984,2024-04-21,Company_07984,Outbound,Professional Services,SMB,Singapore,New
7985,2025-12-26,Company_07985,Partner,Professional Services,Mid-Market,Japan,New
7986,2025-07-30,Company_07986,Paid Ads,Manufacturing,Mid-Market,Singapore,New
7987,2024-07-13,Company_07987,Outbound,Professional Services,Mid-Market,Singapore,New
7988,2025-04-14,Company_07988,Paid Ads,Healthcare,Enterprise,Taiwan,New
7989,2024-08-31,Company_07989,Partner,Financial Services,Mid-Market,Singapore,New
7990,2025-10-02,Company_07990,Paid Ads,Professional Services,Enterprise,Taiwan,New
7991,2025-12-25,Company_07991,Partner,Technology,Mid-Market,Singapore,New
7992,2025-02-13,Company_07992,Outbound,Financial Services,SMB,Japan,New
7993,2025-07-31,Company_07993,Outbound,Professional Services,Mid-Market,Singapore,New
7994,2025-08-28,Company_07994,Outbound,Healthcare,Mid-Market,Taiwan,New
7995,2025-08-16,Company_07995,Outbound,Technology,SMB,Hong Kong,New
7996,2024-02-01,Company_07996,Paid Ads,Technology,Mid-Market,Singapore,New
7997,2025-11-18,Company_07997,Website,Technology,Mid-Market,Hong Kong,New
7998,2025-07-01,Company_07998,Website,Healthcare,SMB,Japan,New
7999,2024-01-30,Company_07999,Partner,Retail,Enterprise,Japan,New
8000,2025-07-17,Company_08000,Partner,Technology,Enterprise,Japan,New
8001,2024-01-12,Company_08001,Outbound,Financial Services,Mid-Market,Hong Kong,New
8002,2025-05-03,Company_08002,Paid Ads,Retail,SMB,Taiwan,New
8003,2024-07-23,Company_08003,Referral,Retail,SMB,Singapore,New
8004,2025-05-30,Company_08004,Website,Healthcare,SMB,Hong Kong,New
8005,2024-01-01,Company_08005,Paid Ads,Technology,Mid-Market,Taiwan,New
8006,2024-12-21,Company_08006,Paid Ads,Manufacturing,SMB,Singapore,New
8007,2024-07-17,Company_08007,Referral,Healthcare,SMB,Singapore,New
8008,2024-09-23,Company_08008,Paid Ads,Healthcare,SMB,Japan,New
8009,2024-03-18,Company_08009,Paid Ads,Professional Services,Mid-Market,Singapore,New
8010,2024-10-04,Company_08010,Event,Financial Services,Mid-Market,Hong Kong,New
8011,2024-09-03,Company_08011,Outbound,Technology,Mid-Market,Hong Kong,New
8012,2025-06-30,Company_08012,Website,Retail,SMB,Taiwan,New
8013,2024-05-19,Company_08013,Event,Retail,SMB,Hong Kong,New
8014,2024-05-10,Company_08014,Paid Ads,Healthcare,Mid-Market,Taiwan,New
8015,2025-12-03,Company_08015,Website,Manufacturing,SMB,Singapore,New
8016,2024-01-15,Company_08016,Outbound,Manufacturing,SMB,Singapore,New
8017,2025-09-14,Company_08017,Outbound,Professional Services,SMB,Taiwan,New
8018,2024-03-13,Company_08018,Partner,Professional Services,SMB,Taiwan,New
8019,2025-04-06,Company_08019,Website,Financial Services,Enterprise,Singapore,New
8020,2025-02-05,Company_08020,Paid Ads,Professional Services,SMB,Singapore,New
8021,2025-05-23,Company_08021,Website,Healthcare,Mid-Market,Japan,New
8022,2025-08-10,Company_08022,Referral,Technology,Mid-Market,Singapore,New
8023,2024-04-17,Company_08023,Website,Financial Services,SMB,Hong Kong,New
8024,2025-05-24,Company_08024,Website,Retail,SMB,Japan,New
8025,2024-01-14,Company_08025,Paid Ads,Retail,Enterprise,Singapore,New
8026,2025-11-01,Company_08026,Outbound,Retail,SMB,Taiwan,New
8027,2024-04-16,Company_08027,Website,Financial Services,Mid-Market,Japan,New
8028,2024-12-27,Company_08028,Referral,Professional Services,SMB,Singapore,New
8029,2024-06-19,Company_08029,Outbound,Manufacturing,SMB,Japan,New
8030,2024-11-17,Company_08030,Referral,Financial Services,Mid-Market,Taiwan,New
8031,2025-11-30,Company_08031,Website,Retail,SMB,Hong Kong,New
8032,2025-11-26,Company_08032,Paid Ads,Healthcare,SMB,Hong Kong,New
8033,2024-02-07,Company_08033,Event,Healthcare,Mid-Market,Singapore,New
8034,2024-03-13,Company_08034,Partner,Manufacturing,SMB,Japan,New
8035,2025-07-31,Company_08035,Referral,Healthcare,Mid-Market,Hong Kong,New
8036,2024-10-20,Company_08036,Website,Professional Services,Mid-Market,Taiwan,New
8037,2025-06-24,Company_08037,Website,Retail,SMB,Japan,New
8038,2025-12-08,Company_08038,Outbound,Professional Services,SMB,Hong Kong,New
8039,2025-12-23,Company_08039,Website,Healthcare,Mid-Market,Japan,New
8040,2025-06-06,Company_08040,Website,Technology,SMB,Singapore,New
8041,2024-11-12,Company_08041,Referral,Financial Services,SMB,Japan,New
8042,2024-08-16,Company_08042,Outbound,Technology,SMB,Hong Kong,New
8043,2025-06-05,Company_08043,Paid Ads,Manufacturing,SMB,Hong Kong,New
8044,2025-02-19,Company_08044,Outbound,Healthcare,SMB,Japan,New
8045,2025-12-22,Company_08045,Outbound,Professional Services,Mid-Market,Japan,New
8046,2024-02-04,Company_08046,Partner,Technology,Enterprise,Hong Kong,New
8047,2024-11-23,Company_08047,Outbound,Manufacturing,SMB,Japan,New
8048,2024-08-31,Company_08048,Outbound,Technology,SMB,Taiwan,New
8049,2025-01-22,Company_08049,Paid Ads,Financial Services,SMB,Japan,New
8050,2024-09-29,Company_08050,Outbound,Healthcare,Mid-Market,Japan,New
8051,2025-01-22,Company_08051,Paid Ads,Healthcare,SMB,Hong Kong,New
8052,2024-10-15,Company_08052,Referral,Healthcare,SMB,Singapore,New
8053,2025-12-15,Company_08053,Paid Ads,Professional Services,Mid-Market,Singapore,New
8054,2024-08-22,Company_08054,Paid Ads,Retail,SMB,Singapore,New
8055,2024-10-31,Company_08055,Outbound,Financial Services,SMB,Singapore,New
8056,2024-05-22,Company_08056,Outbound,Professional Services,Mid-Market,Taiwan,New
8057,2025-12-25,Company_08057,Website,Financial Services,SMB,Taiwan,New
8058,2024-04-15,Company_08058,Outbound,Manufacturing,Mid-Market,Hong Kong,New
8059,2024-09-12,Company_08059,Outbound,Financial Services,Enterprise,Taiwan,New
8060,2024-11-23,Company_08060,Paid Ads,Manufacturing,Mid-Market,Hong Kong,New
8061,2024-02-07,Company_08061,Referral,Technology,Mid-Market,Taiwan,New
8062,2025-09-15,Company_08062,Referral,Financial Services,Mid-Market,Taiwan,New
8063,2025-08-19,Company_08063,Website,Healthcare,SMB,Taiwan,New
8064,2024-06-30,Company_08064,Outbound,Manufacturing,SMB,Hong Kong,New
8065,2024-02-22,Company_08065,Website,Professional Services,SMB,Singapore,New
8066,2025-01-20,Company_08066,Website,Retail,Enterprise,Japan,New
8067,2024-09-07,Company_08067,Paid Ads,Manufacturing,SMB,Singapore,New
8068,2025-04-07,Company_08068,Website,Technology,SMB,Singapore,New
8069,2025-04-26,Company_08069,Partner,Professional Services,SMB,Japan,New
8070,2025-07-02,Company_08070,Referral,Professional Services,SMB,Japan,New
8071,2024-10-02,Company_08071,Event,Professional Services,Enterprise,Japan,New
8072,2025-04-20,Company_08072,Website,Technology,Mid-Market,Hong Kong,New
8073,2024-06-13,Company_08073,Outbound,Professional Services,SMB,Hong Kong,New
8074,2025-08-16,Company_08074,Partner,Professional Services,SMB,Hong Kong,New
8075,2024-07-03,Company_08075,Event,Retail,Mid-Market,Taiwan,New
8076,2024-08-02,Company_08076,Outbound,Manufacturing,Mid-Market,Singapore,New
8077,2025-04-25,Company_08077,Referral,Healthcare,Mid-Market,Japan,New
8078,2025-02-27,Company_08078,Referral,Financial Services,Enterprise,Japan,New
8079,2024-05-05,Company_08079,Outbound,Retail,SMB,Singapore,New
8080,2024-04-02,Company_08080,Outbound,Professional Services,Enterprise,Japan,New
8081,2024-05-22,Company_08081,Referral,Professional Services,SMB,Hong Kong,New
8082,2024-07-08,Company_08082,Paid Ads,Professional Services,Mid-Market,Taiwan,New
8083,2025-05-28,Company_08083,Paid Ads,Manufacturing,SMB,Taiwan,New
8084,2025-07-06,Company_08084,Referral,Manufacturing,SMB,Japan,New
8085,2024-03-28,Company_08085,Website,Technology,SMB,Japan,New
8086,2024-12-21,Company_08086,Paid Ads,Technology,SMB,Japan,New
8087,2025-06-01,Company_08087,Website,Healthcare,SMB,Singapore,New
8088,2025-09-19,Company_08088,Website,Healthcare,Mid-Market,Hong Kong,New
8089,2025-01-03,Company_08089,Paid Ads,Healthcare,Mid-Market,Hong Kong,New
8090,2025-10-31,Company_08090,Website,Retail,SMB,Singapore,New
8091,2024-03-02,Company_08091,Referral,Retail,Enterprise,Hong Kong,New
8092,2025-07-03,Company_08092,Paid Ads,Manufacturing,Enterprise,Japan,New
8093,2024-11-01,Company_08093,Paid Ads,Technology,Mid-Market,Japan,New
8094,2024-08-03,Company_08094,Website,Retail,Enterprise,Hong Kong,New
8095,2024-06-30,Company_08095,Referral,Professional Services,Mid-Market,Hong Kong,New
8096,2025-04-23,Company_08096,Partner,Professional Services,SMB,Japan,New
8097,2024-03-20,Company_08097,Paid Ads,Retail,SMB,Singapore,New
8098,2025-01-31,Company_08098,Website,Healthcare,SMB,Hong Kong,New
8099,2024-06-04,Company_08099,Referral,Technology,SMB,Japan,New
8100,2025-12-18,Company_08100,Partner,Manufacturing,Mid-Market,Singapore,New
8101,2025-11-14,Company_08101,Paid Ads,Financial Services,SMB,Taiwan,New
8102,2025-03-19,Company_08102,Outbound,Retail,SMB,Japan,New
8103,2025-11-27,Company_08103,Website,Technology,SMB,Taiwan,New
8104,2025-02-01,Company_08104,Paid Ads,Healthcare,SMB,Japan,New
8105,2025-06-20,Company_08105,Website,Manufacturing,SMB,Singapore,New
8106,2024-01-03,Company_08106,Referral,Manufacturing,SMB,Hong Kong,New
8107,2024-06-04,Company_08107,Website,Financial Services,SMB,Taiwan,New
8108,2025-10-11,Company_08108,Website,Manufacturing,SMB,Taiwan,New
8109,2024-02-07,Company_08109,Paid Ads,Healthcare,Mid-Market,Taiwan,New
8110,2024-07-06,Company_08110,Partner,Technology,SMB,Taiwan,New
8111,2025-10-14,Company_08111,Website,Manufacturing,Mid-Market,Singapore,New
8112,2024-07-23,Company_08112,Referral,Professional Services,Mid-Market,Hong Kong,New
8113,2024-05-17,Company_08113,Partner,Manufacturing,SMB,Taiwan,New
8114,2025-03-02,Company_08114,Paid Ads,Healthcare,SMB,Singapore,New
8115,2024-11-23,Company_08115,Event,Retail,Mid-Market,Japan,New
8116,2024-03-18,Company_08116,Paid Ads,Technology,Enterprise,Singapore,New
8117,2024-06-05,Company_08117,Partner,Financial Services,Mid-Market,Singapore,New
8118,2024-09-29,Company_08118,Outbound,Technology,SMB,Taiwan,New
8119,2025-10-19,Company_08119,Partner,Professional Services,SMB,Japan,New
8120,2025-09-23,Company_08120,Referral,Technology,SMB,Taiwan,New
8121,2024-12-20,Company_08121,Referral,Professional Services,SMB,Hong Kong,New
8122,2025-03-20,Company_08122,Paid Ads,Manufacturing,SMB,Japan,New
8123,2024-08-15,Company_08123,Outbound,Technology,SMB,Taiwan,New
8124,2024-09-17,Company_08124,Paid Ads,Manufacturing,SMB,Taiwan,New
8125,2024-06-23,Company_08125,Referral,Financial Services,Mid-Market,Singapore,New
8126,2025-08-15,Company_08126,Website,Technology,Mid-Market,Japan,New
8127,2025-06-03,Company_08127,Event,Financial Services,SMB,Japan,New
8128,2024-02-18,Company_08128,Referral,Professional Services,SMB,Taiwan,New
8129,2025-03-27,Company_08129,Partner,Financial Services,SMB,Japan,New
8130,2025-03-03,Company_08130,Referral,Retail,SMB,Taiwan,New
8131,2024-12-01,Company_08131,Outbound,Healthcare,Mid-Market,Japan,New
8132,2024-10-12,Company_08132,Outbound,Financial Services,SMB,Singapore,New
8133,2024-09-01,Company_08133,Website,Professional Services,Mid-Market,Singapore,New
8134,2024-02-16,Company_08134,Outbound,Retail,SMB,Hong Kong,New
8135,2024-06-04,Company_08135,Outbound,Retail,Mid-Market,Singapore,New
8136,2024-10-29,Company_08136,Website,Professional Services,Mid-Market,Hong Kong,New
8137,2025-10-19,Company_08137,Paid Ads,Manufacturing,SMB,Singapore,New
8138,2024-06-07,Company_08138,Outbound,Financial Services,Mid-Market,Taiwan,New
8139,2024-07-14,Company_08139,Website,Technology,SMB,Singapore,New
8140,2024-04-08,Company_08140,Website,Healthcare,Mid-Market,Japan,New
8141,2025-08-27,Company_08141,Referral,Financial Services,SMB,Taiwan,New
8142,2024-12-06,Company_08142,Event,Manufacturing,Enterprise,Hong Kong,New
8143,2025-11-07,Company_08143,Website,Financial Services,SMB,Singapore,New
8144,2024-04-30,Company_08144,Referral,Retail,SMB,Japan,New
8145,2024-04-17,Company_08145,Website,Technology,SMB,Singapore,New
8146,2024-09-20,Company_08146,Paid Ads,Professional Services,SMB,Taiwan,New
8147,2025-12-09,Company_08147,Website,Technology,SMB,Singapore,New
8148,2024-01-11,Company_08148,Website,Professional Services,SMB,Hong Kong,New
8149,2025-06-24,Company_08149,Outbound,Financial Services,Mid-Market,Hong Kong,New
8150,2024-12-03,Company_08150,Outbound,Healthcare,Mid-Market,Hong Kong,New
8151,2024-10-27,Company_08151,Outbound,Financial Services,SMB,Hong Kong,New
8152,2024-01-06,Company_08152,Paid Ads,Retail,SMB,Taiwan,New
8153,2024-10-26,Company_08153,Partner,Healthcare,SMB,Japan,New
8154,2024-01-07,Company_08154,Referral,Financial Services,SMB,Hong Kong,New
8155,2025-06-13,Company_08155,Referral,Financial Services,Mid-Market,Singapore,New
8156,2024-05-15,Company_08156,Outbound,Professional Services,Enterprise,Singapore,New
8157,2024-01-05,Company_08157,Paid Ads,Financial Services,SMB,Singapore,New
8158,2024-04-29,Company_08158,Paid Ads,Retail,SMB,Singapore,New
8159,2025-05-09,Company_08159,Event,Manufacturing,SMB,Hong Kong,New
8160,2025-03-04,Company_08160,Referral,Financial Services,Enterprise,Japan,New
8161,2025-11-13,Company_08161,Outbound,Healthcare,SMB,Hong Kong,New
8162,2025-06-19,Company_08162,Website,Manufacturing,SMB,Taiwan,New
8163,2024-09-11,Company_08163,Paid Ads,Healthcare,SMB,Singapore,New
8164,2024-06-09,Company_08164,Referral,Financial Services,SMB,Japan,New
8165,2024-01-12,Company_08165,Website,Financial Services,Mid-Market,Singapore,New
8166,2024-09-03,Company_08166,Referral,Retail,Mid-Market,Hong Kong,New
8167,2024-02-12,Company_08167,Referral,Financial Services,Enterprise,Japan,New
8168,2024-07-04,Company_08168,Referral,Financial Services,Mid-Market,Japan,New
8169,2024-10-24,Company_08169,Outbound,Technology,SMB,Singapore,New
8170,2025-09-26,Company_08170,Outbound,Healthcare,Mid-Market,Singapore,New
8171,2025-04-11,Company_08171,Event,Manufacturing,Mid-Market,Japan,New
8172,2025-11-19,Company_08172,Partner,Healthcare,Enterprise,Taiwan,New
8173,2024-10-09,Company_08173,Outbound,Financial Services,SMB,Hong Kong,New
8174,2025-04-14,Company_08174,Referral,Financial Services,SMB,Hong Kong,New
8175,2024-12-10,Company_08175,Referral,Healthcare,SMB,Hong Kong,New
8176,2024-04-06,Company_08176,Outbound,Technology,Mid-Market,Singapore,New
8177,2024-01-22,Company_08177,Paid Ads,Retail,Enterprise,Hong Kong,New
8178,2025-07-08,Company_08178,Partner,Professional Services,Mid-Market,Taiwan,New
8179,2025-06-15,Company_08179,Partner,Technology,SMB,Taiwan,New
8180,2025-12-23,Company_08180,Outbound,Manufacturing,SMB,Singapore,New
8181,2024-08-07,Company_08181,Website,Professional Services,Enterprise,Taiwan,New
8182,2025-12-02,Company_08182,Referral,Financial Services,SMB,Hong Kong,New
8183,2024-03-10,Company_08183,Outbound,Healthcare,Enterprise,Taiwan,New
8184,2025-01-31,Company_08184,Paid Ads,Healthcare,SMB,Hong Kong,New
8185,2024-09-10,Company_08185,Paid Ads,Technology,SMB,Singapore,New
8186,2025-07-04,Company_08186,Partner,Healthcare,Enterprise,Hong Kong,New
8187,2025-04-05,Company_08187,Partner,Technology,Enterprise,Hong Kong,New
8188,2024-12-01,Company_08188,Outbound,Professional Services,SMB,Taiwan,New
8189,2025-07-20,Company_08189,Event,Financial Services,Mid-Market,Japan,New
8190,2025-05-17,Company_08190,Outbound,Financial Services,Mid-Market,Singapore,New
8191,2025-10-26,Company_08191,Website,Financial Services,Enterprise,Taiwan,New
8192,2025-10-01,Company_08192,Partner,Technology,Mid-Market,Singapore,New
8193,2024-04-12,Company_08193,Outbound,Manufacturing,Mid-Market,Singapore,New
8194,2025-01-11,Company_08194,Website,Professional Services,SMB,Singapore,New
8195,2024-08-07,Company_08195,Paid Ads,Healthcare,SMB,Singapore,New
8196,2025-01-12,Company_08196,Referral,Healthcare,SMB,Taiwan,New
8197,2025-03-21,Company_08197,Outbound,Manufacturing,SMB,Taiwan,New
8198,2024-10-04,Company_08198,Outbound,Technology,SMB,Singapore,New
8199,2024-02-07,Company_08199,Outbound,Manufacturing,SMB,Japan,New
8200,2024-09-01,Company_08200,Outbound,Technology,SMB,Hong Kong,New
8201,2024-11-15,Company_08201,Event,Technology,SMB,Hong Kong,New
8202,2024-06-11,Company_08202,Referral,Financial Services,Mid-Market,Japan,New
8203,2025-07-29,Company_08203,Referral,Manufacturing,Mid-Market,Singapore,New
8204,2024-06-06,Company_08204,Paid Ads,Retail,Mid-Market,Singapore,New
8205,2025-08-25,Company_08205,Outbound,Financial Services,Mid-Market,Japan,New
8206,2025-01-18,Company_08206,Website,Professional Services,Enterprise,Hong Kong,New
8207,2025-12-07,Company_08207,Website,Healthcare,SMB,Singapore,New
8208,2024-10-09,Company_08208,Paid Ads,Manufacturing,SMB,Hong Kong,New
8209,2025-07-27,Company_08209,Outbound,Professional Services,Enterprise,Japan,New
8210,2025-11-13,Company_08210,Paid Ads,Technology,Enterprise,Singapore,New
8211,2024-07-11,Company_08211,Event,Professional Services,Mid-Market,Singapore,New
8212,2025-10-25,Company_08212,Outbound,Technology,Mid-Market,Hong Kong,New
8213,2025-04-15,Company_08213,Website,Manufacturing,SMB,Hong Kong,New
8214,2024-01-03,Company_08214,Outbound,Technology,SMB,Japan,New
8215,2025-12-18,Company_08215,Website,Technology,Enterprise,Japan,New
8216,2024-12-24,Company_08216,Paid Ads,Technology,SMB,Taiwan,New
8217,2024-07-24,Company_08217,Partner,Healthcare,Mid-Market,Hong Kong,New
8218,2025-04-21,Company_08218,Paid Ads,Healthcare,Mid-Market,Taiwan,New
8219,2025-03-24,Company_08219,Website,Retail,Enterprise,Hong Kong,New
8220,2024-04-15,Company_08220,Paid Ads,Retail,Mid-Market,Singapore,New
8221,2024-01-10,Company_08221,Paid Ads,Manufacturing,SMB,Hong Kong,New
8222,2024-06-10,Company_08222,Referral,Financial Services,Enterprise,Singapore,New
8223,2024-08-03,Company_08223,Referral,Professional Services,SMB,Hong Kong,New
8224,2025-04-17,Company_08224,Paid Ads,Retail,Mid-Market,Hong Kong,New
8225,2024-02-05,Company_08225,Website,Manufacturing,SMB,Taiwan,New
8226,2025-02-09,Company_08226,Referral,Retail,Mid-Market,Singapore,New
8227,2025-06-06,Company_08227,Paid Ads,Healthcare,SMB,Hong Kong,New
8228,2024-05-09,Company_08228,Paid Ads,Technology,Mid-Market,Hong Kong,New
8229,2025-04-23,Company_08229,Event,Financial Services,SMB,Taiwan,New
8230,2025-11-29,Company_08230,Website,Financial Services,SMB,Taiwan,New
8231,2024-11-23,Company_08231,Outbound,Professional Services,SMB,Japan,New
8232,2025-02-06,Company_08232,Partner,Retail,SMB,Hong Kong,New
8233,2024-08-19,Company_08233,Website,Retail,SMB,Taiwan,New
8234,2025-12-30,Company_08234,Paid Ads,Healthcare,SMB,Singapore,New
8235,2024-10-20,Company_08235,Outbound,Manufacturing,SMB,Japan,New
8236,2024-10-11,Company_08236,Website,Professional Services,SMB,Hong Kong,New
8237,2025-08-01,Company_08237,Website,Manufacturing,SMB,Japan,New
8238,2025-05-27,Company_08238,Outbound,Technology,SMB,Taiwan,New
8239,2025-01-09,Company_08239,Referral,Technology,SMB,Taiwan,New
8240,2024-12-06,Company_08240,Paid Ads,Retail,SMB,Hong Kong,New
8241,2025-03-30,Company_08241,Partner,Professional Services,Mid-Market,Singapore,New
8242,2024-12-31,Company_08242,Paid Ads,Manufacturing,SMB,Taiwan,New
8243,2024-11-18,Company_08243,Website,Healthcare,SMB,Singapore,New
8244,2025-11-12,Company_08244,Paid Ads,Healthcare,SMB,Japan,New
8245,2025-09-29,Company_08245,Partner,Technology,Mid-Market,Hong Kong,New
8246,2024-09-30,Company_08246,Website,Retail,Mid-Market,Singapore,New
8247,2025-11-20,Company_08247,Referral,Professional Services,SMB,Hong Kong,New
8248,2025-11-02,Company_08248,Website,Manufacturing,Mid-Market,Japan,New
8249,2025-02-12,Company_08249,Website,Healthcare,SMB,Hong Kong,New
8250,2025-10-25,Company_08250,Website,Professional Services,SMB,Singapore,New
8251,2024-03-30,Company_08251,Paid Ads,Financial Services,Enterprise,Hong Kong,New
8252,2025-12-12,Company_08252,Event,Technology,Enterprise,Japan,New
8253,2025-05-01,Company_08253,Partner,Manufacturing,Mid-Market,Japan,New
8254,2024-03-09,Company_08254,Outbound,Retail,SMB,Japan,New
8255,2024-09-30,Company_08255,Outbound,Manufacturing,Mid-Market,Singapore,New
8256,2025-06-26,Company_08256,Referral,Professional Services,SMB,Hong Kong,New
8257,2025-03-09,Company_08257,Outbound,Technology,SMB,Singapore,New
8258,2025-03-02,Company_08258,Outbound,Healthcare,SMB,Hong Kong,New
8259,2024-03-19,Company_08259,Paid Ads,Professional Services,Mid-Market,Hong Kong,New
8260,2024-12-09,Company_08260,Website,Retail,SMB,Singapore,New
8261,2025-04-05,Company_08261,Website,Professional Services,SMB,Taiwan,New
8262,2024-04-19,Company_08262,Website,Professional Services,SMB,Hong Kong,New
8263,2024-03-15,Company_08263,Referral,Financial Services,SMB,Singapore,New
8264,2024-09-09,Company_08264,Paid Ads,Manufacturing,Mid-Market,Taiwan,New
8265,2024-05-19,Company_08265,Partner,Financial Services,SMB,Japan,New
8266,2024-01-09,Company_08266,Outbound,Financial Services,Enterprise,Singapore,New
8267,2025-06-11,Company_08267,Referral,Financial Services,Mid-Market,Taiwan,New
8268,2024-12-03,Company_08268,Partner,Financial Services,SMB,Taiwan,New
8269,2024-10-01,Company_08269,Website,Retail,SMB,Taiwan,New
8270,2024-12-14,Company_08270,Event,Financial Services,Mid-Market,Taiwan,New
8271,2025-12-12,Company_08271,Outbound,Technology,SMB,Japan,New
8272,2024-12-15,Company_08272,Event,Financial Services,Mid-Market,Hong Kong,New
8273,2025-08-28,Company_08273,Referral,Professional Services,SMB,Taiwan,New
8274,2024-08-29,Company_08274,Event,Technology,SMB,Hong Kong,New
8275,2025-08-05,Company_08275,Paid Ads,Technology,Enterprise,Taiwan,New
8276,2024-06-13,Company_08276,Partner,Manufacturing,Enterprise,Hong Kong,New
8277,2025-03-08,Company_08277,Outbound,Retail,SMB,Japan,New
8278,2025-12-23,Company_08278,Outbound,Professional Services,SMB,Japan,New
8279,2025-02-10,Company_08279,Outbound,Technology,SMB,Singapore,New
8280,2025-09-28,Company_08280,Referral,Financial Services,Mid-Market,Singapore,New
8281,2025-08-21,Company_08281,Partner,Professional Services,SMB,Taiwan,New
8282,2024-06-25,Company_08282,Paid Ads,Financial Services,SMB,Japan,New
8283,2024-08-17,Company_08283,Website,Manufacturing,Mid-Market,Singapore,New
8284,2025-03-03,Company_08284,Event,Manufacturing,SMB,Taiwan,New
8285,2025-03-05,Company_08285,Paid Ads,Healthcare,Enterprise,Taiwan,New
8286,2024-08-04,Company_08286,Website,Financial Services,Mid-Market,Taiwan,New
8287,2024-11-06,Company_08287,Website,Financial Services,Mid-Market,Hong Kong,New
8288,2024-10-24,Company_08288,Referral,Healthcare,SMB,Taiwan,New
8289,2025-06-25,Company_08289,Paid Ads,Professional Services,Mid-Market,Singapore,New
8290,2024-07-13,Company_08290,Outbound,Retail,Mid-Market,Japan,New
8291,2024-01-24,Company_08291,Paid Ads,Retail,Enterprise,Hong Kong,New
8292,2025-01-29,Company_08292,Website,Retail,SMB,Japan,New
8293,2025-11-16,Company_08293,Partner,Manufacturing,Mid-Market,Singapore,New
8294,2025-05-16,Company_08294,Website,Financial Services,SMB,Taiwan,New
8295,2025-12-05,Company_08295,Paid Ads,Financial Services,SMB,Japan,New
8296,2024-11-15,Company_08296,Partner,Technology,SMB,Singapore,New
8297,2024-10-04,Company_08297,Referral,Manufacturing,Mid-Market,Hong Kong,New
8298,2025-06-11,Company_08298,Referral,Financial Services,SMB,Taiwan,New
8299,2025-08-26,Company_08299,Website,Healthcare,Mid-Market,Singapore,New
8300,2025-01-25,Company_08300,Referral,Retail,SMB,Hong Kong,New
8301,2024-05-25,Company_08301,Event,Healthcare,Mid-Market,Japan,New
8302,2024-09-02,Company_08302,Paid Ads,Retail,SMB,Japan,New
8303,2025-04-26,Company_08303,Paid Ads,Manufacturing,SMB,Japan,New
8304,2025-09-19,Company_08304,Outbound,Professional Services,Mid-Market,Singapore,New
8305,2024-12-13,Company_08305,Referral,Healthcare,Mid-Market,Taiwan,New
8306,2024-06-13,Company_08306,Partner,Retail,Enterprise,Taiwan,New
8307,2024-03-31,Company_08307,Partner,Healthcare,SMB,Taiwan,New
8308,2025-03-06,Company_08308,Website,Manufacturing,SMB,Taiwan,New
8309,2024-05-16,Company_08309,Outbound,Professional Services,Mid-Market,Singapore,New
8310,2024-09-30,Company_08310,Paid Ads,Manufacturing,Mid-Market,Singapore,New
8311,2024-04-07,Company_08311,Event,Professional Services,SMB,Japan,New
8312,2025-09-28,Company_08312,Website,Professional Services,SMB,Japan,New
8313,2025-12-18,Company_08313,Website,Financial Services,SMB,Hong Kong,New
8314,2025-04-24,Company_08314,Partner,Professional Services,SMB,Hong Kong,New
8315,2025-03-08,Company_08315,Referral,Professional Services,SMB,Hong Kong,New
8316,2025-10-23,Company_08316,Referral,Technology,Mid-Market,Taiwan,New
8317,2024-03-22,Company_08317,Outbound,Technology,SMB,Japan,New
8318,2025-06-05,Company_08318,Website,Professional Services,SMB,Japan,New
8319,2025-02-07,Company_08319,Website,Technology,Mid-Market,Hong Kong,New
8320,2025-04-25,Company_08320,Outbound,Financial Services,Mid-Market,Japan,New
8321,2024-07-11,Company_08321,Partner,Professional Services,Enterprise,Japan,New
8322,2024-05-16,Company_08322,Paid Ads,Financial Services,SMB,Japan,New
8323,2024-05-17,Company_08323,Website,Manufacturing,Enterprise,Hong Kong,New
8324,2025-05-03,Company_08324,Paid Ads,Retail,SMB,Singapore,New
8325,2025-01-05,Company_08325,Paid Ads,Manufacturing,SMB,Taiwan,New
8326,2025-11-05,Company_08326,Outbound,Financial Services,Enterprise,Japan,New
8327,2024-04-05,Company_08327,Website,Manufacturing,SMB,Hong Kong,New
8328,2024-02-05,Company_08328,Website,Healthcare,SMB,Japan,New
8329,2025-08-19,Company_08329,Outbound,Professional Services,Mid-Market,Hong Kong,New
8330,2025-07-09,Company_08330,Outbound,Manufacturing,SMB,Taiwan,New
8331,2025-11-14,Company_08331,Website,Manufacturing,Enterprise,Japan,New
8332,2025-01-12,Company_08332,Outbound,Financial Services,SMB,Hong Kong,New
8333,2024-02-27,Company_08333,Partner,Financial Services,Mid-Market,Japan,New
8334,2025-11-29,Company_08334,Referral,Financial Services,SMB,Japan,New
8335,2025-10-22,Company_08335,Referral,Retail,Enterprise,Singapore,New
8336,2024-11-13,Company_08336,Paid Ads,Healthcare,Mid-Market,Hong Kong,New
8337,2025-08-29,Company_08337,Event,Healthcare,Mid-Market,Hong Kong,New
8338,2025-10-22,Company_08338,Paid Ads,Professional Services,Mid-Market,Hong Kong,New
8339,2024-08-08,Company_08339,Outbound,Professional Services,Enterprise,Japan,New
8340,2025-08-10,Company_08340,Paid Ads,Professional Services,SMB,Singapore,New
8341,2025-08-22,Company_08341,Website,Technology,SMB,Singapore,New
8342,2025-03-24,Company_08342,Website,Professional Services,SMB,Taiwan,New
8343,2024-03-30,Company_08343,Referral,Healthcare,SMB,Hong Kong,New
8344,2025-08-07,Company_08344,Paid Ads,Healthcare,Mid-Market,Hong Kong,New
8345,2024-12-27,Company_08345,Website,Financial Services,Enterprise,Hong Kong,New
8346,2025-11-26,Company_08346,Paid Ads,Technology,Mid-Market,Japan,New
8347,2024-05-18,Company_08347,Website,Financial Services,Mid-Market,Taiwan,New
8348,2024-01-24,Company_08348,Outbound,Technology,Mid-Market,Japan,New
8349,2025-05-31,Company_08349,Outbound,Professional Services,SMB,Taiwan,New
8350,2025-02-08,Company_08350,Website,Technology,SMB,Singapore,New
8351,2025-08-23,Company_08351,Paid Ads,Manufacturing,Enterprise,Taiwan,New
8352,2025-08-01,Company_08352,Outbound,Healthcare,SMB,Taiwan,New
8353,2025-11-10,Company_08353,Referral,Technology,Mid-Market,Singapore,New
8354,2025-06-11,Company_08354,Outbound,Retail,SMB,Japan,New
8355,2025-05-10,Company_08355,Partner,Professional Services,SMB,Hong Kong,New
8356,2025-03-09,Company_08356,Paid Ads,Professional Services,SMB,Singapore,New
8357,2025-06-12,Company_08357,Website,Technology,Enterprise,Singapore,New
8358,2024-04-27,Company_08358,Paid Ads,Financial Services,SMB,Singapore,New
8359,2024-03-06,Company_08359,Website,Retail,Enterprise,Singapore,New
8360,2024-07-29,Company_08360,Outbound,Retail,SMB,Hong Kong,New
8361,2025-04-19,Company_08361,Paid Ads,Healthcare,Mid-Market,Hong Kong,New
8362,2025-03-30,Company_08362,Website,Professional Services,Mid-Market,Japan,New
8363,2025-02-01,Company_08363,Outbound,Manufacturing,SMB,Hong Kong,New
8364,2024-11-26,Company_08364,Website,Professional Services,SMB,Singapore,New
8365,2025-12-26,Company_08365,Referral,Healthcare,Mid-Market,Singapore,New
8366,2024-01-02,Company_08366,Paid Ads,Healthcare,SMB,Japan,New
8367,2025-06-06,Company_08367,Website,Healthcare,SMB,Taiwan,New
8368,2025-05-07,Company_08368,Outbound,Healthcare,SMB,Hong Kong,New
8369,2025-09-10,Company_08369,Outbound,Professional Services,SMB,Japan,New
8370,2024-04-02,Company_08370,Paid Ads,Retail,SMB,Japan,New
8371,2025-01-12,Company_08371,Paid Ads,Financial Services,Mid-Market,Japan,New
8372,2024-02-21,Company_08372,Website,Manufacturing,Mid-Market,Hong Kong,New
8373,2025-08-09,Company_08373,Paid Ads,Retail,Enterprise,Singapore,New
8374,2025-06-28,Company_08374,Paid Ads,Professional Services,Enterprise,Hong Kong,New
8375,2024-07-30,Company_08375,Paid Ads,Technology,SMB,Taiwan,New
8376,2024-02-26,Company_08376,Outbound,Retail,SMB,Japan,New
8377,2025-10-30,Company_08377,Referral,Healthcare,Mid-Market,Singapore,New
8378,2025-03-01,Company_08378,Outbound,Technology,SMB,Hong Kong,New
8379,2024-03-31,Company_08379,Website,Professional Services,Mid-Market,Japan,New
8380,2025-11-03,Company_08380,Paid Ads,Retail,SMB,Hong Kong,New
8381,2024-06-29,Company_08381,Partner,Healthcare,SMB,Singapore,New
8382,2024-09-18,Company_08382,Website,Technology,Mid-Market,Taiwan,New
8383,2025-10-06,Company_08383,Referral,Manufacturing,SMB,Hong Kong,New
8384,2024-08-10,Company_08384,Event,Technology,Mid-Market,Japan,New
8385,2025-02-03,Company_08385,Website,Technology,Mid-Market,Taiwan,New
8386,2025-01-02,Company_08386,Outbound,Healthcare,SMB,Hong Kong,New
8387,2025-06-06,Company_08387,Paid Ads,Professional Services,Enterprise,Taiwan,New
8388,2024-11-03,Company_08388,Outbound,Financial Services,SMB,Japan,New
8389,2025-10-31,Company_08389,Paid Ads,Retail,Enterprise,Hong Kong,New
8390,2025-10-08,Company_08390,Event,Professional Services,SMB,Hong Kong,New
8391,2025-01-08,Company_08391,Partner,Healthcare,Enterprise,Japan,New
8392,2025-09-01,Company_08392,Paid Ads,Professional Services,SMB,Hong Kong,New
8393,2025-04-16,Company_08393,Paid Ads,Technology,SMB,Singapore,New
8394,2025-06-13,Company_08394,Referral,Professional Services,Mid-Market,Hong Kong,New
8395,2024-04-01,Company_08395,Event,Professional Services,Mid-Market,Hong Kong,New
8396,2025-09-15,Company_08396,Outbound,Technology,SMB,Japan,New
8397,2025-05-04,Company_08397,Website,Professional Services,SMB,Japan,New
8398,2024-08-10,Company_08398,Outbound,Technology,SMB,Japan,New
8399,2025-02-04,Company_08399,Referral,Retail,SMB,Singapore,New
8400,2025-03-06,Company_08400,Website,Technology,SMB,Singapore,New
8401,2024-03-18,Company_08401,Paid Ads,Healthcare,SMB,Japan,New
8402,2025-09-14,Company_08402,Event,Financial Services,SMB,Singapore,New
8403,2024-03-05,Company_08403,Outbound,Manufacturing,Mid-Market,Taiwan,New
8404,2025-04-29,Company_08404,Paid Ads,Manufacturing,SMB,Japan,New
8405,2024-06-07,Company_08405,Website,Manufacturing,SMB,Japan,New
8406,2025-12-08,Company_08406,Referral,Financial Services,SMB,Taiwan,New
8407,2025-03-23,Company_08407,Website,Professional Services,SMB,Japan,New
8408,2025-07-14,Company_08408,Outbound,Professional Services,SMB,Japan,New
8409,2024-08-29,Company_08409,Paid Ads,Retail,SMB,Hong Kong,New
8410,2025-06-23,Company_08410,Referral,Technology,SMB,Japan,New
8411,2024-12-25,Company_08411,Outbound,Financial Services,Mid-Market,Singapore,New
8412,2025-05-11,Company_08412,Partner,Healthcare,SMB,Singapore,New
8413,2025-05-25,Company_08413,Website,Manufacturing,Mid-Market,Singapore,New
8414,2024-02-04,Company_08414,Paid Ads,Retail,Enterprise,Japan,New
8415,2024-04-15,Company_08415,Outbound,Technology,Enterprise,Singapore,New
8416,2025-12-01,Company_08416,Website,Financial Services,SMB,Hong Kong,New
8417,2024-11-19,Company_08417,Paid Ads,Manufacturing,Mid-Market,Singapore,New
8418,2024-01-27,Company_08418,Outbound,Manufacturing,SMB,Taiwan,New
8419,2024-11-23,Company_08419,Referral,Technology,SMB,Hong Kong,New
8420,2025-05-13,Company_08420,Referral,Manufacturing,SMB,Hong Kong,New
8421,2024-03-22,Company_08421,Referral,Healthcare,SMB,Hong Kong,New
8422,2025-01-20,Company_08422,Website,Healthcare,Mid-Market,Singapore,New
8423,2025-02-01,Company_08423,Outbound,Retail,Enterprise,Japan,New
8424,2024-11-03,Company_08424,Outbound,Healthcare,SMB,Hong Kong,New
8425,2024-08-22,Company_08425,Website,Healthcare,Mid-Market,Japan,New
8426,2024-06-08,Company_08426,Outbound,Professional Services,SMB,Japan,New
8427,2025-05-29,Company_08427,Website,Technology,SMB,Japan,New
8428,2024-08-11,Company_08428,Paid Ads,Retail,SMB,Hong Kong,New
8429,2024-09-07,Company_08429,Website,Manufacturing,SMB,Japan,New
8430,2024-04-28,Company_08430,Referral,Technology,SMB,Taiwan,New
8431,2024-09-15,Company_08431,Paid Ads,Healthcare,SMB,Hong Kong,New
8432,2025-10-18,Company_08432,Referral,Retail,Mid-Market,Singapore,New
8433,2024-12-29,Company_08433,Partner,Healthcare,SMB,Hong Kong,New
8434,2025-01-21,Company_08434,Website,Financial Services,Mid-Market,Singapore,New
8435,2025-08-17,Company_08435,Website,Financial Services,SMB,Singapore,New
8436,2025-05-11,Company_08436,Event,Retail,SMB,Singapore,New
8437,2024-07-28,Company_08437,Referral,Professional Services,SMB,Singapore,New
8438,2025-06-20,Company_08438,Paid Ads,Manufacturing,SMB,Singapore,New
8439,2025-11-01,Company_08439,Partner,Healthcare,SMB,Taiwan,New
8440,2025-10-08,Company_08440,Referral,Manufacturing,Enterprise,Singapore,New
8441,2025-09-07,Company_08441,Partner,Technology,Enterprise,Japan,New
8442,2025-08-01,Company_08442,Paid Ads,Manufacturing,SMB,Hong Kong,New
8443,2025-05-03,Company_08443,Paid Ads,Retail,SMB,Japan,New
8444,2024-03-22,Company_08444,Website,Financial Services,SMB,Hong Kong,New
8445,2025-03-31,Company_08445,Paid Ads,Technology,Mid-Market,Taiwan,New
8446,2025-07-15,Company_08446,Outbound,Financial Services,SMB,Singapore,New
8447,2025-05-19,Company_08447,Referral,Professional Services,SMB,Japan,New
8448,2024-05-09,Company_08448,Outbound,Financial Services,SMB,Taiwan,New
8449,2024-03-02,Company_08449,Paid Ads,Technology,SMB,Singapore,New
8450,2024-04-26,Company_08450,Paid Ads,Healthcare,SMB,Singapore,New
8451,2024-10-18,Company_08451,Website,Professional Services,Mid-Market,Japan,New
8452,2024-10-10,Company_08452,Paid Ads,Retail,SMB,Japan,New
8453,2025-11-04,Company_08453,Outbound,Healthcare,SMB,Japan,New
8454,2024-07-11,Company_08454,Referral,Retail,Enterprise,Taiwan,New
8455,2025-02-20,Company_08455,Paid Ads,Retail,SMB,Japan,New
8456,2025-01-12,Company_08456,Referral,Healthcare,SMB,Taiwan,New
8457,2025-08-07,Company_08457,Paid Ads,Retail,SMB,Taiwan,New
8458,2025-08-31,Company_08458,Paid Ads,Technology,SMB,Hong Kong,New
8459,2025-10-06,Company_08459,Paid Ads,Healthcare,SMB,Japan,New
8460,2025-12-19,Company_08460,Outbound,Retail,SMB,Hong Kong,New
8461,2024-09-10,Company_08461,Website,Healthcare,SMB,Japan,New
8462,2025-03-23,Company_08462,Outbound,Healthcare,SMB,Hong Kong,New
8463,2025-11-04,Company_08463,Referral,Healthcare,SMB,Singapore,New
8464,2024-12-09,Company_08464,Event,Technology,Mid-Market,Singapore,New
8465,2024-10-11,Company_08465,Event,Professional Services,SMB,Japan,New
8466,2025-09-07,Company_08466,Paid Ads,Financial Services,Enterprise,Taiwan,New
8467,2025-12-03,Company_08467,Website,Healthcare,Mid-Market,Japan,New
8468,2025-12-07,Company_08468,Partner,Healthcare,SMB,Hong Kong,New
8469,2025-06-13,Company_08469,Website,Manufacturing,SMB,Taiwan,New
8470,2024-12-06,Company_08470,Referral,Professional Services,SMB,Singapore,New
8471,2025-03-11,Company_08471,Paid Ads,Technology,SMB,Singapore,New
8472,2024-07-27,Company_08472,Referral,Professional Services,Enterprise,Hong Kong,New
8473,2024-06-17,Company_08473,Website,Professional Services,SMB,Taiwan,New
8474,2025-08-27,Company_08474,Outbound,Financial Services,SMB,Taiwan,New
8475,2025-06-02,Company_08475,Outbound,Manufacturing,SMB,Singapore,New
8476,2025-12-29,Company_08476,Paid Ads,Retail,Mid-Market,Taiwan,New
8477,2025-01-08,Company_08477,Website,Healthcare,SMB,Hong Kong,New
8478,2024-05-25,Company_08478,Paid Ads,Retail,Enterprise,Singapore,New
8479,2024-02-04,Company_08479,Outbound,Professional Services,Mid-Market,Taiwan,New
8480,2024-12-23,Company_08480,Website,Retail,Enterprise,Hong Kong,New
8481,2025-09-12,Company_08481,Paid Ads,Retail,SMB,Japan,New
8482,2025-07-01,Company_08482,Website,Healthcare,SMB,Hong Kong,New
8483,2024-01-29,Company_08483,Outbound,Retail,SMB,Singapore,New
8484,2024-08-17,Company_08484,Paid Ads,Financial Services,Mid-Market,Taiwan,New
8485,2024-10-22,Company_08485,Event,Professional Services,Mid-Market,Singapore,New
8486,2024-03-27,Company_08486,Website,Technology,SMB,Taiwan,New
8487,2025-03-12,Company_08487,Outbound,Financial Services,SMB,Singapore,New
8488,2025-06-27,Company_08488,Website,Healthcare,Mid-Market,Japan,New
8489,2025-03-11,Company_08489,Outbound,Financial Services,Enterprise,Hong Kong,New
8490,2025-03-29,Company_08490,Website,Financial Services,SMB,Singapore,New
8491,2025-11-13,Company_08491,Paid Ads,Healthcare,SMB,Singapore,New
8492,2024-12-24,Company_08492,Referral,Healthcare,Mid-Market,Singapore,New
8493,2024-10-24,Company_08493,Website,Technology,SMB,Hong Kong,New
8494,2025-05-07,Company_08494,Partner,Retail,SMB,Taiwan,New
8495,2024-10-27,Company_08495,Website,Manufacturing,Mid-Market,Taiwan,New
8496,2024-01-27,Company_08496,Referral,Manufacturing,Mid-Market,Hong Kong,New
8497,2024-06-03,Company_08497,Website,Healthcare,SMB,Singapore,New
8498,2025-04-28,Company_08498,Referral,Technology,SMB,Japan,New
8499,2024-10-22,Company_08499,Partner,Technology,Mid-Market,Taiwan,New
8500,2025-01-13,Company_08500,Website,Healthcare,Mid-Market,Singapore,New
8501,2025-08-16,Company_08501,Website,Healthcare,SMB,Taiwan,New
8502,2025-03-14,Company_08502,Outbound,Technology,SMB,Singapore,New
8503,2025-10-06,Company_08503,Paid Ads,Healthcare,SMB,Singapore,New
8504,2024-01-18,Company_08504,Outbound,Healthcare,Mid-Market,Singapore,New
8505,2024-02-16,Company_08505,Website,Manufacturing,SMB,Singapore,New
8506,2024-02-04,Company_08506,Partner,Financial Services,Mid-Market,Japan,New
8507,2025-10-03,Company_08507,Paid Ads,Healthcare,Enterprise,Taiwan,New
8508,2025-10-28,Company_08508,Paid Ads,Financial Services,Mid-Market,Japan,New
8509,2024-12-06,Company_08509,Paid Ads,Manufacturing,Mid-Market,Taiwan,New
8510,2025-11-25,Company_08510,Website,Professional Services,SMB,Japan,New
8511,2025-02-17,Company_08511,Website,Retail,Enterprise,Singapore,New
8512,2025-01-06,Company_08512,Paid Ads,Financial Services,Enterprise,Taiwan,New
8513,2025-05-11,Company_08513,Website,Professional Services,SMB,Singapore,New
8514,2024-03-07,Company_08514,Outbound,Manufacturing,Enterprise,Japan,New
8515,2024-09-23,Company_08515,Website,Professional Services,Enterprise,Hong Kong,New
8516,2025-02-15,Company_08516,Outbound,Professional Services,Mid-Market,Taiwan,New
8517,2024-02-05,Company_08517,Website,Retail,Mid-Market,Taiwan,New
8518,2024-10-06,Company_08518,Outbound,Professional Services,Mid-Market,Hong Kong,New
8519,2025-05-22,Company_08519,Referral,Manufacturing,SMB,Taiwan,New
8520,2025-12-04,Company_08520,Referral,Technology,Mid-Market,Taiwan,New
8521,2025-08-01,Company_08521,Referral,Healthcare,SMB,Hong Kong,New
8522,2024-01-15,Company_08522,Event,Financial Services,Enterprise,Hong Kong,New
8523,2025-02-20,Company_08523,Event,Financial Services,SMB,Taiwan,New
8524,2024-08-23,Company_08524,Partner,Financial Services,SMB,Taiwan,New
8525,2025-11-26,Company_08525,Website,Technology,SMB,Taiwan,New
8526,2025-01-25,Company_08526,Website,Manufacturing,Enterprise,Hong Kong,New
8527,2024-06-06,Company_08527,Paid Ads,Retail,SMB,Singapore,New
8528,2024-08-12,Company_08528,Paid Ads,Retail,SMB,Hong Kong,New
8529,2025-02-08,Company_08529,Website,Retail,Mid-Market,Singapore,New
8530,2025-05-25,Company_08530,Outbound,Professional Services,Mid-Market,Singapore,New
8531,2025-05-15,Company_08531,Website,Technology,Mid-Market,Hong Kong,New
8532,2024-05-02,Company_08532,Paid Ads,Retail,Mid-Market,Taiwan,New
8533,2024-12-10,Company_08533,Outbound,Technology,Enterprise,Taiwan,New
8534,2024-10-11,Company_08534,Website,Technology,SMB,Singapore,New
8535,2025-04-03,Company_08535,Website,Healthcare,SMB,Singapore,New
8536,2024-09-25,Company_08536,Outbound,Manufacturing,SMB,Singapore,New
8537,2024-10-17,Company_08537,Event,Professional Services,Mid-Market,Japan,New
8538,2025-09-05,Company_08538,Partner,Healthcare,Mid-Market,Singapore,New
8539,2025-01-12,Company_08539,Website,Professional Services,Mid-Market,Taiwan,New
8540,2024-08-12,Company_08540,Partner,Healthcare,Mid-Market,Singapore,New
8541,2025-09-01,Company_08541,Referral,Healthcare,SMB,Japan,New
8542,2025-07-14,Company_08542,Outbound,Healthcare,SMB,Hong Kong,New
8543,2024-11-29,Company_08543,Outbound,Manufacturing,Enterprise,Hong Kong,New
8544,2025-11-17,Company_08544,Paid Ads,Professional Services,Mid-Market,Singapore,New
8545,2025-11-06,Company_08545,Outbound,Manufacturing,SMB,Singapore,New
8546,2024-01-04,Company_08546,Outbound,Healthcare,Mid-Market,Japan,New
8547,2024-12-26,Company_08547,Website,Retail,SMB,Singapore,New
8548,2025-01-29,Company_08548,Website,Retail,SMB,Hong Kong,New
8549,2024-06-05,Company_08549,Outbound,Retail,SMB,Taiwan,New
8550,2025-12-05,Company_08550,Paid Ads,Technology,Mid-Market,Singapore,New
8551,2024-10-06,Company_08551,Partner,Professional Services,SMB,Japan,New
8552,2025-05-07,Company_08552,Paid Ads,Manufacturing,SMB,Taiwan,New
8553,2025-06-06,Company_08553,Partner,Professional Services,Enterprise,Japan,New
8554,2025-12-14,Company_08554,Website,Retail,SMB,Japan,New
8555,2025-02-04,Company_08555,Website,Manufacturing,SMB,Japan,New
8556,2025-11-03,Company_08556,Referral,Healthcare,SMB,Taiwan,New
8557,2024-09-11,Company_08557,Website,Healthcare,SMB,Japan,New
8558,2024-09-06,Company_08558,Website,Healthcare,SMB,Hong Kong,New
8559,2025-03-15,Company_08559,Paid Ads,Healthcare,Enterprise,Singapore,New
8560,2025-06-02,Company_08560,Outbound,Technology,Mid-Market,Singapore,New
8561,2025-01-29,Company_08561,Referral,Healthcare,Mid-Market,Hong Kong,New
8562,2024-10-28,Company_08562,Referral,Retail,Enterprise,Singapore,New
8563,2024-10-01,Company_08563,Referral,Retail,Mid-Market,Japan,New
8564,2025-03-03,Company_08564,Paid Ads,Professional Services,Enterprise,Japan,New
8565,2025-02-16,Company_08565,Paid Ads,Manufacturing,Mid-Market,Taiwan,New
8566,2025-12-04,Company_08566,Paid Ads,Healthcare,Mid-Market,Hong Kong,New
8567,2025-10-23,Company_08567,Referral,Retail,SMB,Taiwan,New
8568,2025-02-10,Company_08568,Website,Professional Services,Mid-Market,Japan,New
8569,2024-04-19,Company_08569,Paid Ads,Financial Services,SMB,Japan,New
8570,2024-11-05,Company_08570,Website,Retail,Mid-Market,Japan,New
8571,2024-07-12,Company_08571,Website,Professional Services,SMB,Taiwan,New
8572,2025-06-08,Company_08572,Website,Healthcare,SMB,Taiwan,New
8573,2024-06-10,Company_08573,Website,Retail,SMB,Taiwan,New
8574,2025-09-03,Company_08574,Website,Financial Services,Mid-Market,Singapore,New
8575,2024-07-17,Company_08575,Website,Manufacturing,SMB,Japan,New
8576,2025-07-30,Company_08576,Paid Ads,Technology,SMB,Japan,New
8577,2024-09-23,Company_08577,Outbound,Manufacturing,Mid-Market,Taiwan,New
8578,2024-01-23,Company_08578,Outbound,Healthcare,SMB,Hong Kong,New
8579,2024-07-06,Company_08579,Website,Healthcare,SMB,Singapore,New
8580,2025-02-10,Company_08580,Website,Retail,SMB,Japan,New
8581,2024-05-26,Company_08581,Paid Ads,Healthcare,Mid-Market,Japan,New
8582,2024-05-28,Company_08582,Partner,Manufacturing,SMB,Japan,New
8583,2025-03-12,Company_08583,Event,Technology,Enterprise,Japan,New
8584,2024-12-11,Company_08584,Website,Healthcare,SMB,Taiwan,New
8585,2025-06-26,Company_08585,Website,Technology,SMB,Hong Kong,New
8586,2025-09-20,Company_08586,Partner,Healthcare,Enterprise,Taiwan,New
8587,2025-02-08,Company_08587,Website,Financial Services,Enterprise,Taiwan,New
8588,2024-02-08,Company_08588,Referral,Financial Services,SMB,Singapore,New
8589,2024-07-07,Company_08589,Partner,Healthcare,SMB,Hong Kong,New
8590,2025-01-18,Company_08590,Website,Financial Services,SMB,Taiwan,New
8591,2025-02-04,Company_08591,Referral,Professional Services,Enterprise,Taiwan,New
8592,2024-10-24,Company_08592,Website,Retail,SMB,Japan,New
8593,2024-02-25,Company_08593,Referral,Healthcare,SMB,Singapore,New
8594,2024-07-21,Company_08594,Referral,Retail,Mid-Market,Japan,New
8595,2024-01-27,Company_08595,Partner,Manufacturing,Mid-Market,Hong Kong,New
8596,2024-06-30,Company_08596,Paid Ads,Technology,SMB,Japan,New
8597,2025-10-29,Company_08597,Partner,Healthcare,SMB,Singapore,New
8598,2025-10-30,Company_08598,Paid Ads,Financial Services,Mid-Market,Japan,New
8599,2024-03-05,Company_08599,Website,Healthcare,SMB,Taiwan,New
8600,2024-12-04,Company_08600,Partner,Retail,Mid-Market,Japan,New
8601,2024-06-26,Company_08601,Website,Healthcare,Mid-Market,Japan,New
8602,2024-12-01,Company_08602,Website,Technology,SMB,Japan,New
8603,2025-07-17,Company_08603,Outbound,Manufacturing,SMB,Singapore,New
8604,2024-10-25,Company_08604,Website,Technology,SMB,Hong Kong,New
8605,2024-11-14,Company_08605,Paid Ads,Manufacturing,SMB,Taiwan,New
8606,2024-02-28,Company_08606,Paid Ads,Professional Services,Mid-Market,Japan,New
8607,2024-10-03,Company_08607,Outbound,Retail,SMB,Japan,New
8608,2025-05-04,Company_08608,Outbound,Manufacturing,Enterprise,Singapore,New
8609,2025-10-25,Company_08609,Website,Manufacturing,SMB,Hong Kong,New
8610,2025-01-04,Company_08610,Website,Professional Services,SMB,Hong Kong,New
8611,2024-02-02,Company_08611,Referral,Technology,Mid-Market,Taiwan,New
8612,2025-03-30,Company_08612,Outbound,Technology,Mid-Market,Taiwan,New
8613,2024-08-20,Company_08613,Outbound,Financial Services,Mid-Market,Taiwan,New
8614,2024-10-16,Company_08614,Website,Retail,SMB,Singapore,New
8615,2025-11-20,Company_08615,Paid Ads,Healthcare,SMB,Taiwan,New
8616,2024-02-19,Company_08616,Website,Healthcare,SMB,Japan,New
8617,2024-08-01,Company_08617,Paid Ads,Technology,Mid-Market,Hong Kong,New
8618,2024-06-19,Company_08618,Event,Healthcare,SMB,Japan,New
8619,2024-03-20,Company_08619,Event,Professional Services,SMB,Hong Kong,New
8620,2025-02-12,Company_08620,Outbound,Retail,SMB,Hong Kong,New
8621,2024-04-06,Company_08621,Website,Financial Services,Enterprise,Japan,New
8622,2024-04-17,Company_08622,Website,Healthcare,SMB,Hong Kong,New
8623,2024-05-03,Company_08623,Referral,Financial Services,SMB,Hong Kong,New
8624,2024-09-13,Company_08624,Website,Technology,Mid-Market,Singapore,New
8625,2024-01-30,Company_08625,Referral,Financial Services,Enterprise,Taiwan,New
8626,2024-01-06,Company_08626,Outbound,Manufacturing,SMB,Hong Kong,New
8627,2024-08-26,Company_08627,Referral,Retail,Mid-Market,Japan,New
8628,2025-01-08,Company_08628,Referral,Technology,SMB,Hong Kong,New
8629,2024-09-01,Company_08629,Paid Ads,Manufacturing,SMB,Taiwan,New
8630,2024-06-02,Company_08630,Outbound,Financial Services,Mid-Market,Hong Kong,New
8631,2025-05-05,Company_08631,Event,Technology,SMB,Singapore,New
8632,2025-03-09,Company_08632,Website,Manufacturing,Mid-Market,Japan,New
8633,2025-01-10,Company_08633,Partner,Healthcare,SMB,Taiwan,New
8634,2025-11-11,Company_08634,Paid Ads,Technology,SMB,Taiwan,New
8635,2025-05-25,Company_08635,Paid Ads,Retail,SMB,Hong Kong,New
8636,2025-11-29,Company_08636,Referral,Financial Services,Mid-Market,Hong Kong,New
8637,2025-12-11,Company_08637,Outbound,Manufacturing,SMB,Taiwan,New
8638,2024-11-19,Company_08638,Referral,Financial Services,Mid-Market,Taiwan,New
8639,2025-02-14,Company_08639,Outbound,Financial Services,Enterprise,Taiwan,New
8640,2025-05-03,Company_08640,Event,Manufacturing,Enterprise,Taiwan,New
8641,2024-04-05,Company_08641,Website,Retail,Mid-Market,Taiwan,New
8642,2024-06-09,Company_08642,Website,Financial Services,SMB,Singapore,New
8643,2024-11-08,Company_08643,Event,Healthcare,SMB,Japan,New
8644,2025-03-30,Company_08644,Website,Professional Services,SMB,Singapore,New
8645,2024-04-04,Company_08645,Referral,Technology,Mid-Market,Hong Kong,New
8646,2025-09-03,Company_08646,Paid Ads,Manufacturing,Mid-Market,Singapore,New
8647,2025-05-02,Company_08647,Outbound,Technology,SMB,Taiwan,New
8648,2024-05-05,Company_08648,Referral,Technology,Enterprise,Hong Kong,New
8649,2024-04-01,Company_08649,Paid Ads,Healthcare,SMB,Taiwan,New
8650,2024-04-26,Company_08650,Website,Retail,SMB,Japan,New
8651,2024-04-02,Company_08651,Outbound,Financial Services,Mid-Market,Taiwan,New
8652,2025-04-10,Company_08652,Website,Retail,Enterprise,Hong Kong,New
8653,2025-08-24,Company_08653,Paid Ads,Healthcare,SMB,Taiwan,New
8654,2024-03-06,Company_08654,Referral,Professional Services,Mid-Market,Singapore,New
8655,2024-10-24,Company_08655,Partner,Healthcare,Mid-Market,Hong Kong,New
8656,2025-07-20,Company_08656,Outbound,Retail,Enterprise,Taiwan,New
8657,2024-05-05,Company_08657,Paid Ads,Manufacturing,SMB,Japan,New
8658,2024-11-06,Company_08658,Event,Professional Services,Enterprise,Taiwan,New
8659,2024-05-05,Company_08659,Website,Healthcare,SMB,Singapore,New
8660,2025-11-05,Company_08660,Paid Ads,Healthcare,SMB,Japan,New
8661,2024-05-09,Company_08661,Website,Technology,Mid-Market,Singapore,New
8662,2024-05-09,Company_08662,Outbound,Technology,SMB,Singapore,New
8663,2025-02-13,Company_08663,Website,Financial Services,Mid-Market,Singapore,New
8664,2024-04-10,Company_08664,Referral,Manufacturing,Mid-Market,Japan,New
8665,2024-10-12,Company_08665,Partner,Healthcare,SMB,Japan,New
8666,2024-03-07,Company_08666,Outbound,Healthcare,SMB,Singapore,New
8667,2024-11-28,Company_08667,Website,Retail,SMB,Hong Kong,New
8668,2024-10-03,Company_08668,Referral,Manufacturing,SMB,Taiwan,New
8669,2024-11-27,Company_08669,Referral,Manufacturing,SMB,Japan,New
8670,2025-05-02,Company_08670,Event,Professional Services,SMB,Japan,New
8671,2025-10-19,Company_08671,Outbound,Professional Services,SMB,Japan,New
8672,2025-10-09,Company_08672,Website,Professional Services,SMB,Hong Kong,New
8673,2025-07-10,Company_08673,Referral,Professional Services,SMB,Hong Kong,New
8674,2025-07-02,Company_08674,Paid Ads,Professional Services,Mid-Market,Hong Kong,New
8675,2025-01-19,Company_08675,Website,Financial Services,Mid-Market,Japan,New
8676,2024-01-15,Company_08676,Website,Professional Services,Mid-Market,Singapore,New
8677,2025-10-16,Company_08677,Website,Manufacturing,Mid-Market,Japan,New
8678,2024-08-31,Company_08678,Website,Retail,SMB,Hong Kong,New
8679,2024-09-11,Company_08679,Paid Ads,Financial Services,SMB,Taiwan,New
8680,2025-11-11,Company_08680,Paid Ads,Manufacturing,SMB,Singapore,New
8681,2024-09-04,Company_08681,Website,Professional Services,SMB,Singapore,New
8682,2024-02-19,Company_08682,Website,Technology,Mid-Market,Japan,New
8683,2025-04-30,Company_08683,Website,Professional Services,SMB,Singapore,New
8684,2025-09-28,Company_08684,Paid Ads,Financial Services,Mid-Market,Singapore,New
8685,2025-10-21,Company_08685,Website,Financial Services,SMB,Taiwan,New
8686,2024-12-01,Company_08686,Outbound,Professional Services,Enterprise,Taiwan,New
8687,2025-09-05,Company_08687,Paid Ads,Financial Services,SMB,Taiwan,New
8688,2025-06-27,Company_08688,Website,Professional Services,SMB,Hong Kong,New
8689,2025-06-01,Company_08689,Website,Retail,Mid-Market,Japan,New
8690,2024-10-21,Company_08690,Website,Professional Services,SMB,Singapore,New
8691,2024-10-02,Company_08691,Website,Professional Services,Mid-Market,Hong Kong,New
8692,2024-06-30,Company_08692,Outbound,Financial Services,Mid-Market,Taiwan,New
8693,2025-06-06,Company_08693,Event,Professional Services,Mid-Market,Taiwan,New
8694,2025-02-07,Company_08694,Referral,Retail,SMB,Taiwan,New
8695,2024-06-02,Company_08695,Event,Technology,SMB,Singapore,New
8696,2025-09-09,Company_08696,Website,Financial Services,SMB,Japan,New
8697,2024-08-02,Company_08697,Website,Technology,SMB,Hong Kong,New
8698,2025-05-12,Company_08698,Paid Ads,Manufacturing,SMB,Japan,New
8699,2025-06-15,Company_08699,Partner,Healthcare,SMB,Japan,New
8700,2025-12-06,Company_08700,Paid Ads,Technology,Enterprise,Singapore,New
8701,2024-04-04,Company_08701,Website,Retail,SMB,Hong Kong,New
8702,2024-07-12,Company_08702,Website,Manufacturing,Mid-Market,Japan,New
8703,2025-12-17,Company_08703,Paid Ads,Manufacturing,SMB,Taiwan,New
8704,2025-11-23,Company_08704,Partner,Professional Services,SMB,Singapore,New
8705,2024-07-08,Company_08705,Website,Financial Services,SMB,Hong Kong,New
8706,2024-09-24,Company_08706,Website,Professional Services,SMB,Taiwan,New
8707,2025-09-24,Company_08707,Outbound,Manufacturing,SMB,Taiwan,New
8708,2025-11-09,Company_08708,Paid Ads,Financial Services,SMB,Singapore,New
8709,2024-08-19,Company_08709,Event,Professional Services,Mid-Market,Taiwan,New
8710,2025-08-11,Company_08710,Paid Ads,Professional Services,Mid-Market,Hong Kong,New
8711,2025-05-21,Company_08711,Referral,Professional Services,Mid-Market,Hong Kong,New
8712,2024-10-29,Company_08712,Outbound,Retail,SMB,Hong Kong,New
8713,2025-08-22,Company_08713,Paid Ads,Retail,SMB,Taiwan,New
8714,2025-03-08,Company_08714,Event,Technology,SMB,Japan,New
8715,2024-03-28,Company_08715,Website,Technology,SMB,Taiwan,New
8716,2024-09-02,Company_08716,Outbound,Technology,SMB,Hong Kong,New
8717,2024-12-02,Company_08717,Website,Professional Services,SMB,Singapore,New
8718,2025-02-18,Company_08718,Event,Manufacturing,Enterprise,Singapore,New
8719,2025-12-29,Company_08719,Outbound,Technology,SMB,Japan,New
8720,2024-05-09,Company_08720,Website,Retail,Enterprise,Hong Kong,New
8721,2024-09-12,Company_08721,Referral,Manufacturing,Enterprise,Hong Kong,New
8722,2024-03-01,Company_08722,Partner,Professional Services,Mid-Market,Japan,New
8723,2025-08-21,Company_08723,Outbound,Technology,SMB,Taiwan,New
8724,2025-06-23,Company_08724,Event,Financial Services,Enterprise,Japan,New
8725,2025-05-06,Company_08725,Referral,Technology,SMB,Taiwan,New
8726,2025-03-10,Company_08726,Outbound,Professional Services,Mid-Market,Japan,New
8727,2025-01-19,Company_08727,Referral,Financial Services,SMB,Japan,New
8728,2025-04-02,Company_08728,Website,Technology,Mid-Market,Taiwan,New
8729,2025-04-04,Company_08729,Outbound,Manufacturing,SMB,Japan,New
8730,2025-07-07,Company_08730,Website,Healthcare,Mid-Market,Hong Kong,New
8731,2024-08-24,Company_08731,Referral,Technology,SMB,Japan,New
8732,2025-04-01,Company_08732,Website,Manufacturing,Mid-Market,Hong Kong,New
8733,2024-06-22,Company_08733,Paid Ads,Manufacturing,SMB,Taiwan,New
8734,2025-03-26,Company_08734,Partner,Technology,SMB,Japan,New
8735,2024-12-30,Company_08735,Paid Ads,Financial Services,SMB,Japan,New
8736,2024-09-27,Company_08736,Referral,Technology,Mid-Market,Taiwan,New
8737,2025-11-14,Company_08737,Referral,Retail,Mid-Market,Japan,New
8738,2025-06-13,Company_08738,Event,Technology,Mid-Market,Japan,New
8739,2025-07-01,Company_08739,Website,Healthcare,Mid-Market,Japan,New
8740,2024-12-14,Company_08740,Referral,Professional Services,SMB,Hong Kong,New
8741,2024-03-12,Company_08741,Event,Healthcare,Mid-Market,Taiwan,New
8742,2024-11-24,Company_08742,Partner,Retail,SMB,Taiwan,New
8743,2025-04-01,Company_08743,Outbound,Healthcare,SMB,Hong Kong,New
8744,2024-03-03,Company_08744,Referral,Professional Services,Mid-Market,Japan,New
8745,2024-08-26,Company_08745,Website,Financial Services,Mid-Market,Taiwan,New
8746,2025-03-17,Company_08746,Outbound,Technology,Enterprise,Singapore,New
8747,2024-12-11,Company_08747,Outbound,Technology,Mid-Market,Hong Kong,New
8748,2024-07-29,Company_08748,Outbound,Retail,SMB,Taiwan,New
8749,2024-08-23,Company_08749,Paid Ads,Financial Services,SMB,Hong Kong,New
8750,2024-01-09,Company_08750,Outbound,Retail,SMB,Japan,New
8751,2024-01-29,Company_08751,Paid Ads,Financial Services,Mid-Market,Taiwan,New
8752,2024-01-15,Company_08752,Website,Manufacturing,SMB,Taiwan,New
8753,2025-05-03,Company_08753,Website,Technology,SMB,Singapore,New
8754,2025-04-04,Company_08754,Event,Manufacturing,SMB,Hong Kong,New
8755,2025-07-26,Company_08755,Website,Healthcare,SMB,Singapore,New
8756,2024-11-24,Company_08756,Website,Healthcare,Enterprise,Japan,New
8757,2025-08-12,Company_08757,Outbound,Technology,SMB,Japan,New
8758,2025-01-28,Company_08758,Outbound,Healthcare,Mid-Market,Taiwan,New
8759,2024-05-12,Company_08759,Website,Healthcare,Enterprise,Taiwan,New
8760,2025-09-28,Company_08760,Paid Ads,Financial Services,Mid-Market,Taiwan,New
8761,2024-08-27,Company_08761,Paid Ads,Professional Services,SMB,Taiwan,New
8762,2025-08-05,Company_08762,Referral,Healthcare,SMB,Singapore,New
8763,2024-10-11,Company_08763,Paid Ads,Manufacturing,Enterprise,Hong Kong,New
8764,2025-12-14,Company_08764,Outbound,Technology,Mid-Market,Hong Kong,New
8765,2024-09-26,Company_08765,Website,Retail,SMB,Singapore,New
8766,2024-09-23,Company_08766,Website,Professional Services,SMB,Taiwan,New
8767,2025-01-13,Company_08767,Partner,Professional Services,SMB,Hong Kong,New
8768,2024-10-14,Company_08768,Website,Retail,SMB,Hong Kong,New
8769,2025-10-23,Company_08769,Paid Ads,Manufacturing,Mid-Market,Japan,New
8770,2024-02-06,Company_08770,Partner,Technology,SMB,Singapore,New
8771,2025-10-04,Company_08771,Website,Technology,SMB,Taiwan,New
8772,2025-01-31,Company_08772,Referral,Technology,Mid-Market,Singapore,New
8773,2024-10-05,Company_08773,Event,Manufacturing,SMB,Singapore,New
8774,2024-01-06,Company_08774,Event,Technology,SMB,Singapore,New
8775,2024-02-08,Company_08775,Website,Professional Services,SMB,Singapore,New
8776,2024-09-14,Company_08776,Referral,Healthcare,SMB,Japan,New
8777,2024-10-29,Company_08777,Outbound,Financial Services,Mid-Market,Singapore,New
8778,2024-06-23,Company_08778,Paid Ads,Technology,SMB,Japan,New
8779,2024-10-15,Company_08779,Paid Ads,Retail,SMB,Hong Kong,New
8780,2024-03-02,Company_08780,Website,Retail,SMB,Hong Kong,New
8781,2025-09-08,Company_08781,Paid Ads,Technology,SMB,Taiwan,New
8782,2024-06-23,Company_08782,Outbound,Technology,Mid-Market,Hong Kong,New
8783,2024-12-27,Company_08783,Website,Professional Services,SMB,Taiwan,New
8784,2025-01-11,Company_08784,Referral,Financial Services,SMB,Japan,New
8785,2024-04-21,Company_08785,Paid Ads,Technology,SMB,Taiwan,New
8786,2025-05-24,Company_08786,Website,Professional Services,SMB,Singapore,New
8787,2025-05-07,Company_08787,Partner,Healthcare,Enterprise,Hong Kong,New
8788,2024-07-12,Company_08788,Outbound,Technology,Mid-Market,Japan,New
8789,2024-06-09,Company_08789,Outbound,Technology,Mid-Market,Hong Kong,New
8790,2025-04-28,Company_08790,Website,Manufacturing,SMB,Hong Kong,New
8791,2024-04-12,Company_08791,Paid Ads,Manufacturing,Enterprise,Singapore,New
8792,2025-01-23,Company_08792,Referral,Manufacturing,SMB,Japan,New
8793,2024-09-14,Company_08793,Outbound,Technology,Enterprise,Japan,New
8794,2024-07-08,Company_08794,Referral,Technology,Enterprise,Japan,New
8795,2025-03-30,Company_08795,Referral,Manufacturing,Enterprise,Singapore,New
8796,2025-05-19,Company_08796,Partner,Financial Services,Mid-Market,Japan,New
8797,2025-08-15,Company_08797,Paid Ads,Professional Services,SMB,Taiwan,New
8798,2024-09-29,Company_08798,Partner,Manufacturing,Enterprise,Singapore,New
8799,2024-01-21,Company_08799,Partner,Financial Services,Mid-Market,Hong Kong,New
8800,2024-12-13,Company_08800,Partner,Financial Services,SMB,Hong Kong,New
8801,2024-08-28,Company_08801,Partner,Financial Services,SMB,Singapore,New
8802,2025-07-27,Company_08802,Outbound,Financial Services,SMB,Taiwan,New
8803,2025-10-21,Company_08803,Event,Retail,SMB,Hong Kong,New
8804,2025-03-04,Company_08804,Outbound,Financial Services,SMB,Japan,New
8805,2025-04-08,Company_08805,Referral,Manufacturing,SMB,Japan,New
8806,2024-12-25,Company_08806,Website,Technology,Enterprise,Hong Kong,New
8807,2024-05-05,Company_08807,Paid Ads,Financial Services,Mid-Market,Singapore,New
8808,2025-03-28,Company_08808,Paid Ads,Healthcare,SMB,Hong Kong,New
8809,2024-02-28,Company_08809,Outbound,Technology,Mid-Market,Japan,New
8810,2025-01-08,Company_08810,Website,Manufacturing,SMB,Japan,New
8811,2024-04-25,Company_08811,Paid Ads,Financial Services,SMB,Taiwan,New
8812,2025-06-27,Company_08812,Outbound,Healthcare,Mid-Market,Hong Kong,New
8813,2024-11-22,Company_08813,Referral,Technology,Mid-Market,Hong Kong,New
8814,2024-08-05,Company_08814,Outbound,Professional Services,Mid-Market,Hong Kong,New
8815,2025-05-11,Company_08815,Website,Manufacturing,Enterprise,Hong Kong,New
8816,2025-05-03,Company_08816,Event,Technology,SMB,Singapore,New
8817,2025-04-06,Company_08817,Outbound,Healthcare,Enterprise,Taiwan,New
8818,2024-05-18,Company_08818,Event,Professional Services,SMB,Taiwan,New
8819,2025-01-03,Company_08819,Paid Ads,Manufacturing,SMB,Singapore,New
8820,2024-02-06,Company_08820,Referral,Financial Services,Mid-Market,Singapore,New
8821,2025-04-14,Company_08821,Outbound,Retail,SMB,Japan,New
8822,2025-05-17,Company_08822,Website,Manufacturing,Enterprise,Singapore,New
8823,2024-12-31,Company_08823,Paid Ads,Manufacturing,Mid-Market,Hong Kong,New
8824,2025-02-03,Company_08824,Partner,Professional Services,SMB,Japan,New
8825,2024-12-12,Company_08825,Outbound,Retail,SMB,Singapore,New
8826,2024-01-28,Company_08826,Event,Manufacturing,Enterprise,Taiwan,New
8827,2025-12-03,Company_08827,Paid Ads,Healthcare,Enterprise,Hong Kong,New
8828,2024-05-13,Company_08828,Referral,Professional Services,Mid-Market,Japan,New
8829,2025-05-01,Company_08829,Paid Ads,Manufacturing,Mid-Market,Hong Kong,New
8830,2024-03-02,Company_08830,Partner,Financial Services,Mid-Market,Singapore,New
8831,2024-06-10,Company_08831,Outbound,Professional Services,Enterprise,Hong Kong,New
8832,2024-01-24,Company_08832,Website,Healthcare,Mid-Market,Taiwan,New
8833,2025-10-13,Company_08833,Website,Healthcare,SMB,Singapore,New
8834,2024-09-27,Company_08834,Referral,Professional Services,Enterprise,Singapore,New
8835,2024-07-20,Company_08835,Outbound,Technology,SMB,Hong Kong,New
8836,2025-09-09,Company_08836,Outbound,Technology,SMB,Japan,New
8837,2025-05-04,Company_08837,Paid Ads,Healthcare,Mid-Market,Singapore,New
8838,2024-05-22,Company_08838,Website,Technology,SMB,Singapore,New
8839,2025-07-31,Company_08839,Event,Financial Services,SMB,Japan,New
8840,2025-11-27,Company_08840,Paid Ads,Manufacturing,SMB,Hong Kong,New
8841,2024-06-26,Company_08841,Paid Ads,Retail,SMB,Taiwan,New
8842,2025-02-01,Company_08842,Referral,Manufacturing,SMB,Hong Kong,New
8843,2025-06-26,Company_08843,Website,Financial Services,SMB,Japan,New
8844,2024-02-24,Company_08844,Paid Ads,Technology,SMB,Taiwan,New
8845,2024-07-20,Company_08845,Website,Professional Services,SMB,Taiwan,New
8846,2024-05-24,Company_08846,Website,Healthcare,SMB,Japan,New
8847,2025-03-18,Company_08847,Referral,Professional Services,SMB,Singapore,New
8848,2025-09-30,Company_08848,Website,Financial Services,SMB,Hong Kong,New
8849,2025-11-19,Company_08849,Referral,Manufacturing,Enterprise,Taiwan,New
8850,2024-04-30,Company_08850,Referral,Retail,Mid-Market,Singapore,New
8851,2025-03-06,Company_08851,Partner,Technology,SMB,Taiwan,New
8852,2025-07-09,Company_08852,Website,Healthcare,Enterprise,Taiwan,New
8853,2024-09-26,Company_08853,Paid Ads,Manufacturing,Mid-Market,Taiwan,New
8854,2024-03-25,Company_08854,Outbound,Technology,Mid-Market,Japan,New
8855,2025-07-30,Company_08855,Outbound,Professional Services,Enterprise,Singapore,New
8856,2025-09-09,Company_08856,Event,Healthcare,Mid-Market,Singapore,New
8857,2024-06-06,Company_08857,Website,Manufacturing,Mid-Market,Japan,New
8858,2025-05-08,Company_08858,Paid Ads,Professional Services,Mid-Market,Singapore,New
8859,2024-06-11,Company_08859,Referral,Manufacturing,SMB,Hong Kong,New
8860,2025-05-05,Company_08860,Website,Professional Services,SMB,Singapore,New
8861,2024-02-24,Company_08861,Outbound,Technology,Mid-Market,Japan,New
8862,2025-04-04,Company_08862,Paid Ads,Retail,Mid-Market,Taiwan,New
8863,2025-04-09,Company_08863,Referral,Technology,SMB,Singapore,New
8864,2024-02-17,Company_08864,Partner,Manufacturing,SMB,Japan,New
8865,2025-03-10,Company_08865,Paid Ads,Financial Services,SMB,Singapore,New
8866,2025-11-22,Company_08866,Outbound,Financial Services,SMB,Hong Kong,New
8867,2024-05-27,Company_08867,Paid Ads,Financial Services,Mid-Market,Hong Kong,New
8868,2025-08-26,Company_08868,Partner,Professional Services,SMB,Singapore,New
8869,2025-08-31,Company_08869,Website,Retail,Enterprise,Hong Kong,New
8870,2025-03-29,Company_08870,Website,Healthcare,SMB,Hong Kong,New
8871,2025-07-05,Company_08871,Paid Ads,Financial Services,SMB,Singapore,New
8872,2024-01-19,Company_08872,Paid Ads,Professional Services,Enterprise,Japan,New
8873,2025-09-03,Company_08873,Paid Ads,Financial Services,Enterprise,Hong Kong,New
8874,2024-11-17,Company_08874,Website,Professional Services,SMB,Singapore,New
8875,2025-05-12,Company_08875,Website,Professional Services,SMB,Japan,New
8876,2024-01-19,Company_08876,Website,Manufacturing,SMB,Taiwan,New
8877,2025-04-16,Company_08877,Outbound,Financial Services,SMB,Singapore,New
8878,2024-09-12,Company_08878,Outbound,Retail,SMB,Japan,New
8879,2025-03-08,Company_08879,Paid Ads,Financial Services,Enterprise,Singapore,New
8880,2025-09-27,Company_08880,Paid Ads,Manufacturing,SMB,Taiwan,New
8881,2025-08-19,Company_08881,Website,Retail,Enterprise,Taiwan,New
8882,2024-02-01,Company_08882,Partner,Professional Services,SMB,Singapore,New
8883,2025-01-13,Company_08883,Paid Ads,Retail,Enterprise,Taiwan,New
8884,2024-08-12,Company_08884,Paid Ads,Professional Services,SMB,Taiwan,New
8885,2025-11-11,Company_08885,Outbound,Manufacturing,Mid-Market,Taiwan,New
8886,2025-04-06,Company_08886,Paid Ads,Technology,Mid-Market,Japan,New
8887,2024-01-07,Company_08887,Website,Technology,Mid-Market,Hong Kong,New
8888,2024-08-06,Company_08888,Paid Ads,Retail,Mid-Market,Hong Kong,New
8889,2025-10-10,Company_08889,Outbound,Technology,Mid-Market,Taiwan,New
8890,2024-04-10,Company_08890,Outbound,Manufacturing,Mid-Market,Hong Kong,New
8891,2024-06-09,Company_08891,Website,Financial Services,Mid-Market,Japan,New
8892,2024-06-12,Company_08892,Partner,Professional Services,Enterprise,Taiwan,New
8893,2024-01-01,Company_08893,Paid Ads,Retail,SMB,Singapore,New
8894,2024-10-03,Company_08894,Outbound,Financial Services,SMB,Hong Kong,New
8895,2024-02-24,Company_08895,Website,Professional Services,SMB,Taiwan,New
8896,2024-10-04,Company_08896,Website,Financial Services,Mid-Market,Singapore,New
8897,2025-04-27,Company_08897,Website,Financial Services,Mid-Market,Taiwan,New
8898,2024-02-03,Company_08898,Event,Manufacturing,SMB,Singapore,New
8899,2024-09-05,Company_08899,Partner,Professional Services,SMB,Singapore,New
8900,2025-09-17,Company_08900,Event,Professional Services,SMB,Japan,New
8901,2025-05-08,Company_08901,Paid Ads,Retail,Mid-Market,Singapore,New
8902,2025-05-21,Company_08902,Event,Financial Services,SMB,Taiwan,New
8903,2024-12-01,Company_08903,Website,Financial Services,Mid-Market,Singapore,New
8904,2025-01-20,Company_08904,Website,Healthcare,SMB,Singapore,New
8905,2024-06-22,Company_08905,Website,Healthcare,Enterprise,Taiwan,New
8906,2025-01-31,Company_08906,Referral,Manufacturing,Mid-Market,Hong Kong,New
8907,2024-04-22,Company_08907,Outbound,Healthcare,SMB,Singapore,New
8908,2024-04-18,Company_08908,Outbound,Retail,SMB,Hong Kong,New
8909,2024-04-21,Company_08909,Outbound,Manufacturing,Mid-Market,Taiwan,New
8910,2025-01-26,Company_08910,Website,Financial Services,SMB,Taiwan,New
8911,2025-08-04,Company_08911,Paid Ads,Manufacturing,SMB,Hong Kong,New
8912,2024-02-13,Company_08912,Referral,Healthcare,SMB,Hong Kong,New
8913,2024-11-29,Company_08913,Partner,Manufacturing,SMB,Singapore,New
8914,2024-04-03,Company_08914,Partner,Manufacturing,Mid-Market,Singapore,New
8915,2024-05-28,Company_08915,Outbound,Healthcare,Mid-Market,Taiwan,New
8916,2025-06-26,Company_08916,Referral,Professional Services,SMB,Taiwan,New
8917,2024-03-07,Company_08917,Paid Ads,Technology,SMB,Hong Kong,New
8918,2024-06-30,Company_08918,Paid Ads,Manufacturing,Enterprise,Hong Kong,New
8919,2024-02-14,Company_08919,Website,Manufacturing,SMB,Taiwan,New
8920,2024-10-28,Company_08920,Website,Technology,SMB,Hong Kong,New
8921,2025-11-06,Company_08921,Referral,Healthcare,Mid-Market,Taiwan,New
8922,2025-03-15,Company_08922,Referral,Manufacturing,SMB,Singapore,New
8923,2025-08-13,Company_08923,Paid Ads,Professional Services,Enterprise,Hong Kong,New
8924,2025-02-04,Company_08924,Paid Ads,Technology,Mid-Market,Singapore,New
8925,2024-09-14,Company_08925,Website,Healthcare,Mid-Market,Singapore,New
8926,2024-02-08,Company_08926,Website,Healthcare,SMB,Taiwan,New
8927,2025-12-05,Company_08927,Outbound,Healthcare,SMB,Taiwan,New
8928,2025-12-28,Company_08928,Outbound,Technology,SMB,Hong Kong,New
8929,2025-04-29,Company_08929,Referral,Retail,SMB,Singapore,New
8930,2025-01-06,Company_08930,Paid Ads,Technology,SMB,Hong Kong,New
8931,2025-05-09,Company_08931,Paid Ads,Technology,SMB,Hong Kong,New
8932,2024-05-14,Company_08932,Outbound,Financial Services,Mid-Market,Japan,New
8933,2025-07-20,Company_08933,Outbound,Manufacturing,Mid-Market,Taiwan,New
8934,2024-09-22,Company_08934,Website,Professional Services,Mid-Market,Japan,New
8935,2024-04-23,Company_08935,Paid Ads,Healthcare,Enterprise,Singapore,New
8936,2025-09-29,Company_08936,Paid Ads,Retail,SMB,Hong Kong,New
8937,2024-10-14,Company_08937,Outbound,Technology,Enterprise,Taiwan,New
8938,2024-06-23,Company_08938,Outbound,Technology,SMB,Singapore,New
8939,2024-10-20,Company_08939,Outbound,Professional Services,Enterprise,Hong Kong,New
8940,2025-08-28,Company_08940,Outbound,Financial Services,Enterprise,Taiwan,New
8941,2024-04-02,Company_08941,Website,Retail,SMB,Hong Kong,New
8942,2024-05-12,Company_08942,Website,Retail,SMB,Taiwan,New
8943,2025-07-26,Company_08943,Referral,Retail,SMB,Taiwan,New
8944,2024-03-12,Company_08944,Outbound,Professional Services,SMB,Taiwan,New
8945,2025-10-31,Company_08945,Paid Ads,Retail,SMB,Japan,New
8946,2025-01-15,Company_08946,Partner,Financial Services,SMB,Taiwan,New
8947,2024-11-21,Company_08947,Website,Healthcare,Enterprise,Taiwan,New
8948,2025-03-22,Company_08948,Outbound,Retail,Enterprise,Hong Kong,New
8949,2024-12-21,Company_08949,Referral,Healthcare,Enterprise,Japan,New
8950,2025-01-30,Company_08950,Partner,Technology,SMB,Singapore,New
8951,2024-09-06,Company_08951,Event,Healthcare,SMB,Japan,New
8952,2024-05-27,Company_08952,Outbound,Financial Services,SMB,Singapore,New
8953,2024-10-09,Company_08953,Paid Ads,Financial Services,Enterprise,Taiwan,New
8954,2025-01-31,Company_08954,Referral,Technology,Mid-Market,Hong Kong,New
8955,2024-07-28,Company_08955,Outbound,Professional Services,Enterprise,Hong Kong,New
8956,2024-04-09,Company_08956,Outbound,Financial Services,Enterprise,Singapore,New
8957,2024-04-30,Company_08957,Outbound,Technology,Mid-Market,Hong Kong,New
8958,2025-02-02,Company_08958,Paid Ads,Manufacturing,SMB,Japan,New
8959,2025-12-29,Company_08959,Outbound,Financial Services,SMB,Taiwan,New
8960,2024-01-06,Company_08960,Website,Technology,SMB,Singapore,New
8961,2025-10-27,Company_08961,Outbound,Technology,Mid-Market,Hong Kong,New
8962,2024-02-09,Company_08962,Paid Ads,Financial Services,Enterprise,Japan,New
8963,2025-04-26,Company_08963,Paid Ads,Technology,SMB,Hong Kong,New
8964,2025-09-17,Company_08964,Event,Professional Services,Mid-Market,Singapore,New
8965,2025-07-21,Company_08965,Outbound,Technology,SMB,Taiwan,New
8966,2024-05-09,Company_08966,Paid Ads,Financial Services,Mid-Market,Japan,New
8967,2025-04-11,Company_08967,Paid Ads,Manufacturing,SMB,Japan,New
8968,2024-01-05,Company_08968,Outbound,Technology,SMB,Taiwan,New
8969,2024-05-01,Company_08969,Partner,Financial Services,Enterprise,Singapore,New
8970,2025-05-17,Company_08970,Paid Ads,Healthcare,SMB,Taiwan,New
8971,2025-07-08,Company_08971,Website,Healthcare,SMB,Hong Kong,New
8972,2024-06-12,Company_08972,Referral,Financial Services,SMB,Taiwan,New
8973,2025-03-31,Company_08973,Website,Manufacturing,SMB,Taiwan,New
8974,2025-01-14,Company_08974,Outbound,Financial Services,SMB,Singapore,New
8975,2025-01-13,Company_08975,Partner,Technology,SMB,Japan,New
8976,2024-09-15,Company_08976,Paid Ads,Technology,Mid-Market,Hong Kong,New
8977,2025-11-19,Company_08977,Outbound,Manufacturing,SMB,Singapore,New
8978,2024-05-05,Company_08978,Website,Financial Services,Mid-Market,Taiwan,New
8979,2025-06-27,Company_08979,Referral,Technology,SMB,Singapore,New
8980,2024-04-04,Company_08980,Outbound,Technology,SMB,Taiwan,New
8981,2025-05-19,Company_08981,Website,Technology,Enterprise,Singapore,New
8982,2024-03-10,Company_08982,Paid Ads,Financial Services,Mid-Market,Japan,New
8983,2024-08-09,Company_08983,Outbound,Retail,SMB,Japan,New
8984,2025-01-26,Company_08984,Referral,Financial Services,SMB,Japan,New
8985,2025-06-07,Company_08985,Paid Ads,Financial Services,SMB,Japan,New
8986,2025-11-21,Company_08986,Paid Ads,Retail,Mid-Market,Hong Kong,New
8987,2024-02-22,Company_08987,Paid Ads,Retail,SMB,Taiwan,New
8988,2025-03-25,Company_08988,Website,Manufacturing,Mid-Market,Taiwan,New
8989,2024-07-27,Company_08989,Paid Ads,Financial Services,Mid-Market,Taiwan,New
8990,2024-05-20,Company_08990,Referral,Financial Services,Enterprise,Taiwan,New
8991,2025-08-04,Company_08991,Website,Healthcare,SMB,Singapore,New
8992,2024-07-13,Company_08992,Paid Ads,Retail,Enterprise,Singapore,New
8993,2025-11-25,Company_08993,Outbound,Technology,Mid-Market,Singapore,New
8994,2025-12-10,Company_08994,Event,Manufacturing,SMB,Hong Kong,New
8995,2025-07-19,Company_08995,Outbound,Manufacturing,SMB,Singapore,New
8996,2024-04-21,Company_08996,Partner,Healthcare,Mid-Market,Taiwan,New
8997,2025-06-30,Company_08997,Paid Ads,Financial Services,Mid-Market,Hong Kong,New
8998,2024-08-21,Company_08998,Website,Professional Services,Mid-Market,Japan,New
8999,2024-07-22,Company_08999,Website,Retail,Mid-Market,Japan,New
9000,2024-09-03,Company_09000,Outbound,Professional Services,SMB,Japan,New
9001,2024-04-16,Company_09001,Outbound,Healthcare,SMB,Japan,New
9002,2024-11-28,Company_09002,Website,Professional Services,Mid-Market,Japan,New
9003,2025-05-22,Company_09003,Website,Technology,SMB,Singapore,New
9004,2024-09-08,Company_09004,Outbound,Financial Services,Enterprise,Hong Kong,New
9005,2025-03-15,Company_09005,Referral,Healthcare,SMB,Hong Kong,New
9006,2025-10-29,Company_09006,Website,Technology,Mid-Market,Hong Kong,New
9007,2024-11-18,Company_09007,Paid Ads,Financial Services,Mid-Market,Hong Kong,New
9008,2024-07-26,Company_09008,Paid Ads,Technology,SMB,Hong Kong,New
9009,2024-07-17,Company_09009,Referral,Financial Services,Mid-Market,Japan,New
9010,2024-07-25,Company_09010,Website,Technology,Mid-Market,Taiwan,New
9011,2024-04-05,Company_09011,Referral,Financial Services,SMB,Singapore,New
9012,2025-04-20,Company_09012,Paid Ads,Professional Services,Mid-Market,Singapore,New
9013,2024-04-11,Company_09013,Referral,Healthcare,SMB,Taiwan,New
9014,2025-07-30,Company_09014,Referral,Professional Services,Enterprise,Hong Kong,New
9015,2024-07-11,Company_09015,Paid Ads,Financial Services,Enterprise,Japan,New
9016,2025-06-01,Company_09016,Referral,Technology,Enterprise,Hong Kong,New
9017,2024-01-12,Company_09017,Website,Healthcare,Enterprise,Taiwan,New
9018,2024-06-12,Company_09018,Paid Ads,Technology,SMB,Japan,New
9019,2025-01-13,Company_09019,Website,Professional Services,SMB,Singapore,New
9020,2025-05-30,Company_09020,Partner,Healthcare,SMB,Taiwan,New
9021,2025-11-24,Company_09021,Paid Ads,Retail,SMB,Singapore,New
9022,2024-04-13,Company_09022,Outbound,Financial Services,Mid-Market,Hong Kong,New
9023,2024-01-09,Company_09023,Website,Technology,Mid-Market,Japan,New
9024,2024-09-27,Company_09024,Referral,Technology,Mid-Market,Singapore,New
9025,2024-09-21,Company_09025,Website,Financial Services,Enterprise,Taiwan,New
9026,2024-10-05,Company_09026,Partner,Financial Services,SMB,Singapore,New
9027,2025-03-02,Company_09027,Partner,Manufacturing,SMB,Hong Kong,New
9028,2025-10-11,Company_09028,Website,Technology,SMB,Japan,New
9029,2024-03-12,Company_09029,Outbound,Financial Services,Mid-Market,Hong Kong,New
9030,2025-12-21,Company_09030,Paid Ads,Professional Services,SMB,Taiwan,New
9031,2024-11-23,Company_09031,Partner,Financial Services,Enterprise,Hong Kong,New
9032,2025-10-12,Company_09032,Outbound,Retail,Mid-Market,Hong Kong,New
9033,2025-07-23,Company_09033,Website,Professional Services,SMB,Japan,New
9034,2025-10-19,Company_09034,Outbound,Professional Services,Enterprise,Japan,New
9035,2025-03-25,Company_09035,Website,Healthcare,Mid-Market,Hong Kong,New
9036,2024-01-24,Company_09036,Website,Technology,SMB,Singapore,New
9037,2025-05-13,Company_09037,Referral,Professional Services,SMB,Hong Kong,New
9038,2024-07-24,Company_09038,Outbound,Manufacturing,Mid-Market,Taiwan,New
9039,2025-05-04,Company_09039,Outbound,Healthcare,Enterprise,Singapore,New
9040,2025-05-07,Company_09040,Referral,Manufacturing,Enterprise,Singapore,New
9041,2024-09-09,Company_09041,Website,Technology,SMB,Japan,New
9042,2025-04-05,Company_09042,Website,Technology,SMB,Hong Kong,New
9043,2025-02-22,Company_09043,Paid Ads,Technology,SMB,Taiwan,New
9044,2025-03-27,Company_09044,Referral,Professional Services,Enterprise,Singapore,New
9045,2024-01-14,Company_09045,Outbound,Manufacturing,SMB,Singapore,New
9046,2025-02-20,Company_09046,Event,Retail,SMB,Hong Kong,New
9047,2025-06-07,Company_09047,Outbound,Healthcare,SMB,Japan,New
9048,2024-11-19,Company_09048,Partner,Professional Services,Enterprise,Japan,New
9049,2024-09-26,Company_09049,Paid Ads,Healthcare,SMB,Japan,New
9050,2025-09-16,Company_09050,Website,Financial Services,SMB,Hong Kong,New
9051,2024-06-14,Company_09051,Website,Professional Services,SMB,Singapore,New
9052,2024-02-14,Company_09052,Paid Ads,Technology,SMB,Singapore,New
9053,2024-04-16,Company_09053,Website,Retail,SMB,Japan,New
9054,2025-07-24,Company_09054,Paid Ads,Financial Services,SMB,Japan,New
9055,2025-09-22,Company_09055,Website,Retail,Mid-Market,Hong Kong,New
9056,2024-05-21,Company_09056,Website,Professional Services,Enterprise,Hong Kong,New
9057,2025-10-26,Company_09057,Referral,Healthcare,SMB,Hong Kong,New
9058,2025-03-17,Company_09058,Event,Technology,SMB,Hong Kong,New
9059,2025-01-16,Company_09059,Paid Ads,Professional Services,Mid-Market,Singapore,New
9060,2024-07-24,Company_09060,Paid Ads,Technology,Mid-Market,Japan,New
9061,2025-02-24,Company_09061,Website,Retail,Mid-Market,Taiwan,New
9062,2025-10-25,Company_09062,Paid Ads,Technology,Mid-Market,Japan,New
9063,2025-03-14,Company_09063,Paid Ads,Manufacturing,Enterprise,Taiwan,New
9064,2025-08-22,Company_09064,Outbound,Technology,SMB,Taiwan,New
9065,2025-08-03,Company_09065,Partner,Technology,SMB,Taiwan,New
9066,2025-03-16,Company_09066,Paid Ads,Professional Services,Mid-Market,Singapore,New
9067,2024-11-12,Company_09067,Paid Ads,Manufacturing,Enterprise,Japan,New
9068,2024-02-09,Company_09068,Website,Healthcare,Enterprise,Singapore,New
9069,2025-02-13,Company_09069,Website,Professional Services,Enterprise,Singapore,New
9070,2025-10-28,Company_09070,Outbound,Technology,Enterprise,Singapore,New
9071,2024-07-04,Company_09071,Outbound,Retail,SMB,Hong Kong,New
9072,2025-12-03,Company_09072,Partner,Retail,SMB,Japan,New
9073,2024-06-10,Company_09073,Website,Healthcare,SMB,Hong Kong,New
9074,2025-08-06,Company_09074,Partner,Technology,Mid-Market,Taiwan,New
9075,2025-10-04,Company_09075,Referral,Professional Services,SMB,Taiwan,New
9076,2024-04-30,Company_09076,Outbound,Technology,SMB,Singapore,New
9077,2024-01-01,Company_09077,Referral,Manufacturing,SMB,Taiwan,New
9078,2025-02-20,Company_09078,Website,Retail,Enterprise,Hong Kong,New
9079,2024-09-20,Company_09079,Website,Financial Services,Mid-Market,Hong Kong,New
9080,2024-12-12,Company_09080,Website,Healthcare,Mid-Market,Singapore,New
9081,2024-03-03,Company_09081,Outbound,Retail,SMB,Hong Kong,New
9082,2025-11-19,Company_09082,Outbound,Technology,SMB,Hong Kong,New
9083,2024-01-16,Company_09083,Website,Manufacturing,Mid-Market,Singapore,New
9084,2024-07-15,Company_09084,Outbound,Financial Services,SMB,Hong Kong,New
9085,2024-12-17,Company_09085,Paid Ads,Professional Services,Enterprise,Hong Kong,New
9086,2024-11-20,Company_09086,Referral,Professional Services,SMB,Singapore,New
9087,2024-03-12,Company_09087,Outbound,Manufacturing,SMB,Japan,New
9088,2024-08-21,Company_09088,Website,Technology,SMB,Singapore,New
9089,2024-08-24,Company_09089,Website,Professional Services,SMB,Japan,New
9090,2025-09-09,Company_09090,Event,Healthcare,Mid-Market,Singapore,New
9091,2025-10-20,Company_09091,Outbound,Retail,SMB,Japan,New
9092,2025-08-30,Company_09092,Outbound,Manufacturing,Mid-Market,Hong Kong,New
9093,2025-05-25,Company_09093,Outbound,Professional Services,SMB,Taiwan,New
9094,2024-10-29,Company_09094,Event,Healthcare,Enterprise,Japan,New
9095,2024-09-25,Company_09095,Referral,Healthcare,Mid-Market,Hong Kong,New
9096,2024-06-02,Company_09096,Outbound,Professional Services,Mid-Market,Japan,New
9097,2025-11-08,Company_09097,Outbound,Technology,Mid-Market,Taiwan,New
9098,2025-02-23,Company_09098,Paid Ads,Professional Services,Enterprise,Taiwan,New
9099,2024-02-02,Company_09099,Referral,Healthcare,Mid-Market,Singapore,New
9100,2024-06-26,Company_09100,Referral,Retail,Mid-Market,Japan,New
9101,2024-03-08,Company_09101,Paid Ads,Manufacturing,SMB,Japan,New
9102,2025-05-29,Company_09102,Website,Manufacturing,SMB,Hong Kong,New
9103,2024-02-21,Company_09103,Event,Retail,SMB,Taiwan,New
9104,2024-01-02,Company_09104,Paid Ads,Manufacturing,SMB,Taiwan,New
9105,2025-01-05,Company_09105,Outbound,Financial Services,Mid-Market,Japan,New
9106,2024-09-27,Company_09106,Outbound,Manufacturing,Enterprise,Singapore,New
9107,2024-04-29,Company_09107,Outbound,Retail,SMB,Singapore,New
9108,2024-10-08,Company_09108,Website,Healthcare,Mid-Market,Taiwan,New
9109,2025-02-28,Company_09109,Partner,Retail,SMB,Japan,New
9110,2025-08-28,Company_09110,Paid Ads,Professional Services,SMB,Singapore,New
9111,2025-04-05,Company_09111,Referral,Professional Services,Enterprise,Singapore,New
9112,2025-09-26,Company_09112,Website,Healthcare,SMB,Taiwan,New
9113,2024-06-08,Company_09113,Referral,Technology,Mid-Market,Taiwan,New
9114,2024-07-05,Company_09114,Paid Ads,Professional Services,SMB,Taiwan,New
9115,2024-11-23,Company_09115,Website,Healthcare,Enterprise,Japan,New
9116,2025-04-20,Company_09116,Referral,Healthcare,SMB,Taiwan,New
9117,2025-01-13,Company_09117,Partner,Healthcare,SMB,Singapore,New
9118,2025-10-22,Company_09118,Outbound,Professional Services,SMB,Japan,New
9119,2025-01-29,Company_09119,Outbound,Retail,SMB,Japan,New
9120,2024-09-18,Company_09120,Outbound,Retail,SMB,Singapore,New
9121,2025-04-08,Company_09121,Website,Healthcare,Mid-Market,Taiwan,New
9122,2024-09-18,Company_09122,Outbound,Technology,SMB,Japan,New
9123,2025-03-27,Company_09123,Referral,Financial Services,SMB,Singapore,New
9124,2024-06-15,Company_09124,Outbound,Professional Services,SMB,Hong Kong,New
9125,2024-07-18,Company_09125,Paid Ads,Technology,Mid-Market,Singapore,New
9126,2025-01-05,Company_09126,Website,Technology,Enterprise,Japan,New
9127,2025-06-03,Company_09127,Partner,Healthcare,Enterprise,Japan,New
9128,2025-06-23,Company_09128,Website,Retail,Mid-Market,Taiwan,New
9129,2024-04-13,Company_09129,Paid Ads,Manufacturing,SMB,Singapore,New
9130,2024-06-18,Company_09130,Paid Ads,Manufacturing,SMB,Hong Kong,New
9131,2024-04-11,Company_09131,Paid Ads,Manufacturing,Mid-Market,Japan,New
9132,2024-07-28,Company_09132,Website,Professional Services,SMB,Japan,New
9133,2024-03-13,Company_09133,Outbound,Retail,Mid-Market,Hong Kong,New
9134,2024-12-03,Company_09134,Partner,Technology,Mid-Market,Hong Kong,New
9135,2024-04-07,Company_09135,Partner,Healthcare,SMB,Taiwan,New
9136,2024-05-25,Company_09136,Website,Technology,Mid-Market,Taiwan,New
9137,2024-06-24,Company_09137,Paid Ads,Healthcare,SMB,Singapore,New
9138,2025-06-18,Company_09138,Outbound,Healthcare,SMB,Taiwan,New
9139,2024-12-25,Company_09139,Website,Retail,Enterprise,Japan,New
9140,2025-06-09,Company_09140,Partner,Technology,Enterprise,Hong Kong,New
9141,2024-07-16,Company_09141,Website,Professional Services,SMB,Japan,New
9142,2025-05-22,Company_09142,Outbound,Healthcare,Enterprise,Japan,New
9143,2024-06-23,Company_09143,Outbound,Healthcare,Mid-Market,Japan,New
9144,2025-12-26,Company_09144,Partner,Healthcare,SMB,Hong Kong,New
9145,2024-07-10,Company_09145,Website,Financial Services,Mid-Market,Hong Kong,New
9146,2024-11-20,Company_09146,Website,Technology,Mid-Market,Singapore,New
9147,2024-06-16,Company_09147,Outbound,Retail,SMB,Japan,New
9148,2025-11-03,Company_09148,Website,Manufacturing,SMB,Japan,New
9149,2024-04-09,Company_09149,Paid Ads,Professional Services,SMB,Singapore,New
9150,2024-04-27,Company_09150,Referral,Financial Services,SMB,Singapore,New
9151,2024-11-19,Company_09151,Event,Financial Services,Enterprise,Hong Kong,New
9152,2024-06-29,Company_09152,Referral,Professional Services,SMB,Singapore,New
9153,2024-01-07,Company_09153,Event,Professional Services,Mid-Market,Hong Kong,New
9154,2025-04-02,Company_09154,Partner,Technology,Mid-Market,Hong Kong,New
9155,2024-08-22,Company_09155,Outbound,Healthcare,SMB,Taiwan,New
9156,2025-10-24,Company_09156,Paid Ads,Manufacturing,Mid-Market,Japan,New
9157,2024-12-23,Company_09157,Website,Technology,Mid-Market,Japan,New
9158,2024-04-01,Company_09158,Outbound,Healthcare,SMB,Taiwan,New
9159,2025-05-03,Company_09159,Paid Ads,Technology,SMB,Singapore,New
9160,2025-02-28,Company_09160,Paid Ads,Technology,Mid-Market,Hong Kong,New
9161,2025-04-15,Company_09161,Outbound,Technology,Enterprise,Singapore,New
9162,2024-02-25,Company_09162,Outbound,Retail,SMB,Taiwan,New
9163,2024-03-24,Company_09163,Website,Retail,SMB,Singapore,New
9164,2024-12-16,Company_09164,Paid Ads,Professional Services,SMB,Singapore,New
9165,2025-03-05,Company_09165,Outbound,Healthcare,SMB,Hong Kong,New
9166,2024-07-16,Company_09166,Outbound,Financial Services,Mid-Market,Hong Kong,New
9167,2024-11-04,Company_09167,Website,Technology,SMB,Hong Kong,New
9168,2025-06-16,Company_09168,Paid Ads,Technology,Mid-Market,Japan,New
9169,2024-09-04,Company_09169,Website,Financial Services,Mid-Market,Hong Kong,New
9170,2025-12-20,Company_09170,Website,Manufacturing,Mid-Market,Taiwan,New
9171,2025-03-04,Company_09171,Outbound,Healthcare,Enterprise,Singapore,New
9172,2024-08-13,Company_09172,Outbound,Healthcare,SMB,Taiwan,New
9173,2024-11-25,Company_09173,Website,Manufacturing,SMB,Taiwan,New
9174,2025-05-17,Company_09174,Outbound,Technology,Mid-Market,Hong Kong,New
9175,2024-06-01,Company_09175,Referral,Technology,Enterprise,Hong Kong,New
9176,2024-04-24,Company_09176,Paid Ads,Technology,SMB,Taiwan,New
9177,2025-03-18,Company_09177,Paid Ads,Healthcare,Mid-Market,Japan,New
9178,2025-03-19,Company_09178,Outbound,Healthcare,SMB,Taiwan,New
9179,2024-10-02,Company_09179,Website,Healthcare,Mid-Market,Hong Kong,New
9180,2025-03-29,Company_09180,Referral,Professional Services,SMB,Singapore,New
9181,2025-02-26,Company_09181,Paid Ads,Financial Services,Enterprise,Hong Kong,New
9182,2025-11-20,Company_09182,Website,Healthcare,SMB,Hong Kong,New
9183,2024-03-11,Company_09183,Partner,Retail,Mid-Market,Japan,New
9184,2024-01-19,Company_09184,Referral,Healthcare,SMB,Singapore,New
9185,2025-12-30,Company_09185,Paid Ads,Financial Services,SMB,Japan,New
9186,2024-09-19,Company_09186,Outbound,Healthcare,SMB,Hong Kong,New
9187,2025-06-27,Company_09187,Outbound,Financial Services,Mid-Market,Japan,New
9188,2025-04-02,Company_09188,Event,Financial Services,SMB,Japan,New
9189,2024-01-13,Company_09189,Partner,Technology,Mid-Market,Hong Kong,New
9190,2024-03-07,Company_09190,Partner,Manufacturing,SMB,Singapore,New
9191,2025-08-27,Company_09191,Event,Technology,SMB,Japan,New
9192,2024-08-09,Company_09192,Paid Ads,Retail,Mid-Market,Taiwan,New
9193,2024-03-08,Company_09193,Outbound,Healthcare,SMB,Taiwan,New
9194,2024-10-10,Company_09194,Website,Retail,Enterprise,Japan,New
9195,2024-10-27,Company_09195,Outbound,Healthcare,SMB,Taiwan,New
9196,2025-10-18,Company_09196,Website,Technology,SMB,Singapore,New
9197,2024-02-27,Company_09197,Referral,Professional Services,Mid-Market,Japan,New
9198,2025-11-07,Company_09198,Website,Financial Services,SMB,Japan,New
9199,2025-04-25,Company_09199,Event,Technology,Mid-Market,Taiwan,New
9200,2025-10-31,Company_09200,Outbound,Technology,SMB,Taiwan,New
9201,2025-12-27,Company_09201,Website,Financial Services,Mid-Market,Taiwan,New
9202,2024-10-09,Company_09202,Partner,Financial Services,SMB,Hong Kong,New
9203,2024-11-08,Company_09203,Website,Manufacturing,SMB,Singapore,New
9204,2025-11-29,Company_09204,Outbound,Technology,SMB,Japan,New
9205,2025-09-23,Company_09205,Website,Retail,SMB,Taiwan,New
9206,2025-12-21,Company_09206,Referral,Technology,Mid-Market,Japan,New
9207,2025-03-20,Company_09207,Outbound,Financial Services,Mid-Market,Taiwan,New
9208,2025-09-30,Company_09208,Referral,Healthcare,Enterprise,Taiwan,New
9209,2025-10-17,Company_09209,Paid Ads,Financial Services,SMB,Singapore,New
9210,2024-11-11,Company_09210,Partner,Healthcare,Enterprise,Hong Kong,New
9211,2025-02-02,Company_09211,Website,Healthcare,Mid-Market,Japan,New
9212,2025-09-15,Company_09212,Website,Technology,SMB,Hong Kong,New
9213,2024-02-21,Company_09213,Referral,Technology,SMB,Singapore,New
9214,2025-07-21,Company_09214,Website,Professional Services,SMB,Hong Kong,New
9215,2025-05-11,Company_09215,Outbound,Financial Services,Enterprise,Singapore,New
9216,2025-12-19,Company_09216,Paid Ads,Manufacturing,Enterprise,Taiwan,New
9217,2024-08-24,Company_09217,Website,Technology,SMB,Hong Kong,New
9218,2024-04-04,Company_09218,Paid Ads,Financial Services,Mid-Market,Hong Kong,New
9219,2024-07-01,Company_09219,Outbound,Professional Services,SMB,Singapore,New
9220,2025-10-10,Company_09220,Partner,Healthcare,SMB,Taiwan,New
9221,2025-09-16,Company_09221,Website,Manufacturing,Enterprise,Japan,New
9222,2024-07-04,Company_09222,Event,Technology,Mid-Market,Taiwan,New
9223,2024-03-25,Company_09223,Website,Healthcare,SMB,Singapore,New
9224,2025-09-29,Company_09224,Outbound,Retail,SMB,Hong Kong,New
9225,2025-12-15,Company_09225,Outbound,Technology,SMB,Singapore,New
9226,2025-11-26,Company_09226,Website,Financial Services,SMB,Singapore,New
9227,2025-01-14,Company_09227,Website,Professional Services,SMB,Japan,New
9228,2024-04-03,Company_09228,Website,Professional Services,SMB,Taiwan,New
9229,2024-11-16,Company_09229,Referral,Manufacturing,SMB,Singapore,New
9230,2024-04-12,Company_09230,Outbound,Manufacturing,Enterprise,Taiwan,New
9231,2024-08-03,Company_09231,Referral,Manufacturing,Enterprise,Japan,New
9232,2024-06-09,Company_09232,Partner,Retail,SMB,Taiwan,New
9233,2025-05-31,Company_09233,Outbound,Financial Services,SMB,Taiwan,New
9234,2025-04-18,Company_09234,Paid Ads,Retail,Mid-Market,Japan,New
9235,2025-11-28,Company_09235,Event,Retail,SMB,Japan,New
9236,2024-09-14,Company_09236,Outbound,Technology,Mid-Market,Singapore,New
9237,2025-05-09,Company_09237,Outbound,Healthcare,SMB,Hong Kong,New
9238,2024-06-18,Company_09238,Referral,Healthcare,SMB,Japan,New
9239,2025-01-17,Company_09239,Website,Healthcare,Mid-Market,Singapore,New
9240,2024-11-29,Company_09240,Outbound,Technology,Enterprise,Singapore,New
9241,2025-06-14,Company_09241,Website,Manufacturing,SMB,Japan,New
9242,2025-06-15,Company_09242,Paid Ads,Manufacturing,Mid-Market,Hong Kong,New
9243,2024-07-03,Company_09243,Referral,Professional Services,Mid-Market,Taiwan,New
9244,2025-03-14,Company_09244,Partner,Retail,Mid-Market,Singapore,New
9245,2025-06-02,Company_09245,Event,Professional Services,SMB,Taiwan,New
9246,2025-06-20,Company_09246,Website,Manufacturing,SMB,Japan,New
9247,2025-03-04,Company_09247,Website,Retail,Enterprise,Taiwan,New
9248,2025-02-22,Company_09248,Event,Manufacturing,Mid-Market,Taiwan,New
9249,2024-03-27,Company_09249,Paid Ads,Retail,Mid-Market,Hong Kong,New
9250,2024-01-26,Company_09250,Event,Retail,Mid-Market,Taiwan,New
9251,2024-10-19,Company_09251,Partner,Healthcare,SMB,Singapore,New
9252,2025-01-23,Company_09252,Partner,Financial Services,SMB,Hong Kong,New
9253,2024-08-04,Company_09253,Outbound,Technology,SMB,Hong Kong,New
9254,2025-08-27,Company_09254,Referral,Healthcare,SMB,Taiwan,New
9255,2025-12-07,Company_09255,Event,Manufacturing,SMB,Japan,New
9256,2025-07-06,Company_09256,Partner,Financial Services,Mid-Market,Taiwan,New
9257,2024-06-29,Company_09257,Outbound,Professional Services,Mid-Market,Japan,New
9258,2025-11-05,Company_09258,Partner,Healthcare,Mid-Market,Singapore,New
9259,2025-04-08,Company_09259,Outbound,Manufacturing,Mid-Market,Hong Kong,New
9260,2025-02-02,Company_09260,Website,Manufacturing,SMB,Japan,New
9261,2025-10-03,Company_09261,Paid Ads,Healthcare,SMB,Japan,New
9262,2024-06-05,Company_09262,Website,Professional Services,SMB,Singapore,New
9263,2025-02-21,Company_09263,Outbound,Professional Services,SMB,Japan,New
9264,2025-08-25,Company_09264,Referral,Professional Services,SMB,Japan,New
9265,2025-06-14,Company_09265,Website,Technology,Mid-Market,Hong Kong,New
9266,2024-02-15,Company_09266,Partner,Healthcare,Mid-Market,Japan,New
9267,2025-09-11,Company_09267,Referral,Manufacturing,SMB,Hong Kong,New
9268,2025-11-04,Company_09268,Outbound,Retail,SMB,Japan,New
9269,2025-09-23,Company_09269,Website,Healthcare,SMB,Hong Kong,New
9270,2024-01-16,Company_09270,Paid Ads,Retail,SMB,Singapore,New
9271,2025-12-18,Company_09271,Paid Ads,Technology,Mid-Market,Japan,New
9272,2025-03-07,Company_09272,Outbound,Professional Services,SMB,Hong Kong,New
9273,2025-09-04,Company_09273,Paid Ads,Professional Services,Mid-Market,Japan,New
9274,2024-11-19,Company_09274,Referral,Professional Services,Mid-Market,Singapore,New
9275,2024-03-16,Company_09275,Website,Manufacturing,SMB,Taiwan,New
9276,2025-11-24,Company_09276,Event,Financial Services,Enterprise,Hong Kong,New
9277,2024-02-01,Company_09277,Referral,Technology,Enterprise,Taiwan,New
9278,2025-04-16,Company_09278,Website,Financial Services,Mid-Market,Japan,New
9279,2025-12-21,Company_09279,Paid Ads,Retail,Mid-Market,Hong Kong,New
9280,2025-06-07,Company_09280,Website,Professional Services,SMB,Singapore,New
9281,2024-09-24,Company_09281,Outbound,Manufacturing,SMB,Hong Kong,New
9282,2024-05-17,Company_09282,Outbound,Retail,SMB,Hong Kong,New
9283,2025-05-22,Company_09283,Partner,Retail,Enterprise,Japan,New
9284,2024-03-15,Company_09284,Outbound,Technology,Mid-Market,Taiwan,New
9285,2024-11-07,Company_09285,Website,Manufacturing,Mid-Market,Taiwan,New
9286,2025-08-28,Company_09286,Event,Financial Services,Enterprise,Singapore,New
9287,2025-01-19,Company_09287,Referral,Manufacturing,SMB,Taiwan,New
9288,2025-07-23,Company_09288,Outbound,Technology,SMB,Hong Kong,New
9289,2024-10-12,Company_09289,Paid Ads,Financial Services,SMB,Japan,New
9290,2024-04-17,Company_09290,Website,Healthcare,SMB,Hong Kong,New
9291,2024-11-12,Company_09291,Paid Ads,Retail,SMB,Japan,New
9292,2024-04-19,Company_09292,Website,Healthcare,SMB,Hong Kong,New
9293,2024-01-18,Company_09293,Paid Ads,Professional Services,SMB,Japan,New
9294,2025-05-20,Company_09294,Partner,Financial Services,SMB,Taiwan,New
9295,2024-03-22,Company_09295,Referral,Financial Services,Mid-Market,Taiwan,New
9296,2025-02-28,Company_09296,Website,Manufacturing,SMB,Singapore,New
9297,2024-05-13,Company_09297,Partner,Retail,Enterprise,Taiwan,New
9298,2025-07-20,Company_09298,Partner,Technology,SMB,Singapore,New
9299,2024-08-18,Company_09299,Website,Technology,SMB,Taiwan,New
9300,2025-04-15,Company_09300,Referral,Retail,Mid-Market,Taiwan,New
9301,2024-08-18,Company_09301,Paid Ads,Professional Services,SMB,Japan,New
9302,2025-07-10,Company_09302,Outbound,Technology,SMB,Hong Kong,New
9303,2024-02-02,Company_09303,Website,Financial Services,Mid-Market,Taiwan,New
9304,2025-09-03,Company_09304,Paid Ads,Technology,Enterprise,Singapore,New
9305,2025-02-01,Company_09305,Referral,Technology,Enterprise,Japan,New
9306,2025-02-16,Company_09306,Website,Healthcare,SMB,Hong Kong,New
9307,2024-06-09,Company_09307,Website,Professional Services,SMB,Taiwan,New
9308,2025-12-13,Company_09308,Outbound,Financial Services,SMB,Japan,New
9309,2025-12-07,Company_09309,Outbound,Manufacturing,SMB,Japan,New
9310,2025-01-06,Company_09310,Website,Healthcare,Mid-Market,Hong Kong,New
9311,2024-05-15,Company_09311,Paid Ads,Technology,SMB,Singapore,New
9312,2025-01-21,Company_09312,Partner,Healthcare,SMB,Singapore,New
9313,2025-11-12,Company_09313,Website,Professional Services,Enterprise,Taiwan,New
9314,2024-07-30,Company_09314,Website,Retail,SMB,Hong Kong,New
9315,2025-03-29,Company_09315,Website,Financial Services,Mid-Market,Japan,New
9316,2024-10-27,Company_09316,Event,Healthcare,SMB,Japan,New
9317,2024-12-12,Company_09317,Referral,Professional Services,SMB,Singapore,New
9318,2024-09-01,Company_09318,Website,Technology,SMB,Hong Kong,New
9319,2024-08-18,Company_09319,Outbound,Financial Services,Enterprise,Singapore,New
9320,2025-05-07,Company_09320,Website,Retail,Mid-Market,Singapore,New
9321,2025-05-31,Company_09321,Website,Technology,SMB,Singapore,New
9322,2024-04-14,Company_09322,Paid Ads,Professional Services,SMB,Singapore,New
9323,2024-02-14,Company_09323,Website,Manufacturing,SMB,Japan,New
9324,2025-10-25,Company_09324,Website,Healthcare,SMB,Taiwan,New
9325,2024-08-18,Company_09325,Referral,Professional Services,Enterprise,Singapore,New
9326,2025-01-04,Company_09326,Referral,Professional Services,Mid-Market,Singapore,New
9327,2025-02-01,Company_09327,Partner,Manufacturing,Mid-Market,Taiwan,New
9328,2024-04-10,Company_09328,Referral,Professional Services,Enterprise,Taiwan,New
9329,2024-05-23,Company_09329,Website,Technology,SMB,Singapore,New
9330,2024-04-17,Company_09330,Referral,Financial Services,Enterprise,Taiwan,New
9331,2025-02-19,Company_09331,Outbound,Financial Services,SMB,Hong Kong,New
9332,2024-12-23,Company_09332,Website,Manufacturing,SMB,Japan,New
9333,2025-02-03,Company_09333,Outbound,Healthcare,SMB,Singapore,New
9334,2024-01-22,Company_09334,Website,Technology,Enterprise,Japan,New
9335,2025-11-08,Company_09335,Website,Professional Services,Enterprise,Singapore,New
9336,2024-07-19,Company_09336,Outbound,Professional Services,SMB,Hong Kong,New
9337,2025-07-04,Company_09337,Partner,Professional Services,Mid-Market,Hong Kong,New
9338,2024-06-17,Company_09338,Website,Technology,SMB,Hong Kong,New
9339,2024-03-23,Company_09339,Partner,Retail,SMB,Singapore,New
9340,2024-08-20,Company_09340,Website,Healthcare,Mid-Market,Taiwan,New
9341,2024-09-15,Company_09341,Website,Retail,Mid-Market,Hong Kong,New
9342,2024-04-27,Company_09342,Outbound,Financial Services,Enterprise,Singapore,New
9343,2024-12-11,Company_09343,Website,Manufacturing,SMB,Singapore,New
9344,2024-12-29,Company_09344,Website,Financial Services,Enterprise,Taiwan,New
9345,2024-05-28,Company_09345,Referral,Technology,Enterprise,Singapore,New
9346,2024-11-08,Company_09346,Paid Ads,Manufacturing,SMB,Singapore,New
9347,2024-05-18,Company_09347,Outbound,Professional Services,SMB,Singapore,New
9348,2024-07-27,Company_09348,Paid Ads,Technology,SMB,Taiwan,New
9349,2025-08-02,Company_09349,Referral,Retail,SMB,Taiwan,New
9350,2025-10-22,Company_09350,Referral,Manufacturing,Mid-Market,Singapore,New
9351,2025-03-28,Company_09351,Website,Retail,SMB,Hong Kong,New
9352,2024-10-29,Company_09352,Website,Technology,Mid-Market,Taiwan,New
9353,2024-06-20,Company_09353,Website,Retail,SMB,Japan,New
9354,2025-11-07,Company_09354,Outbound,Retail,SMB,Taiwan,New
9355,2025-04-05,Company_09355,Paid Ads,Retail,SMB,Singapore,New
9356,2024-11-02,Company_09356,Partner,Healthcare,SMB,Taiwan,New
9357,2024-04-08,Company_09357,Paid Ads,Healthcare,Mid-Market,Singapore,New
9358,2025-07-16,Company_09358,Website,Retail,Mid-Market,Hong Kong,New
9359,2024-07-11,Company_09359,Referral,Retail,Mid-Market,Hong Kong,New
9360,2025-09-25,Company_09360,Referral,Technology,SMB,Japan,New
9361,2025-08-22,Company_09361,Paid Ads,Professional Services,Enterprise,Hong Kong,New
9362,2024-04-21,Company_09362,Website,Technology,Mid-Market,Hong Kong,New
9363,2024-10-18,Company_09363,Paid Ads,Professional Services,SMB,Hong Kong,New
9364,2025-01-20,Company_09364,Website,Financial Services,Mid-Market,Hong Kong,New
9365,2024-06-22,Company_09365,Paid Ads,Technology,Mid-Market,Singapore,New
9366,2024-02-29,Company_09366,Outbound,Technology,Mid-Market,Singapore,New
9367,2024-09-10,Company_09367,Outbound,Financial Services,Mid-Market,Japan,New
9368,2024-12-30,Company_09368,Paid Ads,Technology,Enterprise,Japan,New
9369,2025-06-10,Company_09369,Paid Ads,Technology,SMB,Singapore,New
9370,2025-10-05,Company_09370,Paid Ads,Technology,SMB,Japan,New
9371,2024-11-26,Company_09371,Outbound,Retail,SMB,Japan,New
9372,2025-11-19,Company_09372,Partner,Financial Services,Mid-Market,Singapore,New
9373,2025-07-31,Company_09373,Website,Technology,Enterprise,Taiwan,New
9374,2024-12-23,Company_09374,Website,Retail,Mid-Market,Taiwan,New
9375,2024-12-12,Company_09375,Website,Healthcare,SMB,Taiwan,New
9376,2025-11-17,Company_09376,Referral,Technology,SMB,Singapore,New
9377,2024-01-20,Company_09377,Website,Healthcare,Mid-Market,Hong Kong,New
9378,2025-02-15,Company_09378,Referral,Professional Services,Mid-Market,Taiwan,New
9379,2025-08-18,Company_09379,Partner,Technology,Mid-Market,Singapore,New
9380,2024-01-14,Company_09380,Outbound,Technology,Mid-Market,Taiwan,New
9381,2025-09-08,Company_09381,Paid Ads,Healthcare,SMB,Singapore,New
9382,2024-12-22,Company_09382,Partner,Manufacturing,SMB,Hong Kong,New
9383,2025-08-28,Company_09383,Partner,Technology,Enterprise,Japan,New
9384,2025-06-06,Company_09384,Paid Ads,Healthcare,SMB,Singapore,New
9385,2024-09-08,Company_09385,Website,Professional Services,Enterprise,Singapore,New
9386,2025-01-16,Company_09386,Paid Ads,Healthcare,Mid-Market,Hong Kong,New
9387,2025-10-01,Company_09387,Website,Healthcare,SMB,Hong Kong,New
9388,2024-08-20,Company_09388,Website,Healthcare,SMB,Singapore,New
9389,2024-08-21,Company_09389,Paid Ads,Technology,SMB,Taiwan,New
9390,2025-08-07,Company_09390,Outbound,Technology,SMB,Hong Kong,New
9391,2024-11-24,Company_09391,Outbound,Technology,Enterprise,Singapore,New
9392,2024-03-05,Company_09392,Outbound,Manufacturing,SMB,Hong Kong,New
9393,2025-02-10,Company_09393,Referral,Retail,SMB,Hong Kong,New
9394,2025-01-28,Company_09394,Outbound,Financial Services,SMB,Hong Kong,New
9395,2024-02-04,Company_09395,Partner,Professional Services,Mid-Market,Taiwan,New
9396,2025-04-27,Company_09396,Outbound,Retail,Mid-Market,Japan,New
9397,2024-08-31,Company_09397,Paid Ads,Retail,SMB,Japan,New
9398,2025-04-18,Company_09398,Website,Technology,SMB,Taiwan,New
9399,2025-06-22,Company_09399,Event,Retail,SMB,Japan,New
9400,2024-12-18,Company_09400,Partner,Healthcare,Mid-Market,Hong Kong,New
9401,2025-07-29,Company_09401,Website,Technology,SMB,Singapore,New
9402,2025-04-17,Company_09402,Paid Ads,Retail,SMB,Japan,New
9403,2024-09-18,Company_09403,Paid Ads,Healthcare,Enterprise,Japan,New
9404,2024-12-18,Company_09404,Paid Ads,Manufacturing,Mid-Market,Singapore,New
9405,2024-12-23,Company_09405,Outbound,Healthcare,Enterprise,Hong Kong,New
9406,2024-07-17,Company_09406,Website,Technology,Mid-Market,Singapore,New
9407,2025-08-29,Company_09407,Website,Healthcare,SMB,Taiwan,New
9408,2024-01-15,Company_09408,Referral,Professional Services,SMB,Singapore,New
9409,2024-08-16,Company_09409,Referral,Technology,SMB,Singapore,New
9410,2025-04-30,Company_09410,Referral,Technology,SMB,Hong Kong,New
9411,2024-01-11,Company_09411,Referral,Technology,Enterprise,Singapore,New
9412,2024-03-11,Company_09412,Referral,Financial Services,SMB,Japan,New
9413,2024-10-15,Company_09413,Website,Healthcare,Mid-Market,Japan,New
9414,2025-07-23,Company_09414,Referral,Retail,SMB,Hong Kong,New
9415,2024-07-29,Company_09415,Website,Healthcare,SMB,Hong Kong,New
9416,2024-08-10,Company_09416,Outbound,Healthcare,Mid-Market,Taiwan,New
9417,2024-09-25,Company_09417,Referral,Professional Services,SMB,Taiwan,New
9418,2024-07-13,Company_09418,Paid Ads,Retail,Mid-Market,Japan,New
9419,2025-06-16,Company_09419,Outbound,Technology,SMB,Taiwan,New
9420,2025-10-27,Company_09420,Website,Professional Services,SMB,Japan,New
9421,2024-10-10,Company_09421,Referral,Professional Services,SMB,Singapore,New
9422,2025-05-16,Company_09422,Paid Ads,Financial Services,SMB,Hong Kong,New
9423,2024-07-21,Company_09423,Referral,Healthcare,Mid-Market,Taiwan,New
9424,2024-07-27,Company_09424,Partner,Professional Services,SMB,Japan,New
9425,2025-12-16,Company_09425,Website,Healthcare,Mid-Market,Taiwan,New
9426,2025-07-25,Company_09426,Website,Manufacturing,Enterprise,Japan,New
9427,2025-01-08,Company_09427,Outbound,Financial Services,SMB,Japan,New
9428,2024-03-31,Company_09428,Website,Healthcare,SMB,Taiwan,New
9429,2025-10-29,Company_09429,Website,Financial Services,SMB,Hong Kong,New
9430,2025-06-17,Company_09430,Paid Ads,Technology,SMB,Hong Kong,New
9431,2024-11-13,Company_09431,Referral,Technology,SMB,Hong Kong,New
9432,2025-12-08,Company_09432,Outbound,Financial Services,SMB,Taiwan,New
9433,2024-12-12,Company_09433,Outbound,Retail,Mid-Market,Hong Kong,New
9434,2025-05-07,Company_09434,Referral,Retail,SMB,Japan,New
9435,2025-03-30,Company_09435,Referral,Retail,Mid-Market,Singapore,New
9436,2025-10-11,Company_09436,Referral,Technology,Mid-Market,Japan,New
9437,2024-07-07,Company_09437,Outbound,Professional Services,Enterprise,Taiwan,New
9438,2024-10-07,Company_09438,Paid Ads,Manufacturing,SMB,Singapore,New
9439,2024-09-07,Company_09439,Outbound,Healthcare,Mid-Market,Japan,New
9440,2024-09-05,Company_09440,Partner,Retail,SMB,Japan,New
9441,2025-10-09,Company_09441,Paid Ads,Financial Services,SMB,Taiwan,New
9442,2024-12-14,Company_09442,Paid Ads,Professional Services,Mid-Market,Japan,New
9443,2024-08-24,Company_09443,Event,Professional Services,SMB,Taiwan,New
9444,2024-03-07,Company_09444,Outbound,Manufacturing,SMB,Taiwan,New
9445,2024-03-27,Company_09445,Website,Technology,Mid-Market,Taiwan,New
9446,2024-09-18,Company_09446,Website,Technology,Enterprise,Japan,New
9447,2024-02-08,Company_09447,Event,Retail,Mid-Market,Japan,New
9448,2024-10-18,Company_09448,Referral,Manufacturing,SMB,Hong Kong,New
9449,2024-07-09,Company_09449,Website,Healthcare,SMB,Hong Kong,New
9450,2025-12-20,Company_09450,Website,Retail,Mid-Market,Japan,New
9451,2025-04-07,Company_09451,Paid Ads,Healthcare,SMB,Hong Kong,New
9452,2024-07-11,Company_09452,Referral,Professional Services,Mid-Market,Taiwan,New
9453,2025-12-23,Company_09453,Website,Financial Services,Mid-Market,Taiwan,New
9454,2025-03-12,Company_09454,Paid Ads,Healthcare,SMB,Hong Kong,New
9455,2025-08-30,Company_09455,Referral,Professional Services,SMB,Hong Kong,New
9456,2025-02-18,Company_09456,Partner,Retail,Mid-Market,Hong Kong,New
9457,2025-01-15,Company_09457,Paid Ads,Technology,Enterprise,Singapore,New
9458,2024-12-28,Company_09458,Website,Healthcare,SMB,Hong Kong,New
9459,2025-06-21,Company_09459,Paid Ads,Retail,Mid-Market,Singapore,New
9460,2024-12-13,Company_09460,Referral,Healthcare,SMB,Japan,New
9461,2025-03-26,Company_09461,Website,Financial Services,Enterprise,Japan,New
9462,2024-07-13,Company_09462,Outbound,Healthcare,SMB,Japan,New
9463,2024-10-02,Company_09463,Website,Technology,SMB,Hong Kong,New
9464,2025-05-23,Company_09464,Referral,Retail,SMB,Hong Kong,New
9465,2025-06-13,Company_09465,Website,Manufacturing,Mid-Market,Taiwan,New
9466,2025-02-11,Company_09466,Outbound,Professional Services,SMB,Japan,New
9467,2025-03-24,Company_09467,Outbound,Retail,Mid-Market,Singapore,New
9468,2024-01-03,Company_09468,Website,Financial Services,Enterprise,Taiwan,New
9469,2024-11-07,Company_09469,Website,Manufacturing,SMB,Japan,New
9470,2025-03-23,Company_09470,Referral,Financial Services,Enterprise,Hong Kong,New
9471,2024-11-22,Company_09471,Paid Ads,Technology,SMB,Hong Kong,New
9472,2024-04-14,Company_09472,Referral,Financial Services,SMB,Taiwan,New
9473,2025-05-22,Company_09473,Outbound,Professional Services,SMB,Japan,New
9474,2025-11-25,Company_09474,Website,Retail,Mid-Market,Taiwan,New
9475,2024-06-19,Company_09475,Outbound,Manufacturing,Mid-Market,Japan,New
9476,2025-01-02,Company_09476,Partner,Technology,Enterprise,Hong Kong,New
9477,2025-01-17,Company_09477,Paid Ads,Manufacturing,SMB,Singapore,New
9478,2025-06-17,Company_09478,Paid Ads,Professional Services,SMB,Taiwan,New
9479,2024-01-12,Company_09479,Outbound,Professional Services,SMB,Taiwan,New
9480,2024-12-15,Company_09480,Paid Ads,Manufacturing,Enterprise,Hong Kong,New
9481,2024-08-03,Company_09481,Referral,Professional Services,Mid-Market,Singapore,New
9482,2024-04-28,Company_09482,Website,Healthcare,SMB,Taiwan,New
9483,2025-03-17,Company_09483,Partner,Technology,SMB,Taiwan,New
9484,2025-11-06,Company_09484,Paid Ads,Technology,SMB,Hong Kong,New
9485,2024-01-22,Company_09485,Outbound,Retail,SMB,Singapore,New
9486,2025-01-20,Company_09486,Referral,Professional Services,Mid-Market,Taiwan,New
9487,2024-10-27,Company_09487,Website,Professional Services,Enterprise,Hong Kong,New
9488,2025-09-26,Company_09488,Event,Manufacturing,SMB,Singapore,New
9489,2024-09-26,Company_09489,Paid Ads,Technology,SMB,Japan,New
9490,2024-10-01,Company_09490,Outbound,Retail,SMB,Singapore,New
9491,2024-07-18,Company_09491,Website,Financial Services,SMB,Singapore,New
9492,2025-09-14,Company_09492,Outbound,Healthcare,Mid-Market,Hong Kong,New
9493,2024-02-21,Company_09493,Referral,Professional Services,Mid-Market,Taiwan,New
9494,2025-06-10,Company_09494,Paid Ads,Manufacturing,SMB,Taiwan,New
9495,2024-10-22,Company_09495,Website,Professional Services,SMB,Hong Kong,New
9496,2024-08-16,Company_09496,Partner,Financial Services,SMB,Singapore,New
9497,2024-04-17,Company_09497,Website,Professional Services,SMB,Japan,New
9498,2025-04-05,Company_09498,Referral,Retail,SMB,Japan,New
9499,2024-01-23,Company_09499,Referral,Professional Services,SMB,Japan,New
9500,2024-03-12,Company_09500,Outbound,Technology,Mid-Market,Singapore,New
9501,2024-11-27,Company_09501,Paid Ads,Healthcare,Mid-Market,Taiwan,New
9502,2024-02-11,Company_09502,Paid Ads,Manufacturing,SMB,Hong Kong,New
9503,2024-05-14,Company_09503,Partner,Technology,SMB,Japan,New
9504,2025-03-05,Company_09504,Paid Ads,Financial Services,Enterprise,Hong Kong,New
9505,2025-12-15,Company_09505,Website,Professional Services,SMB,Taiwan,New
9506,2024-10-18,Company_09506,Website,Healthcare,SMB,Hong Kong,New
9507,2025-01-23,Company_09507,Event,Financial Services,SMB,Japan,New
9508,2024-05-11,Company_09508,Outbound,Retail,SMB,Hong Kong,New
9509,2025-05-05,Company_09509,Website,Technology,Mid-Market,Hong Kong,New
9510,2024-11-17,Company_09510,Paid Ads,Healthcare,Mid-Market,Taiwan,New
9511,2024-05-15,Company_09511,Website,Financial Services,SMB,Singapore,New
9512,2025-11-17,Company_09512,Website,Retail,SMB,Singapore,New
9513,2024-11-01,Company_09513,Website,Professional Services,SMB,Hong Kong,New
9514,2025-08-25,Company_09514,Paid Ads,Financial Services,SMB,Taiwan,New
9515,2024-08-29,Company_09515,Outbound,Healthcare,SMB,Hong Kong,New
9516,2025-06-02,Company_09516,Referral,Financial Services,SMB,Taiwan,New
9517,2025-06-15,Company_09517,Outbound,Financial Services,SMB,Taiwan,New
9518,2024-10-31,Company_09518,Website,Professional Services,SMB,Taiwan,New
9519,2025-09-30,Company_09519,Website,Technology,Mid-Market,Singapore,New
9520,2024-09-23,Company_09520,Paid Ads,Retail,SMB,Hong Kong,New
9521,2024-05-21,Company_09521,Paid Ads,Manufacturing,SMB,Japan,New
9522,2025-05-06,Company_09522,Referral,Technology,SMB,Singapore,New
9523,2024-09-15,Company_09523,Paid Ads,Professional Services,SMB,Hong Kong,New
9524,2024-10-10,Company_09524,Partner,Healthcare,SMB,Taiwan,New
9525,2025-09-20,Company_09525,Website,Technology,Enterprise,Hong Kong,New
9526,2024-01-08,Company_09526,Website,Financial Services,SMB,Taiwan,New
9527,2024-08-21,Company_09527,Paid Ads,Financial Services,Enterprise,Taiwan,New
9528,2025-11-23,Company_09528,Partner,Financial Services,Mid-Market,Singapore,New
9529,2025-07-01,Company_09529,Paid Ads,Healthcare,SMB,Hong Kong,New
9530,2025-01-01,Company_09530,Website,Retail,Mid-Market,Japan,New
9531,2025-09-07,Company_09531,Referral,Manufacturing,SMB,Hong Kong,New
9532,2025-09-18,Company_09532,Partner,Healthcare,Mid-Market,Singapore,New
9533,2025-11-23,Company_09533,Outbound,Retail,SMB,Hong Kong,New
9534,2025-05-08,Company_09534,Website,Healthcare,SMB,Hong Kong,New
9535,2025-03-26,Company_09535,Outbound,Financial Services,SMB,Hong Kong,New
9536,2024-08-26,Company_09536,Outbound,Financial Services,SMB,Taiwan,New
9537,2024-09-04,Company_09537,Website,Retail,SMB,Hong Kong,New
9538,2024-05-12,Company_09538,Paid Ads,Financial Services,SMB,Singapore,New
9539,2024-01-28,Company_09539,Referral,Healthcare,SMB,Singapore,New
9540,2025-08-03,Company_09540,Paid Ads,Technology,Mid-Market,Japan,New
9541,2025-02-07,Company_09541,Website,Retail,Mid-Market,Singapore,New
9542,2024-10-21,Company_09542,Website,Technology,Mid-Market,Hong Kong,New
9543,2024-06-23,Company_09543,Website,Financial Services,Mid-Market,Taiwan,New
9544,2025-12-18,Company_09544,Website,Financial Services,Mid-Market,Singapore,New
9545,2025-06-03,Company_09545,Website,Technology,Enterprise,Japan,New
9546,2024-01-20,Company_09546,Paid Ads,Healthcare,SMB,Singapore,New
9547,2025-10-10,Company_09547,Paid Ads,Financial Services,SMB,Hong Kong,New
9548,2025-09-05,Company_09548,Website,Technology,Mid-Market,Japan,New
9549,2024-07-11,Company_09549,Website,Manufacturing,SMB,Singapore,New
9550,2024-01-15,Company_09550,Partner,Technology,Enterprise,Hong Kong,New
9551,2024-11-30,Company_09551,Referral,Manufacturing,Mid-Market,Japan,New
9552,2025-04-18,Company_09552,Paid Ads,Healthcare,Enterprise,Taiwan,New
9553,2025-10-29,Company_09553,Outbound,Healthcare,SMB,Japan,New
9554,2024-09-04,Company_09554,Website,Manufacturing,SMB,Singapore,New
9555,2024-06-07,Company_09555,Website,Financial Services,SMB,Singapore,New
9556,2025-04-03,Company_09556,Paid Ads,Healthcare,SMB,Japan,New
9557,2025-08-12,Company_09557,Outbound,Professional Services,Mid-Market,Taiwan,New
9558,2025-02-28,Company_09558,Website,Technology,SMB,Singapore,New
9559,2024-03-05,Company_09559,Referral,Healthcare,Enterprise,Japan,New
9560,2025-10-15,Company_09560,Paid Ads,Retail,SMB,Hong Kong,New
9561,2025-01-13,Company_09561,Outbound,Manufacturing,SMB,Taiwan,New
9562,2024-05-10,Company_09562,Outbound,Technology,SMB,Singapore,New
9563,2025-02-25,Company_09563,Paid Ads,Retail,SMB,Singapore,New
9564,2025-11-22,Company_09564,Website,Financial Services,Enterprise,Japan,New
9565,2025-12-23,Company_09565,Event,Financial Services,SMB,Singapore,New
9566,2025-11-26,Company_09566,Website,Manufacturing,Enterprise,Singapore,New
9567,2025-10-17,Company_09567,Website,Retail,SMB,Hong Kong,New
9568,2024-05-08,Company_09568,Outbound,Financial Services,Mid-Market,Hong Kong,New
9569,2025-10-24,Company_09569,Website,Professional Services,Enterprise,Taiwan,New
9570,2024-09-11,Company_09570,Outbound,Financial Services,SMB,Hong Kong,New
9571,2024-12-07,Company_09571,Outbound,Retail,Mid-Market,Singapore,New
9572,2024-02-14,Company_09572,Paid Ads,Manufacturing,Mid-Market,Singapore,New
9573,2024-01-19,Company_09573,Paid Ads,Financial Services,Enterprise,Japan,New
9574,2025-11-16,Company_09574,Website,Manufacturing,Mid-Market,Singapore,New
9575,2024-10-02,Company_09575,Paid Ads,Manufacturing,SMB,Taiwan,New
9576,2025-02-15,Company_09576,Referral,Professional Services,Mid-Market,Hong Kong,New
9577,2024-04-21,Company_09577,Website,Professional Services,SMB,Hong Kong,New
9578,2024-08-11,Company_09578,Referral,Retail,SMB,Taiwan,New
9579,2024-08-25,Company_09579,Website,Financial Services,SMB,Singapore,New
9580,2024-08-21,Company_09580,Event,Financial Services,Mid-Market,Singapore,New
9581,2024-05-10,Company_09581,Referral,Professional Services,SMB,Taiwan,New
9582,2024-03-03,Company_09582,Referral,Retail,Mid-Market,Japan,New
9583,2024-04-20,Company_09583,Referral,Technology,Enterprise,Hong Kong,New
9584,2024-09-05,Company_09584,Website,Manufacturing,Mid-Market,Taiwan,New
9585,2024-02-08,Company_09585,Website,Manufacturing,Mid-Market,Japan,New
9586,2024-07-09,Company_09586,Outbound,Retail,Enterprise,Japan,New
9587,2024-01-26,Company_09587,Partner,Professional Services,SMB,Singapore,New
9588,2025-12-24,Company_09588,Paid Ads,Professional Services,Enterprise,Japan,New
9589,2025-06-01,Company_09589,Paid Ads,Healthcare,SMB,Singapore,New
9590,2025-03-29,Company_09590,Referral,Retail,Mid-Market,Japan,New
9591,2025-08-31,Company_09591,Website,Financial Services,Mid-Market,Japan,New
9592,2024-03-14,Company_09592,Website,Professional Services,SMB,Singapore,New
9593,2025-03-31,Company_09593,Referral,Financial Services,Enterprise,Taiwan,New
9594,2025-11-26,Company_09594,Outbound,Manufacturing,SMB,Japan,New
9595,2025-09-10,Company_09595,Paid Ads,Retail,SMB,Taiwan,New
9596,2025-07-28,Company_09596,Referral,Healthcare,Mid-Market,Singapore,New
9597,2025-02-17,Company_09597,Outbound,Professional Services,Mid-Market,Taiwan,New
9598,2025-04-06,Company_09598,Outbound,Manufacturing,Enterprise,Japan,New
9599,2025-11-16,Company_09599,Paid Ads,Professional Services,SMB,Hong Kong,New
9600,2024-01-04,Company_09600,Partner,Retail,SMB,Hong Kong,New
9601,2024-12-31,Company_09601,Referral,Manufacturing,SMB,Taiwan,New
9602,2025-11-11,Company_09602,Website,Healthcare,SMB,Japan,New
9603,2024-02-16,Company_09603,Website,Financial Services,Enterprise,Hong Kong,New
9604,2024-10-21,Company_09604,Website,Technology,Mid-Market,Singapore,New
9605,2025-06-29,Company_09605,Website,Healthcare,SMB,Japan,New
9606,2024-02-12,Company_09606,Website,Professional Services,Mid-Market,Singapore,New
9607,2024-01-14,Company_09607,Outbound,Retail,Mid-Market,Hong Kong,New
9608,2024-03-23,Company_09608,Partner,Professional Services,Mid-Market,Taiwan,New
9609,2024-05-03,Company_09609,Website,Technology,Mid-Market,Hong Kong,New
9610,2025-05-15,Company_09610,Partner,Financial Services,Mid-Market,Taiwan,New
9611,2025-02-08,Company_09611,Referral,Professional Services,SMB,Japan,New
9612,2025-03-19,Company_09612,Website,Professional Services,Mid-Market,Hong Kong,New
9613,2025-03-01,Company_09613,Outbound,Manufacturing,SMB,Taiwan,New
9614,2025-05-15,Company_09614,Outbound,Retail,SMB,Hong Kong,New
9615,2024-12-15,Company_09615,Paid Ads,Retail,Enterprise,Taiwan,New
9616,2025-07-10,Company_09616,Website,Professional Services,Enterprise,Japan,New
9617,2024-01-12,Company_09617,Outbound,Technology,Mid-Market,Taiwan,New
9618,2025-10-12,Company_09618,Partner,Retail,SMB,Singapore,New
9619,2024-06-11,Company_09619,Event,Technology,SMB,Hong Kong,New
9620,2024-10-29,Company_09620,Website,Professional Services,SMB,Hong Kong,New
9621,2025-12-29,Company_09621,Outbound,Retail,Enterprise,Hong Kong,New
9622,2024-01-25,Company_09622,Outbound,Retail,Mid-Market,Japan,New
9623,2024-04-08,Company_09623,Paid Ads,Retail,SMB,Singapore,New
9624,2025-01-26,Company_09624,Outbound,Manufacturing,Enterprise,Hong Kong,New
9625,2024-04-28,Company_09625,Website,Technology,Mid-Market,Taiwan,New
9626,2025-03-16,Company_09626,Paid Ads,Professional Services,SMB,Hong Kong,New
9627,2025-06-25,Company_09627,Referral,Financial Services,SMB,Singapore,New
9628,2024-05-05,Company_09628,Referral,Technology,SMB,Japan,New
9629,2025-09-14,Company_09629,Website,Professional Services,SMB,Taiwan,New
9630,2024-04-17,Company_09630,Outbound,Healthcare,SMB,Singapore,New
9631,2025-02-04,Company_09631,Website,Professional Services,Enterprise,Hong Kong,New
9632,2024-12-04,Company_09632,Referral,Manufacturing,SMB,Singapore,New
9633,2025-04-05,Company_09633,Referral,Retail,Mid-Market,Japan,New
9634,2025-02-12,Company_09634,Referral,Professional Services,SMB,Singapore,New
9635,2025-05-15,Company_09635,Partner,Technology,Mid-Market,Taiwan,New
9636,2025-08-20,Company_09636,Outbound,Professional Services,Mid-Market,Japan,New
9637,2025-05-09,Company_09637,Referral,Financial Services,Mid-Market,Hong Kong,New
9638,2024-11-18,Company_09638,Website,Technology,SMB,Singapore,New
9639,2024-11-19,Company_09639,Outbound,Retail,SMB,Japan,New
9640,2024-01-26,Company_09640,Website,Financial Services,SMB,Hong Kong,New
9641,2024-02-03,Company_09641,Website,Retail,SMB,Hong Kong,New
9642,2024-12-23,Company_09642,Paid Ads,Healthcare,SMB,Hong Kong,New
9643,2024-10-24,Company_09643,Outbound,Technology,Enterprise,Japan,New
9644,2025-06-25,Company_09644,Website,Technology,SMB,Japan,New
9645,2025-10-11,Company_09645,Website,Retail,Mid-Market,Singapore,New
9646,2025-06-03,Company_09646,Website,Healthcare,Mid-Market,Japan,New
9647,2025-02-01,Company_09647,Event,Professional Services,SMB,Taiwan,New
9648,2025-07-11,Company_09648,Outbound,Technology,Mid-Market,Singapore,New
9649,2025-07-20,Company_09649,Partner,Professional Services,Enterprise,Taiwan,New
9650,2025-07-02,Company_09650,Partner,Financial Services,Mid-Market,Taiwan,New
9651,2024-04-19,Company_09651,Website,Manufacturing,SMB,Singapore,New
9652,2024-11-07,Company_09652,Outbound,Retail,SMB,Singapore,New
9653,2025-11-28,Company_09653,Outbound,Healthcare,Enterprise,Japan,New
9654,2024-04-04,Company_09654,Website,Healthcare,SMB,Hong Kong,New
9655,2025-06-12,Company_09655,Website,Financial Services,SMB,Taiwan,New
9656,2025-11-06,Company_09656,Partner,Healthcare,Enterprise,Japan,New
9657,2025-01-11,Company_09657,Website,Manufacturing,SMB,Hong Kong,New
9658,2025-05-10,Company_09658,Website,Professional Services,SMB,Taiwan,New
9659,2024-01-13,Company_09659,Paid Ads,Technology,Enterprise,Hong Kong,New
9660,2025-06-22,Company_09660,Referral,Manufacturing,SMB,Singapore,New
9661,2024-04-13,Company_09661,Website,Retail,SMB,Singapore,New
9662,2025-03-13,Company_09662,Referral,Manufacturing,SMB,Hong Kong,New
9663,2024-10-25,Company_09663,Event,Manufacturing,SMB,Hong Kong,New
9664,2025-03-30,Company_09664,Partner,Financial Services,Mid-Market,Hong Kong,New
9665,2025-05-08,Company_09665,Outbound,Retail,Mid-Market,Singapore,New
9666,2024-03-31,Company_09666,Paid Ads,Healthcare,SMB,Japan,New
9667,2025-11-15,Company_09667,Outbound,Professional Services,SMB,Taiwan,New
9668,2024-04-12,Company_09668,Website,Professional Services,SMB,Singapore,New
9669,2025-12-30,Company_09669,Referral,Technology,Mid-Market,Taiwan,New
9670,2024-12-25,Company_09670,Referral,Technology,Mid-Market,Hong Kong,New
9671,2025-11-14,Company_09671,Referral,Retail,SMB,Taiwan,New
9672,2025-10-28,Company_09672,Paid Ads,Healthcare,SMB,Hong Kong,New
9673,2024-03-18,Company_09673,Outbound,Manufacturing,Mid-Market,Singapore,New
9674,2025-12-04,Company_09674,Outbound,Retail,SMB,Singapore,New
9675,2024-04-03,Company_09675,Paid Ads,Professional Services,Mid-Market,Taiwan,New
9676,2025-03-20,Company_09676,Website,Professional Services,Mid-Market,Taiwan,New
9677,2024-11-24,Company_09677,Outbound,Professional Services,SMB,Taiwan,New
9678,2025-11-08,Company_09678,Outbound,Retail,SMB,Taiwan,New
9679,2024-12-25,Company_09679,Partner,Professional Services,SMB,Singapore,New
9680,2024-07-23,Company_09680,Website,Financial Services,SMB,Japan,New
9681,2024-11-25,Company_09681,Paid Ads,Technology,Mid-Market,Hong Kong,New
9682,2025-03-29,Company_09682,Referral,Retail,SMB,Japan,New
9683,2024-10-28,Company_09683,Partner,Manufacturing,SMB,Hong Kong,New
9684,2025-04-19,Company_09684,Paid Ads,Technology,Mid-Market,Hong Kong,New
9685,2024-10-24,Company_09685,Website,Financial Services,SMB,Hong Kong,New
9686,2024-11-04,Company_09686,Website,Professional Services,SMB,Hong Kong,New
9687,2025-06-24,Company_09687,Website,Manufacturing,SMB,Taiwan,New
9688,2025-09-10,Company_09688,Outbound,Professional Services,SMB,Singapore,New
9689,2024-04-16,Company_09689,Paid Ads,Retail,Mid-Market,Taiwan,New
9690,2025-07-23,Company_09690,Paid Ads,Manufacturing,SMB,Japan,New
9691,2025-01-21,Company_09691,Website,Healthcare,Enterprise,Japan,New
9692,2024-04-14,Company_09692,Partner,Retail,SMB,Taiwan,New
9693,2024-05-13,Company_09693,Outbound,Financial Services,Enterprise,Hong Kong,New
9694,2025-02-16,Company_09694,Website,Technology,SMB,Taiwan,New
9695,2025-09-29,Company_09695,Paid Ads,Professional Services,SMB,Hong Kong,New
9696,2025-03-11,Company_09696,Paid Ads,Retail,Mid-Market,Japan,New
9697,2024-11-06,Company_09697,Paid Ads,Financial Services,SMB,Singapore,New
9698,2024-04-27,Company_09698,Paid Ads,Retail,SMB,Singapore,New
9699,2024-03-14,Company_09699,Paid Ads,Retail,SMB,Japan,New
9700,2025-10-06,Company_09700,Referral,Manufacturing,SMB,Hong Kong,New
9701,2024-01-30,Company_09701,Outbound,Manufacturing,SMB,Taiwan,New
9702,2024-12-28,Company_09702,Outbound,Healthcare,SMB,Singapore,New
9703,2025-12-27,Company_09703,Referral,Technology,SMB,Hong Kong,New
9704,2024-11-15,Company_09704,Referral,Financial Services,SMB,Japan,New
9705,2025-07-12,Company_09705,Outbound,Technology,SMB,Hong Kong,New
9706,2024-02-17,Company_09706,Paid Ads,Retail,SMB,Singapore,New
9707,2025-07-07,Company_09707,Website,Retail,Enterprise,Singapore,New
9708,2024-05-09,Company_09708,Website,Financial Services,SMB,Hong Kong,New
9709,2024-01-16,Company_09709,Outbound,Manufacturing,Mid-Market,Singapore,New
9710,2024-04-20,Company_09710,Paid Ads,Professional Services,Mid-Market,Singapore,New
9711,2025-02-21,Company_09711,Website,Manufacturing,SMB,Taiwan,New
9712,2024-02-03,Company_09712,Outbound,Manufacturing,Mid-Market,Hong Kong,New
9713,2024-08-15,Company_09713,Referral,Professional Services,Mid-Market,Taiwan,New
9714,2025-10-06,Company_09714,Website,Financial Services,SMB,Japan,New
9715,2024-11-16,Company_09715,Referral,Manufacturing,Mid-Market,Taiwan,New
9716,2025-11-21,Company_09716,Website,Healthcare,SMB,Japan,New
9717,2025-03-29,Company_09717,Event,Professional Services,SMB,Singapore,New
9718,2025-01-29,Company_09718,Referral,Manufacturing,SMB,Taiwan,New
9719,2025-08-27,Company_09719,Website,Healthcare,SMB,Hong Kong,New
9720,2025-08-06,Company_09720,Partner,Manufacturing,SMB,Taiwan,New
9721,2025-11-03,Company_09721,Website,Financial Services,Mid-Market,Japan,New
9722,2024-06-19,Company_09722,Referral,Technology,Enterprise,Singapore,New
9723,2024-04-09,Company_09723,Referral,Healthcare,SMB,Singapore,New
9724,2024-02-03,Company_09724,Website,Financial Services,SMB,Hong Kong,New
9725,2024-09-14,Company_09725,Paid Ads,Healthcare,Mid-Market,Hong Kong,New
9726,2024-05-12,Company_09726,Referral,Retail,SMB,Hong Kong,New
9727,2024-11-23,Company_09727,Paid Ads,Healthcare,SMB,Taiwan,New
9728,2025-07-21,Company_09728,Website,Financial Services,SMB,Taiwan,New
9729,2025-06-22,Company_09729,Outbound,Financial Services,SMB,Japan,New
9730,2024-01-01,Company_09730,Website,Retail,SMB,Japan,New
9731,2025-07-13,Company_09731,Event,Financial Services,Mid-Market,Japan,New
9732,2025-11-02,Company_09732,Outbound,Retail,SMB,Japan,New
9733,2024-01-11,Company_09733,Paid Ads,Technology,Enterprise,Taiwan,New
9734,2025-03-10,Company_09734,Referral,Retail,Enterprise,Japan,New
9735,2025-12-25,Company_09735,Referral,Healthcare,Enterprise,Hong Kong,New
9736,2024-06-20,Company_09736,Website,Manufacturing,SMB,Taiwan,New
9737,2025-08-15,Company_09737,Event,Technology,SMB,Japan,New
9738,2025-04-10,Company_09738,Outbound,Financial Services,Mid-Market,Singapore,New
9739,2024-06-07,Company_09739,Outbound,Healthcare,SMB,Japan,New
9740,2024-11-09,Company_09740,Referral,Professional Services,Enterprise,Japan,New
9741,2025-07-26,Company_09741,Referral,Professional Services,Mid-Market,Hong Kong,New
9742,2025-10-22,Company_09742,Outbound,Financial Services,SMB,Taiwan,New
9743,2024-02-24,Company_09743,Referral,Professional Services,SMB,Japan,New
9744,2025-01-03,Company_09744,Paid Ads,Financial Services,SMB,Hong Kong,New
9745,2024-06-01,Company_09745,Partner,Professional Services,SMB,Hong Kong,New
9746,2025-11-01,Company_09746,Website,Financial Services,Mid-Market,Taiwan,New
9747,2025-03-21,Company_09747,Website,Financial Services,SMB,Singapore,New
9748,2025-07-22,Company_09748,Paid Ads,Retail,SMB,Japan,New
9749,2025-08-24,Company_09749,Paid Ads,Manufacturing,Mid-Market,Taiwan,New
9750,2025-11-23,Company_09750,Partner,Financial Services,SMB,Hong Kong,New
9751,2025-04-24,Company_09751,Referral,Professional Services,Mid-Market,Taiwan,New
9752,2024-07-10,Company_09752,Paid Ads,Financial Services,Mid-Market,Taiwan,New
9753,2024-10-08,Company_09753,Paid Ads,Manufacturing,Enterprise,Taiwan,New
9754,2024-03-13,Company_09754,Referral,Financial Services,Enterprise,Hong Kong,New
9755,2025-10-03,Company_09755,Website,Manufacturing,SMB,Singapore,New
9756,2025-07-02,Company_09756,Outbound,Manufacturing,Mid-Market,Taiwan,New
9757,2024-02-15,Company_09757,Referral,Retail,SMB,Hong Kong,New
9758,2024-12-20,Company_09758,Outbound,Technology,Enterprise,Hong Kong,New
9759,2025-11-03,Company_09759,Website,Technology,Mid-Market,Taiwan,New
9760,2024-12-30,Company_09760,Paid Ads,Technology,SMB,Hong Kong,New
9761,2024-10-19,Company_09761,Partner,Professional Services,Mid-Market,Singapore,New
9762,2025-04-02,Company_09762,Paid Ads,Retail,Mid-Market,Japan,New
9763,2024-12-04,Company_09763,Paid Ads,Professional Services,Mid-Market,Hong Kong,New
9764,2025-05-27,Company_09764,Website,Professional Services,SMB,Hong Kong,New
9765,2025-09-06,Company_09765,Outbound,Technology,SMB,Taiwan,New
9766,2024-05-10,Company_09766,Outbound,Healthcare,Enterprise,Singapore,New
9767,2025-12-21,Company_09767,Website,Financial Services,Mid-Market,Singapore,New
9768,2025-05-10,Company_09768,Outbound,Technology,SMB,Singapore,New
9769,2024-04-28,Company_09769,Referral,Technology,SMB,Hong Kong,New
9770,2024-05-22,Company_09770,Paid Ads,Manufacturing,Mid-Market,Taiwan,New
9771,2025-09-28,Company_09771,Partner,Healthcare,Mid-Market,Japan,New
9772,2024-10-21,Company_09772,Referral,Healthcare,SMB,Hong Kong,New
9773,2024-09-05,Company_09773,Event,Technology,Enterprise,Japan,New
9774,2024-12-07,Company_09774,Paid Ads,Professional Services,SMB,Taiwan,New
9775,2025-09-24,Company_09775,Website,Professional Services,SMB,Hong Kong,New
9776,2024-09-12,Company_09776,Website,Healthcare,SMB,Taiwan,New
9777,2025-06-01,Company_09777,Website,Manufacturing,Enterprise,Japan,New
9778,2024-02-16,Company_09778,Outbound,Retail,SMB,Singapore,New
9779,2025-07-31,Company_09779,Paid Ads,Manufacturing,SMB,Japan,New
9780,2025-03-19,Company_09780,Event,Professional Services,Mid-Market,Hong Kong,New
9781,2025-01-22,Company_09781,Paid Ads,Healthcare,SMB,Singapore,New
9782,2024-12-21,Company_09782,Website,Financial Services,SMB,Singapore,New
9783,2025-01-28,Company_09783,Partner,Manufacturing,SMB,Hong Kong,New
9784,2025-01-28,Company_09784,Website,Financial Services,SMB,Japan,New
9785,2025-11-04,Company_09785,Paid Ads,Financial Services,SMB,Japan,New
9786,2024-02-16,Company_09786,Website,Retail,SMB,Singapore,New
9787,2025-02-18,Company_09787,Referral,Manufacturing,Mid-Market,Japan,New
9788,2024-10-19,Company_09788,Paid Ads,Financial Services,SMB,Singapore,New
9789,2025-10-12,Company_09789,Referral,Financial Services,SMB,Hong Kong,New
9790,2024-01-07,Company_09790,Website,Technology,Mid-Market,Singapore,New
9791,2025-01-15,Company_09791,Website,Professional Services,Mid-Market,Japan,New
9792,2024-07-19,Company_09792,Paid Ads,Healthcare,Mid-Market,Singapore,New
9793,2025-10-26,Company_09793,Website,Technology,SMB,Hong Kong,New
9794,2025-10-25,Company_09794,Website,Financial Services,Mid-Market,Singapore,New
9795,2025-11-01,Company_09795,Referral,Manufacturing,Mid-Market,Japan,New
9796,2024-07-01,Company_09796,Referral,Technology,Mid-Market,Japan,New
9797,2025-10-25,Company_09797,Website,Technology,Mid-Market,Hong Kong,New
9798,2025-04-18,Company_09798,Outbound,Technology,SMB,Taiwan,New
9799,2025-12-11,Company_09799,Paid Ads,Professional Services,Mid-Market,Singapore,New
9800,2024-07-17,Company_09800,Paid Ads,Manufacturing,SMB,Taiwan,New
9801,2025-08-30,Company_09801,Referral,Financial Services,SMB,Taiwan,New
9802,2024-09-21,Company_09802,Website,Healthcare,Mid-Market,Singapore,New
9803,2025-04-26,Company_09803,Website,Financial Services,SMB,Singapore,New
9804,2025-05-06,Company_09804,Paid Ads,Financial Services,SMB,Japan,New
9805,2025-06-01,Company_09805,Paid Ads,Healthcare,Mid-Market,Taiwan,New
9806,2025-12-18,Company_09806,Partner,Professional Services,SMB,Hong Kong,New
9807,2025-01-27,Company_09807,Paid Ads,Professional Services,SMB,Taiwan,New
9808,2025-07-06,Company_09808,Website,Technology,Mid-Market,Hong Kong,New
9809,2025-10-11,Company_09809,Paid Ads,Professional Services,SMB,Hong Kong,New
9810,2025-07-31,Company_09810,Outbound,Professional Services,Mid-Market,Singapore,New
9811,2024-07-17,Company_09811,Outbound,Retail,Enterprise,Taiwan,New
9812,2025-01-14,Company_09812,Paid Ads,Healthcare,SMB,Japan,New
9813,2025-10-05,Company_09813,Event,Financial Services,Mid-Market,Singapore,New
9814,2024-12-10,Company_09814,Referral,Financial Services,Mid-Market,Hong Kong,New
9815,2025-03-09,Company_09815,Referral,Manufacturing,Mid-Market,Taiwan,New
9816,2025-10-17,Company_09816,Website,Financial Services,SMB,Taiwan,New
9817,2025-05-22,Company_09817,Referral,Healthcare,Enterprise,Taiwan,New
9818,2025-06-16,Company_09818,Outbound,Retail,SMB,Singapore,New
9819,2024-04-21,Company_09819,Website,Retail,Mid-Market,Singapore,New
9820,2024-12-01,Company_09820,Referral,Retail,SMB,Singapore,New
9821,2025-12-10,Company_09821,Referral,Professional Services,SMB,Singapore,New
9822,2024-11-22,Company_09822,Outbound,Technology,Enterprise,Hong Kong,New
9823,2024-07-02,Company_09823,Outbound,Healthcare,SMB,Japan,New
9824,2024-12-06,Company_09824,Website,Manufacturing,Mid-Market,Hong Kong,New
9825,2024-07-24,Company_09825,Website,Professional Services,SMB,Japan,New
9826,2024-04-12,Company_09826,Paid Ads,Professional Services,Enterprise,Taiwan,New
9827,2024-05-12,Company_09827,Referral,Technology,SMB,Hong Kong,New
9828,2024-01-03,Company_09828,Outbound,Healthcare,SMB,Singapore,New
9829,2024-10-07,Company_09829,Website,Manufacturing,Mid-Market,Taiwan,New
9830,2024-07-04,Company_09830,Referral,Professional Services,SMB,Japan,New
9831,2024-09-08,Company_09831,Outbound,Healthcare,SMB,Hong Kong,New
9832,2025-10-15,Company_09832,Website,Financial Services,Mid-Market,Hong Kong,New
9833,2024-02-08,Company_09833,Outbound,Manufacturing,SMB,Singapore,New
9834,2024-03-31,Company_09834,Website,Professional Services,Enterprise,Japan,New
9835,2024-12-25,Company_09835,Partner,Technology,SMB,Japan,New
9836,2025-11-15,Company_09836,Paid Ads,Financial Services,SMB,Singapore,New
9837,2025-11-05,Company_09837,Paid Ads,Manufacturing,SMB,Taiwan,New
9838,2025-10-10,Company_09838,Partner,Retail,Mid-Market,Japan,New
9839,2024-12-07,Company_09839,Website,Healthcare,SMB,Japan,New
9840,2024-09-19,Company_09840,Website,Manufacturing,Enterprise,Singapore,New
9841,2024-08-30,Company_09841,Website,Healthcare,Enterprise,Taiwan,New
9842,2024-08-19,Company_09842,Referral,Technology,SMB,Japan,New
9843,2025-04-29,Company_09843,Paid Ads,Professional Services,SMB,Singapore,New
9844,2024-02-22,Company_09844,Referral,Technology,Mid-Market,Hong Kong,New
9845,2025-07-29,Company_09845,Outbound,Professional Services,SMB,Singapore,New
9846,2025-01-09,Company_09846,Event,Healthcare,SMB,Singapore,New
9847,2025-08-27,Company_09847,Referral,Financial Services,Mid-Market,Singapore,New
9848,2024-08-02,Company_09848,Referral,Healthcare,SMB,Hong Kong,New
9849,2025-08-16,Company_09849,Referral,Technology,Enterprise,Singapore,New
9850,2025-05-15,Company_09850,Outbound,Retail,Mid-Market,Japan,New
9851,2025-06-21,Company_09851,Website,Financial Services,Enterprise,Japan,New
9852,2025-02-19,Company_09852,Referral,Technology,Mid-Market,Singapore,New
9853,2024-01-11,Company_09853,Paid Ads,Healthcare,Enterprise,Singapore,New
9854,2024-01-27,Company_09854,Website,Manufacturing,SMB,Hong Kong,New
9855,2025-11-26,Company_09855,Outbound,Manufacturing,Mid-Market,Taiwan,New
9856,2025-10-23,Company_09856,Paid Ads,Financial Services,Enterprise,Hong Kong,New
9857,2025-12-29,Company_09857,Outbound,Retail,SMB,Singapore,New
9858,2024-07-05,Company_09858,Website,Retail,SMB,Hong Kong,New
9859,2024-09-01,Company_09859,Outbound,Financial Services,SMB,Taiwan,New
9860,2025-03-15,Company_09860,Partner,Healthcare,Mid-Market,Taiwan,New
9861,2024-09-09,Company_09861,Paid Ads,Retail,SMB,Taiwan,New
9862,2025-11-18,Company_09862,Outbound,Technology,Mid-Market,Japan,New
9863,2024-02-20,Company_09863,Event,Retail,SMB,Taiwan,New
9864,2024-05-16,Company_09864,Outbound,Retail,SMB,Hong Kong,New
9865,2025-11-26,Company_09865,Partner,Technology,SMB,Japan,New
9866,2025-10-13,Company_09866,Website,Manufacturing,SMB,Japan,New
9867,2024-09-24,Company_09867,Outbound,Retail,SMB,Japan,New
9868,2024-01-23,Company_09868,Website,Professional Services,SMB,Taiwan,New
9869,2024-01-16,Company_09869,Website,Retail,SMB,Japan,New
9870,2025-07-11,Company_09870,Outbound,Retail,SMB,Japan,New
9871,2024-12-06,Company_09871,Website,Financial Services,Mid-Market,Taiwan,New
9872,2024-08-26,Company_09872,Paid Ads,Retail,Mid-Market,Hong Kong,New
9873,2024-04-29,Company_09873,Referral,Healthcare,Enterprise,Japan,New
9874,2025-08-25,Company_09874,Website,Professional Services,Mid-Market,Singapore,New
9875,2025-02-21,Company_09875,Outbound,Healthcare,SMB,Hong Kong,New
9876,2025-04-14,Company_09876,Referral,Manufacturing,SMB,Taiwan,New
9877,2024-10-08,Company_09877,Website,Retail,SMB,Hong Kong,New
9878,2024-02-10,Company_09878,Referral,Healthcare,SMB,Japan,New
9879,2025-01-20,Company_09879,Website,Healthcare,Enterprise,Taiwan,New
9880,2024-12-08,Company_09880,Paid Ads,Professional Services,SMB,Taiwan,New
9881,2025-05-16,Company_09881,Outbound,Retail,SMB,Japan,New
9882,2024-10-25,Company_09882,Paid Ads,Financial Services,Mid-Market,Hong Kong,New
9883,2025-12-25,Company_09883,Paid Ads,Healthcare,SMB,Japan,New
9884,2025-12-08,Company_09884,Paid Ads,Financial Services,SMB,Singapore,New
9885,2025-03-18,Company_09885,Website,Retail,SMB,Japan,New
9886,2025-06-26,Company_09886,Partner,Retail,SMB,Taiwan,New
9887,2024-07-20,Company_09887,Referral,Manufacturing,SMB,Japan,New
9888,2024-08-10,Company_09888,Paid Ads,Technology,SMB,Hong Kong,New
9889,2025-11-28,Company_09889,Website,Financial Services,Enterprise,Singapore,New
9890,2024-02-13,Company_09890,Partner,Professional Services,SMB,Singapore,New
9891,2024-11-02,Company_09891,Website,Manufacturing,SMB,Japan,New
9892,2024-07-08,Company_09892,Referral,Retail,SMB,Singapore,New
9893,2025-02-01,Company_09893,Paid Ads,Technology,SMB,Japan,New
9894,2025-08-12,Company_09894,Outbound,Professional Services,Mid-Market,Taiwan,New
9895,2024-10-13,Company_09895,Paid Ads,Retail,Mid-Market,Japan,New
9896,2024-07-20,Company_09896,Referral,Healthcare,SMB,Singapore,New
9897,2024-07-20,Company_09897,Partner,Financial Services,Mid-Market,Japan,New
9898,2024-07-31,Company_09898,Outbound,Healthcare,SMB,Singapore,New
9899,2025-10-01,Company_09899,Website,Financial Services,SMB,Japan,New
9900,2024-02-03,Company_09900,Referral,Professional Services,SMB,Hong Kong,New
9901,2025-01-05,Company_09901,Referral,Technology,SMB,Japan,New
9902,2024-12-19,Company_09902,Outbound,Healthcare,SMB,Japan,New
9903,2025-12-15,Company_09903,Outbound,Technology,SMB,Taiwan,New
9904,2025-07-26,Company_09904,Paid Ads,Technology,Mid-Market,Singapore,New
9905,2025-05-30,Company_09905,Outbound,Healthcare,Mid-Market,Singapore,New
9906,2025-04-22,Company_09906,Outbound,Manufacturing,SMB,Taiwan,New
9907,2024-10-02,Company_09907,Referral,Professional Services,SMB,Hong Kong,New
9908,2025-01-06,Company_09908,Website,Professional Services,Mid-Market,Japan,New
9909,2025-11-11,Company_09909,Outbound,Healthcare,Mid-Market,Taiwan,New
9910,2024-06-25,Company_09910,Paid Ads,Retail,Mid-Market,Singapore,New
9911,2025-10-12,Company_09911,Outbound,Manufacturing,Enterprise,Taiwan,New
9912,2024-04-23,Company_09912,Outbound,Technology,Enterprise,Singapore,New
9913,2024-12-29,Company_09913,Outbound,Retail,Mid-Market,Taiwan,New
9914,2024-05-26,Company_09914,Paid Ads,Healthcare,SMB,Taiwan,New
9915,2025-10-24,Company_09915,Partner,Manufacturing,Enterprise,Singapore,New
9916,2025-08-05,Company_09916,Paid Ads,Healthcare,SMB,Japan,New
9917,2025-03-10,Company_09917,Outbound,Retail,Mid-Market,Singapore,New
9918,2024-07-22,Company_09918,Event,Retail,SMB,Singapore,New
9919,2024-10-04,Company_09919,Partner,Professional Services,SMB,Hong Kong,New
9920,2025-10-11,Company_09920,Website,Retail,SMB,Taiwan,New
9921,2025-12-13,Company_09921,Outbound,Retail,SMB,Singapore,New
9922,2024-06-01,Company_09922,Partner,Professional Services,SMB,Taiwan,New
9923,2024-02-14,Company_09923,Referral,Manufacturing,Mid-Market,Hong Kong,New
9924,2025-06-30,Company_09924,Website,Technology,Mid-Market,Singapore,New
9925,2024-09-03,Company_09925,Outbound,Technology,Mid-Market,Japan,New
9926,2024-06-16,Company_09926,Event,Retail,Mid-Market,Hong Kong,New
9927,2024-10-09,Company_09927,Referral,Manufacturing,SMB,Hong Kong,New
9928,2024-03-04,Company_09928,Paid Ads,Professional Services,Mid-Market,Hong Kong,New
9929,2024-10-24,Company_09929,Website,Financial Services,SMB,Japan,New
9930,2024-02-07,Company_09930,Paid Ads,Professional Services,Mid-Market,Hong Kong,New
9931,2025-06-20,Company_09931,Website,Technology,Mid-Market,Taiwan,New
9932,2024-04-21,Company_09932,Website,Manufacturing,SMB,Taiwan,New
9933,2025-01-15,Company_09933,Paid Ads,Professional Services,SMB,Japan,New
9934,2024-04-17,Company_09934,Website,Financial Services,SMB,Taiwan,New
9935,2024-01-27,Company_09935,Website,Financial Services,SMB,Taiwan,New
9936,2025-11-04,Company_09936,Event,Professional Services,SMB,Japan,New
9937,2025-12-16,Company_09937,Website,Technology,Mid-Market,Singapore,New
9938,2025-08-06,Company_09938,Website,Technology,SMB,Japan,New
9939,2024-01-17,Company_09939,Outbound,Healthcare,SMB,Singapore,New
9940,2024-03-28,Company_09940,Website,Technology,SMB,Singapore,New
9941,2025-12-02,Company_09941,Event,Technology,SMB,Singapore,New
9942,2025-01-14,Company_09942,Outbound,Retail,SMB,Hong Kong,New
9943,2025-07-16,Company_09943,Paid Ads,Healthcare,SMB,Hong Kong,New
9944,2025-03-31,Company_09944,Event,Manufacturing,Mid-Market,Singapore,New
9945,2024-04-28,Company_09945,Website,Retail,SMB,Taiwan,New
9946,2024-12-06,Company_09946,Paid Ads,Financial Services,SMB,Singapore,New
9947,2024-05-14,Company_09947,Partner,Healthcare,SMB,Japan,New
9948,2024-03-07,Company_09948,Paid Ads,Retail,SMB,Taiwan,New
9949,2024-04-17,Company_09949,Event,Technology,SMB,Hong Kong,New
9950,2024-06-27,Company_09950,Partner,Healthcare,Mid-Market,Singapore,New
9951,2024-07-31,Company_09951,Outbound,Financial Services,SMB,Taiwan,New
9952,2024-02-06,Company_09952,Paid Ads,Professional Services,Enterprise,Singapore,New
9953,2024-01-11,Company_09953,Referral,Professional Services,Enterprise,Japan,New
9954,2024-11-21,Company_09954,Paid Ads,Technology,Mid-Market,Taiwan,New
9955,2025-05-23,Company_09955,Website,Technology,SMB,Taiwan,New
9956,2025-03-25,Company_09956,Website,Professional Services,SMB,Singapore,New
9957,2024-11-24,Company_09957,Outbound,Professional Services,SMB,Taiwan,New
9958,2025-07-15,Company_09958,Referral,Professional Services,Mid-Market,Hong Kong,New
9959,2025-11-21,Company_09959,Referral,Manufacturing,Mid-Market,Japan,New
9960,2024-08-28,Company_09960,Paid Ads,Technology,Mid-Market,Japan,New
9961,2024-03-17,Company_09961,Outbound,Financial Services,Enterprise,Singapore,New
9962,2024-03-01,Company_09962,Website,Financial Services,Mid-Market,Taiwan,New
9963,2024-06-17,Company_09963,Outbound,Financial Services,SMB,Taiwan,New
9964,2025-08-24,Company_09964,Website,Professional Services,Mid-Market,Japan,New
9965,2025-06-12,Company_09965,Referral,Manufacturing,Mid-Market,Singapore,New
9966,2025-12-28,Company_09966,Referral,Manufacturing,Mid-Market,Singapore,New
9967,2024-09-28,Company_09967,Referral,Manufacturing,Mid-Market,Taiwan,New
9968,2024-06-01,Company_09968,Paid Ads,Manufacturing,Mid-Market,Hong Kong,New
9969,2024-09-05,Company_09969,Referral,Professional Services,SMB,Hong Kong,New
9970,2025-03-23,Company_09970,Partner,Financial Services,SMB,Taiwan,New
9971,2024-02-08,Company_09971,Paid Ads,Retail,Mid-Market,Japan,New
9972,2025-12-16,Company_09972,Partner,Retail,Mid-Market,Japan,New
9973,2024-01-20,Company_09973,Outbound,Healthcare,SMB,Japan,New
9974,2025-11-10,Company_09974,Paid Ads,Healthcare,SMB,Taiwan,New
9975,2025-05-20,Company_09975,Website,Professional Services,Enterprise,Singapore,New
9976,2024-02-25,Company_09976,Referral,Retail,Mid-Market,Taiwan,New
9977,2025-12-12,Company_09977,Partner,Retail,SMB,Taiwan,New
9978,2024-12-29,Company_09978,Paid Ads,Retail,SMB,Japan,New
9979,2025-11-18,Company_09979,Website,Healthcare,SMB,Hong Kong,New
9980,2025-10-20,Company_09980,Website,Technology,SMB,Japan,New
9981,2025-08-26,Company_09981,Outbound,Manufacturing,Mid-Market,Japan,New
9982,2025-01-25,Company_09982,Referral,Healthcare,SMB,Hong Kong,New
9983,2025-08-23,Company_09983,Paid Ads,Technology,Enterprise,Taiwan,New
9984,2025-07-21,Company_09984,Website,Professional Services,SMB,Taiwan,New
9985,2025-08-04,Company_09985,Website,Professional Services,Mid-Market,Hong Kong,New
9986,2025-02-04,Company_09986,Partner,Retail,Mid-Market,Taiwan,New
9987,2025-06-25,Company_09987,Paid Ads,Retail,SMB,Singapore,New
9988,2024-02-15,Company_09988,Paid Ads,Professional Services,SMB,Hong Kong,New
9989,2025-03-14,Company_09989,Website,Professional Services,SMB,Taiwan,New
9990,2025-06-22,Company_09990,Referral,Professional Services,SMB,Taiwan,New
9991,2025-11-26,Company_09991,Referral,Financial Services,SMB,Hong Kong,New
9992,2025-10-02,Company_09992,Referral,Manufacturing,SMB,Taiwan,New
9993,2024-12-25,Company_09993,Event,Manufacturing,Enterprise,Singapore,New
9994,2024-11-15,Company_09994,Outbound,Financial Services,Mid-Market,Singapore,New
9995,2024-03-10,Company_09995,Outbound,Manufacturing,SMB,Taiwan,New
9996,2025-02-05,Company_09996,Website,Technology,Mid-Market,Taiwan,New
9997,2025-03-26,Company_09997,Paid Ads,Financial Services,SMB,Taiwan,New
9998,2024-11-13,Company_09998,Referral,Financial Services,SMB,Hong Kong,New
9999,2025-06-18,Company_09999,Website,Technology,SMB,Taiwan,New
10000,2025-04-05,Company_10000,Paid Ads,Financial Services,Mid-Market,Taiwan,New
