revenue_id,account_id,revenue_month,starting_mrr,new_mrr,expansion_mrr,contraction_mrr,churn_mrr,ending_mrr
1,1,2024-09-01,0,11240,0,0,0,11240
2,1,2024-10-01,11240,0,0,0,0,11240
3,1,2024-11-01,11240,0,0,0,0,11240
4,1,2024-12-01,11240,0,0,0,0,11240
5,1,2025-01-01,11240,0,0,0,0,11240
6,1,2025-02-01,11240,0,0,0,0,11240
7,1,2025-03-01,11240,0,0,0,0,11240
8,1,2025-04-01,11240,0,0,0,0,11240
9,1,2025-05-01,11240,0,0,0,0,11240
10,1,2025-06-01,11240,0,0,0,0,11240
11,1,2025-07-01,11240,0,0,0,0,11240
12,1,2025-08-01,11240,0,0,0,0,11240
13,1,2025-09-01,11240,0,0,0,0,11240
14,1,2025-10-01,11240,0,0,0,0,11240
15,1,2025-11-01,11240,0,0,0,0,11240
16,1,2025-12-01,11240,0,0,0,0,11240
17,1,2026-01-01,11240,0,0,0,0,11240
18,1,2026-02-01,11240,0,0,1216,0,10024
19,1,2026-03-01,10024,0,0,0,0,10024
20,1,2026-04-01,10024,0,0,2140,0,7884
21,1,2026-05-01,7884,0,0,0,0,7884
22,1,2026-06-01,7884,0,0,0,0,7884
23,2,2025-10-01,0,16422,0,0,0,16422
24,2,2025-11-01,16422,0,0,0,0,16422
25,2,2025-12-01,16422,0,0,0,0,16422
26,2,2026-01-01,16422,0,0,0,0,16422
27,2,2026-02-01,16422,0,0,0,0,16422
28,2,2026-03-01,16422,0,0,0,0,16422
29,2,2026-04-01,16422,0,0,0,0,16422
30,2,2026-05-01,16422,0,0,0,0,16422
31,2,2026-06-01,16422,0,0,0,0,16422
32,3,2024-07-01,0,5665,0,0,0,5665
33,3,2024-08-01,5665,0,0,0,0,5665
34,3,2024-09-01,5665,0,0,0,0,5665
35,3,2024-10-01,5665,0,0,0,0,5665
36,3,2024-11-01,5665,0,0,0,0,5665
37,3,2024-12-01,5665,0,0,0,0,5665
38,3,2025-01-01,5665,0,0,0,0,5665
39,3,2025-02-01,5665,0,678,0,0,6343
40,3,2025-03-01,6343,0,0,0,0,6343
41,3,2025-04-01,6343,0,0,0,0,6343
42,3,2025-05-01,6343,0,0,0,0,6343
43,3,2025-06-01,6343,0,0,0,0,6343
44,3,2025-07-01,6343,0,0,947,0,5396
45,3,2025-08-01,5396,0,0,0,0,5396
46,3,2025-09-01,5396,0,0,0,0,5396
47,3,2025-10-01,5396,0,0,0,0,5396
48,3,2025-11-01,5396,0,0,0,0,5396
49,3,2025-12-01,5396,0,0,0,5396,0
50,3,2026-01-01,0,0,0,0,0,0
51,3,2026-02-01,0,0,0,0,0,0
52,3,2026-03-01,0,0,0,0,0,0
53,3,2026-04-01,0,0,0,0,0,0
54,3,2026-05-01,0,0,0,0,0,0
55,3,2026-06-01,0,0,0,0,0,0
56,4,2025-01-01,0,58578,0,0,0,58578
57,4,2025-02-01,58578,0,0,0,0,58578
58,4,2025-03-01,58578,0,0,0,58578,0
59,4,2025-04-01,0,0,0,0,0,0
60,4,2025-05-01,0,0,0,0,0,0
61,4,2025-06-01,0,0,0,0,0,0
62,4,2025-07-01,0,0,0,0,0,0
63,4,2025-08-01,0,0,0,0,0,0
64,4,2025-09-01,0,0,0,0,0,0
65,4,2025-10-01,0,0,0,0,0,0
66,4,2025-11-01,0,0,0,0,0,0
67,4,2025-12-01,0,0,0,0,0,0
68,4,2026-01-01,0,0,0,0,0,0
69,4,2026-02-01,0,0,0,0,0,0
70,4,2026-03-01,0,0,0,0,0,0
71,4,2026-04-01,0,0,0,0,0,0
72,4,2026-05-01,0,0,0,0,0,0
73,4,2026-06-01,0,0,0,0,0,0
74,5,2024-12-01,0,4069,0,0,0,4069
75,5,2025-01-01,4069,0,0,0,0,4069
76,5,2025-02-01,4069,0,0,0,0,4069
77,5,2025-03-01,4069,0,0,0,0,4069
78,5,2025-04-01,4069,0,0,0,0,4069
79,5,2025-05-01,4069,0,0,0,0,4069
80,5,2025-06-01,4069,0,0,0,0,4069
81,5,2025-07-01,4069,0,0,0,0,4069
82,5,2025-08-01,4069,0,0,0,0,4069
83,5,2025-09-01,4069,0,0,0,0,4069
84,5,2025-10-01,4069,0,0,0,0,4069
85,5,2025-11-01,4069,0,0,0,0,4069
86,5,2025-12-01,4069,0,0,0,0,4069
87,5,2026-01-01,4069,0,0,0,0,4069
88,5,2026-02-01,4069,0,0,0,0,4069
89,5,2026-03-01,4069,0,579,0,0,4648
90,5,2026-04-01,4648,0,1004,0,0,5652
91,5,2026-05-01,5652,0,0,0,0,5652
92,5,2026-06-01,5652,0,0,0,0,5652
93,6,2025-09-01,0,6353,0,0,0,6353
94,6,2025-10-01,6353,0,0,0,0,6353
95,6,2025-11-01,6353,0,0,0,0,6353
96,6,2025-12-01,6353,0,0,0,0,6353
97,6,2026-01-01,6353,0,0,0,0,6353
98,6,2026-02-01,6353,0,0,0,0,6353
99,6,2026-03-01,6353,0,0,0,0,6353
100,6,2026-04-01,6353,0,0,0,0,6353
101,6,2026-05-01,6353,0,1474,0,0,7827
102,6,2026-06-01,7827,0,0,0,0,7827
103,7,2025-02-01,0,5406,0,0,0,5406
104,7,2025-03-01,5406,0,0,0,0,5406
105,7,2025-04-01,5406,0,0,0,0,5406
106,7,2025-05-01,5406,0,0,0,0,5406
107,7,2025-06-01,5406,0,0,0,0,5406
108,7,2025-07-01,5406,0,0,0,0,5406
109,7,2025-08-01,5406,0,0,0,0,5406
110,7,2025-09-01,5406,0,0,1104,0,4302
111,7,2025-10-01,4302,0,0,0,0,4302
112,7,2025-11-01,4302,0,0,0,0,4302
113,7,2025-12-01,4302,0,0,0,0,4302
114,7,2026-01-01,4302,0,0,0,0,4302
115,7,2026-02-01,4302,0,0,0,0,4302
116,7,2026-03-01,4302,0,0,0,0,4302
117,7,2026-04-01,4302,0,0,0,0,4302
118,7,2026-05-01,4302,0,0,0,0,4302
119,7,2026-06-01,4302,0,655,0,0,4957
120,8,2025-10-01,0,3974,0,0,0,3974
121,8,2025-11-01,3974,0,0,0,0,3974
122,8,2025-12-01,3974,0,0,0,0,3974
123,8,2026-01-01,3974,0,0,0,0,3974
124,8,2026-02-01,3974,0,0,0,0,3974
125,8,2026-03-01,3974,0,0,0,0,3974
126,8,2026-04-01,3974,0,991,0,0,4965
127,8,2026-05-01,4965,0,0,0,0,4965
128,8,2026-06-01,4965,0,0,0,0,4965
129,9,2025-10-01,0,19898,0,0,0,19898
130,9,2025-11-01,19898,0,0,0,0,19898
131,9,2025-12-01,19898,0,0,0,0,19898
132,9,2026-01-01,19898,0,0,0,0,19898
133,9,2026-02-01,19898,0,0,0,0,19898
134,9,2026-03-01,19898,0,0,0,0,19898
135,9,2026-04-01,19898,0,0,0,0,19898
136,9,2026-05-01,19898,0,0,0,0,19898
137,9,2026-06-01,19898,0,0,0,0,19898
138,10,2026-02-01,0,4940,0,0,0,4940
139,10,2026-03-01,4940,0,0,0,0,4940
140,10,2026-04-01,4940,0,0,0,0,4940
141,10,2026-05-01,4940,0,0,0,0,4940
142,10,2026-06-01,4940,0,0,0,0,4940
143,11,2024-07-01,0,4938,0,0,0,4938
144,11,2024-08-01,4938,0,522,0,0,5460
145,11,2024-09-01,5460,0,0,0,0,5460
146,11,2024-10-01,5460,0,0,0,5460,0
147,11,2024-11-01,0,0,0,0,0,0
148,11,2024-12-01,0,0,0,0,0,0
149,11,2025-01-01,0,0,0,0,0,0
150,11,2025-02-01,0,0,0,0,0,0
151,11,2025-03-01,0,0,0,0,0,0
152,11,2025-04-01,0,0,0,0,0,0
153,11,2025-05-01,0,0,0,0,0,0
154,11,2025-06-01,0,0,0,0,0,0
155,11,2025-07-01,0,0,0,0,0,0
156,11,2025-08-01,0,0,0,0,0,0
157,11,2025-09-01,0,0,0,0,0,0
158,11,2025-10-01,0,0,0,0,0,0
159,11,2025-11-01,0,0,0,0,0,0
160,11,2025-12-01,0,0,0,0,0,0
161,11,2026-01-01,0,0,0,0,0,0
162,11,2026-02-01,0,0,0,0,0,0
163,11,2026-03-01,0,0,0,0,0,0
164,11,2026-04-01,0,0,0,0,0,0
165,11,2026-05-01,0,0,0,0,0,0
166,11,2026-06-01,0,0,0,0,0,0
167,12,2024-08-01,0,9536,0,0,0,9536
168,12,2024-09-01,9536,0,0,0,9536,0
169,12,2024-10-01,0,0,0,0,0,0
170,12,2024-11-01,0,0,0,0,0,0
171,12,2024-12-01,0,0,0,0,0,0
172,12,2025-01-01,0,0,0,0,0,0
173,12,2025-02-01,0,0,0,0,0,0
174,12,2025-03-01,0,0,0,0,0,0
175,12,2025-04-01,0,0,0,0,0,0
176,12,2025-05-01,0,0,0,0,0,0
177,12,2025-06-01,0,0,0,0,0,0
178,12,2025-07-01,0,0,0,0,0,0
179,12,2025-08-01,0,0,0,0,0,0
180,12,2025-09-01,0,0,0,0,0,0
181,12,2025-10-01,0,0,0,0,0,0
182,12,2025-11-01,0,0,0,0,0,0
183,12,2025-12-01,0,0,0,0,0,0
184,12,2026-01-01,0,0,0,0,0,0
185,12,2026-02-01,0,0,0,0,0,0
186,12,2026-03-01,0,0,0,0,0,0
187,12,2026-04-01,0,0,0,0,0,0
188,12,2026-05-01,0,0,0,0,0,0
189,12,2026-06-01,0,0,0,0,0,0
190,13,2024-04-01,0,5513,0,0,0,5513
191,13,2024-05-01,5513,0,0,0,0,5513
192,13,2024-06-01,5513,0,0,0,0,5513
193,13,2024-07-01,5513,0,0,0,0,5513
194,13,2024-08-01,5513,0,650,0,0,6163
195,13,2024-09-01,6163,0,0,0,0,6163
196,13,2024-10-01,6163,0,0,0,0,6163
197,13,2024-11-01,6163,0,0,0,0,6163
198,13,2024-12-01,6163,0,0,0,0,6163
199,13,2025-01-01,6163,0,0,0,0,6163
200,13,2025-02-01,6163,0,0,0,0,6163
201,13,2025-03-01,6163,0,0,0,0,6163
202,13,2025-04-01,6163,0,0,0,0,6163
203,13,2025-05-01,6163,0,0,0,0,6163
204,13,2025-06-01,6163,0,0,0,0,6163
205,13,2025-07-01,6163,0,0,0,0,6163
206,13,2025-08-01,6163,0,0,0,0,6163
207,13,2025-09-01,6163,0,0,0,0,6163
208,13,2025-10-01,6163,0,0,0,0,6163
209,13,2025-11-01,6163,0,931,0,0,7094
210,13,2025-12-01,7094,0,0,0,0,7094
211,13,2026-01-01,7094,0,0,0,0,7094
212,13,2026-02-01,7094,0,0,0,0,7094
213,13,2026-03-01,7094,0,0,0,0,7094
214,13,2026-04-01,7094,0,0,0,0,7094
215,13,2026-05-01,7094,0,0,0,0,7094
216,13,2026-06-01,7094,0,0,1077,0,6017
217,14,2026-02-01,0,73432,0,0,0,73432
218,14,2026-03-01,73432,0,0,0,0,73432
219,14,2026-04-01,73432,0,0,11554,0,61878
220,14,2026-05-01,61878,0,0,0,0,61878
221,14,2026-06-01,61878,0,13465,0,0,75343
222,15,2025-01-01,0,3975,0,0,0,3975
223,15,2025-02-01,3975,0,0,0,3975,0
224,15,2025-03-01,0,0,0,0,0,0
225,15,2025-04-01,0,0,0,0,0,0
226,15,2025-05-01,0,0,0,0,0,0
227,15,2025-06-01,0,0,0,0,0,0
228,15,2025-07-01,0,0,0,0,0,0
229,15,2025-08-01,0,0,0,0,0,0
230,15,2025-09-01,0,0,0,0,0,0
231,15,2025-10-01,0,0,0,0,0,0
232,15,2025-11-01,0,0,0,0,0,0
233,15,2025-12-01,0,0,0,0,0,0
234,15,2026-01-01,0,0,0,0,0,0
235,15,2026-02-01,0,0,0,0,0,0
236,15,2026-03-01,0,0,0,0,0,0
237,15,2026-04-01,0,0,0,0,0,0
238,15,2026-05-01,0,0,0,0,0,0
239,15,2026-06-01,0,0,0,0,0,0
240,16,2025-08-01,0,30657,0,0,0,30657
241,16,2025-09-01,30657,0,0,0,0,30657
242,16,2025-10-01,30657,0,0,0,0,30657
243,16,2025-11-01,30657,0,0,0,0,30657
244,16,2025-12-01,30657,0,0,0,0,30657
245,16,2026-01-01,30657,0,0,0,0,30657
246,16,2026-02-01,30657,0,0,0,0,30657
247,16,2026-03-01,30657,0,0,0,30657,0
248,16,2026-04-01,0,0,0,0,0,0
249,16,2026-05-01,0,0,0,0,0,0
250,16,2026-06-01,0,0,0,0,0,0
251,17,2024-11-01,0,46443,0,0,0,46443
252,17,2024-12-01,46443,0,0,0,0,46443
253,17,2025-01-01,46443,0,0,0,0,46443
254,17,2025-02-01,46443,0,0,0,0,46443
255,17,2025-03-01,46443,0,0,0,46443,0
256,17,2025-04-01,0,0,0,0,0,0
257,17,2025-05-01,0,0,0,0,0,0
258,17,2025-06-01,0,0,0,0,0,0
259,17,2025-07-01,0,0,0,0,0,0
260,17,2025-08-01,0,0,0,0,0,0
261,17,2025-09-01,0,0,0,0,0,0
262,17,2025-10-01,0,0,0,0,0,0
263,17,2025-11-01,0,0,0,0,0,0
264,17,2025-12-01,0,0,0,0,0,0
265,17,2026-01-01,0,0,0,0,0,0
266,17,2026-02-01,0,0,0,0,0,0
267,17,2026-03-01,0,0,0,0,0,0
268,17,2026-04-01,0,0,0,0,0,0
269,17,2026-05-01,0,0,0,0,0,0
270,17,2026-06-01,0,0,0,0,0,0
271,18,2024-09-01,0,9132,0,0,0,9132
272,18,2024-10-01,9132,0,0,0,0,9132
273,18,2024-11-01,9132,0,0,0,0,9132
274,18,2024-12-01,9132,0,0,0,0,9132
275,18,2025-01-01,9132,0,0,0,0,9132
276,18,2025-02-01,9132,0,2689,0,0,11821
277,18,2025-03-01,11821,0,0,0,11821,0
278,18,2025-04-01,0,0,0,0,0,0
279,18,2025-05-01,0,0,0,0,0,0
280,18,2025-06-01,0,0,0,0,0,0
281,18,2025-07-01,0,0,0,0,0,0
282,18,2025-08-01,0,0,0,0,0,0
283,18,2025-09-01,0,0,0,0,0,0
284,18,2025-10-01,0,0,0,0,0,0
285,18,2025-11-01,0,0,0,0,0,0
286,18,2025-12-01,0,0,0,0,0,0
287,18,2026-01-01,0,0,0,0,0,0
288,18,2026-02-01,0,0,0,0,0,0
289,18,2026-03-01,0,0,0,0,0,0
290,18,2026-04-01,0,0,0,0,0,0
291,18,2026-05-01,0,0,0,0,0,0
292,18,2026-06-01,0,0,0,0,0,0
293,19,2024-05-01,0,4384,0,0,0,4384
294,19,2024-06-01,4384,0,0,0,0,4384
295,19,2024-07-01,4384,0,0,0,0,4384
296,19,2024-08-01,4384,0,0,0,0,4384
297,19,2024-09-01,4384,0,0,0,0,4384
298,19,2024-10-01,4384,0,0,0,0,4384
299,19,2024-11-01,4384,0,0,0,0,4384
300,19,2024-12-01,4384,0,786,0,0,5170
301,19,2025-01-01,5170,0,0,0,0,5170
302,19,2025-02-01,5170,0,0,0,0,5170
303,19,2025-03-01,5170,0,0,0,0,5170
304,19,2025-04-01,5170,0,0,0,0,5170
305,19,2025-05-01,5170,0,565,0,0,5735
306,19,2025-06-01,5735,0,0,0,0,5735
307,19,2025-07-01,5735,0,0,0,0,5735
308,19,2025-08-01,5735,0,0,0,0,5735
309,19,2025-09-01,5735,0,0,0,0,5735
310,19,2025-10-01,5735,0,0,0,0,5735
311,19,2025-11-01,5735,0,0,0,0,5735
312,19,2025-12-01,5735,0,0,0,0,5735
313,19,2026-01-01,5735,0,0,0,0,5735
314,19,2026-02-01,5735,0,0,0,0,5735
315,19,2026-03-01,5735,0,0,0,0,5735
316,19,2026-04-01,5735,0,0,0,0,5735
317,19,2026-05-01,5735,0,0,0,0,5735
318,19,2026-06-01,5735,0,0,0,5735,0
319,20,2025-05-01,0,56337,0,0,0,56337
320,20,2025-06-01,56337,0,0,0,0,56337
321,20,2025-07-01,56337,0,0,0,0,56337
322,20,2025-08-01,56337,0,0,0,0,56337
323,20,2025-09-01,56337,0,0,0,0,56337
324,20,2025-10-01,56337,0,10067,0,0,66404
325,20,2025-11-01,66404,0,0,0,0,66404
326,20,2025-12-01,66404,0,0,0,0,66404
327,20,2026-01-01,66404,0,0,0,0,66404
328,20,2026-02-01,66404,0,13034,0,0,79438
329,20,2026-03-01,79438,0,16889,0,0,96327
330,20,2026-04-01,96327,0,0,0,0,96327
331,20,2026-05-01,96327,0,0,11893,0,84434
332,20,2026-06-01,84434,0,0,0,0,84434
333,21,2024-09-01,0,14436,0,0,0,14436
334,21,2024-10-01,14436,0,0,0,0,14436
335,21,2024-11-01,14436,0,0,0,0,14436
336,21,2024-12-01,14436,0,0,0,0,14436
337,21,2025-01-01,14436,0,0,0,0,14436
338,21,2025-02-01,14436,0,0,0,0,14436
339,21,2025-03-01,14436,0,0,0,0,14436
340,21,2025-04-01,14436,0,0,0,0,14436
341,21,2025-05-01,14436,0,0,0,0,14436
342,21,2025-06-01,14436,0,0,0,0,14436
343,21,2025-07-01,14436,0,0,0,0,14436
344,21,2025-08-01,14436,0,0,0,0,14436
345,21,2025-09-01,14436,0,0,0,0,14436
346,21,2025-10-01,14436,0,0,0,0,14436
347,21,2025-11-01,14436,0,0,0,0,14436
348,21,2025-12-01,14436,0,4250,0,0,18686
349,21,2026-01-01,18686,0,0,0,0,18686
350,21,2026-02-01,18686,0,0,0,0,18686
351,21,2026-03-01,18686,0,0,0,0,18686
352,21,2026-04-01,18686,0,0,0,0,18686
353,21,2026-05-01,18686,0,0,0,0,18686
354,21,2026-06-01,18686,0,0,0,0,18686
355,22,2024-09-01,0,13087,0,0,0,13087
356,22,2024-10-01,13087,0,0,0,13087,0
357,22,2024-11-01,0,0,0,0,0,0
358,22,2024-12-01,0,0,0,0,0,0
359,22,2025-01-01,0,0,0,0,0,0
360,22,2025-02-01,0,0,0,0,0,0
361,22,2025-03-01,0,0,0,0,0,0
362,22,2025-04-01,0,0,0,0,0,0
363,22,2025-05-01,0,0,0,0,0,0
364,22,2025-06-01,0,0,0,0,0,0
365,22,2025-07-01,0,0,0,0,0,0
366,22,2025-08-01,0,0,0,0,0,0
367,22,2025-09-01,0,0,0,0,0,0
368,22,2025-10-01,0,0,0,0,0,0
369,22,2025-11-01,0,0,0,0,0,0
370,22,2025-12-01,0,0,0,0,0,0
371,22,2026-01-01,0,0,0,0,0,0
372,22,2026-02-01,0,0,0,0,0,0
373,22,2026-03-01,0,0,0,0,0,0
374,22,2026-04-01,0,0,0,0,0,0
375,22,2026-05-01,0,0,0,0,0,0
376,22,2026-06-01,0,0,0,0,0,0
377,23,2024-10-01,0,8071,0,0,0,8071
378,23,2024-11-01,8071,0,0,0,0,8071
379,23,2024-12-01,8071,0,0,0,0,8071
380,23,2025-01-01,8071,0,0,0,0,8071
381,23,2025-02-01,8071,0,0,0,0,8071
382,23,2025-03-01,8071,0,0,0,0,8071
383,23,2025-04-01,8071,0,0,0,0,8071
384,23,2025-05-01,8071,0,0,0,0,8071
385,23,2025-06-01,8071,0,0,0,0,8071
386,23,2025-07-01,8071,0,0,1001,0,7070
387,23,2025-08-01,7070,0,0,0,0,7070
388,23,2025-09-01,7070,0,0,0,0,7070
389,23,2025-10-01,7070,0,0,0,0,7070
390,23,2025-11-01,7070,0,0,0,0,7070
391,23,2025-12-01,7070,0,0,0,0,7070
392,23,2026-01-01,7070,0,1562,0,0,8632
393,23,2026-02-01,8632,0,0,0,0,8632
394,23,2026-03-01,8632,0,0,0,0,8632
395,23,2026-04-01,8632,0,0,0,0,8632
396,23,2026-05-01,8632,0,0,0,8632,0
397,23,2026-06-01,0,0,0,0,0,0
398,24,2025-04-01,0,7068,0,0,0,7068
399,24,2025-05-01,7068,0,0,0,0,7068
400,24,2025-06-01,7068,0,0,0,0,7068
401,24,2025-07-01,7068,0,0,0,0,7068
402,24,2025-08-01,7068,0,0,0,0,7068
403,24,2025-09-01,7068,0,0,0,0,7068
404,24,2025-10-01,7068,0,0,0,0,7068
405,24,2025-11-01,7068,0,0,0,0,7068
406,24,2025-12-01,7068,0,0,0,0,7068
407,24,2026-01-01,7068,0,0,0,0,7068
408,24,2026-02-01,7068,0,0,0,0,7068
409,24,2026-03-01,7068,0,0,0,0,7068
410,24,2026-04-01,7068,0,0,0,0,7068
411,24,2026-05-01,7068,0,0,0,0,7068
412,24,2026-06-01,7068,0,0,0,0,7068
413,25,2024-05-01,0,24285,0,0,0,24285
414,25,2024-06-01,24285,0,0,0,0,24285
415,25,2024-07-01,24285,0,0,0,0,24285
416,25,2024-08-01,24285,0,0,0,0,24285
417,25,2024-09-01,24285,0,0,0,0,24285
418,25,2024-10-01,24285,0,0,0,0,24285
419,25,2024-11-01,24285,0,4995,0,0,29280
420,25,2024-12-01,29280,0,0,6868,0,22412
421,25,2025-01-01,22412,0,0,0,0,22412
422,25,2025-02-01,22412,0,0,0,0,22412
423,25,2025-03-01,22412,0,3492,0,0,25904
424,25,2025-04-01,25904,0,0,0,0,25904
425,25,2025-05-01,25904,0,0,0,0,25904
426,25,2025-06-01,25904,0,0,0,0,25904
427,25,2025-07-01,25904,0,0,0,0,25904
428,25,2025-08-01,25904,0,0,0,0,25904
429,25,2025-09-01,25904,0,0,0,0,25904
430,25,2025-10-01,25904,0,0,0,0,25904
431,25,2025-11-01,25904,0,0,0,0,25904
432,25,2025-12-01,25904,0,0,0,0,25904
433,25,2026-01-01,25904,0,0,0,25904,0
434,25,2026-02-01,0,0,0,0,0,0
435,25,2026-03-01,0,0,0,0,0,0
436,25,2026-04-01,0,0,0,0,0,0
437,25,2026-05-01,0,0,0,0,0,0
438,25,2026-06-01,0,0,0,0,0,0
439,26,2025-12-01,0,16524,0,0,0,16524
440,26,2026-01-01,16524,0,0,0,0,16524
441,26,2026-02-01,16524,0,0,0,0,16524
442,26,2026-03-01,16524,0,0,0,0,16524
443,26,2026-04-01,16524,0,0,0,0,16524
444,26,2026-05-01,16524,0,0,0,0,16524
445,26,2026-06-01,16524,0,0,0,0,16524
446,27,2024-04-01,0,6299,0,0,0,6299
447,27,2024-05-01,6299,0,0,0,0,6299
448,27,2024-06-01,6299,0,0,0,0,6299
449,27,2024-07-01,6299,0,0,0,0,6299
450,27,2024-08-01,6299,0,0,0,0,6299
451,27,2024-09-01,6299,0,0,0,0,6299
452,27,2024-10-01,6299,0,0,0,0,6299
453,27,2024-11-01,6299,0,0,0,0,6299
454,27,2024-12-01,6299,0,0,0,0,6299
455,27,2025-01-01,6299,0,0,0,0,6299
456,27,2025-02-01,6299,0,0,0,6299,0
457,27,2025-03-01,0,0,0,0,0,0
458,27,2025-04-01,0,0,0,0,0,0
459,27,2025-05-01,0,0,0,0,0,0
460,27,2025-06-01,0,0,0,0,0,0
461,27,2025-07-01,0,0,0,0,0,0
462,27,2025-08-01,0,0,0,0,0,0
463,27,2025-09-01,0,0,0,0,0,0
464,27,2025-10-01,0,0,0,0,0,0
465,27,2025-11-01,0,0,0,0,0,0
466,27,2025-12-01,0,0,0,0,0,0
467,27,2026-01-01,0,0,0,0,0,0
468,27,2026-02-01,0,0,0,0,0,0
469,27,2026-03-01,0,0,0,0,0,0
470,27,2026-04-01,0,0,0,0,0,0
471,27,2026-05-01,0,0,0,0,0,0
472,27,2026-06-01,0,0,0,0,0,0
473,28,2024-03-01,0,19564,0,0,0,19564
474,28,2024-04-01,19564,0,0,0,0,19564
475,28,2024-05-01,19564,0,0,0,0,19564
476,28,2024-06-01,19564,0,0,0,0,19564
477,28,2024-07-01,19564,0,0,0,0,19564
478,28,2024-08-01,19564,0,0,0,0,19564
479,28,2024-09-01,19564,0,0,0,0,19564
480,28,2024-10-01,19564,0,0,0,0,19564
481,28,2024-11-01,19564,0,0,0,19564,0
482,28,2024-12-01,0,0,0,0,0,0
483,28,2025-01-01,0,0,0,0,0,0
484,28,2025-02-01,0,0,0,0,0,0
485,28,2025-03-01,0,0,0,0,0,0
486,28,2025-04-01,0,0,0,0,0,0
487,28,2025-05-01,0,0,0,0,0,0
488,28,2025-06-01,0,0,0,0,0,0
489,28,2025-07-01,0,0,0,0,0,0
490,28,2025-08-01,0,0,0,0,0,0
491,28,2025-09-01,0,0,0,0,0,0
492,28,2025-10-01,0,0,0,0,0,0
493,28,2025-11-01,0,0,0,0,0,0
494,28,2025-12-01,0,0,0,0,0,0
495,28,2026-01-01,0,0,0,0,0,0
496,28,2026-02-01,0,0,0,0,0,0
497,28,2026-03-01,0,0,0,0,0,0
498,28,2026-04-01,0,0,0,0,0,0
499,28,2026-05-01,0,0,0,0,0,0
500,28,2026-06-01,0,0,0,0,0,0
501,29,2024-03-01,0,7386,0,0,0,7386
502,29,2024-04-01,7386,0,0,0,0,7386
503,29,2024-05-01,7386,0,0,0,0,7386
504,29,2024-06-01,7386,0,0,0,0,7386
505,29,2024-07-01,7386,0,0,0,0,7386
506,29,2024-08-01,7386,0,0,0,0,7386
507,29,2024-09-01,7386,0,0,0,0,7386
508,29,2024-10-01,7386,0,0,0,0,7386
509,29,2024-11-01,7386,0,0,0,7386,0
510,29,2024-12-01,0,0,0,0,0,0
511,29,2025-01-01,0,0,0,0,0,0
512,29,2025-02-01,0,0,0,0,0,0
513,29,2025-03-01,0,0,0,0,0,0
514,29,2025-04-01,0,0,0,0,0,0
515,29,2025-05-01,0,0,0,0,0,0
516,29,2025-06-01,0,0,0,0,0,0
517,29,2025-07-01,0,0,0,0,0,0
518,29,2025-08-01,0,0,0,0,0,0
519,29,2025-09-01,0,0,0,0,0,0
520,29,2025-10-01,0,0,0,0,0,0
521,29,2025-11-01,0,0,0,0,0,0
522,29,2025-12-01,0,0,0,0,0,0
523,29,2026-01-01,0,0,0,0,0,0
524,29,2026-02-01,0,0,0,0,0,0
525,29,2026-03-01,0,0,0,0,0,0
526,29,2026-04-01,0,0,0,0,0,0
527,29,2026-05-01,0,0,0,0,0,0
528,29,2026-06-01,0,0,0,0,0,0
529,30,2024-04-01,0,4359,0,0,0,4359
530,30,2024-05-01,4359,0,0,0,0,4359
531,30,2024-06-01,4359,0,0,0,0,4359
532,30,2024-07-01,4359,0,0,984,0,3375
533,30,2024-08-01,3375,0,0,0,0,3375
534,30,2024-09-01,3375,0,0,0,0,3375
535,30,2024-10-01,3375,0,0,0,0,3375
536,30,2024-11-01,3375,0,0,0,0,3375
537,30,2024-12-01,3375,0,0,0,0,3375
538,30,2025-01-01,3375,0,0,0,0,3375
539,30,2025-02-01,3375,0,0,0,0,3375
540,30,2025-03-01,3375,0,0,0,0,3375
541,30,2025-04-01,3375,0,0,0,0,3375
542,30,2025-05-01,3375,0,0,0,0,3375
543,30,2025-06-01,3375,0,853,0,0,4228
544,30,2025-07-01,4228,0,0,0,0,4228
545,30,2025-08-01,4228,0,0,0,0,4228
546,30,2025-09-01,4228,0,0,0,0,4228
547,30,2025-10-01,4228,0,0,0,0,4228
548,30,2025-11-01,4228,0,599,0,0,4827
549,30,2025-12-01,4827,0,0,0,0,4827
550,30,2026-01-01,4827,0,0,490,0,4337
551,30,2026-02-01,4337,0,0,0,0,4337
552,30,2026-03-01,4337,0,0,0,0,4337
553,30,2026-04-01,4337,0,0,845,0,3492
554,30,2026-05-01,3492,0,0,0,0,3492
555,30,2026-06-01,3492,0,0,0,0,3492
556,31,2025-07-01,0,11846,0,0,0,11846
557,31,2025-08-01,11846,0,0,0,0,11846
558,31,2025-09-01,11846,0,0,0,0,11846
559,31,2025-10-01,11846,0,0,0,0,11846
560,31,2025-11-01,11846,0,0,0,0,11846
561,31,2025-12-01,11846,0,0,0,0,11846
562,31,2026-01-01,11846,0,0,0,0,11846
563,31,2026-02-01,11846,0,0,0,0,11846
564,31,2026-03-01,11846,0,0,0,0,11846
565,31,2026-04-01,11846,0,0,0,0,11846
566,31,2026-05-01,11846,0,0,0,0,11846
567,31,2026-06-01,11846,0,0,0,0,11846
568,32,2025-05-01,0,14526,0,0,0,14526
569,32,2025-06-01,14526,0,0,0,14526,0
570,32,2025-07-01,0,0,0,0,0,0
571,32,2025-08-01,0,0,0,0,0,0
572,32,2025-09-01,0,0,0,0,0,0
573,32,2025-10-01,0,0,0,0,0,0
574,32,2025-11-01,0,0,0,0,0,0
575,32,2025-12-01,0,0,0,0,0,0
576,32,2026-01-01,0,0,0,0,0,0
577,32,2026-02-01,0,0,0,0,0,0
578,32,2026-03-01,0,0,0,0,0,0
579,32,2026-04-01,0,0,0,0,0,0
580,32,2026-05-01,0,0,0,0,0,0
581,32,2026-06-01,0,0,0,0,0,0
582,33,2024-12-01,0,14061,0,0,0,14061
583,33,2025-01-01,14061,0,0,0,0,14061
584,33,2025-02-01,14061,0,0,0,0,14061
585,33,2025-03-01,14061,0,0,0,0,14061
586,33,2025-04-01,14061,0,0,0,0,14061
587,33,2025-05-01,14061,0,0,0,0,14061
588,33,2025-06-01,14061,0,0,0,0,14061
589,33,2025-07-01,14061,0,0,0,0,14061
590,33,2025-08-01,14061,0,0,0,0,14061
591,33,2025-09-01,14061,0,0,0,0,14061
592,33,2025-10-01,14061,0,0,0,0,14061
593,33,2025-11-01,14061,0,0,0,0,14061
594,33,2025-12-01,14061,0,0,0,0,14061
595,33,2026-01-01,14061,0,3020,0,0,17081
596,33,2026-02-01,17081,0,0,4211,0,12870
597,33,2026-03-01,12870,0,2006,0,0,14876
598,33,2026-04-01,14876,0,0,0,0,14876
599,33,2026-05-01,14876,0,0,0,0,14876
600,33,2026-06-01,14876,0,2141,0,0,17017
601,34,2025-05-01,0,21195,0,0,0,21195
602,34,2025-06-01,21195,0,0,0,0,21195
603,34,2025-07-01,21195,0,0,0,21195,0
604,34,2025-08-01,0,0,0,0,0,0
605,34,2025-09-01,0,0,0,0,0,0
606,34,2025-10-01,0,0,0,0,0,0
607,34,2025-11-01,0,0,0,0,0,0
608,34,2025-12-01,0,0,0,0,0,0
609,34,2026-01-01,0,0,0,0,0,0
610,34,2026-02-01,0,0,0,0,0,0
611,34,2026-03-01,0,0,0,0,0,0
612,34,2026-04-01,0,0,0,0,0,0
613,34,2026-05-01,0,0,0,0,0,0
614,34,2026-06-01,0,0,0,0,0,0
615,35,2025-03-01,0,3715,0,0,0,3715
616,35,2025-04-01,3715,0,0,707,0,3008
617,35,2025-05-01,3008,0,0,0,0,3008
618,35,2025-06-01,3008,0,0,0,0,3008
619,35,2025-07-01,3008,0,0,0,0,3008
620,35,2025-08-01,3008,0,0,0,0,3008
621,35,2025-09-01,3008,0,0,0,0,3008
622,35,2025-10-01,3008,0,614,0,0,3622
623,35,2025-11-01,3622,0,0,0,0,3622
624,35,2025-12-01,3622,0,0,0,0,3622
625,35,2026-01-01,3622,0,0,0,0,3622
626,35,2026-02-01,3622,0,763,0,0,4385
627,35,2026-03-01,4385,0,0,0,0,4385
628,35,2026-04-01,4385,0,0,0,0,4385
629,35,2026-05-01,4385,0,0,0,0,4385
630,35,2026-06-01,4385,0,0,0,0,4385
631,36,2025-08-01,0,4393,0,0,0,4393
632,36,2025-09-01,4393,0,0,0,0,4393
633,36,2025-10-01,4393,0,0,0,0,4393
634,36,2025-11-01,4393,0,0,0,0,4393
635,36,2025-12-01,4393,0,0,0,0,4393
636,36,2026-01-01,4393,0,0,0,0,4393
637,36,2026-02-01,4393,0,0,0,0,4393
638,36,2026-03-01,4393,0,0,0,0,4393
639,36,2026-04-01,4393,0,0,0,0,4393
640,36,2026-05-01,4393,0,0,0,0,4393
641,36,2026-06-01,4393,0,0,0,0,4393
642,37,2025-09-01,0,9634,0,0,0,9634
643,37,2025-10-01,9634,0,0,2175,0,7459
644,37,2025-11-01,7459,0,0,0,0,7459
645,37,2025-12-01,7459,0,0,0,0,7459
646,37,2026-01-01,7459,0,0,0,0,7459
647,37,2026-02-01,7459,0,0,0,0,7459
648,37,2026-03-01,7459,0,0,0,0,7459
649,37,2026-04-01,7459,0,0,0,0,7459
650,37,2026-05-01,7459,0,0,0,0,7459
651,37,2026-06-01,7459,0,0,0,0,7459
652,38,2025-04-01,0,17266,0,0,0,17266
653,38,2025-05-01,17266,0,0,0,0,17266
654,38,2025-06-01,17266,0,3615,0,0,20881
655,38,2025-07-01,20881,0,0,0,0,20881
656,38,2025-08-01,20881,0,0,0,0,20881
657,38,2025-09-01,20881,0,0,0,0,20881
658,38,2025-10-01,20881,0,0,0,0,20881
659,38,2025-11-01,20881,0,0,0,0,20881
660,38,2025-12-01,20881,0,0,0,0,20881
661,38,2026-01-01,20881,0,0,0,0,20881
662,38,2026-02-01,20881,0,0,0,0,20881
663,38,2026-03-01,20881,0,0,0,0,20881
664,38,2026-04-01,20881,0,0,3315,0,17566
665,38,2026-05-01,17566,0,0,0,0,17566
666,38,2026-06-01,17566,0,0,0,0,17566
667,39,2024-06-01,0,6381,0,0,0,6381
668,39,2024-07-01,6381,0,0,0,0,6381
669,39,2024-08-01,6381,0,0,0,0,6381
670,39,2024-09-01,6381,0,0,0,0,6381
671,39,2024-10-01,6381,0,0,0,0,6381
672,39,2024-11-01,6381,0,0,0,0,6381
673,39,2024-12-01,6381,0,0,0,0,6381
674,39,2025-01-01,6381,0,0,0,0,6381
675,39,2025-02-01,6381,0,0,0,0,6381
676,39,2025-03-01,6381,0,0,0,6381,0
677,39,2025-04-01,0,0,0,0,0,0
678,39,2025-05-01,0,0,0,0,0,0
679,39,2025-06-01,0,0,0,0,0,0
680,39,2025-07-01,0,0,0,0,0,0
681,39,2025-08-01,0,0,0,0,0,0
682,39,2025-09-01,0,0,0,0,0,0
683,39,2025-10-01,0,0,0,0,0,0
684,39,2025-11-01,0,0,0,0,0,0
685,39,2025-12-01,0,0,0,0,0,0
686,39,2026-01-01,0,0,0,0,0,0
687,39,2026-02-01,0,0,0,0,0,0
688,39,2026-03-01,0,0,0,0,0,0
689,39,2026-04-01,0,0,0,0,0,0
690,39,2026-05-01,0,0,0,0,0,0
691,39,2026-06-01,0,0,0,0,0,0
692,40,2024-03-01,0,60772,0,0,0,60772
693,40,2024-04-01,60772,0,0,0,0,60772
694,40,2024-05-01,60772,0,13844,0,0,74616
695,40,2024-06-01,74616,0,0,0,0,74616
696,40,2024-07-01,74616,0,0,0,0,74616
697,40,2024-08-01,74616,0,0,0,0,74616
698,40,2024-09-01,74616,0,0,0,0,74616
699,40,2024-10-01,74616,0,0,7554,0,67062
700,40,2024-11-01,67062,0,0,0,0,67062
701,40,2024-12-01,67062,0,0,0,0,67062
702,40,2025-01-01,67062,0,0,0,0,67062
703,40,2025-02-01,67062,0,0,0,0,67062
704,40,2025-03-01,67062,0,0,0,0,67062
705,40,2025-04-01,67062,0,0,0,0,67062
706,40,2025-05-01,67062,0,0,0,0,67062
707,40,2025-06-01,67062,0,0,0,0,67062
708,40,2025-07-01,67062,0,0,0,0,67062
709,40,2025-08-01,67062,0,0,0,0,67062
710,40,2025-09-01,67062,0,0,0,0,67062
711,40,2025-10-01,67062,0,0,6811,0,60251
712,40,2025-11-01,60251,0,0,0,0,60251
713,40,2025-12-01,60251,0,0,0,0,60251
714,40,2026-01-01,60251,0,0,0,0,60251
715,40,2026-02-01,60251,0,0,0,0,60251
716,40,2026-03-01,60251,0,0,0,0,60251
717,40,2026-04-01,60251,0,0,0,0,60251
718,40,2026-05-01,60251,0,9560,0,0,69811
719,40,2026-06-01,69811,0,0,0,0,69811
720,41,2024-04-01,0,7200,0,0,0,7200
721,41,2024-05-01,7200,0,0,0,0,7200
722,41,2024-06-01,7200,0,0,0,0,7200
723,41,2024-07-01,7200,0,0,1706,0,5494
724,41,2024-08-01,5494,0,0,0,5494,0
725,41,2024-09-01,0,0,0,0,0,0
726,41,2024-10-01,0,0,0,0,0,0
727,41,2024-11-01,0,0,0,0,0,0
728,41,2024-12-01,0,0,0,0,0,0
729,41,2025-01-01,0,0,0,0,0,0
730,41,2025-02-01,0,0,0,0,0,0
731,41,2025-03-01,0,0,0,0,0,0
732,41,2025-04-01,0,0,0,0,0,0
733,41,2025-05-01,0,0,0,0,0,0
734,41,2025-06-01,0,0,0,0,0,0
735,41,2025-07-01,0,0,0,0,0,0
736,41,2025-08-01,0,0,0,0,0,0
737,41,2025-09-01,0,0,0,0,0,0
738,41,2025-10-01,0,0,0,0,0,0
739,41,2025-11-01,0,0,0,0,0,0
740,41,2025-12-01,0,0,0,0,0,0
741,41,2026-01-01,0,0,0,0,0,0
742,41,2026-02-01,0,0,0,0,0,0
743,41,2026-03-01,0,0,0,0,0,0
744,41,2026-04-01,0,0,0,0,0,0
745,41,2026-05-01,0,0,0,0,0,0
746,41,2026-06-01,0,0,0,0,0,0
747,42,2024-08-01,0,15182,0,0,0,15182
748,42,2024-09-01,15182,0,0,0,0,15182
749,42,2024-10-01,15182,0,0,0,0,15182
750,42,2024-11-01,15182,0,0,0,0,15182
751,42,2024-12-01,15182,0,0,0,15182,0
752,42,2025-01-01,0,0,0,0,0,0
753,42,2025-02-01,0,0,0,0,0,0
754,42,2025-03-01,0,0,0,0,0,0
755,42,2025-04-01,0,0,0,0,0,0
756,42,2025-05-01,0,0,0,0,0,0
757,42,2025-06-01,0,0,0,0,0,0
758,42,2025-07-01,0,0,0,0,0,0
759,42,2025-08-01,0,0,0,0,0,0
760,42,2025-09-01,0,0,0,0,0,0
761,42,2025-10-01,0,0,0,0,0,0
762,42,2025-11-01,0,0,0,0,0,0
763,42,2025-12-01,0,0,0,0,0,0
764,42,2026-01-01,0,0,0,0,0,0
765,42,2026-02-01,0,0,0,0,0,0
766,42,2026-03-01,0,0,0,0,0,0
767,42,2026-04-01,0,0,0,0,0,0
768,42,2026-05-01,0,0,0,0,0,0
769,42,2026-06-01,0,0,0,0,0,0
770,43,2024-08-01,0,34013,0,0,0,34013
771,43,2024-09-01,34013,0,0,0,0,34013
772,43,2024-10-01,34013,0,0,0,0,34013
773,43,2024-11-01,34013,0,0,0,0,34013
774,43,2024-12-01,34013,0,0,0,0,34013
775,43,2025-01-01,34013,0,0,0,34013,0
776,43,2025-02-01,0,0,0,0,0,0
777,43,2025-03-01,0,0,0,0,0,0
778,43,2025-04-01,0,0,0,0,0,0
779,43,2025-05-01,0,0,0,0,0,0
780,43,2025-06-01,0,0,0,0,0,0
781,43,2025-07-01,0,0,0,0,0,0
782,43,2025-08-01,0,0,0,0,0,0
783,43,2025-09-01,0,0,0,0,0,0
784,43,2025-10-01,0,0,0,0,0,0
785,43,2025-11-01,0,0,0,0,0,0
786,43,2025-12-01,0,0,0,0,0,0
787,43,2026-01-01,0,0,0,0,0,0
788,43,2026-02-01,0,0,0,0,0,0
789,43,2026-03-01,0,0,0,0,0,0
790,43,2026-04-01,0,0,0,0,0,0
791,43,2026-05-01,0,0,0,0,0,0
792,43,2026-06-01,0,0,0,0,0,0
793,44,2025-07-01,0,14735,0,0,0,14735
794,44,2025-08-01,14735,0,0,0,0,14735
795,44,2025-09-01,14735,0,0,0,0,14735
796,44,2025-10-01,14735,0,0,0,0,14735
797,44,2025-11-01,14735,0,0,0,0,14735
798,44,2025-12-01,14735,0,0,0,0,14735
799,44,2026-01-01,14735,0,0,0,0,14735
800,44,2026-02-01,14735,0,0,0,0,14735
801,44,2026-03-01,14735,0,0,0,0,14735
802,44,2026-04-01,14735,0,0,0,0,14735
803,44,2026-05-01,14735,0,0,0,0,14735
804,44,2026-06-01,14735,0,0,0,0,14735
805,45,2025-10-01,0,6911,0,0,0,6911
806,45,2025-11-01,6911,0,0,0,0,6911
807,45,2025-12-01,6911,0,0,0,0,6911
808,45,2026-01-01,6911,0,0,0,0,6911
809,45,2026-02-01,6911,0,0,0,0,6911
810,45,2026-03-01,6911,0,0,0,0,6911
811,45,2026-04-01,6911,0,0,0,0,6911
812,45,2026-05-01,6911,0,0,0,0,6911
813,45,2026-06-01,6911,0,0,0,0,6911
814,46,2025-09-01,0,6180,0,0,0,6180
815,46,2025-10-01,6180,0,0,0,0,6180
816,46,2025-11-01,6180,0,0,638,0,5542
817,46,2025-12-01,5542,0,0,0,0,5542
818,46,2026-01-01,5542,0,0,0,0,5542
819,46,2026-02-01,5542,0,0,0,0,5542
820,46,2026-03-01,5542,0,0,0,0,5542
821,46,2026-04-01,5542,0,0,1320,0,4222
822,46,2026-05-01,4222,0,0,0,0,4222
823,46,2026-06-01,4222,0,0,0,0,4222
824,47,2025-05-01,0,16987,0,0,0,16987
825,47,2025-06-01,16987,0,0,0,0,16987
826,47,2025-07-01,16987,0,0,0,0,16987
827,47,2025-08-01,16987,0,0,0,0,16987
828,47,2025-09-01,16987,0,0,0,0,16987
829,47,2025-10-01,16987,0,0,0,0,16987
830,47,2025-11-01,16987,0,0,0,0,16987
831,47,2025-12-01,16987,0,0,0,0,16987
832,47,2026-01-01,16987,0,0,0,16987,0
833,47,2026-02-01,0,0,0,0,0,0
834,47,2026-03-01,0,0,0,0,0,0
835,47,2026-04-01,0,0,0,0,0,0
836,47,2026-05-01,0,0,0,0,0,0
837,47,2026-06-01,0,0,0,0,0,0
838,48,2024-08-01,0,5974,0,0,0,5974
839,48,2024-09-01,5974,0,1030,0,0,7004
840,48,2024-10-01,7004,0,0,0,0,7004
841,48,2024-11-01,7004,0,1137,0,0,8141
842,48,2024-12-01,8141,0,0,0,0,8141
843,48,2025-01-01,8141,0,0,0,0,8141
844,48,2025-02-01,8141,0,0,0,0,8141
845,48,2025-03-01,8141,0,0,0,0,8141
846,48,2025-04-01,8141,0,0,0,0,8141
847,48,2025-05-01,8141,0,0,0,0,8141
848,48,2025-06-01,8141,0,0,0,0,8141
849,48,2025-07-01,8141,0,0,0,0,8141
850,48,2025-08-01,8141,0,0,0,0,8141
851,48,2025-09-01,8141,0,0,0,0,8141
852,48,2025-10-01,8141,0,0,0,0,8141
853,48,2025-11-01,8141,0,1840,0,0,9981
854,48,2025-12-01,9981,0,0,0,0,9981
855,48,2026-01-01,9981,0,0,0,9981,0
856,48,2026-02-01,0,0,0,0,0,0
857,48,2026-03-01,0,0,0,0,0,0
858,48,2026-04-01,0,0,0,0,0,0
859,48,2026-05-01,0,0,0,0,0,0
860,48,2026-06-01,0,0,0,0,0,0
861,49,2024-07-01,0,8705,0,0,0,8705
862,49,2024-08-01,8705,0,0,0,0,8705
863,49,2024-09-01,8705,0,0,0,0,8705
864,49,2024-10-01,8705,0,0,0,0,8705
865,49,2024-11-01,8705,0,0,0,0,8705
866,49,2024-12-01,8705,0,0,0,0,8705
867,49,2025-01-01,8705,0,0,0,0,8705
868,49,2025-02-01,8705,0,0,0,0,8705
869,49,2025-03-01,8705,0,0,0,0,8705
870,49,2025-04-01,8705,0,0,0,0,8705
871,49,2025-05-01,8705,0,0,0,0,8705
872,49,2025-06-01,8705,0,0,0,0,8705
873,49,2025-07-01,8705,0,0,0,0,8705
874,49,2025-08-01,8705,0,0,0,0,8705
875,49,2025-09-01,8705,0,910,0,0,9615
876,49,2025-10-01,9615,0,0,0,0,9615
877,49,2025-11-01,9615,0,0,0,0,9615
878,49,2025-12-01,9615,0,2490,0,0,12105
879,49,2026-01-01,12105,0,0,0,0,12105
880,49,2026-02-01,12105,0,0,0,0,12105
881,49,2026-03-01,12105,0,0,0,0,12105
882,49,2026-04-01,12105,0,0,0,0,12105
883,49,2026-05-01,12105,0,0,0,0,12105
884,49,2026-06-01,12105,0,2698,0,0,14803
885,50,2025-12-01,0,5084,0,0,0,5084
886,50,2026-01-01,5084,0,0,0,0,5084
887,50,2026-02-01,5084,0,0,0,0,5084
888,50,2026-03-01,5084,0,1349,0,0,6433
889,50,2026-04-01,6433,0,0,845,0,5588
890,50,2026-05-01,5588,0,1236,0,0,6824
891,50,2026-06-01,6824,0,0,0,0,6824
892,51,2024-09-01,0,45516,0,0,0,45516
893,51,2024-10-01,45516,0,0,0,0,45516
894,51,2024-11-01,45516,0,0,0,0,45516
895,51,2024-12-01,45516,0,0,0,0,45516
896,51,2025-01-01,45516,0,0,0,0,45516
897,51,2025-02-01,45516,0,0,0,0,45516
898,51,2025-03-01,45516,0,0,0,0,45516
899,51,2025-04-01,45516,0,0,0,0,45516
900,51,2025-05-01,45516,0,11765,0,0,57281
901,51,2025-06-01,57281,0,0,0,0,57281
902,51,2025-07-01,57281,0,0,0,0,57281
903,51,2025-08-01,57281,0,0,0,0,57281
904,51,2025-09-01,57281,0,0,0,57281,0
905,51,2025-10-01,0,0,0,0,0,0
906,51,2025-11-01,0,0,0,0,0,0
907,51,2025-12-01,0,0,0,0,0,0
908,51,2026-01-01,0,0,0,0,0,0
909,51,2026-02-01,0,0,0,0,0,0
910,51,2026-03-01,0,0,0,0,0,0
911,51,2026-04-01,0,0,0,0,0,0
912,51,2026-05-01,0,0,0,0,0,0
913,51,2026-06-01,0,0,0,0,0,0
914,52,2024-09-01,0,5324,0,0,0,5324
915,52,2024-10-01,5324,0,1430,0,0,6754
916,52,2024-11-01,6754,0,0,0,0,6754
917,52,2024-12-01,6754,0,0,0,0,6754
918,52,2025-01-01,6754,0,0,0,0,6754
919,52,2025-02-01,6754,0,0,1489,0,5265
920,52,2025-03-01,5265,0,0,0,0,5265
921,52,2025-04-01,5265,0,1016,0,0,6281
922,52,2025-05-01,6281,0,0,0,0,6281
923,52,2025-06-01,6281,0,0,0,0,6281
924,52,2025-07-01,6281,0,0,0,0,6281
925,52,2025-08-01,6281,0,0,0,0,6281
926,52,2025-09-01,6281,0,0,0,0,6281
927,52,2025-10-01,6281,0,0,0,0,6281
928,52,2025-11-01,6281,0,0,0,0,6281
929,52,2025-12-01,6281,0,0,0,0,6281
930,52,2026-01-01,6281,0,0,0,0,6281
931,52,2026-02-01,6281,0,0,0,0,6281
932,52,2026-03-01,6281,0,0,0,0,6281
933,52,2026-04-01,6281,0,0,0,0,6281
934,52,2026-05-01,6281,0,0,0,0,6281
935,52,2026-06-01,6281,0,858,0,0,7139
936,53,2025-03-01,0,20361,0,0,0,20361
937,53,2025-04-01,20361,0,0,5020,0,15341
938,53,2025-05-01,15341,0,0,0,0,15341
939,53,2025-06-01,15341,0,0,0,0,15341
940,53,2025-07-01,15341,0,0,0,0,15341
941,53,2025-08-01,15341,0,0,0,0,15341
942,53,2025-09-01,15341,0,0,0,0,15341
943,53,2025-10-01,15341,0,0,0,0,15341
944,53,2025-11-01,15341,0,0,0,0,15341
945,53,2025-12-01,15341,0,0,0,0,15341
946,53,2026-01-01,15341,0,0,0,0,15341
947,53,2026-02-01,15341,0,0,0,0,15341
948,53,2026-03-01,15341,0,0,0,0,15341
949,53,2026-04-01,15341,0,2422,0,0,17763
950,53,2026-05-01,17763,0,0,0,0,17763
951,53,2026-06-01,17763,0,0,0,0,17763
952,54,2025-11-01,0,5158,0,0,0,5158
953,54,2025-12-01,5158,0,0,0,5158,0
954,54,2026-01-01,0,0,0,0,0,0
955,54,2026-02-01,0,0,0,0,0,0
956,54,2026-03-01,0,0,0,0,0,0
957,54,2026-04-01,0,0,0,0,0,0
958,54,2026-05-01,0,0,0,0,0,0
959,54,2026-06-01,0,0,0,0,0,0
960,55,2025-05-01,0,73994,0,0,0,73994
961,55,2025-06-01,73994,0,0,0,0,73994
962,55,2025-07-01,73994,0,0,0,0,73994
963,55,2025-08-01,73994,0,0,0,0,73994
964,55,2025-09-01,73994,0,0,0,0,73994
965,55,2025-10-01,73994,0,0,0,0,73994
966,55,2025-11-01,73994,0,0,0,0,73994
967,55,2025-12-01,73994,0,0,0,73994,0
968,55,2026-01-01,0,0,0,0,0,0
969,55,2026-02-01,0,0,0,0,0,0
970,55,2026-03-01,0,0,0,0,0,0
971,55,2026-04-01,0,0,0,0,0,0
972,55,2026-05-01,0,0,0,0,0,0
973,55,2026-06-01,0,0,0,0,0,0
974,56,2025-03-01,0,18538,0,0,0,18538
975,56,2025-04-01,18538,0,0,0,18538,0
976,56,2025-05-01,0,0,0,0,0,0
977,56,2025-06-01,0,0,0,0,0,0
978,56,2025-07-01,0,0,0,0,0,0
979,56,2025-08-01,0,0,0,0,0,0
980,56,2025-09-01,0,0,0,0,0,0
981,56,2025-10-01,0,0,0,0,0,0
982,56,2025-11-01,0,0,0,0,0,0
983,56,2025-12-01,0,0,0,0,0,0
984,56,2026-01-01,0,0,0,0,0,0
985,56,2026-02-01,0,0,0,0,0,0
986,56,2026-03-01,0,0,0,0,0,0
987,56,2026-04-01,0,0,0,0,0,0
988,56,2026-05-01,0,0,0,0,0,0
989,56,2026-06-01,0,0,0,0,0,0
990,57,2025-08-01,0,3053,0,0,0,3053
991,57,2025-09-01,3053,0,0,0,0,3053
992,57,2025-10-01,3053,0,0,0,0,3053
993,57,2025-11-01,3053,0,0,0,0,3053
994,57,2025-12-01,3053,0,0,0,3053,0
995,57,2026-01-01,0,0,0,0,0,0
996,57,2026-02-01,0,0,0,0,0,0
997,57,2026-03-01,0,0,0,0,0,0
998,57,2026-04-01,0,0,0,0,0,0
999,57,2026-05-01,0,0,0,0,0,0
1000,57,2026-06-01,0,0,0,0,0,0
1001,58,2025-06-01,0,3526,0,0,0,3526
1002,58,2025-07-01,3526,0,0,0,0,3526
1003,58,2025-08-01,3526,0,1009,0,0,4535
1004,58,2025-09-01,4535,0,0,0,0,4535
1005,58,2025-10-01,4535,0,0,0,0,4535
1006,58,2025-11-01,4535,0,0,0,0,4535
1007,58,2025-12-01,4535,0,0,0,0,4535
1008,58,2026-01-01,4535,0,0,0,0,4535
1009,58,2026-02-01,4535,0,0,0,0,4535
1010,58,2026-03-01,4535,0,0,0,0,4535
1011,58,2026-04-01,4535,0,0,0,0,4535
1012,58,2026-05-01,4535,0,0,0,4535,0
1013,58,2026-06-01,0,0,0,0,0,0
1014,59,2025-03-01,0,16308,0,0,0,16308
1015,59,2025-04-01,16308,0,0,0,0,16308
1016,59,2025-05-01,16308,0,0,0,16308,0
1017,59,2025-06-01,0,0,0,0,0,0
1018,59,2025-07-01,0,0,0,0,0,0
1019,59,2025-08-01,0,0,0,0,0,0
1020,59,2025-09-01,0,0,0,0,0,0
1021,59,2025-10-01,0,0,0,0,0,0
1022,59,2025-11-01,0,0,0,0,0,0
1023,59,2025-12-01,0,0,0,0,0,0
1024,59,2026-01-01,0,0,0,0,0,0
1025,59,2026-02-01,0,0,0,0,0,0
1026,59,2026-03-01,0,0,0,0,0,0
1027,59,2026-04-01,0,0,0,0,0,0
1028,59,2026-05-01,0,0,0,0,0,0
1029,59,2026-06-01,0,0,0,0,0,0
1030,60,2025-06-01,0,7886,0,0,0,7886
1031,60,2025-07-01,7886,0,1869,0,0,9755
1032,60,2025-08-01,9755,0,0,0,0,9755
1033,60,2025-09-01,9755,0,0,0,0,9755
1034,60,2025-10-01,9755,0,0,0,0,9755
1035,60,2025-11-01,9755,0,0,0,0,9755
1036,60,2025-12-01,9755,0,0,1889,0,7866
1037,60,2026-01-01,7866,0,0,0,0,7866
1038,60,2026-02-01,7866,0,0,0,0,7866
1039,60,2026-03-01,7866,0,0,0,0,7866
1040,60,2026-04-01,7866,0,0,0,0,7866
1041,60,2026-05-01,7866,0,0,0,0,7866
1042,60,2026-06-01,7866,0,0,870,0,6996
1043,61,2026-01-01,0,41215,0,0,0,41215
1044,61,2026-02-01,41215,0,0,0,0,41215
1045,61,2026-03-01,41215,0,12339,0,0,53554
1046,61,2026-04-01,53554,0,0,0,0,53554
1047,61,2026-05-01,53554,0,0,0,0,53554
1048,61,2026-06-01,53554,0,0,0,0,53554
1049,62,2025-08-01,0,4246,0,0,0,4246
1050,62,2025-09-01,4246,0,0,0,0,4246
1051,62,2025-10-01,4246,0,0,0,0,4246
1052,62,2025-11-01,4246,0,0,0,0,4246
1053,62,2025-12-01,4246,0,0,0,0,4246
1054,62,2026-01-01,4246,0,0,0,0,4246
1055,62,2026-02-01,4246,0,0,0,0,4246
1056,62,2026-03-01,4246,0,0,0,0,4246
1057,62,2026-04-01,4246,0,443,0,0,4689
1058,62,2026-05-01,4689,0,0,0,0,4689
1059,62,2026-06-01,4689,0,0,516,0,4173
1060,63,2024-12-01,0,6858,0,0,0,6858
1061,63,2025-01-01,6858,0,0,0,0,6858
1062,63,2025-02-01,6858,0,0,0,0,6858
1063,63,2025-03-01,6858,0,0,0,0,6858
1064,63,2025-04-01,6858,0,0,0,0,6858
1065,63,2025-05-01,6858,0,0,0,0,6858
1066,63,2025-06-01,6858,0,0,0,0,6858
1067,63,2025-07-01,6858,0,0,1418,0,5440
1068,63,2025-08-01,5440,0,0,0,0,5440
1069,63,2025-09-01,5440,0,0,0,0,5440
1070,63,2025-10-01,5440,0,0,0,5440,0
1071,63,2025-11-01,0,0,0,0,0,0
1072,63,2025-12-01,0,0,0,0,0,0
1073,63,2026-01-01,0,0,0,0,0,0
1074,63,2026-02-01,0,0,0,0,0,0
1075,63,2026-03-01,0,0,0,0,0,0
1076,63,2026-04-01,0,0,0,0,0,0
1077,63,2026-05-01,0,0,0,0,0,0
1078,63,2026-06-01,0,0,0,0,0,0
1079,64,2024-04-01,0,4921,0,0,0,4921
1080,64,2024-05-01,4921,0,0,0,0,4921
1081,64,2024-06-01,4921,0,0,0,0,4921
1082,64,2024-07-01,4921,0,0,0,0,4921
1083,64,2024-08-01,4921,0,0,0,4921,0
1084,64,2024-09-01,0,0,0,0,0,0
1085,64,2024-10-01,0,0,0,0,0,0
1086,64,2024-11-01,0,0,0,0,0,0
1087,64,2024-12-01,0,0,0,0,0,0
1088,64,2025-01-01,0,0,0,0,0,0
1089,64,2025-02-01,0,0,0,0,0,0
1090,64,2025-03-01,0,0,0,0,0,0
1091,64,2025-04-01,0,0,0,0,0,0
1092,64,2025-05-01,0,0,0,0,0,0
1093,64,2025-06-01,0,0,0,0,0,0
1094,64,2025-07-01,0,0,0,0,0,0
1095,64,2025-08-01,0,0,0,0,0,0
1096,64,2025-09-01,0,0,0,0,0,0
1097,64,2025-10-01,0,0,0,0,0,0
1098,64,2025-11-01,0,0,0,0,0,0
1099,64,2025-12-01,0,0,0,0,0,0
1100,64,2026-01-01,0,0,0,0,0,0
1101,64,2026-02-01,0,0,0,0,0,0
1102,64,2026-03-01,0,0,0,0,0,0
1103,64,2026-04-01,0,0,0,0,0,0
1104,64,2026-05-01,0,0,0,0,0,0
1105,64,2026-06-01,0,0,0,0,0,0
1106,65,2025-06-01,0,15307,0,0,0,15307
1107,65,2025-07-01,15307,0,0,0,0,15307
1108,65,2025-08-01,15307,0,0,0,0,15307
1109,65,2025-09-01,15307,0,1666,0,0,16973
1110,65,2025-10-01,16973,0,0,3770,0,13203
1111,65,2025-11-01,13203,0,0,0,0,13203
1112,65,2025-12-01,13203,0,0,0,0,13203
1113,65,2026-01-01,13203,0,0,0,0,13203
1114,65,2026-02-01,13203,0,0,0,0,13203
1115,65,2026-03-01,13203,0,0,0,0,13203
1116,65,2026-04-01,13203,0,0,0,0,13203
1117,65,2026-05-01,13203,0,0,0,0,13203
1118,65,2026-06-01,13203,0,0,0,0,13203
1119,66,2025-01-01,0,15990,0,0,0,15990
1120,66,2025-02-01,15990,0,4112,0,0,20102
1121,66,2025-03-01,20102,0,0,0,0,20102
1122,66,2025-04-01,20102,0,4827,0,0,24929
1123,66,2025-05-01,24929,0,0,0,0,24929
1124,66,2025-06-01,24929,0,0,0,0,24929
1125,66,2025-07-01,24929,0,0,0,0,24929
1126,66,2025-08-01,24929,0,0,0,0,24929
1127,66,2025-09-01,24929,0,0,0,0,24929
1128,66,2025-10-01,24929,0,0,0,0,24929
1129,66,2025-11-01,24929,0,0,0,0,24929
1130,66,2025-12-01,24929,0,0,0,0,24929
1131,66,2026-01-01,24929,0,0,0,0,24929
1132,66,2026-02-01,24929,0,3131,0,0,28060
1133,66,2026-03-01,28060,0,0,0,0,28060
1134,66,2026-04-01,28060,0,7263,0,0,35323
1135,66,2026-05-01,35323,0,5273,0,0,40596
1136,66,2026-06-01,40596,0,0,0,0,40596
1137,67,2025-01-01,0,22400,0,0,0,22400
1138,67,2025-02-01,22400,0,0,0,0,22400
1139,67,2025-03-01,22400,0,0,0,0,22400
1140,67,2025-04-01,22400,0,0,0,0,22400
1141,67,2025-05-01,22400,0,0,0,0,22400
1142,67,2025-06-01,22400,0,0,0,0,22400
1143,67,2025-07-01,22400,0,0,2528,0,19872
1144,67,2025-08-01,19872,0,0,0,0,19872
1145,67,2025-09-01,19872,0,0,0,0,19872
1146,67,2025-10-01,19872,0,0,0,0,19872
1147,67,2025-11-01,19872,0,0,0,0,19872
1148,67,2025-12-01,19872,0,0,0,19872,0
1149,67,2026-01-01,0,0,0,0,0,0
1150,67,2026-02-01,0,0,0,0,0,0
1151,67,2026-03-01,0,0,0,0,0,0
1152,67,2026-04-01,0,0,0,0,0,0
1153,67,2026-05-01,0,0,0,0,0,0
1154,67,2026-06-01,0,0,0,0,0,0
1155,68,2024-11-01,0,7655,0,0,0,7655
1156,68,2024-12-01,7655,0,0,0,0,7655
1157,68,2025-01-01,7655,0,0,0,0,7655
1158,68,2025-02-01,7655,0,0,0,0,7655
1159,68,2025-03-01,7655,0,0,0,0,7655
1160,68,2025-04-01,7655,0,0,0,0,7655
1161,68,2025-05-01,7655,0,0,0,0,7655
1162,68,2025-06-01,7655,0,0,0,0,7655
1163,68,2025-07-01,7655,0,0,0,0,7655
1164,68,2025-08-01,7655,0,0,0,0,7655
1165,68,2025-09-01,7655,0,1790,0,0,9445
1166,68,2025-10-01,9445,0,0,0,0,9445
1167,68,2025-11-01,9445,0,0,0,0,9445
1168,68,2025-12-01,9445,0,0,0,0,9445
1169,68,2026-01-01,9445,0,0,0,0,9445
1170,68,2026-02-01,9445,0,0,0,0,9445
1171,68,2026-03-01,9445,0,2786,0,0,12231
1172,68,2026-04-01,12231,0,0,0,0,12231
1173,68,2026-05-01,12231,0,0,0,0,12231
1174,68,2026-06-01,12231,0,0,0,0,12231
1175,69,2024-04-01,0,17769,0,0,0,17769
1176,69,2024-05-01,17769,0,0,0,0,17769
1177,69,2024-06-01,17769,0,0,0,0,17769
1178,69,2024-07-01,17769,0,4823,0,0,22592
1179,69,2024-08-01,22592,0,0,0,0,22592
1180,69,2024-09-01,22592,0,0,0,0,22592
1181,69,2024-10-01,22592,0,0,0,0,22592
1182,69,2024-11-01,22592,0,0,0,0,22592
1183,69,2024-12-01,22592,0,0,0,0,22592
1184,69,2025-01-01,22592,0,0,0,0,22592
1185,69,2025-02-01,22592,0,0,0,0,22592
1186,69,2025-03-01,22592,0,0,0,0,22592
1187,69,2025-04-01,22592,0,0,0,0,22592
1188,69,2025-05-01,22592,0,0,0,0,22592
1189,69,2025-06-01,22592,0,0,0,0,22592
1190,69,2025-07-01,22592,0,0,0,0,22592
1191,69,2025-08-01,22592,0,0,0,0,22592
1192,69,2025-09-01,22592,0,0,5035,0,17557
1193,69,2025-10-01,17557,0,0,0,0,17557
1194,69,2025-11-01,17557,0,0,0,0,17557
1195,69,2025-12-01,17557,0,0,0,0,17557
1196,69,2026-01-01,17557,0,3845,0,0,21402
1197,69,2026-02-01,21402,0,0,0,0,21402
1198,69,2026-03-01,21402,0,0,0,21402,0
1199,69,2026-04-01,0,0,0,0,0,0
1200,69,2026-05-01,0,0,0,0,0,0
1201,69,2026-06-01,0,0,0,0,0,0
1202,70,2024-04-01,0,10174,0,0,0,10174
1203,70,2024-05-01,10174,0,0,0,0,10174
1204,70,2024-06-01,10174,0,0,0,0,10174
1205,70,2024-07-01,10174,0,0,0,0,10174
1206,70,2024-08-01,10174,0,0,0,0,10174
1207,70,2024-09-01,10174,0,0,0,0,10174
1208,70,2024-10-01,10174,0,0,0,0,10174
1209,70,2024-11-01,10174,0,0,0,0,10174
1210,70,2024-12-01,10174,0,0,0,0,10174
1211,70,2025-01-01,10174,0,0,0,0,10174
1212,70,2025-02-01,10174,0,0,0,0,10174
1213,70,2025-03-01,10174,0,0,0,0,10174
1214,70,2025-04-01,10174,0,0,0,0,10174
1215,70,2025-05-01,10174,0,0,0,0,10174
1216,70,2025-06-01,10174,0,0,0,0,10174
1217,70,2025-07-01,10174,0,0,0,0,10174
1218,70,2025-08-01,10174,0,0,0,0,10174
1219,70,2025-09-01,10174,0,0,0,0,10174
1220,70,2025-10-01,10174,0,0,0,0,10174
1221,70,2025-11-01,10174,0,0,2339,0,7835
1222,70,2025-12-01,7835,0,2205,0,0,10040
1223,70,2026-01-01,10040,0,0,0,0,10040
1224,70,2026-02-01,10040,0,0,0,0,10040
1225,70,2026-03-01,10040,0,0,0,10040,0
1226,70,2026-04-01,0,0,0,0,0,0
1227,70,2026-05-01,0,0,0,0,0,0
1228,70,2026-06-01,0,0,0,0,0,0
1229,71,2024-09-01,0,5595,0,0,0,5595
1230,71,2024-10-01,5595,0,0,0,0,5595
1231,71,2024-11-01,5595,0,0,0,0,5595
1232,71,2024-12-01,5595,0,0,0,0,5595
1233,71,2025-01-01,5595,0,0,0,0,5595
1234,71,2025-02-01,5595,0,0,0,0,5595
1235,71,2025-03-01,5595,0,0,0,0,5595
1236,71,2025-04-01,5595,0,0,0,0,5595
1237,71,2025-05-01,5595,0,0,0,0,5595
1238,71,2025-06-01,5595,0,0,0,0,5595
1239,71,2025-07-01,5595,0,633,0,0,6228
1240,71,2025-08-01,6228,0,0,0,0,6228
1241,71,2025-09-01,6228,0,0,0,0,6228
1242,71,2025-10-01,6228,0,0,0,0,6228
1243,71,2025-11-01,6228,0,0,0,0,6228
1244,71,2025-12-01,6228,0,1381,0,0,7609
1245,71,2026-01-01,7609,0,0,0,0,7609
1246,71,2026-02-01,7609,0,0,0,0,7609
1247,71,2026-03-01,7609,0,0,0,7609,0
1248,71,2026-04-01,0,0,0,0,0,0
1249,71,2026-05-01,0,0,0,0,0,0
1250,71,2026-06-01,0,0,0,0,0,0
1251,72,2025-09-01,0,13146,0,0,0,13146
1252,72,2025-10-01,13146,0,0,0,0,13146
1253,72,2025-11-01,13146,0,0,0,0,13146
1254,72,2025-12-01,13146,0,0,0,0,13146
1255,72,2026-01-01,13146,0,0,0,0,13146
1256,72,2026-02-01,13146,0,0,0,0,13146
1257,72,2026-03-01,13146,0,0,0,0,13146
1258,72,2026-04-01,13146,0,0,0,0,13146
1259,72,2026-05-01,13146,0,0,0,0,13146
1260,72,2026-06-01,13146,0,0,0,0,13146
1261,73,2025-02-01,0,5868,0,0,0,5868
1262,73,2025-03-01,5868,0,0,0,0,5868
1263,73,2025-04-01,5868,0,767,0,0,6635
1264,73,2025-05-01,6635,0,1194,0,0,7829
1265,73,2025-06-01,7829,0,0,1469,0,6360
1266,73,2025-07-01,6360,0,0,0,0,6360
1267,73,2025-08-01,6360,0,0,0,0,6360
1268,73,2025-09-01,6360,0,0,0,0,6360
1269,73,2025-10-01,6360,0,0,0,0,6360
1270,73,2025-11-01,6360,0,0,0,0,6360
1271,73,2025-12-01,6360,0,0,0,0,6360
1272,73,2026-01-01,6360,0,0,0,0,6360
1273,73,2026-02-01,6360,0,0,0,0,6360
1274,73,2026-03-01,6360,0,0,0,0,6360
1275,73,2026-04-01,6360,0,0,0,0,6360
1276,73,2026-05-01,6360,0,0,0,0,6360
1277,73,2026-06-01,6360,0,0,0,0,6360
1278,74,2024-08-01,0,16182,0,0,0,16182
1279,74,2024-09-01,16182,0,3321,0,0,19503
1280,74,2024-10-01,19503,0,4325,0,0,23828
1281,74,2024-11-01,23828,0,0,0,0,23828
1282,74,2024-12-01,23828,0,0,0,0,23828
1283,74,2025-01-01,23828,0,0,0,0,23828
1284,74,2025-02-01,23828,0,0,0,0,23828
1285,74,2025-03-01,23828,0,0,0,0,23828
1286,74,2025-04-01,23828,0,0,0,0,23828
1287,74,2025-05-01,23828,0,2898,0,0,26726
1288,74,2025-06-01,26726,0,0,0,0,26726
1289,74,2025-07-01,26726,0,7338,0,0,34064
1290,74,2025-08-01,34064,0,6393,0,0,40457
1291,74,2025-09-01,40457,0,0,0,0,40457
1292,74,2025-10-01,40457,0,0,0,0,40457
1293,74,2025-11-01,40457,0,0,0,0,40457
1294,74,2025-12-01,40457,0,0,0,0,40457
1295,74,2026-01-01,40457,0,0,0,0,40457
1296,74,2026-02-01,40457,0,0,0,0,40457
1297,74,2026-03-01,40457,0,0,0,0,40457
1298,74,2026-04-01,40457,0,0,0,0,40457
1299,74,2026-05-01,40457,0,0,0,0,40457
1300,74,2026-06-01,40457,0,0,0,0,40457
1301,75,2025-09-01,0,24551,0,0,0,24551
1302,75,2025-10-01,24551,0,0,0,0,24551
1303,75,2025-11-01,24551,0,0,0,0,24551
1304,75,2025-12-01,24551,0,4012,0,0,28563
1305,75,2026-01-01,28563,0,0,0,0,28563
1306,75,2026-02-01,28563,0,3973,0,0,32536
1307,75,2026-03-01,32536,0,0,0,0,32536
1308,75,2026-04-01,32536,0,0,6308,0,26228
1309,75,2026-05-01,26228,0,0,0,0,26228
1310,75,2026-06-01,26228,0,0,0,0,26228
1311,76,2025-08-01,0,11346,0,0,0,11346
1312,76,2025-09-01,11346,0,0,0,0,11346
1313,76,2025-10-01,11346,0,0,1184,0,10162
1314,76,2025-11-01,10162,0,0,0,0,10162
1315,76,2025-12-01,10162,0,0,0,0,10162
1316,76,2026-01-01,10162,0,0,0,0,10162
1317,76,2026-02-01,10162,0,0,0,10162,0
1318,76,2026-03-01,0,0,0,0,0,0
1319,76,2026-04-01,0,0,0,0,0,0
1320,76,2026-05-01,0,0,0,0,0,0
1321,76,2026-06-01,0,0,0,0,0,0
1322,77,2025-05-01,0,59261,0,0,0,59261
1323,77,2025-06-01,59261,0,0,0,0,59261
1324,77,2025-07-01,59261,0,0,0,0,59261
1325,77,2025-08-01,59261,0,0,0,0,59261
1326,77,2025-09-01,59261,0,0,0,0,59261
1327,77,2025-10-01,59261,0,0,0,0,59261
1328,77,2025-11-01,59261,0,0,0,0,59261
1329,77,2025-12-01,59261,0,0,0,0,59261
1330,77,2026-01-01,59261,0,0,14304,0,44957
1331,77,2026-02-01,44957,0,0,0,0,44957
1332,77,2026-03-01,44957,0,0,0,0,44957
1333,77,2026-04-01,44957,0,5695,0,0,50652
1334,77,2026-05-01,50652,0,0,8865,0,41787
1335,77,2026-06-01,41787,0,0,0,0,41787
1336,78,2026-02-01,0,3563,0,0,0,3563
1337,78,2026-03-01,3563,0,0,0,0,3563
1338,78,2026-04-01,3563,0,0,0,0,3563
1339,78,2026-05-01,3563,0,0,0,0,3563
1340,78,2026-06-01,3563,0,0,0,0,3563
1341,79,2025-10-01,0,29292,0,0,0,29292
1342,79,2025-11-01,29292,0,0,0,29292,0
1343,79,2025-12-01,0,0,0,0,0,0
1344,79,2026-01-01,0,0,0,0,0,0
1345,79,2026-02-01,0,0,0,0,0,0
1346,79,2026-03-01,0,0,0,0,0,0
1347,79,2026-04-01,0,0,0,0,0,0
1348,79,2026-05-01,0,0,0,0,0,0
1349,79,2026-06-01,0,0,0,0,0,0
1350,80,2025-07-01,0,9635,0,0,0,9635
1351,80,2025-08-01,9635,0,0,0,0,9635
1352,80,2025-09-01,9635,0,0,0,0,9635
1353,80,2025-10-01,9635,0,0,0,0,9635
1354,80,2025-11-01,9635,0,0,0,0,9635
1355,80,2025-12-01,9635,0,0,0,0,9635
1356,80,2026-01-01,9635,0,0,0,0,9635
1357,80,2026-02-01,9635,0,0,1219,0,8416
1358,80,2026-03-01,8416,0,0,0,0,8416
1359,80,2026-04-01,8416,0,0,0,0,8416
1360,80,2026-05-01,8416,0,0,0,0,8416
1361,80,2026-06-01,8416,0,0,0,0,8416
1362,81,2025-07-01,0,8148,0,0,0,8148
1363,81,2025-08-01,8148,0,0,1138,0,7010
1364,81,2025-09-01,7010,0,0,0,0,7010
1365,81,2025-10-01,7010,0,0,0,0,7010
1366,81,2025-11-01,7010,0,0,0,0,7010
1367,81,2025-12-01,7010,0,0,0,0,7010
1368,81,2026-01-01,7010,0,0,0,0,7010
1369,81,2026-02-01,7010,0,0,0,0,7010
1370,81,2026-03-01,7010,0,800,0,0,7810
1371,81,2026-04-01,7810,0,0,0,0,7810
1372,81,2026-05-01,7810,0,0,0,0,7810
1373,81,2026-06-01,7810,0,0,0,0,7810
1374,82,2024-06-01,0,4120,0,0,0,4120
1375,82,2024-07-01,4120,0,0,0,0,4120
1376,82,2024-08-01,4120,0,0,0,0,4120
1377,82,2024-09-01,4120,0,0,0,0,4120
1378,82,2024-10-01,4120,0,0,0,0,4120
1379,82,2024-11-01,4120,0,0,0,0,4120
1380,82,2024-12-01,4120,0,0,0,0,4120
1381,82,2025-01-01,4120,0,0,1018,0,3102
1382,82,2025-02-01,3102,0,0,0,0,3102
1383,82,2025-03-01,3102,0,0,0,0,3102
1384,82,2025-04-01,3102,0,0,0,0,3102
1385,82,2025-05-01,3102,0,0,0,0,3102
1386,82,2025-06-01,3102,0,0,0,0,3102
1387,82,2025-07-01,3102,0,0,0,0,3102
1388,82,2025-08-01,3102,0,0,0,0,3102
1389,82,2025-09-01,3102,0,0,0,0,3102
1390,82,2025-10-01,3102,0,0,0,0,3102
1391,82,2025-11-01,3102,0,0,0,0,3102
1392,82,2025-12-01,3102,0,0,0,0,3102
1393,82,2026-01-01,3102,0,783,0,0,3885
1394,82,2026-02-01,3885,0,0,0,0,3885
1395,82,2026-03-01,3885,0,709,0,0,4594
1396,82,2026-04-01,4594,0,0,0,0,4594
1397,82,2026-05-01,4594,0,0,0,0,4594
1398,82,2026-06-01,4594,0,789,0,0,5383
1399,83,2025-03-01,0,20775,0,0,0,20775
1400,83,2025-04-01,20775,0,0,0,0,20775
1401,83,2025-05-01,20775,0,0,0,0,20775
1402,83,2025-06-01,20775,0,0,0,0,20775
1403,83,2025-07-01,20775,0,0,0,0,20775
1404,83,2025-08-01,20775,0,0,0,0,20775
1405,83,2025-09-01,20775,0,0,0,0,20775
1406,83,2025-10-01,20775,0,0,0,0,20775
1407,83,2025-11-01,20775,0,0,0,0,20775
1408,83,2025-12-01,20775,0,0,0,0,20775
1409,83,2026-01-01,20775,0,0,0,0,20775
1410,83,2026-02-01,20775,0,0,0,0,20775
1411,83,2026-03-01,20775,0,0,0,0,20775
1412,83,2026-04-01,20775,0,0,0,0,20775
1413,83,2026-05-01,20775,0,0,0,0,20775
1414,83,2026-06-01,20775,0,0,0,0,20775
1415,84,2024-03-01,0,23389,0,0,0,23389
1416,84,2024-04-01,23389,0,0,2366,0,21023
1417,84,2024-05-01,21023,0,0,0,0,21023
1418,84,2024-06-01,21023,0,0,0,0,21023
1419,84,2024-07-01,21023,0,0,0,0,21023
1420,84,2024-08-01,21023,0,0,0,0,21023
1421,84,2024-09-01,21023,0,4887,0,0,25910
1422,84,2024-10-01,25910,0,0,0,0,25910
1423,84,2024-11-01,25910,0,0,0,0,25910
1424,84,2024-12-01,25910,0,0,3319,0,22591
1425,84,2025-01-01,22591,0,2586,0,0,25177
1426,84,2025-02-01,25177,0,0,0,0,25177
1427,84,2025-03-01,25177,0,3338,0,0,28515
1428,84,2025-04-01,28515,0,2891,0,0,31406
1429,84,2025-05-01,31406,0,0,0,31406,0
1430,84,2025-06-01,0,0,0,0,0,0
1431,84,2025-07-01,0,0,0,0,0,0
1432,84,2025-08-01,0,0,0,0,0,0
1433,84,2025-09-01,0,0,0,0,0,0
1434,84,2025-10-01,0,0,0,0,0,0
1435,84,2025-11-01,0,0,0,0,0,0
1436,84,2025-12-01,0,0,0,0,0,0
1437,84,2026-01-01,0,0,0,0,0,0
1438,84,2026-02-01,0,0,0,0,0,0
1439,84,2026-03-01,0,0,0,0,0,0
1440,84,2026-04-01,0,0,0,0,0,0
1441,84,2026-05-01,0,0,0,0,0,0
1442,84,2026-06-01,0,0,0,0,0,0
1443,85,2024-06-01,0,5328,0,0,0,5328
1444,85,2024-07-01,5328,0,0,0,0,5328
1445,85,2024-08-01,5328,0,0,0,0,5328
1446,85,2024-09-01,5328,0,0,0,0,5328
1447,85,2024-10-01,5328,0,0,0,0,5328
1448,85,2024-11-01,5328,0,0,0,0,5328
1449,85,2024-12-01,5328,0,0,0,0,5328
1450,85,2025-01-01,5328,0,0,0,0,5328
1451,85,2025-02-01,5328,0,0,0,0,5328
1452,85,2025-03-01,5328,0,0,0,0,5328
1453,85,2025-04-01,5328,0,0,0,0,5328
1454,85,2025-05-01,5328,0,0,0,0,5328
1455,85,2025-06-01,5328,0,0,0,0,5328
1456,85,2025-07-01,5328,0,0,0,0,5328
1457,85,2025-08-01,5328,0,0,0,0,5328
1458,85,2025-09-01,5328,0,0,0,0,5328
1459,85,2025-10-01,5328,0,0,0,0,5328
1460,85,2025-11-01,5328,0,0,0,0,5328
1461,85,2025-12-01,5328,0,0,0,0,5328
1462,85,2026-01-01,5328,0,0,0,0,5328
1463,85,2026-02-01,5328,0,0,0,0,5328
1464,85,2026-03-01,5328,0,0,0,0,5328
1465,85,2026-04-01,5328,0,0,0,0,5328
1466,85,2026-05-01,5328,0,0,0,0,5328
1467,85,2026-06-01,5328,0,0,0,5328,0
1468,86,2024-05-01,0,6569,0,0,0,6569
1469,86,2024-06-01,6569,0,0,0,0,6569
1470,86,2024-07-01,6569,0,0,0,0,6569
1471,86,2024-08-01,6569,0,1130,0,0,7699
1472,86,2024-09-01,7699,0,0,0,0,7699
1473,86,2024-10-01,7699,0,0,1745,0,5954
1474,86,2024-11-01,5954,0,1658,0,0,7612
1475,86,2024-12-01,7612,0,0,0,0,7612
1476,86,2025-01-01,7612,0,0,0,7612,0
1477,86,2025-02-01,0,0,0,0,0,0
1478,86,2025-03-01,0,0,0,0,0,0
1479,86,2025-04-01,0,0,0,0,0,0
1480,86,2025-05-01,0,0,0,0,0,0
1481,86,2025-06-01,0,0,0,0,0,0
1482,86,2025-07-01,0,0,0,0,0,0
1483,86,2025-08-01,0,0,0,0,0,0
1484,86,2025-09-01,0,0,0,0,0,0
1485,86,2025-10-01,0,0,0,0,0,0
1486,86,2025-11-01,0,0,0,0,0,0
1487,86,2025-12-01,0,0,0,0,0,0
1488,86,2026-01-01,0,0,0,0,0,0
1489,86,2026-02-01,0,0,0,0,0,0
1490,86,2026-03-01,0,0,0,0,0,0
1491,86,2026-04-01,0,0,0,0,0,0
1492,86,2026-05-01,0,0,0,0,0,0
1493,86,2026-06-01,0,0,0,0,0,0
1494,87,2024-02-01,0,15049,0,0,0,15049
1495,87,2024-03-01,15049,0,0,0,0,15049
1496,87,2024-04-01,15049,0,0,0,0,15049
1497,87,2024-05-01,15049,0,0,1673,0,13376
1498,87,2024-06-01,13376,0,0,0,0,13376
1499,87,2024-07-01,13376,0,0,0,0,13376
1500,87,2024-08-01,13376,0,0,2352,0,11024
1501,87,2024-09-01,11024,0,0,0,0,11024
1502,87,2024-10-01,11024,0,0,0,0,11024
1503,87,2024-11-01,11024,0,0,0,0,11024
1504,87,2024-12-01,11024,0,0,0,0,11024
1505,87,2025-01-01,11024,0,0,0,0,11024
1506,87,2025-02-01,11024,0,0,0,0,11024
1507,87,2025-03-01,11024,0,0,0,0,11024
1508,87,2025-04-01,11024,0,0,0,0,11024
1509,87,2025-05-01,11024,0,0,0,0,11024
1510,87,2025-06-01,11024,0,0,0,0,11024
1511,87,2025-07-01,11024,0,0,0,0,11024
1512,87,2025-08-01,11024,0,0,0,0,11024
1513,87,2025-09-01,11024,0,0,0,0,11024
1514,87,2025-10-01,11024,0,0,0,0,11024
1515,87,2025-11-01,11024,0,0,0,0,11024
1516,87,2025-12-01,11024,0,0,0,0,11024
1517,87,2026-01-01,11024,0,0,0,0,11024
1518,87,2026-02-01,11024,0,0,0,0,11024
1519,87,2026-03-01,11024,0,0,0,0,11024
1520,87,2026-04-01,11024,0,0,0,0,11024
1521,87,2026-05-01,11024,0,0,0,0,11024
1522,87,2026-06-01,11024,0,0,0,0,11024
1523,88,2024-10-01,0,15713,0,0,0,15713
1524,88,2024-11-01,15713,0,0,0,0,15713
1525,88,2024-12-01,15713,0,0,0,15713,0
1526,88,2025-01-01,0,0,0,0,0,0
1527,88,2025-02-01,0,0,0,0,0,0
1528,88,2025-03-01,0,0,0,0,0,0
1529,88,2025-04-01,0,0,0,0,0,0
1530,88,2025-05-01,0,0,0,0,0,0
1531,88,2025-06-01,0,0,0,0,0,0
1532,88,2025-07-01,0,0,0,0,0,0
1533,88,2025-08-01,0,0,0,0,0,0
1534,88,2025-09-01,0,0,0,0,0,0
1535,88,2025-10-01,0,0,0,0,0,0
1536,88,2025-11-01,0,0,0,0,0,0
1537,88,2025-12-01,0,0,0,0,0,0
1538,88,2026-01-01,0,0,0,0,0,0
1539,88,2026-02-01,0,0,0,0,0,0
1540,88,2026-03-01,0,0,0,0,0,0
1541,88,2026-04-01,0,0,0,0,0,0
1542,88,2026-05-01,0,0,0,0,0,0
1543,88,2026-06-01,0,0,0,0,0,0
1544,89,2025-06-01,0,62762,0,0,0,62762
1545,89,2025-07-01,62762,0,0,0,0,62762
1546,89,2025-08-01,62762,0,0,0,0,62762
1547,89,2025-09-01,62762,0,0,0,0,62762
1548,89,2025-10-01,62762,0,0,0,0,62762
1549,89,2025-11-01,62762,0,0,0,0,62762
1550,89,2025-12-01,62762,0,0,0,0,62762
1551,89,2026-01-01,62762,0,0,0,0,62762
1552,89,2026-02-01,62762,0,0,0,0,62762
1553,89,2026-03-01,62762,0,0,0,0,62762
1554,89,2026-04-01,62762,0,0,0,0,62762
1555,89,2026-05-01,62762,0,0,0,0,62762
1556,89,2026-06-01,62762,0,0,0,0,62762
1557,90,2025-06-01,0,5455,0,0,0,5455
1558,90,2025-07-01,5455,0,0,0,0,5455
1559,90,2025-08-01,5455,0,0,0,0,5455
1560,90,2025-09-01,5455,0,0,0,0,5455
1561,90,2025-10-01,5455,0,0,0,0,5455
1562,90,2025-11-01,5455,0,0,0,0,5455
1563,90,2025-12-01,5455,0,0,0,0,5455
1564,90,2026-01-01,5455,0,0,0,0,5455
1565,90,2026-02-01,5455,0,0,1036,0,4419
1566,90,2026-03-01,4419,0,0,0,0,4419
1567,90,2026-04-01,4419,0,0,0,0,4419
1568,90,2026-05-01,4419,0,0,0,0,4419
1569,90,2026-06-01,4419,0,1254,0,0,5673
1570,91,2026-03-01,0,24090,0,0,0,24090
1571,91,2026-04-01,24090,0,0,0,0,24090
1572,91,2026-05-01,24090,0,0,0,0,24090
1573,91,2026-06-01,24090,0,3161,0,0,27251
1574,92,2024-05-01,0,21433,0,0,0,21433
1575,92,2024-06-01,21433,0,0,0,0,21433
1576,92,2024-07-01,21433,0,0,0,21433,0
1577,92,2024-08-01,0,0,0,0,0,0
1578,92,2024-09-01,0,0,0,0,0,0
1579,92,2024-10-01,0,0,0,0,0,0
1580,92,2024-11-01,0,0,0,0,0,0
1581,92,2024-12-01,0,0,0,0,0,0
1582,92,2025-01-01,0,0,0,0,0,0
1583,92,2025-02-01,0,0,0,0,0,0
1584,92,2025-03-01,0,0,0,0,0,0
1585,92,2025-04-01,0,0,0,0,0,0
1586,92,2025-05-01,0,0,0,0,0,0
1587,92,2025-06-01,0,0,0,0,0,0
1588,92,2025-07-01,0,0,0,0,0,0
1589,92,2025-08-01,0,0,0,0,0,0
1590,92,2025-09-01,0,0,0,0,0,0
1591,92,2025-10-01,0,0,0,0,0,0
1592,92,2025-11-01,0,0,0,0,0,0
1593,92,2025-12-01,0,0,0,0,0,0
1594,92,2026-01-01,0,0,0,0,0,0
1595,92,2026-02-01,0,0,0,0,0,0
1596,92,2026-03-01,0,0,0,0,0,0
1597,92,2026-04-01,0,0,0,0,0,0
1598,92,2026-05-01,0,0,0,0,0,0
1599,92,2026-06-01,0,0,0,0,0,0
1600,93,2024-02-01,0,6082,0,0,0,6082
1601,93,2024-03-01,6082,0,0,0,0,6082
1602,93,2024-04-01,6082,0,0,0,0,6082
1603,93,2024-05-01,6082,0,0,0,0,6082
1604,93,2024-06-01,6082,0,0,0,0,6082
1605,93,2024-07-01,6082,0,0,0,0,6082
1606,93,2024-08-01,6082,0,0,1102,0,4980
1607,93,2024-09-01,4980,0,1188,0,0,6168
1608,93,2024-10-01,6168,0,0,762,0,5406
1609,93,2024-11-01,5406,0,0,0,0,5406
1610,93,2024-12-01,5406,0,0,0,0,5406
1611,93,2025-01-01,5406,0,0,0,0,5406
1612,93,2025-02-01,5406,0,0,0,0,5406
1613,93,2025-03-01,5406,0,0,0,0,5406
1614,93,2025-04-01,5406,0,0,0,0,5406
1615,93,2025-05-01,5406,0,0,0,0,5406
1616,93,2025-06-01,5406,0,0,0,0,5406
1617,93,2025-07-01,5406,0,0,0,0,5406
1618,93,2025-08-01,5406,0,0,0,0,5406
1619,93,2025-09-01,5406,0,1214,0,0,6620
1620,93,2025-10-01,6620,0,1628,0,0,8248
1621,93,2025-11-01,8248,0,979,0,0,9227
1622,93,2025-12-01,9227,0,1604,0,0,10831
1623,93,2026-01-01,10831,0,0,0,0,10831
1624,93,2026-02-01,10831,0,0,0,0,10831
1625,93,2026-03-01,10831,0,0,0,0,10831
1626,93,2026-04-01,10831,0,0,0,0,10831
1627,93,2026-05-01,10831,0,0,0,0,10831
1628,93,2026-06-01,10831,0,0,0,0,10831
1629,94,2024-05-01,0,5144,0,0,0,5144
1630,94,2024-06-01,5144,0,0,0,5144,0
1631,94,2024-07-01,0,0,0,0,0,0
1632,94,2024-08-01,0,0,0,0,0,0
1633,94,2024-09-01,0,0,0,0,0,0
1634,94,2024-10-01,0,0,0,0,0,0
1635,94,2024-11-01,0,0,0,0,0,0
1636,94,2024-12-01,0,0,0,0,0,0
1637,94,2025-01-01,0,0,0,0,0,0
1638,94,2025-02-01,0,0,0,0,0,0
1639,94,2025-03-01,0,0,0,0,0,0
1640,94,2025-04-01,0,0,0,0,0,0
1641,94,2025-05-01,0,0,0,0,0,0
1642,94,2025-06-01,0,0,0,0,0,0
1643,94,2025-07-01,0,0,0,0,0,0
1644,94,2025-08-01,0,0,0,0,0,0
1645,94,2025-09-01,0,0,0,0,0,0
1646,94,2025-10-01,0,0,0,0,0,0
1647,94,2025-11-01,0,0,0,0,0,0
1648,94,2025-12-01,0,0,0,0,0,0
1649,94,2026-01-01,0,0,0,0,0,0
1650,94,2026-02-01,0,0,0,0,0,0
1651,94,2026-03-01,0,0,0,0,0,0
1652,94,2026-04-01,0,0,0,0,0,0
1653,94,2026-05-01,0,0,0,0,0,0
1654,94,2026-06-01,0,0,0,0,0,0
1655,95,2025-01-01,0,15625,0,0,0,15625
1656,95,2025-02-01,15625,0,0,0,0,15625
1657,95,2025-03-01,15625,0,0,0,0,15625
1658,95,2025-04-01,15625,0,0,0,0,15625
1659,95,2025-05-01,15625,0,0,0,0,15625
1660,95,2025-06-01,15625,0,2545,0,0,18170
1661,95,2025-07-01,18170,0,0,0,0,18170
1662,95,2025-08-01,18170,0,0,0,0,18170
1663,95,2025-09-01,18170,0,0,0,0,18170
1664,95,2025-10-01,18170,0,0,2507,0,15663
1665,95,2025-11-01,15663,0,2789,0,0,18452
1666,95,2025-12-01,18452,0,0,0,0,18452
1667,95,2026-01-01,18452,0,0,0,0,18452
1668,95,2026-02-01,18452,0,0,0,0,18452
1669,95,2026-03-01,18452,0,0,0,0,18452
1670,95,2026-04-01,18452,0,0,3971,0,14481
1671,95,2026-05-01,14481,0,0,0,0,14481
1672,95,2026-06-01,14481,0,0,0,0,14481
1673,96,2025-11-01,0,66572,0,0,0,66572
1674,96,2025-12-01,66572,0,0,0,0,66572
1675,96,2026-01-01,66572,0,0,0,0,66572
1676,96,2026-02-01,66572,0,0,0,0,66572
1677,96,2026-03-01,66572,0,0,0,0,66572
1678,96,2026-04-01,66572,0,0,0,0,66572
1679,96,2026-05-01,66572,0,0,0,0,66572
1680,96,2026-06-01,66572,0,7364,0,0,73936
1681,97,2024-03-01,0,21777,0,0,0,21777
1682,97,2024-04-01,21777,0,0,0,0,21777
1683,97,2024-05-01,21777,0,0,0,0,21777
1684,97,2024-06-01,21777,0,0,0,0,21777
1685,97,2024-07-01,21777,0,0,0,0,21777
1686,97,2024-08-01,21777,0,0,0,0,21777
1687,97,2024-09-01,21777,0,0,5267,0,16510
1688,97,2024-10-01,16510,0,0,0,0,16510
1689,97,2024-11-01,16510,0,0,0,0,16510
1690,97,2024-12-01,16510,0,0,0,0,16510
1691,97,2025-01-01,16510,0,3448,0,0,19958
1692,97,2025-02-01,19958,0,0,0,0,19958
1693,97,2025-03-01,19958,0,0,0,0,19958
1694,97,2025-04-01,19958,0,0,0,0,19958
1695,97,2025-05-01,19958,0,0,0,0,19958
1696,97,2025-06-01,19958,0,0,0,0,19958
1697,97,2025-07-01,19958,0,0,0,0,19958
1698,97,2025-08-01,19958,0,0,0,0,19958
1699,97,2025-09-01,19958,0,0,0,0,19958
1700,97,2025-10-01,19958,0,0,0,0,19958
1701,97,2025-11-01,19958,0,0,0,0,19958
1702,97,2025-12-01,19958,0,0,3688,0,16270
1703,97,2026-01-01,16270,0,0,0,0,16270
1704,97,2026-02-01,16270,0,0,3161,0,13109
1705,97,2026-03-01,13109,0,0,0,0,13109
1706,97,2026-04-01,13109,0,0,0,0,13109
1707,97,2026-05-01,13109,0,0,0,0,13109
1708,97,2026-06-01,13109,0,0,0,0,13109
1709,98,2025-04-01,0,4306,0,0,0,4306
1710,98,2025-05-01,4306,0,0,0,0,4306
1711,98,2025-06-01,4306,0,0,1024,0,3282
1712,98,2025-07-01,3282,0,625,0,0,3907
1713,98,2025-08-01,3907,0,0,0,0,3907
1714,98,2025-09-01,3907,0,0,0,0,3907
1715,98,2025-10-01,3907,0,0,645,0,3262
1716,98,2025-11-01,3262,0,945,0,0,4207
1717,98,2025-12-01,4207,0,0,0,0,4207
1718,98,2026-01-01,4207,0,0,0,0,4207
1719,98,2026-02-01,4207,0,0,0,4207,0
1720,98,2026-03-01,0,0,0,0,0,0
1721,98,2026-04-01,0,0,0,0,0,0
1722,98,2026-05-01,0,0,0,0,0,0
1723,98,2026-06-01,0,0,0,0,0,0
1724,99,2025-05-01,0,3426,0,0,0,3426
1725,99,2025-06-01,3426,0,0,0,0,3426
1726,99,2025-07-01,3426,0,0,0,0,3426
1727,99,2025-08-01,3426,0,0,0,0,3426
1728,99,2025-09-01,3426,0,0,0,0,3426
1729,99,2025-10-01,3426,0,0,0,0,3426
1730,99,2025-11-01,3426,0,0,0,0,3426
1731,99,2025-12-01,3426,0,0,0,0,3426
1732,99,2026-01-01,3426,0,0,0,0,3426
1733,99,2026-02-01,3426,0,0,0,0,3426
1734,99,2026-03-01,3426,0,0,0,0,3426
1735,99,2026-04-01,3426,0,0,0,0,3426
1736,99,2026-05-01,3426,0,0,0,0,3426
1737,99,2026-06-01,3426,0,0,0,0,3426
1738,100,2026-02-01,0,26277,0,0,0,26277
1739,100,2026-03-01,26277,0,0,5518,0,20759
1740,100,2026-04-01,20759,0,0,0,0,20759
1741,100,2026-05-01,20759,0,0,0,0,20759
1742,100,2026-06-01,20759,0,0,0,0,20759
1743,101,2025-03-01,0,5061,0,0,0,5061
1744,101,2025-04-01,5061,0,0,0,0,5061
1745,101,2025-05-01,5061,0,0,0,0,5061
1746,101,2025-06-01,5061,0,0,0,0,5061
1747,101,2025-07-01,5061,0,0,0,5061,0
1748,101,2025-08-01,0,0,0,0,0,0
1749,101,2025-09-01,0,0,0,0,0,0
1750,101,2025-10-01,0,0,0,0,0,0
1751,101,2025-11-01,0,0,0,0,0,0
1752,101,2025-12-01,0,0,0,0,0,0
1753,101,2026-01-01,0,0,0,0,0,0
1754,101,2026-02-01,0,0,0,0,0,0
1755,101,2026-03-01,0,0,0,0,0,0
1756,101,2026-04-01,0,0,0,0,0,0
1757,101,2026-05-01,0,0,0,0,0,0
1758,101,2026-06-01,0,0,0,0,0,0
1759,102,2025-05-01,0,19381,0,0,0,19381
1760,102,2025-06-01,19381,0,0,0,0,19381
1761,102,2025-07-01,19381,0,0,0,0,19381
1762,102,2025-08-01,19381,0,0,0,0,19381
1763,102,2025-09-01,19381,0,3851,0,0,23232
1764,102,2025-10-01,23232,0,0,0,0,23232
1765,102,2025-11-01,23232,0,0,3873,0,19359
1766,102,2025-12-01,19359,0,0,0,19359,0
1767,102,2026-01-01,0,0,0,0,0,0
1768,102,2026-02-01,0,0,0,0,0,0
1769,102,2026-03-01,0,0,0,0,0,0
1770,102,2026-04-01,0,0,0,0,0,0
1771,102,2026-05-01,0,0,0,0,0,0
1772,102,2026-06-01,0,0,0,0,0,0
1773,103,2024-09-01,0,4698,0,0,0,4698
1774,103,2024-10-01,4698,0,0,712,0,3986
1775,103,2024-11-01,3986,0,0,0,0,3986
1776,103,2024-12-01,3986,0,472,0,0,4458
1777,103,2025-01-01,4458,0,0,0,0,4458
1778,103,2025-02-01,4458,0,0,0,0,4458
1779,103,2025-03-01,4458,0,0,0,0,4458
1780,103,2025-04-01,4458,0,0,0,0,4458
1781,103,2025-05-01,4458,0,0,0,0,4458
1782,103,2025-06-01,4458,0,0,0,0,4458
1783,103,2025-07-01,4458,0,0,0,0,4458
1784,103,2025-08-01,4458,0,0,0,0,4458
1785,103,2025-09-01,4458,0,0,0,0,4458
1786,103,2025-10-01,4458,0,0,0,0,4458
1787,103,2025-11-01,4458,0,794,0,0,5252
1788,103,2025-12-01,5252,0,0,0,0,5252
1789,103,2026-01-01,5252,0,0,0,5252,0
1790,103,2026-02-01,0,0,0,0,0,0
1791,103,2026-03-01,0,0,0,0,0,0
1792,103,2026-04-01,0,0,0,0,0,0
1793,103,2026-05-01,0,0,0,0,0,0
1794,103,2026-06-01,0,0,0,0,0,0
1795,104,2025-01-01,0,7274,0,0,0,7274
1796,104,2025-02-01,7274,0,0,0,0,7274
1797,104,2025-03-01,7274,0,0,0,0,7274
1798,104,2025-04-01,7274,0,0,0,0,7274
1799,104,2025-05-01,7274,0,0,0,0,7274
1800,104,2025-06-01,7274,0,0,797,0,6477
1801,104,2025-07-01,6477,0,0,0,0,6477
1802,104,2025-08-01,6477,0,0,0,0,6477
1803,104,2025-09-01,6477,0,0,0,0,6477
1804,104,2025-10-01,6477,0,0,0,6477,0
1805,104,2025-11-01,0,0,0,0,0,0
1806,104,2025-12-01,0,0,0,0,0,0
1807,104,2026-01-01,0,0,0,0,0,0
1808,104,2026-02-01,0,0,0,0,0,0
1809,104,2026-03-01,0,0,0,0,0,0
1810,104,2026-04-01,0,0,0,0,0,0
1811,104,2026-05-01,0,0,0,0,0,0
1812,104,2026-06-01,0,0,0,0,0,0
1813,105,2025-08-01,0,15813,0,0,0,15813
1814,105,2025-09-01,15813,0,0,0,0,15813
1815,105,2025-10-01,15813,0,0,0,0,15813
1816,105,2025-11-01,15813,0,0,0,0,15813
1817,105,2025-12-01,15813,0,0,0,0,15813
1818,105,2026-01-01,15813,0,0,0,0,15813
1819,105,2026-02-01,15813,0,0,0,0,15813
1820,105,2026-03-01,15813,0,0,0,0,15813
1821,105,2026-04-01,15813,0,0,0,0,15813
1822,105,2026-05-01,15813,0,0,0,0,15813
1823,105,2026-06-01,15813,0,3601,0,0,19414
1824,106,2025-09-01,0,4497,0,0,0,4497
1825,106,2025-10-01,4497,0,0,0,0,4497
1826,106,2025-11-01,4497,0,0,0,0,4497
1827,106,2025-12-01,4497,0,0,0,0,4497
1828,106,2026-01-01,4497,0,0,0,0,4497
1829,106,2026-02-01,4497,0,0,0,0,4497
1830,106,2026-03-01,4497,0,0,0,0,4497
1831,106,2026-04-01,4497,0,0,1025,0,3472
1832,106,2026-05-01,3472,0,0,0,0,3472
1833,106,2026-06-01,3472,0,0,557,0,2915
1834,107,2025-04-01,0,47431,0,0,0,47431
1835,107,2025-05-01,47431,0,0,0,0,47431
1836,107,2025-06-01,47431,0,0,0,0,47431
1837,107,2025-07-01,47431,0,0,0,0,47431
1838,107,2025-08-01,47431,0,0,0,0,47431
1839,107,2025-09-01,47431,0,0,0,0,47431
1840,107,2025-10-01,47431,0,0,0,47431,0
1841,107,2025-11-01,0,0,0,0,0,0
1842,107,2025-12-01,0,0,0,0,0,0
1843,107,2026-01-01,0,0,0,0,0,0
1844,107,2026-02-01,0,0,0,0,0,0
1845,107,2026-03-01,0,0,0,0,0,0
1846,107,2026-04-01,0,0,0,0,0,0
1847,107,2026-05-01,0,0,0,0,0,0
1848,107,2026-06-01,0,0,0,0,0,0
1849,108,2025-12-01,0,63367,0,0,0,63367
1850,108,2026-01-01,63367,0,0,0,0,63367
1851,108,2026-02-01,63367,0,0,0,0,63367
1852,108,2026-03-01,63367,0,0,0,0,63367
1853,108,2026-04-01,63367,0,0,0,0,63367
1854,108,2026-05-01,63367,0,0,0,0,63367
1855,108,2026-06-01,63367,0,0,0,0,63367
1856,109,2024-02-01,0,21059,0,0,0,21059
1857,109,2024-03-01,21059,0,0,0,0,21059
1858,109,2024-04-01,21059,0,0,0,0,21059
1859,109,2024-05-01,21059,0,0,0,0,21059
1860,109,2024-06-01,21059,0,0,0,0,21059
1861,109,2024-07-01,21059,0,0,0,0,21059
1862,109,2024-08-01,21059,0,0,0,0,21059
1863,109,2024-09-01,21059,0,0,0,0,21059
1864,109,2024-10-01,21059,0,0,0,0,21059
1865,109,2024-11-01,21059,0,0,0,0,21059
1866,109,2024-12-01,21059,0,0,0,21059,0
1867,109,2025-01-01,0,0,0,0,0,0
1868,109,2025-02-01,0,0,0,0,0,0
1869,109,2025-03-01,0,0,0,0,0,0
1870,109,2025-04-01,0,0,0,0,0,0
1871,109,2025-05-01,0,0,0,0,0,0
1872,109,2025-06-01,0,0,0,0,0,0
1873,109,2025-07-01,0,0,0,0,0,0
1874,109,2025-08-01,0,0,0,0,0,0
1875,109,2025-09-01,0,0,0,0,0,0
1876,109,2025-10-01,0,0,0,0,0,0
1877,109,2025-11-01,0,0,0,0,0,0
1878,109,2025-12-01,0,0,0,0,0,0
1879,109,2026-01-01,0,0,0,0,0,0
1880,109,2026-02-01,0,0,0,0,0,0
1881,109,2026-03-01,0,0,0,0,0,0
1882,109,2026-04-01,0,0,0,0,0,0
1883,109,2026-05-01,0,0,0,0,0,0
1884,109,2026-06-01,0,0,0,0,0,0
1885,110,2024-12-01,0,40333,0,0,0,40333
1886,110,2025-01-01,40333,0,0,0,0,40333
1887,110,2025-02-01,40333,0,0,0,0,40333
1888,110,2025-03-01,40333,0,9485,0,0,49818
1889,110,2025-04-01,49818,0,0,0,0,49818
1890,110,2025-05-01,49818,0,0,0,0,49818
1891,110,2025-06-01,49818,0,0,0,0,49818
1892,110,2025-07-01,49818,0,0,9567,0,40251
1893,110,2025-08-01,40251,0,0,0,0,40251
1894,110,2025-09-01,40251,0,0,0,0,40251
1895,110,2025-10-01,40251,0,0,0,0,40251
1896,110,2025-11-01,40251,0,0,0,0,40251
1897,110,2025-12-01,40251,0,0,0,0,40251
1898,110,2026-01-01,40251,0,0,0,0,40251
1899,110,2026-02-01,40251,0,0,0,0,40251
1900,110,2026-03-01,40251,0,0,0,0,40251
1901,110,2026-04-01,40251,0,5313,0,0,45564
1902,110,2026-05-01,45564,0,0,0,0,45564
1903,110,2026-06-01,45564,0,0,0,0,45564
1904,111,2024-03-01,0,6176,0,0,0,6176
1905,111,2024-04-01,6176,0,0,0,0,6176
1906,111,2024-05-01,6176,0,0,0,0,6176
1907,111,2024-06-01,6176,0,0,0,0,6176
1908,111,2024-07-01,6176,0,0,0,0,6176
1909,111,2024-08-01,6176,0,0,0,0,6176
1910,111,2024-09-01,6176,0,0,0,0,6176
1911,111,2024-10-01,6176,0,0,0,0,6176
1912,111,2024-11-01,6176,0,0,0,0,6176
1913,111,2024-12-01,6176,0,0,0,0,6176
1914,111,2025-01-01,6176,0,0,0,0,6176
1915,111,2025-02-01,6176,0,0,0,0,6176
1916,111,2025-03-01,6176,0,0,0,0,6176
1917,111,2025-04-01,6176,0,0,0,0,6176
1918,111,2025-05-01,6176,0,1009,0,0,7185
1919,111,2025-06-01,7185,0,0,0,0,7185
1920,111,2025-07-01,7185,0,0,0,0,7185
1921,111,2025-08-01,7185,0,0,0,0,7185
1922,111,2025-09-01,7185,0,0,0,0,7185
1923,111,2025-10-01,7185,0,0,0,0,7185
1924,111,2025-11-01,7185,0,0,0,0,7185
1925,111,2025-12-01,7185,0,0,0,0,7185
1926,111,2026-01-01,7185,0,0,0,0,7185
1927,111,2026-02-01,7185,0,0,844,0,6341
1928,111,2026-03-01,6341,0,0,0,0,6341
1929,111,2026-04-01,6341,0,0,0,0,6341
1930,111,2026-05-01,6341,0,0,0,0,6341
1931,111,2026-06-01,6341,0,0,0,0,6341
1932,112,2024-09-01,0,11349,0,0,0,11349
1933,112,2024-10-01,11349,0,0,0,11349,0
1934,112,2024-11-01,0,0,0,0,0,0
1935,112,2024-12-01,0,0,0,0,0,0
1936,112,2025-01-01,0,0,0,0,0,0
1937,112,2025-02-01,0,0,0,0,0,0
1938,112,2025-03-01,0,0,0,0,0,0
1939,112,2025-04-01,0,0,0,0,0,0
1940,112,2025-05-01,0,0,0,0,0,0
1941,112,2025-06-01,0,0,0,0,0,0
1942,112,2025-07-01,0,0,0,0,0,0
1943,112,2025-08-01,0,0,0,0,0,0
1944,112,2025-09-01,0,0,0,0,0,0
1945,112,2025-10-01,0,0,0,0,0,0
1946,112,2025-11-01,0,0,0,0,0,0
1947,112,2025-12-01,0,0,0,0,0,0
1948,112,2026-01-01,0,0,0,0,0,0
1949,112,2026-02-01,0,0,0,0,0,0
1950,112,2026-03-01,0,0,0,0,0,0
1951,112,2026-04-01,0,0,0,0,0,0
1952,112,2026-05-01,0,0,0,0,0,0
1953,112,2026-06-01,0,0,0,0,0,0
1954,113,2025-07-01,0,24713,0,0,0,24713
1955,113,2025-08-01,24713,0,0,0,0,24713
1956,113,2025-09-01,24713,0,0,0,0,24713
1957,113,2025-10-01,24713,0,0,4626,0,20087
1958,113,2025-11-01,20087,0,0,0,0,20087
1959,113,2025-12-01,20087,0,0,0,0,20087
1960,113,2026-01-01,20087,0,0,0,0,20087
1961,113,2026-02-01,20087,0,0,0,0,20087
1962,113,2026-03-01,20087,0,0,3657,0,16430
1963,113,2026-04-01,16430,0,0,0,0,16430
1964,113,2026-05-01,16430,0,0,0,0,16430
1965,113,2026-06-01,16430,0,4516,0,0,20946
1966,114,2024-09-01,0,16204,0,0,0,16204
1967,114,2024-10-01,16204,0,0,0,0,16204
1968,114,2024-11-01,16204,0,0,0,0,16204
1969,114,2024-12-01,16204,0,0,0,0,16204
1970,114,2025-01-01,16204,0,0,0,0,16204
1971,114,2025-02-01,16204,0,0,0,0,16204
1972,114,2025-03-01,16204,0,0,0,0,16204
1973,114,2025-04-01,16204,0,0,0,16204,0
1974,114,2025-05-01,0,0,0,0,0,0
1975,114,2025-06-01,0,0,0,0,0,0
1976,114,2025-07-01,0,0,0,0,0,0
1977,114,2025-08-01,0,0,0,0,0,0
1978,114,2025-09-01,0,0,0,0,0,0
1979,114,2025-10-01,0,0,0,0,0,0
1980,114,2025-11-01,0,0,0,0,0,0
1981,114,2025-12-01,0,0,0,0,0,0
1982,114,2026-01-01,0,0,0,0,0,0
1983,114,2026-02-01,0,0,0,0,0,0
1984,114,2026-03-01,0,0,0,0,0,0
1985,114,2026-04-01,0,0,0,0,0,0
1986,114,2026-05-01,0,0,0,0,0,0
1987,114,2026-06-01,0,0,0,0,0,0
1988,115,2024-05-01,0,5368,0,0,0,5368
1989,115,2024-06-01,5368,0,0,0,0,5368
1990,115,2024-07-01,5368,0,0,661,0,4707
1991,115,2024-08-01,4707,0,0,0,0,4707
1992,115,2024-09-01,4707,0,939,0,0,5646
1993,115,2024-10-01,5646,0,0,0,0,5646
1994,115,2024-11-01,5646,0,0,0,5646,0
1995,115,2024-12-01,0,0,0,0,0,0
1996,115,2025-01-01,0,0,0,0,0,0
1997,115,2025-02-01,0,0,0,0,0,0
1998,115,2025-03-01,0,0,0,0,0,0
1999,115,2025-04-01,0,0,0,0,0,0
2000,115,2025-05-01,0,0,0,0,0,0
2001,115,2025-06-01,0,0,0,0,0,0
2002,115,2025-07-01,0,0,0,0,0,0
2003,115,2025-08-01,0,0,0,0,0,0
2004,115,2025-09-01,0,0,0,0,0,0
2005,115,2025-10-01,0,0,0,0,0,0
2006,115,2025-11-01,0,0,0,0,0,0
2007,115,2025-12-01,0,0,0,0,0,0
2008,115,2026-01-01,0,0,0,0,0,0
2009,115,2026-02-01,0,0,0,0,0,0
2010,115,2026-03-01,0,0,0,0,0,0
2011,115,2026-04-01,0,0,0,0,0,0
2012,115,2026-05-01,0,0,0,0,0,0
2013,115,2026-06-01,0,0,0,0,0,0
2014,116,2024-12-01,0,7497,0,0,0,7497
2015,116,2025-01-01,7497,0,0,0,0,7497
2016,116,2025-02-01,7497,0,0,0,7497,0
2017,116,2025-03-01,0,0,0,0,0,0
2018,116,2025-04-01,0,0,0,0,0,0
2019,116,2025-05-01,0,0,0,0,0,0
2020,116,2025-06-01,0,0,0,0,0,0
2021,116,2025-07-01,0,0,0,0,0,0
2022,116,2025-08-01,0,0,0,0,0,0
2023,116,2025-09-01,0,0,0,0,0,0
2024,116,2025-10-01,0,0,0,0,0,0
2025,116,2025-11-01,0,0,0,0,0,0
2026,116,2025-12-01,0,0,0,0,0,0
2027,116,2026-01-01,0,0,0,0,0,0
2028,116,2026-02-01,0,0,0,0,0,0
2029,116,2026-03-01,0,0,0,0,0,0
2030,116,2026-04-01,0,0,0,0,0,0
2031,116,2026-05-01,0,0,0,0,0,0
2032,116,2026-06-01,0,0,0,0,0,0
2033,117,2025-10-01,0,14952,0,0,0,14952
2034,117,2025-11-01,14952,0,0,3028,0,11924
2035,117,2025-12-01,11924,0,0,0,0,11924
2036,117,2026-01-01,11924,0,0,1286,0,10638
2037,117,2026-02-01,10638,0,0,0,0,10638
2038,117,2026-03-01,10638,0,0,0,0,10638
2039,117,2026-04-01,10638,0,0,0,10638,0
2040,117,2026-05-01,0,0,0,0,0,0
2041,117,2026-06-01,0,0,0,0,0,0
2042,118,2025-04-01,0,24897,0,0,0,24897
2043,118,2025-05-01,24897,0,0,0,0,24897
2044,118,2025-06-01,24897,0,0,0,0,24897
2045,118,2025-07-01,24897,0,0,0,24897,0
2046,118,2025-08-01,0,0,0,0,0,0
2047,118,2025-09-01,0,0,0,0,0,0
2048,118,2025-10-01,0,0,0,0,0,0
2049,118,2025-11-01,0,0,0,0,0,0
2050,118,2025-12-01,0,0,0,0,0,0
2051,118,2026-01-01,0,0,0,0,0,0
2052,118,2026-02-01,0,0,0,0,0,0
2053,118,2026-03-01,0,0,0,0,0,0
2054,118,2026-04-01,0,0,0,0,0,0
2055,118,2026-05-01,0,0,0,0,0,0
2056,118,2026-06-01,0,0,0,0,0,0
2057,119,2025-12-01,0,23115,0,0,0,23115
2058,119,2026-01-01,23115,0,0,0,0,23115
2059,119,2026-02-01,23115,0,0,0,0,23115
2060,119,2026-03-01,23115,0,0,0,0,23115
2061,119,2026-04-01,23115,0,0,0,0,23115
2062,119,2026-05-01,23115,0,0,0,0,23115
2063,119,2026-06-01,23115,0,0,3666,0,19449
2064,120,2025-04-01,0,7871,0,0,0,7871
2065,120,2025-05-01,7871,0,1808,0,0,9679
2066,120,2025-06-01,9679,0,0,0,0,9679
2067,120,2025-07-01,9679,0,0,0,9679,0
2068,120,2025-08-01,0,0,0,0,0,0
2069,120,2025-09-01,0,0,0,0,0,0
2070,120,2025-10-01,0,0,0,0,0,0
2071,120,2025-11-01,0,0,0,0,0,0
2072,120,2025-12-01,0,0,0,0,0,0
2073,120,2026-01-01,0,0,0,0,0,0
2074,120,2026-02-01,0,0,0,0,0,0
2075,120,2026-03-01,0,0,0,0,0,0
2076,120,2026-04-01,0,0,0,0,0,0
2077,120,2026-05-01,0,0,0,0,0,0
2078,120,2026-06-01,0,0,0,0,0,0
2079,121,2024-05-01,0,5701,0,0,0,5701
2080,121,2024-06-01,5701,0,0,0,0,5701
2081,121,2024-07-01,5701,0,0,0,0,5701
2082,121,2024-08-01,5701,0,0,0,0,5701
2083,121,2024-09-01,5701,0,0,0,0,5701
2084,121,2024-10-01,5701,0,1259,0,0,6960
2085,121,2024-11-01,6960,0,0,0,0,6960
2086,121,2024-12-01,6960,0,0,0,0,6960
2087,121,2025-01-01,6960,0,0,0,0,6960
2088,121,2025-02-01,6960,0,0,0,0,6960
2089,121,2025-03-01,6960,0,0,0,0,6960
2090,121,2025-04-01,6960,0,0,1375,0,5585
2091,121,2025-05-01,5585,0,0,0,0,5585
2092,121,2025-06-01,5585,0,0,0,0,5585
2093,121,2025-07-01,5585,0,0,0,0,5585
2094,121,2025-08-01,5585,0,1437,0,0,7022
2095,121,2025-09-01,7022,0,0,0,0,7022
2096,121,2025-10-01,7022,0,0,0,0,7022
2097,121,2025-11-01,7022,0,0,0,0,7022
2098,121,2025-12-01,7022,0,0,1200,0,5822
2099,121,2026-01-01,5822,0,0,0,0,5822
2100,121,2026-02-01,5822,0,0,0,0,5822
2101,121,2026-03-01,5822,0,0,0,0,5822
2102,121,2026-04-01,5822,0,0,0,5822,0
2103,121,2026-05-01,0,0,0,0,0,0
2104,121,2026-06-01,0,0,0,0,0,0
2105,122,2025-05-01,0,12976,0,0,0,12976
2106,122,2025-06-01,12976,0,0,3064,0,9912
2107,122,2025-07-01,9912,0,0,0,0,9912
2108,122,2025-08-01,9912,0,0,0,0,9912
2109,122,2025-09-01,9912,0,2224,0,0,12136
2110,122,2025-10-01,12136,0,0,0,0,12136
2111,122,2025-11-01,12136,0,0,0,0,12136
2112,122,2025-12-01,12136,0,0,2866,0,9270
2113,122,2026-01-01,9270,0,0,0,0,9270
2114,122,2026-02-01,9270,0,0,0,0,9270
2115,122,2026-03-01,9270,0,0,0,0,9270
2116,122,2026-04-01,9270,0,0,0,0,9270
2117,122,2026-05-01,9270,0,0,0,0,9270
2118,122,2026-06-01,9270,0,0,0,0,9270
2119,123,2025-05-01,0,7039,0,0,0,7039
2120,123,2025-06-01,7039,0,0,0,0,7039
2121,123,2025-07-01,7039,0,0,0,0,7039
2122,123,2025-08-01,7039,0,0,0,0,7039
2123,123,2025-09-01,7039,0,0,0,0,7039
2124,123,2025-10-01,7039,0,0,1646,0,5393
2125,123,2025-11-01,5393,0,0,0,0,5393
2126,123,2025-12-01,5393,0,0,714,0,4679
2127,123,2026-01-01,4679,0,0,0,0,4679
2128,123,2026-02-01,4679,0,0,0,0,4679
2129,123,2026-03-01,4679,0,0,0,0,4679
2130,123,2026-04-01,4679,0,0,0,0,4679
2131,123,2026-05-01,4679,0,0,0,0,4679
2132,123,2026-06-01,4679,0,0,0,0,4679
2133,124,2025-02-01,0,72334,0,0,0,72334
2134,124,2025-03-01,72334,0,0,0,0,72334
2135,124,2025-04-01,72334,0,0,0,0,72334
2136,124,2025-05-01,72334,0,0,0,0,72334
2137,124,2025-06-01,72334,0,0,0,0,72334
2138,124,2025-07-01,72334,0,0,0,0,72334
2139,124,2025-08-01,72334,0,0,0,0,72334
2140,124,2025-09-01,72334,0,0,0,72334,0
2141,124,2025-10-01,0,0,0,0,0,0
2142,124,2025-11-01,0,0,0,0,0,0
2143,124,2025-12-01,0,0,0,0,0,0
2144,124,2026-01-01,0,0,0,0,0,0
2145,124,2026-02-01,0,0,0,0,0,0
2146,124,2026-03-01,0,0,0,0,0,0
2147,124,2026-04-01,0,0,0,0,0,0
2148,124,2026-05-01,0,0,0,0,0,0
2149,124,2026-06-01,0,0,0,0,0,0
2150,125,2025-12-01,0,6729,0,0,0,6729
2151,125,2026-01-01,6729,0,0,0,0,6729
2152,125,2026-02-01,6729,0,1043,0,0,7772
2153,125,2026-03-01,7772,0,0,0,0,7772
2154,125,2026-04-01,7772,0,0,0,0,7772
2155,125,2026-05-01,7772,0,0,0,0,7772
2156,125,2026-06-01,7772,0,0,0,0,7772
2157,126,2024-06-01,0,13133,0,0,0,13133
2158,126,2024-07-01,13133,0,0,0,0,13133
2159,126,2024-08-01,13133,0,0,0,0,13133
2160,126,2024-09-01,13133,0,0,0,0,13133
2161,126,2024-10-01,13133,0,0,0,0,13133
2162,126,2024-11-01,13133,0,0,2141,0,10992
2163,126,2024-12-01,10992,0,0,0,0,10992
2164,126,2025-01-01,10992,0,0,0,0,10992
2165,126,2025-02-01,10992,0,0,0,0,10992
2166,126,2025-03-01,10992,0,0,0,0,10992
2167,126,2025-04-01,10992,0,0,0,0,10992
2168,126,2025-05-01,10992,0,0,2400,0,8592
2169,126,2025-06-01,8592,0,0,0,0,8592
2170,126,2025-07-01,8592,0,0,0,0,8592
2171,126,2025-08-01,8592,0,0,0,0,8592
2172,126,2025-09-01,8592,0,0,0,0,8592
2173,126,2025-10-01,8592,0,0,0,0,8592
2174,126,2025-11-01,8592,0,0,0,0,8592
2175,126,2025-12-01,8592,0,0,0,0,8592
2176,126,2026-01-01,8592,0,0,0,0,8592
2177,126,2026-02-01,8592,0,0,0,0,8592
2178,126,2026-03-01,8592,0,0,0,0,8592
2179,126,2026-04-01,8592,0,0,0,0,8592
2180,126,2026-05-01,8592,0,0,0,0,8592
2181,126,2026-06-01,8592,0,0,0,0,8592
2182,127,2026-03-01,0,28074,0,0,0,28074
2183,127,2026-04-01,28074,0,0,0,0,28074
2184,127,2026-05-01,28074,0,0,0,0,28074
2185,127,2026-06-01,28074,0,0,0,0,28074
2186,128,2025-04-01,0,21599,0,0,0,21599
2187,128,2025-05-01,21599,0,0,0,0,21599
2188,128,2025-06-01,21599,0,0,0,0,21599
2189,128,2025-07-01,21599,0,0,0,0,21599
2190,128,2025-08-01,21599,0,0,0,0,21599
2191,128,2025-09-01,21599,0,0,0,0,21599
2192,128,2025-10-01,21599,0,0,0,0,21599
2193,128,2025-11-01,21599,0,0,0,0,21599
2194,128,2025-12-01,21599,0,0,0,0,21599
2195,128,2026-01-01,21599,0,0,0,0,21599
2196,128,2026-02-01,21599,0,0,0,0,21599
2197,128,2026-03-01,21599,0,0,0,0,21599
2198,128,2026-04-01,21599,0,0,0,0,21599
2199,128,2026-05-01,21599,0,0,0,0,21599
2200,128,2026-06-01,21599,0,0,0,0,21599
2201,129,2025-10-01,0,9710,0,0,0,9710
2202,129,2025-11-01,9710,0,0,0,0,9710
2203,129,2025-12-01,9710,0,0,0,0,9710
2204,129,2026-01-01,9710,0,0,0,0,9710
2205,129,2026-02-01,9710,0,0,0,0,9710
2206,129,2026-03-01,9710,0,0,0,0,9710
2207,129,2026-04-01,9710,0,1268,0,0,10978
2208,129,2026-05-01,10978,0,0,0,0,10978
2209,129,2026-06-01,10978,0,0,0,0,10978
2210,130,2025-12-01,0,39463,0,0,0,39463
2211,130,2026-01-01,39463,0,0,7716,0,31747
2212,130,2026-02-01,31747,0,0,0,0,31747
2213,130,2026-03-01,31747,0,0,0,0,31747
2214,130,2026-04-01,31747,0,0,0,0,31747
2215,130,2026-05-01,31747,0,0,0,0,31747
2216,130,2026-06-01,31747,0,0,0,0,31747
2217,131,2025-11-01,0,16062,0,0,0,16062
2218,131,2025-12-01,16062,0,0,0,0,16062
2219,131,2026-01-01,16062,0,0,0,0,16062
2220,131,2026-02-01,16062,0,0,0,0,16062
2221,131,2026-03-01,16062,0,0,1762,0,14300
2222,131,2026-04-01,14300,0,0,0,0,14300
2223,131,2026-05-01,14300,0,0,0,0,14300
2224,131,2026-06-01,14300,0,0,0,0,14300
2225,132,2025-10-01,0,3838,0,0,0,3838
2226,132,2025-11-01,3838,0,0,0,0,3838
2227,132,2025-12-01,3838,0,0,0,0,3838
2228,132,2026-01-01,3838,0,0,0,0,3838
2229,132,2026-02-01,3838,0,0,0,0,3838
2230,132,2026-03-01,3838,0,0,0,0,3838
2231,132,2026-04-01,3838,0,0,435,0,3403
2232,132,2026-05-01,3403,0,0,0,3403,0
2233,132,2026-06-01,0,0,0,0,0,0
2234,133,2025-04-01,0,6701,0,0,0,6701
2235,133,2025-05-01,6701,0,0,0,0,6701
2236,133,2025-06-01,6701,0,0,0,0,6701
2237,133,2025-07-01,6701,0,0,0,0,6701
2238,133,2025-08-01,6701,0,0,0,0,6701
2239,133,2025-09-01,6701,0,0,0,0,6701
2240,133,2025-10-01,6701,0,0,0,0,6701
2241,133,2025-11-01,6701,0,0,0,0,6701
2242,133,2025-12-01,6701,0,0,0,0,6701
2243,133,2026-01-01,6701,0,0,0,0,6701
2244,133,2026-02-01,6701,0,0,0,0,6701
2245,133,2026-03-01,6701,0,0,0,0,6701
2246,133,2026-04-01,6701,0,0,0,0,6701
2247,133,2026-05-01,6701,0,0,0,0,6701
2248,133,2026-06-01,6701,0,0,0,0,6701
2249,134,2025-12-01,0,7682,0,0,0,7682
2250,134,2026-01-01,7682,0,0,0,0,7682
2251,134,2026-02-01,7682,0,0,0,0,7682
2252,134,2026-03-01,7682,0,1698,0,0,9380
2253,134,2026-04-01,9380,0,0,0,0,9380
2254,134,2026-05-01,9380,0,0,0,0,9380
2255,134,2026-06-01,9380,0,0,0,0,9380
2256,135,2024-05-01,0,5066,0,0,0,5066
2257,135,2024-06-01,5066,0,0,0,0,5066
2258,135,2024-07-01,5066,0,0,0,0,5066
2259,135,2024-08-01,5066,0,0,0,0,5066
2260,135,2024-09-01,5066,0,0,0,0,5066
2261,135,2024-10-01,5066,0,0,0,0,5066
2262,135,2024-11-01,5066,0,0,0,0,5066
2263,135,2024-12-01,5066,0,0,0,0,5066
2264,135,2025-01-01,5066,0,0,0,0,5066
2265,135,2025-02-01,5066,0,0,0,0,5066
2266,135,2025-03-01,5066,0,0,0,0,5066
2267,135,2025-04-01,5066,0,0,0,0,5066
2268,135,2025-05-01,5066,0,0,0,0,5066
2269,135,2025-06-01,5066,0,0,0,0,5066
2270,135,2025-07-01,5066,0,0,0,0,5066
2271,135,2025-08-01,5066,0,0,0,0,5066
2272,135,2025-09-01,5066,0,0,0,0,5066
2273,135,2025-10-01,5066,0,0,0,0,5066
2274,135,2025-11-01,5066,0,0,0,0,5066
2275,135,2025-12-01,5066,0,0,0,0,5066
2276,135,2026-01-01,5066,0,0,0,0,5066
2277,135,2026-02-01,5066,0,0,0,0,5066
2278,135,2026-03-01,5066,0,0,0,0,5066
2279,135,2026-04-01,5066,0,0,0,0,5066
2280,135,2026-05-01,5066,0,0,0,0,5066
2281,135,2026-06-01,5066,0,0,0,0,5066
2282,136,2025-12-01,0,49263,0,0,0,49263
2283,136,2026-01-01,49263,0,0,0,0,49263
2284,136,2026-02-01,49263,0,0,0,0,49263
2285,136,2026-03-01,49263,0,0,0,0,49263
2286,136,2026-04-01,49263,0,0,0,0,49263
2287,136,2026-05-01,49263,0,0,0,0,49263
2288,136,2026-06-01,49263,0,0,0,49263,0
2289,137,2024-04-01,0,3882,0,0,0,3882
2290,137,2024-05-01,3882,0,0,0,0,3882
2291,137,2024-06-01,3882,0,0,0,0,3882
2292,137,2024-07-01,3882,0,0,0,0,3882
2293,137,2024-08-01,3882,0,0,0,0,3882
2294,137,2024-09-01,3882,0,0,0,0,3882
2295,137,2024-10-01,3882,0,0,0,0,3882
2296,137,2024-11-01,3882,0,0,0,0,3882
2297,137,2024-12-01,3882,0,0,0,0,3882
2298,137,2025-01-01,3882,0,0,0,0,3882
2299,137,2025-02-01,3882,0,0,0,0,3882
2300,137,2025-03-01,3882,0,0,0,0,3882
2301,137,2025-04-01,3882,0,0,0,0,3882
2302,137,2025-05-01,3882,0,0,0,0,3882
2303,137,2025-06-01,3882,0,0,0,0,3882
2304,137,2025-07-01,3882,0,0,0,0,3882
2305,137,2025-08-01,3882,0,0,0,0,3882
2306,137,2025-09-01,3882,0,0,0,0,3882
2307,137,2025-10-01,3882,0,0,0,0,3882
2308,137,2025-11-01,3882,0,0,0,0,3882
2309,137,2025-12-01,3882,0,612,0,0,4494
2310,137,2026-01-01,4494,0,0,0,4494,0
2311,137,2026-02-01,0,0,0,0,0,0
2312,137,2026-03-01,0,0,0,0,0,0
2313,137,2026-04-01,0,0,0,0,0,0
2314,137,2026-05-01,0,0,0,0,0,0
2315,137,2026-06-01,0,0,0,0,0,0
2316,138,2024-10-01,0,9847,0,0,0,9847
2317,138,2024-11-01,9847,0,0,0,0,9847
2318,138,2024-12-01,9847,0,0,0,0,9847
2319,138,2025-01-01,9847,0,1123,0,0,10970
2320,138,2025-02-01,10970,0,0,0,0,10970
2321,138,2025-03-01,10970,0,0,0,0,10970
2322,138,2025-04-01,10970,0,0,0,0,10970
2323,138,2025-05-01,10970,0,2017,0,0,12987
2324,138,2025-06-01,12987,0,0,0,0,12987
2325,138,2025-07-01,12987,0,0,2658,0,10329
2326,138,2025-08-01,10329,0,0,0,10329,0
2327,138,2025-09-01,0,0,0,0,0,0
2328,138,2025-10-01,0,0,0,0,0,0
2329,138,2025-11-01,0,0,0,0,0,0
2330,138,2025-12-01,0,0,0,0,0,0
2331,138,2026-01-01,0,0,0,0,0,0
2332,138,2026-02-01,0,0,0,0,0,0
2333,138,2026-03-01,0,0,0,0,0,0
2334,138,2026-04-01,0,0,0,0,0,0
2335,138,2026-05-01,0,0,0,0,0,0
2336,138,2026-06-01,0,0,0,0,0,0
2337,139,2025-05-01,0,6159,0,0,0,6159
2338,139,2025-06-01,6159,0,0,0,0,6159
2339,139,2025-07-01,6159,0,0,0,0,6159
2340,139,2025-08-01,6159,0,0,0,0,6159
2341,139,2025-09-01,6159,0,0,1437,0,4722
2342,139,2025-10-01,4722,0,0,0,0,4722
2343,139,2025-11-01,4722,0,0,0,0,4722
2344,139,2025-12-01,4722,0,0,0,0,4722
2345,139,2026-01-01,4722,0,0,0,0,4722
2346,139,2026-02-01,4722,0,0,0,0,4722
2347,139,2026-03-01,4722,0,0,0,0,4722
2348,139,2026-04-01,4722,0,0,0,0,4722
2349,139,2026-05-01,4722,0,0,0,0,4722
2350,139,2026-06-01,4722,0,0,0,0,4722
2351,140,2024-03-01,0,6354,0,0,0,6354
2352,140,2024-04-01,6354,0,0,0,0,6354
2353,140,2024-05-01,6354,0,0,0,0,6354
2354,140,2024-06-01,6354,0,0,0,0,6354
2355,140,2024-07-01,6354,0,0,0,6354,0
2356,140,2024-08-01,0,0,0,0,0,0
2357,140,2024-09-01,0,0,0,0,0,0
2358,140,2024-10-01,0,0,0,0,0,0
2359,140,2024-11-01,0,0,0,0,0,0
2360,140,2024-12-01,0,0,0,0,0,0
2361,140,2025-01-01,0,0,0,0,0,0
2362,140,2025-02-01,0,0,0,0,0,0
2363,140,2025-03-01,0,0,0,0,0,0
2364,140,2025-04-01,0,0,0,0,0,0
2365,140,2025-05-01,0,0,0,0,0,0
2366,140,2025-06-01,0,0,0,0,0,0
2367,140,2025-07-01,0,0,0,0,0,0
2368,140,2025-08-01,0,0,0,0,0,0
2369,140,2025-09-01,0,0,0,0,0,0
2370,140,2025-10-01,0,0,0,0,0,0
2371,140,2025-11-01,0,0,0,0,0,0
2372,140,2025-12-01,0,0,0,0,0,0
2373,140,2026-01-01,0,0,0,0,0,0
2374,140,2026-02-01,0,0,0,0,0,0
2375,140,2026-03-01,0,0,0,0,0,0
2376,140,2026-04-01,0,0,0,0,0,0
2377,140,2026-05-01,0,0,0,0,0,0
2378,140,2026-06-01,0,0,0,0,0,0
2379,141,2024-05-01,0,12959,0,0,0,12959
2380,141,2024-06-01,12959,0,0,0,0,12959
2381,141,2024-07-01,12959,0,0,0,0,12959
2382,141,2024-08-01,12959,0,0,0,12959,0
2383,141,2024-09-01,0,0,0,0,0,0
2384,141,2024-10-01,0,0,0,0,0,0
2385,141,2024-11-01,0,0,0,0,0,0
2386,141,2024-12-01,0,0,0,0,0,0
2387,141,2025-01-01,0,0,0,0,0,0
2388,141,2025-02-01,0,0,0,0,0,0
2389,141,2025-03-01,0,0,0,0,0,0
2390,141,2025-04-01,0,0,0,0,0,0
2391,141,2025-05-01,0,0,0,0,0,0
2392,141,2025-06-01,0,0,0,0,0,0
2393,141,2025-07-01,0,0,0,0,0,0
2394,141,2025-08-01,0,0,0,0,0,0
2395,141,2025-09-01,0,0,0,0,0,0
2396,141,2025-10-01,0,0,0,0,0,0
2397,141,2025-11-01,0,0,0,0,0,0
2398,141,2025-12-01,0,0,0,0,0,0
2399,141,2026-01-01,0,0,0,0,0,0
2400,141,2026-02-01,0,0,0,0,0,0
2401,141,2026-03-01,0,0,0,0,0,0
2402,141,2026-04-01,0,0,0,0,0,0
2403,141,2026-05-01,0,0,0,0,0,0
2404,141,2026-06-01,0,0,0,0,0,0
2405,142,2024-03-01,0,5281,0,0,0,5281
2406,142,2024-04-01,5281,0,0,0,0,5281
2407,142,2024-05-01,5281,0,0,0,0,5281
2408,142,2024-06-01,5281,0,0,0,0,5281
2409,142,2024-07-01,5281,0,0,0,0,5281
2410,142,2024-08-01,5281,0,0,0,0,5281
2411,142,2024-09-01,5281,0,0,0,0,5281
2412,142,2024-10-01,5281,0,0,0,0,5281
2413,142,2024-11-01,5281,0,0,0,0,5281
2414,142,2024-12-01,5281,0,0,0,0,5281
2415,142,2025-01-01,5281,0,0,0,0,5281
2416,142,2025-02-01,5281,0,0,0,0,5281
2417,142,2025-03-01,5281,0,0,0,0,5281
2418,142,2025-04-01,5281,0,0,1056,0,4225
2419,142,2025-05-01,4225,0,0,0,0,4225
2420,142,2025-06-01,4225,0,0,0,0,4225
2421,142,2025-07-01,4225,0,0,0,0,4225
2422,142,2025-08-01,4225,0,0,0,0,4225
2423,142,2025-09-01,4225,0,0,0,0,4225
2424,142,2025-10-01,4225,0,1206,0,0,5431
2425,142,2025-11-01,5431,0,1394,0,0,6825
2426,142,2025-12-01,6825,0,0,0,0,6825
2427,142,2026-01-01,6825,0,0,0,0,6825
2428,142,2026-02-01,6825,0,0,1649,0,5176
2429,142,2026-03-01,5176,0,0,0,0,5176
2430,142,2026-04-01,5176,0,0,0,0,5176
2431,142,2026-05-01,5176,0,0,0,5176,0
2432,142,2026-06-01,0,0,0,0,0,0
2433,143,2025-04-01,0,7642,0,0,0,7642
2434,143,2025-05-01,7642,0,0,0,0,7642
2435,143,2025-06-01,7642,0,0,0,0,7642
2436,143,2025-07-01,7642,0,0,0,0,7642
2437,143,2025-08-01,7642,0,0,0,0,7642
2438,143,2025-09-01,7642,0,0,0,0,7642
2439,143,2025-10-01,7642,0,0,0,0,7642
2440,143,2025-11-01,7642,0,0,0,0,7642
2441,143,2025-12-01,7642,0,0,0,0,7642
2442,143,2026-01-01,7642,0,0,0,0,7642
2443,143,2026-02-01,7642,0,1463,0,0,9105
2444,143,2026-03-01,9105,0,2701,0,0,11806
2445,143,2026-04-01,11806,0,0,2170,0,9636
2446,143,2026-05-01,9636,0,0,0,0,9636
2447,143,2026-06-01,9636,0,1157,0,0,10793
2448,144,2024-07-01,0,22055,0,0,0,22055
2449,144,2024-08-01,22055,0,0,0,0,22055
2450,144,2024-09-01,22055,0,0,0,0,22055
2451,144,2024-10-01,22055,0,4928,0,0,26983
2452,144,2024-11-01,26983,0,0,0,0,26983
2453,144,2024-12-01,26983,0,0,0,0,26983
2454,144,2025-01-01,26983,0,5048,0,0,32031
2455,144,2025-02-01,32031,0,0,0,0,32031
2456,144,2025-03-01,32031,0,0,0,0,32031
2457,144,2025-04-01,32031,0,0,0,0,32031
2458,144,2025-05-01,32031,0,0,0,0,32031
2459,144,2025-06-01,32031,0,0,0,0,32031
2460,144,2025-07-01,32031,0,0,0,0,32031
2461,144,2025-08-01,32031,0,0,0,0,32031
2462,144,2025-09-01,32031,0,0,0,0,32031
2463,144,2025-10-01,32031,0,0,0,0,32031
2464,144,2025-11-01,32031,0,0,0,0,32031
2465,144,2025-12-01,32031,0,0,0,0,32031
2466,144,2026-01-01,32031,0,0,0,0,32031
2467,144,2026-02-01,32031,0,0,0,32031,0
2468,144,2026-03-01,0,0,0,0,0,0
2469,144,2026-04-01,0,0,0,0,0,0
2470,144,2026-05-01,0,0,0,0,0,0
2471,144,2026-06-01,0,0,0,0,0,0
2472,145,2025-08-01,0,6715,0,0,0,6715
2473,145,2025-09-01,6715,0,0,0,0,6715
2474,145,2025-10-01,6715,0,1020,0,0,7735
2475,145,2025-11-01,7735,0,0,0,0,7735
2476,145,2025-12-01,7735,0,0,0,0,7735
2477,145,2026-01-01,7735,0,0,0,0,7735
2478,145,2026-02-01,7735,0,0,0,0,7735
2479,145,2026-03-01,7735,0,0,1888,0,5847
2480,145,2026-04-01,5847,0,0,0,0,5847
2481,145,2026-05-01,5847,0,0,0,0,5847
2482,145,2026-06-01,5847,0,0,0,0,5847
2483,146,2025-01-01,0,7840,0,0,0,7840
2484,146,2025-02-01,7840,0,0,0,0,7840
2485,146,2025-03-01,7840,0,0,0,0,7840
2486,146,2025-04-01,7840,0,0,0,7840,0
2487,146,2025-05-01,0,0,0,0,0,0
2488,146,2025-06-01,0,0,0,0,0,0
2489,146,2025-07-01,0,0,0,0,0,0
2490,146,2025-08-01,0,0,0,0,0,0
2491,146,2025-09-01,0,0,0,0,0,0
2492,146,2025-10-01,0,0,0,0,0,0
2493,146,2025-11-01,0,0,0,0,0,0
2494,146,2025-12-01,0,0,0,0,0,0
2495,146,2026-01-01,0,0,0,0,0,0
2496,146,2026-02-01,0,0,0,0,0,0
2497,146,2026-03-01,0,0,0,0,0,0
2498,146,2026-04-01,0,0,0,0,0,0
2499,146,2026-05-01,0,0,0,0,0,0
2500,146,2026-06-01,0,0,0,0,0,0
2501,147,2026-02-01,0,33721,0,0,0,33721
2502,147,2026-03-01,33721,0,0,0,33721,0
2503,147,2026-04-01,0,0,0,0,0,0
2504,147,2026-05-01,0,0,0,0,0,0
2505,147,2026-06-01,0,0,0,0,0,0
2506,148,2025-05-01,0,5986,0,0,0,5986
2507,148,2025-06-01,5986,0,0,0,0,5986
2508,148,2025-07-01,5986,0,0,0,0,5986
2509,148,2025-08-01,5986,0,0,0,0,5986
2510,148,2025-09-01,5986,0,0,0,0,5986
2511,148,2025-10-01,5986,0,0,0,0,5986
2512,148,2025-11-01,5986,0,0,0,0,5986
2513,148,2025-12-01,5986,0,0,0,0,5986
2514,148,2026-01-01,5986,0,0,0,0,5986
2515,148,2026-02-01,5986,0,0,0,0,5986
2516,148,2026-03-01,5986,0,0,0,0,5986
2517,148,2026-04-01,5986,0,0,0,0,5986
2518,148,2026-05-01,5986,0,0,0,0,5986
2519,148,2026-06-01,5986,0,0,0,0,5986
2520,149,2025-12-01,0,19103,0,0,0,19103
2521,149,2026-01-01,19103,0,0,4542,0,14561
2522,149,2026-02-01,14561,0,4050,0,0,18611
2523,149,2026-03-01,18611,0,0,0,18611,0
2524,149,2026-04-01,0,0,0,0,0,0
2525,149,2026-05-01,0,0,0,0,0,0
2526,149,2026-06-01,0,0,0,0,0,0
2527,150,2025-11-01,0,24839,0,0,0,24839
2528,150,2025-12-01,24839,0,3726,0,0,28565
2529,150,2026-01-01,28565,0,0,0,0,28565
2530,150,2026-02-01,28565,0,0,0,0,28565
2531,150,2026-03-01,28565,0,0,0,0,28565
2532,150,2026-04-01,28565,0,0,0,0,28565
2533,150,2026-05-01,28565,0,7078,0,0,35643
2534,150,2026-06-01,35643,0,0,0,0,35643
2535,151,2025-08-01,0,3063,0,0,0,3063
2536,151,2025-09-01,3063,0,0,0,3063,0
2537,151,2025-10-01,0,0,0,0,0,0
2538,151,2025-11-01,0,0,0,0,0,0
2539,151,2025-12-01,0,0,0,0,0,0
2540,151,2026-01-01,0,0,0,0,0,0
2541,151,2026-02-01,0,0,0,0,0,0
2542,151,2026-03-01,0,0,0,0,0,0
2543,151,2026-04-01,0,0,0,0,0,0
2544,151,2026-05-01,0,0,0,0,0,0
2545,151,2026-06-01,0,0,0,0,0,0
2546,152,2025-10-01,0,46013,0,0,0,46013
2547,152,2025-11-01,46013,0,0,0,0,46013
2548,152,2025-12-01,46013,0,0,0,0,46013
2549,152,2026-01-01,46013,0,0,0,0,46013
2550,152,2026-02-01,46013,0,0,0,0,46013
2551,152,2026-03-01,46013,0,0,0,0,46013
2552,152,2026-04-01,46013,0,0,4741,0,41272
2553,152,2026-05-01,41272,0,0,0,0,41272
2554,152,2026-06-01,41272,0,0,0,0,41272
2555,153,2025-04-01,0,4997,0,0,0,4997
2556,153,2025-05-01,4997,0,1003,0,0,6000
2557,153,2025-06-01,6000,0,0,0,0,6000
2558,153,2025-07-01,6000,0,0,0,0,6000
2559,153,2025-08-01,6000,0,0,0,0,6000
2560,153,2025-09-01,6000,0,0,0,0,6000
2561,153,2025-10-01,6000,0,0,1329,0,4671
2562,153,2025-11-01,4671,0,0,0,0,4671
2563,153,2025-12-01,4671,0,0,0,0,4671
2564,153,2026-01-01,4671,0,0,0,0,4671
2565,153,2026-02-01,4671,0,0,0,0,4671
2566,153,2026-03-01,4671,0,0,0,0,4671
2567,153,2026-04-01,4671,0,0,0,0,4671
2568,153,2026-05-01,4671,0,0,0,0,4671
2569,153,2026-06-01,4671,0,0,0,0,4671
2570,154,2025-02-01,0,3167,0,0,0,3167
2571,154,2025-03-01,3167,0,0,687,0,2480
2572,154,2025-04-01,2480,0,0,0,0,2480
2573,154,2025-05-01,2480,0,0,0,2480,0
2574,154,2025-06-01,0,0,0,0,0,0
2575,154,2025-07-01,0,0,0,0,0,0
2576,154,2025-08-01,0,0,0,0,0,0
2577,154,2025-09-01,0,0,0,0,0,0
2578,154,2025-10-01,0,0,0,0,0,0
2579,154,2025-11-01,0,0,0,0,0,0
2580,154,2025-12-01,0,0,0,0,0,0
2581,154,2026-01-01,0,0,0,0,0,0
2582,154,2026-02-01,0,0,0,0,0,0
2583,154,2026-03-01,0,0,0,0,0,0
2584,154,2026-04-01,0,0,0,0,0,0
2585,154,2026-05-01,0,0,0,0,0,0
2586,154,2026-06-01,0,0,0,0,0,0
2587,155,2024-12-01,0,14527,0,0,0,14527
2588,155,2025-01-01,14527,0,0,0,0,14527
2589,155,2025-02-01,14527,0,1506,0,0,16033
2590,155,2025-03-01,16033,0,0,0,0,16033
2591,155,2025-04-01,16033,0,0,3388,0,12645
2592,155,2025-05-01,12645,0,0,1996,0,10649
2593,155,2025-06-01,10649,0,1222,0,0,11871
2594,155,2025-07-01,11871,0,0,0,0,11871
2595,155,2025-08-01,11871,0,0,0,0,11871
2596,155,2025-09-01,11871,0,0,0,0,11871
2597,155,2025-10-01,11871,0,2614,0,0,14485
2598,155,2025-11-01,14485,0,2199,0,0,16684
2599,155,2025-12-01,16684,0,0,0,0,16684
2600,155,2026-01-01,16684,0,0,0,0,16684
2601,155,2026-02-01,16684,0,0,0,0,16684
2602,155,2026-03-01,16684,0,0,0,0,16684
2603,155,2026-04-01,16684,0,0,0,0,16684
2604,155,2026-05-01,16684,0,0,0,0,16684
2605,155,2026-06-01,16684,0,0,0,0,16684
2606,156,2025-02-01,0,59786,0,0,0,59786
2607,156,2025-03-01,59786,0,8875,0,0,68661
2608,156,2025-04-01,68661,0,13434,0,0,82095
2609,156,2025-05-01,82095,0,0,0,82095,0
2610,156,2025-06-01,0,0,0,0,0,0
2611,156,2025-07-01,0,0,0,0,0,0
2612,156,2025-08-01,0,0,0,0,0,0
2613,156,2025-09-01,0,0,0,0,0,0
2614,156,2025-10-01,0,0,0,0,0,0
2615,156,2025-11-01,0,0,0,0,0,0
2616,156,2025-12-01,0,0,0,0,0,0
2617,156,2026-01-01,0,0,0,0,0,0
2618,156,2026-02-01,0,0,0,0,0,0
2619,156,2026-03-01,0,0,0,0,0,0
2620,156,2026-04-01,0,0,0,0,0,0
2621,156,2026-05-01,0,0,0,0,0,0
2622,156,2026-06-01,0,0,0,0,0,0
2623,157,2024-09-01,0,54450,0,0,0,54450
2624,157,2024-10-01,54450,0,0,0,0,54450
2625,157,2024-11-01,54450,0,0,0,0,54450
2626,157,2024-12-01,54450,0,0,0,0,54450
2627,157,2025-01-01,54450,0,6579,0,0,61029
2628,157,2025-02-01,61029,0,0,0,0,61029
2629,157,2025-03-01,61029,0,0,0,0,61029
2630,157,2025-04-01,61029,0,0,0,0,61029
2631,157,2025-05-01,61029,0,0,0,0,61029
2632,157,2025-06-01,61029,0,8134,0,0,69163
2633,157,2025-07-01,69163,0,0,0,0,69163
2634,157,2025-08-01,69163,0,0,11504,0,57659
2635,157,2025-09-01,57659,0,0,0,0,57659
2636,157,2025-10-01,57659,0,0,0,0,57659
2637,157,2025-11-01,57659,0,0,0,0,57659
2638,157,2025-12-01,57659,0,0,0,0,57659
2639,157,2026-01-01,57659,0,0,0,0,57659
2640,157,2026-02-01,57659,0,8462,0,0,66121
2641,157,2026-03-01,66121,0,0,0,0,66121
2642,157,2026-04-01,66121,0,0,0,0,66121
2643,157,2026-05-01,66121,0,0,0,0,66121
2644,157,2026-06-01,66121,0,8796,0,0,74917
2645,158,2026-02-01,0,48688,0,0,0,48688
2646,158,2026-03-01,48688,0,0,0,48688,0
2647,158,2026-04-01,0,0,0,0,0,0
2648,158,2026-05-01,0,0,0,0,0,0
2649,158,2026-06-01,0,0,0,0,0,0
2650,159,2025-05-01,0,19533,0,0,0,19533
2651,159,2025-06-01,19533,0,4538,0,0,24071
2652,159,2025-07-01,24071,0,0,0,0,24071
2653,159,2025-08-01,24071,0,0,0,0,24071
2654,159,2025-09-01,24071,0,0,5090,0,18981
2655,159,2025-10-01,18981,0,0,0,0,18981
2656,159,2025-11-01,18981,0,0,0,0,18981
2657,159,2025-12-01,18981,0,0,0,0,18981
2658,159,2026-01-01,18981,0,0,0,0,18981
2659,159,2026-02-01,18981,0,0,0,0,18981
2660,159,2026-03-01,18981,0,0,0,0,18981
2661,159,2026-04-01,18981,0,0,0,0,18981
2662,159,2026-05-01,18981,0,0,0,0,18981
2663,159,2026-06-01,18981,0,0,2790,0,16191
2664,160,2026-01-01,0,17372,0,0,0,17372
2665,160,2026-02-01,17372,0,0,0,0,17372
2666,160,2026-03-01,17372,0,0,0,0,17372
2667,160,2026-04-01,17372,0,0,0,17372,0
2668,160,2026-05-01,0,0,0,0,0,0
2669,160,2026-06-01,0,0,0,0,0,0
2670,161,2024-12-01,0,5053,0,0,0,5053
2671,161,2025-01-01,5053,0,0,0,0,5053
2672,161,2025-02-01,5053,0,0,0,0,5053
2673,161,2025-03-01,5053,0,0,0,0,5053
2674,161,2025-04-01,5053,0,0,0,0,5053
2675,161,2025-05-01,5053,0,0,0,0,5053
2676,161,2025-06-01,5053,0,0,0,0,5053
2677,161,2025-07-01,5053,0,0,0,0,5053
2678,161,2025-08-01,5053,0,0,0,0,5053
2679,161,2025-09-01,5053,0,0,0,0,5053
2680,161,2025-10-01,5053,0,0,0,0,5053
2681,161,2025-11-01,5053,0,0,0,0,5053
2682,161,2025-12-01,5053,0,0,644,0,4409
2683,161,2026-01-01,4409,0,0,598,0,3811
2684,161,2026-02-01,3811,0,0,0,0,3811
2685,161,2026-03-01,3811,0,0,0,0,3811
2686,161,2026-04-01,3811,0,0,0,0,3811
2687,161,2026-05-01,3811,0,0,0,0,3811
2688,161,2026-06-01,3811,0,0,0,0,3811
2689,162,2025-04-01,0,41181,0,0,0,41181
2690,162,2025-05-01,41181,0,0,0,0,41181
2691,162,2025-06-01,41181,0,0,0,41181,0
2692,162,2025-07-01,0,0,0,0,0,0
2693,162,2025-08-01,0,0,0,0,0,0
2694,162,2025-09-01,0,0,0,0,0,0
2695,162,2025-10-01,0,0,0,0,0,0
2696,162,2025-11-01,0,0,0,0,0,0
2697,162,2025-12-01,0,0,0,0,0,0
2698,162,2026-01-01,0,0,0,0,0,0
2699,162,2026-02-01,0,0,0,0,0,0
2700,162,2026-03-01,0,0,0,0,0,0
2701,162,2026-04-01,0,0,0,0,0,0
2702,162,2026-05-01,0,0,0,0,0,0
2703,162,2026-06-01,0,0,0,0,0,0
2704,163,2025-01-01,0,8412,0,0,0,8412
2705,163,2025-02-01,8412,0,0,0,0,8412
2706,163,2025-03-01,8412,0,0,0,0,8412
2707,163,2025-04-01,8412,0,0,0,0,8412
2708,163,2025-05-01,8412,0,0,0,0,8412
2709,163,2025-06-01,8412,0,916,0,0,9328
2710,163,2025-07-01,9328,0,0,0,0,9328
2711,163,2025-08-01,9328,0,0,0,0,9328
2712,163,2025-09-01,9328,0,0,0,0,9328
2713,163,2025-10-01,9328,0,0,0,0,9328
2714,163,2025-11-01,9328,0,0,0,0,9328
2715,163,2025-12-01,9328,0,0,0,0,9328
2716,163,2026-01-01,9328,0,0,2280,0,7048
2717,163,2026-02-01,7048,0,1130,0,0,8178
2718,163,2026-03-01,8178,0,0,0,0,8178
2719,163,2026-04-01,8178,0,0,0,0,8178
2720,163,2026-05-01,8178,0,0,0,0,8178
2721,163,2026-06-01,8178,0,0,0,0,8178
2722,164,2025-12-01,0,27404,0,0,0,27404
2723,164,2026-01-01,27404,0,0,0,0,27404
2724,164,2026-02-01,27404,0,0,0,0,27404
2725,164,2026-03-01,27404,0,0,0,0,27404
2726,164,2026-04-01,27404,0,0,0,0,27404
2727,164,2026-05-01,27404,0,0,0,27404,0
2728,164,2026-06-01,0,0,0,0,0,0
2729,165,2025-09-01,0,10479,0,0,0,10479
2730,165,2025-10-01,10479,0,0,0,0,10479
2731,165,2025-11-01,10479,0,0,0,0,10479
2732,165,2025-12-01,10479,0,0,0,0,10479
2733,165,2026-01-01,10479,0,0,0,0,10479
2734,165,2026-02-01,10479,0,0,0,0,10479
2735,165,2026-03-01,10479,0,0,1467,0,9012
2736,165,2026-04-01,9012,0,0,0,0,9012
2737,165,2026-05-01,9012,0,0,0,0,9012
2738,165,2026-06-01,9012,0,0,0,9012,0
2739,166,2025-10-01,0,60750,0,0,0,60750
2740,166,2025-11-01,60750,0,0,0,0,60750
2741,166,2025-12-01,60750,0,0,0,0,60750
2742,166,2026-01-01,60750,0,0,0,0,60750
2743,166,2026-02-01,60750,0,0,0,0,60750
2744,166,2026-03-01,60750,0,0,0,0,60750
2745,166,2026-04-01,60750,0,0,0,0,60750
2746,166,2026-05-01,60750,0,6321,0,0,67071
2747,166,2026-06-01,67071,0,0,0,0,67071
2748,167,2025-11-01,0,78065,0,0,0,78065
2749,167,2025-12-01,78065,0,0,0,78065,0
2750,167,2026-01-01,0,0,0,0,0,0
2751,167,2026-02-01,0,0,0,0,0,0
2752,167,2026-03-01,0,0,0,0,0,0
2753,167,2026-04-01,0,0,0,0,0,0
2754,167,2026-05-01,0,0,0,0,0,0
2755,167,2026-06-01,0,0,0,0,0,0
2756,168,2025-07-01,0,19257,0,0,0,19257
2757,168,2025-08-01,19257,0,0,0,0,19257
2758,168,2025-09-01,19257,0,0,0,0,19257
2759,168,2025-10-01,19257,0,0,0,19257,0
2760,168,2025-11-01,0,0,0,0,0,0
2761,168,2025-12-01,0,0,0,0,0,0
2762,168,2026-01-01,0,0,0,0,0,0
2763,168,2026-02-01,0,0,0,0,0,0
2764,168,2026-03-01,0,0,0,0,0,0
2765,168,2026-04-01,0,0,0,0,0,0
2766,168,2026-05-01,0,0,0,0,0,0
2767,168,2026-06-01,0,0,0,0,0,0
2768,169,2024-12-01,0,18918,0,0,0,18918
2769,169,2025-01-01,18918,0,0,0,0,18918
2770,169,2025-02-01,18918,0,0,0,0,18918
2771,169,2025-03-01,18918,0,0,0,18918,0
2772,169,2025-04-01,0,0,0,0,0,0
2773,169,2025-05-01,0,0,0,0,0,0
2774,169,2025-06-01,0,0,0,0,0,0
2775,169,2025-07-01,0,0,0,0,0,0
2776,169,2025-08-01,0,0,0,0,0,0
2777,169,2025-09-01,0,0,0,0,0,0
2778,169,2025-10-01,0,0,0,0,0,0
2779,169,2025-11-01,0,0,0,0,0,0
2780,169,2025-12-01,0,0,0,0,0,0
2781,169,2026-01-01,0,0,0,0,0,0
2782,169,2026-02-01,0,0,0,0,0,0
2783,169,2026-03-01,0,0,0,0,0,0
2784,169,2026-04-01,0,0,0,0,0,0
2785,169,2026-05-01,0,0,0,0,0,0
2786,169,2026-06-01,0,0,0,0,0,0
2787,170,2024-06-01,0,3637,0,0,0,3637
2788,170,2024-07-01,3637,0,0,0,0,3637
2789,170,2024-08-01,3637,0,0,0,3637,0
2790,170,2024-09-01,0,0,0,0,0,0
2791,170,2024-10-01,0,0,0,0,0,0
2792,170,2024-11-01,0,0,0,0,0,0
2793,170,2024-12-01,0,0,0,0,0,0
2794,170,2025-01-01,0,0,0,0,0,0
2795,170,2025-02-01,0,0,0,0,0,0
2796,170,2025-03-01,0,0,0,0,0,0
2797,170,2025-04-01,0,0,0,0,0,0
2798,170,2025-05-01,0,0,0,0,0,0
2799,170,2025-06-01,0,0,0,0,0,0
2800,170,2025-07-01,0,0,0,0,0,0
2801,170,2025-08-01,0,0,0,0,0,0
2802,170,2025-09-01,0,0,0,0,0,0
2803,170,2025-10-01,0,0,0,0,0,0
2804,170,2025-11-01,0,0,0,0,0,0
2805,170,2025-12-01,0,0,0,0,0,0
2806,170,2026-01-01,0,0,0,0,0,0
2807,170,2026-02-01,0,0,0,0,0,0
2808,170,2026-03-01,0,0,0,0,0,0
2809,170,2026-04-01,0,0,0,0,0,0
2810,170,2026-05-01,0,0,0,0,0,0
2811,170,2026-06-01,0,0,0,0,0,0
2812,171,2025-05-01,0,3453,0,0,0,3453
2813,171,2025-06-01,3453,0,0,0,0,3453
2814,171,2025-07-01,3453,0,0,0,0,3453
2815,171,2025-08-01,3453,0,0,0,0,3453
2816,171,2025-09-01,3453,0,0,0,0,3453
2817,171,2025-10-01,3453,0,0,0,3453,0
2818,171,2025-11-01,0,0,0,0,0,0
2819,171,2025-12-01,0,0,0,0,0,0
2820,171,2026-01-01,0,0,0,0,0,0
2821,171,2026-02-01,0,0,0,0,0,0
2822,171,2026-03-01,0,0,0,0,0,0
2823,171,2026-04-01,0,0,0,0,0,0
2824,171,2026-05-01,0,0,0,0,0,0
2825,171,2026-06-01,0,0,0,0,0,0
2826,172,2025-01-01,0,16613,0,0,0,16613
2827,172,2025-02-01,16613,0,0,0,0,16613
2828,172,2025-03-01,16613,0,0,0,0,16613
2829,172,2025-04-01,16613,0,0,2600,0,14013
2830,172,2025-05-01,14013,0,0,0,0,14013
2831,172,2025-06-01,14013,0,0,0,14013,0
2832,172,2025-07-01,0,0,0,0,0,0
2833,172,2025-08-01,0,0,0,0,0,0
2834,172,2025-09-01,0,0,0,0,0,0
2835,172,2025-10-01,0,0,0,0,0,0
2836,172,2025-11-01,0,0,0,0,0,0
2837,172,2025-12-01,0,0,0,0,0,0
2838,172,2026-01-01,0,0,0,0,0,0
2839,172,2026-02-01,0,0,0,0,0,0
2840,172,2026-03-01,0,0,0,0,0,0
2841,172,2026-04-01,0,0,0,0,0,0
2842,172,2026-05-01,0,0,0,0,0,0
2843,172,2026-06-01,0,0,0,0,0,0
2844,173,2025-10-01,0,61219,0,0,0,61219
2845,173,2025-11-01,61219,0,0,0,0,61219
2846,173,2025-12-01,61219,0,0,13683,0,47536
2847,173,2026-01-01,47536,0,0,0,0,47536
2848,173,2026-02-01,47536,0,9730,0,0,57266
2849,173,2026-03-01,57266,0,0,0,0,57266
2850,173,2026-04-01,57266,0,0,0,0,57266
2851,173,2026-05-01,57266,0,0,0,0,57266
2852,173,2026-06-01,57266,0,0,0,0,57266
2853,174,2024-11-01,0,3053,0,0,0,3053
2854,174,2024-12-01,3053,0,0,0,0,3053
2855,174,2025-01-01,3053,0,0,0,3053,0
2856,174,2025-02-01,0,0,0,0,0,0
2857,174,2025-03-01,0,0,0,0,0,0
2858,174,2025-04-01,0,0,0,0,0,0
2859,174,2025-05-01,0,0,0,0,0,0
2860,174,2025-06-01,0,0,0,0,0,0
2861,174,2025-07-01,0,0,0,0,0,0
2862,174,2025-08-01,0,0,0,0,0,0
2863,174,2025-09-01,0,0,0,0,0,0
2864,174,2025-10-01,0,0,0,0,0,0
2865,174,2025-11-01,0,0,0,0,0,0
2866,174,2025-12-01,0,0,0,0,0,0
2867,174,2026-01-01,0,0,0,0,0,0
2868,174,2026-02-01,0,0,0,0,0,0
2869,174,2026-03-01,0,0,0,0,0,0
2870,174,2026-04-01,0,0,0,0,0,0
2871,174,2026-05-01,0,0,0,0,0,0
2872,174,2026-06-01,0,0,0,0,0,0
2873,175,2025-03-01,0,3758,0,0,0,3758
2874,175,2025-04-01,3758,0,0,0,0,3758
2875,175,2025-05-01,3758,0,752,0,0,4510
2876,175,2025-06-01,4510,0,0,870,0,3640
2877,175,2025-07-01,3640,0,0,0,3640,0
2878,175,2025-08-01,0,0,0,0,0,0
2879,175,2025-09-01,0,0,0,0,0,0
2880,175,2025-10-01,0,0,0,0,0,0
2881,175,2025-11-01,0,0,0,0,0,0
2882,175,2025-12-01,0,0,0,0,0,0
2883,175,2026-01-01,0,0,0,0,0,0
2884,175,2026-02-01,0,0,0,0,0,0
2885,175,2026-03-01,0,0,0,0,0,0
2886,175,2026-04-01,0,0,0,0,0,0
2887,175,2026-05-01,0,0,0,0,0,0
2888,175,2026-06-01,0,0,0,0,0,0
2889,176,2024-10-01,0,23117,0,0,0,23117
2890,176,2024-11-01,23117,0,0,0,0,23117
2891,176,2024-12-01,23117,0,0,0,0,23117
2892,176,2025-01-01,23117,0,0,0,0,23117
2893,176,2025-02-01,23117,0,0,0,0,23117
2894,176,2025-03-01,23117,0,0,0,0,23117
2895,176,2025-04-01,23117,0,0,0,0,23117
2896,176,2025-05-01,23117,0,0,0,0,23117
2897,176,2025-06-01,23117,0,0,0,0,23117
2898,176,2025-07-01,23117,0,0,0,0,23117
2899,176,2025-08-01,23117,0,0,0,0,23117
2900,176,2025-09-01,23117,0,0,0,0,23117
2901,176,2025-10-01,23117,0,0,0,0,23117
2902,176,2025-11-01,23117,0,0,0,0,23117
2903,176,2025-12-01,23117,0,0,0,0,23117
2904,176,2026-01-01,23117,0,0,0,0,23117
2905,176,2026-02-01,23117,0,0,0,0,23117
2906,176,2026-03-01,23117,0,0,0,23117,0
2907,176,2026-04-01,0,0,0,0,0,0
2908,176,2026-05-01,0,0,0,0,0,0
2909,176,2026-06-01,0,0,0,0,0,0
2910,177,2025-11-01,0,14295,0,0,0,14295
2911,177,2025-12-01,14295,0,0,0,0,14295
2912,177,2026-01-01,14295,0,0,0,0,14295
2913,177,2026-02-01,14295,0,0,0,0,14295
2914,177,2026-03-01,14295,0,0,0,0,14295
2915,177,2026-04-01,14295,0,0,0,0,14295
2916,177,2026-05-01,14295,0,0,0,0,14295
2917,177,2026-06-01,14295,0,0,0,0,14295
2918,178,2024-04-01,0,18768,0,0,0,18768
2919,178,2024-05-01,18768,0,0,0,0,18768
2920,178,2024-06-01,18768,0,0,0,0,18768
2921,178,2024-07-01,18768,0,0,0,0,18768
2922,178,2024-08-01,18768,0,0,0,0,18768
2923,178,2024-09-01,18768,0,0,0,0,18768
2924,178,2024-10-01,18768,0,0,0,0,18768
2925,178,2024-11-01,18768,0,0,0,0,18768
2926,178,2024-12-01,18768,0,0,0,0,18768
2927,178,2025-01-01,18768,0,0,0,0,18768
2928,178,2025-02-01,18768,0,0,0,0,18768
2929,178,2025-03-01,18768,0,0,0,18768,0
2930,178,2025-04-01,0,0,0,0,0,0
2931,178,2025-05-01,0,0,0,0,0,0
2932,178,2025-06-01,0,0,0,0,0,0
2933,178,2025-07-01,0,0,0,0,0,0
2934,178,2025-08-01,0,0,0,0,0,0
2935,178,2025-09-01,0,0,0,0,0,0
2936,178,2025-10-01,0,0,0,0,0,0
2937,178,2025-11-01,0,0,0,0,0,0
2938,178,2025-12-01,0,0,0,0,0,0
2939,178,2026-01-01,0,0,0,0,0,0
2940,178,2026-02-01,0,0,0,0,0,0
2941,178,2026-03-01,0,0,0,0,0,0
2942,178,2026-04-01,0,0,0,0,0,0
2943,178,2026-05-01,0,0,0,0,0,0
2944,178,2026-06-01,0,0,0,0,0,0
2945,179,2025-07-01,0,4150,0,0,0,4150
2946,179,2025-08-01,4150,0,0,0,0,4150
2947,179,2025-09-01,4150,0,0,0,0,4150
2948,179,2025-10-01,4150,0,0,0,0,4150
2949,179,2025-11-01,4150,0,0,897,0,3253
2950,179,2025-12-01,3253,0,790,0,0,4043
2951,179,2026-01-01,4043,0,0,0,0,4043
2952,179,2026-02-01,4043,0,0,0,0,4043
2953,179,2026-03-01,4043,0,0,0,0,4043
2954,179,2026-04-01,4043,0,0,0,0,4043
2955,179,2026-05-01,4043,0,0,0,0,4043
2956,179,2026-06-01,4043,0,706,0,0,4749
2957,180,2025-11-01,0,16957,0,0,0,16957
2958,180,2025-12-01,16957,0,0,0,0,16957
2959,180,2026-01-01,16957,0,0,0,0,16957
2960,180,2026-02-01,16957,0,0,0,0,16957
2961,180,2026-03-01,16957,0,0,0,0,16957
2962,180,2026-04-01,16957,0,0,0,0,16957
2963,180,2026-05-01,16957,0,0,0,0,16957
2964,180,2026-06-01,16957,0,0,0,0,16957
2965,181,2025-12-01,0,16006,0,0,0,16006
2966,181,2026-01-01,16006,0,0,0,0,16006
2967,181,2026-02-01,16006,0,0,0,0,16006
2968,181,2026-03-01,16006,0,0,0,0,16006
2969,181,2026-04-01,16006,0,1889,0,0,17895
2970,181,2026-05-01,17895,0,0,2558,0,15337
2971,181,2026-06-01,15337,0,0,0,0,15337
2972,182,2024-09-01,0,7456,0,0,0,7456
2973,182,2024-10-01,7456,0,0,0,7456,0
2974,182,2024-11-01,0,0,0,0,0,0
2975,182,2024-12-01,0,0,0,0,0,0
2976,182,2025-01-01,0,0,0,0,0,0
2977,182,2025-02-01,0,0,0,0,0,0
2978,182,2025-03-01,0,0,0,0,0,0
2979,182,2025-04-01,0,0,0,0,0,0
2980,182,2025-05-01,0,0,0,0,0,0
2981,182,2025-06-01,0,0,0,0,0,0
2982,182,2025-07-01,0,0,0,0,0,0
2983,182,2025-08-01,0,0,0,0,0,0
2984,182,2025-09-01,0,0,0,0,0,0
2985,182,2025-10-01,0,0,0,0,0,0
2986,182,2025-11-01,0,0,0,0,0,0
2987,182,2025-12-01,0,0,0,0,0,0
2988,182,2026-01-01,0,0,0,0,0,0
2989,182,2026-02-01,0,0,0,0,0,0
2990,182,2026-03-01,0,0,0,0,0,0
2991,182,2026-04-01,0,0,0,0,0,0
2992,182,2026-05-01,0,0,0,0,0,0
2993,182,2026-06-01,0,0,0,0,0,0
2994,183,2024-07-01,0,14882,0,0,0,14882
2995,183,2024-08-01,14882,0,0,0,0,14882
2996,183,2024-09-01,14882,0,0,0,0,14882
2997,183,2024-10-01,14882,0,0,0,14882,0
2998,183,2024-11-01,0,0,0,0,0,0
2999,183,2024-12-01,0,0,0,0,0,0
3000,183,2025-01-01,0,0,0,0,0,0
3001,183,2025-02-01,0,0,0,0,0,0
3002,183,2025-03-01,0,0,0,0,0,0
3003,183,2025-04-01,0,0,0,0,0,0
3004,183,2025-05-01,0,0,0,0,0,0
3005,183,2025-06-01,0,0,0,0,0,0
3006,183,2025-07-01,0,0,0,0,0,0
3007,183,2025-08-01,0,0,0,0,0,0
3008,183,2025-09-01,0,0,0,0,0,0
3009,183,2025-10-01,0,0,0,0,0,0
3010,183,2025-11-01,0,0,0,0,0,0
3011,183,2025-12-01,0,0,0,0,0,0
3012,183,2026-01-01,0,0,0,0,0,0
3013,183,2026-02-01,0,0,0,0,0,0
3014,183,2026-03-01,0,0,0,0,0,0
3015,183,2026-04-01,0,0,0,0,0,0
3016,183,2026-05-01,0,0,0,0,0,0
3017,183,2026-06-01,0,0,0,0,0,0
3018,184,2025-10-01,0,14700,0,0,0,14700
3019,184,2025-11-01,14700,0,0,0,0,14700
3020,184,2025-12-01,14700,0,0,2824,0,11876
3021,184,2026-01-01,11876,0,1378,0,0,13254
3022,184,2026-02-01,13254,0,0,0,0,13254
3023,184,2026-03-01,13254,0,0,0,0,13254
3024,184,2026-04-01,13254,0,0,0,0,13254
3025,184,2026-05-01,13254,0,0,0,0,13254
3026,184,2026-06-01,13254,0,0,0,0,13254
3027,185,2025-05-01,0,7295,0,0,0,7295
3028,185,2025-06-01,7295,0,1779,0,0,9074
3029,185,2025-07-01,9074,0,0,0,0,9074
3030,185,2025-08-01,9074,0,0,0,0,9074
3031,185,2025-09-01,9074,0,0,0,0,9074
3032,185,2025-10-01,9074,0,0,0,0,9074
3033,185,2025-11-01,9074,0,0,0,0,9074
3034,185,2025-12-01,9074,0,0,0,0,9074
3035,185,2026-01-01,9074,0,0,0,0,9074
3036,185,2026-02-01,9074,0,0,0,0,9074
3037,185,2026-03-01,9074,0,0,0,0,9074
3038,185,2026-04-01,9074,0,0,0,0,9074
3039,185,2026-05-01,9074,0,0,0,0,9074
3040,185,2026-06-01,9074,0,0,0,0,9074
3041,186,2025-01-01,0,13295,0,0,0,13295
3042,186,2025-02-01,13295,0,0,0,0,13295
3043,186,2025-03-01,13295,0,0,0,0,13295
3044,186,2025-04-01,13295,0,0,0,0,13295
3045,186,2025-05-01,13295,0,0,0,0,13295
3046,186,2025-06-01,13295,0,0,0,0,13295
3047,186,2025-07-01,13295,0,0,0,0,13295
3048,186,2025-08-01,13295,0,0,0,0,13295
3049,186,2025-09-01,13295,0,0,0,0,13295
3050,186,2025-10-01,13295,0,0,0,0,13295
3051,186,2025-11-01,13295,0,0,0,0,13295
3052,186,2025-12-01,13295,0,0,0,0,13295
3053,186,2026-01-01,13295,0,0,0,0,13295
3054,186,2026-02-01,13295,0,0,0,0,13295
3055,186,2026-03-01,13295,0,0,0,0,13295
3056,186,2026-04-01,13295,0,0,0,0,13295
3057,186,2026-05-01,13295,0,0,0,0,13295
3058,186,2026-06-01,13295,0,0,0,0,13295
3059,187,2024-09-01,0,19126,0,0,0,19126
3060,187,2024-10-01,19126,0,0,4214,0,14912
3061,187,2024-11-01,14912,0,0,0,14912,0
3062,187,2024-12-01,0,0,0,0,0,0
3063,187,2025-01-01,0,0,0,0,0,0
3064,187,2025-02-01,0,0,0,0,0,0
3065,187,2025-03-01,0,0,0,0,0,0
3066,187,2025-04-01,0,0,0,0,0,0
3067,187,2025-05-01,0,0,0,0,0,0
3068,187,2025-06-01,0,0,0,0,0,0
3069,187,2025-07-01,0,0,0,0,0,0
3070,187,2025-08-01,0,0,0,0,0,0
3071,187,2025-09-01,0,0,0,0,0,0
3072,187,2025-10-01,0,0,0,0,0,0
3073,187,2025-11-01,0,0,0,0,0,0
3074,187,2025-12-01,0,0,0,0,0,0
3075,187,2026-01-01,0,0,0,0,0,0
3076,187,2026-02-01,0,0,0,0,0,0
3077,187,2026-03-01,0,0,0,0,0,0
3078,187,2026-04-01,0,0,0,0,0,0
3079,187,2026-05-01,0,0,0,0,0,0
3080,187,2026-06-01,0,0,0,0,0,0
3081,188,2025-03-01,0,5319,0,0,0,5319
3082,188,2025-04-01,5319,0,0,0,0,5319
3083,188,2025-05-01,5319,0,0,0,0,5319
3084,188,2025-06-01,5319,0,1040,0,0,6359
3085,188,2025-07-01,6359,0,0,0,0,6359
3086,188,2025-08-01,6359,0,0,0,0,6359
3087,188,2025-09-01,6359,0,0,0,0,6359
3088,188,2025-10-01,6359,0,0,0,0,6359
3089,188,2025-11-01,6359,0,0,0,0,6359
3090,188,2025-12-01,6359,0,0,0,0,6359
3091,188,2026-01-01,6359,0,0,0,0,6359
3092,188,2026-02-01,6359,0,0,0,0,6359
3093,188,2026-03-01,6359,0,1607,0,0,7966
3094,188,2026-04-01,7966,0,0,0,7966,0
3095,188,2026-05-01,0,0,0,0,0,0
3096,188,2026-06-01,0,0,0,0,0,0
3097,189,2024-06-01,0,18599,0,0,0,18599
3098,189,2024-07-01,18599,0,0,0,0,18599
3099,189,2024-08-01,18599,0,0,0,0,18599
3100,189,2024-09-01,18599,0,0,2257,0,16342
3101,189,2024-10-01,16342,0,0,0,0,16342
3102,189,2024-11-01,16342,0,0,3900,0,12442
3103,189,2024-12-01,12442,0,0,0,0,12442
3104,189,2025-01-01,12442,0,0,0,0,12442
3105,189,2025-02-01,12442,0,0,0,0,12442
3106,189,2025-03-01,12442,0,0,0,0,12442
3107,189,2025-04-01,12442,0,0,0,0,12442
3108,189,2025-05-01,12442,0,0,0,0,12442
3109,189,2025-06-01,12442,0,0,0,12442,0
3110,189,2025-07-01,0,0,0,0,0,0
3111,189,2025-08-01,0,0,0,0,0,0
3112,189,2025-09-01,0,0,0,0,0,0
3113,189,2025-10-01,0,0,0,0,0,0
3114,189,2025-11-01,0,0,0,0,0,0
3115,189,2025-12-01,0,0,0,0,0,0
3116,189,2026-01-01,0,0,0,0,0,0
3117,189,2026-02-01,0,0,0,0,0,0
3118,189,2026-03-01,0,0,0,0,0,0
3119,189,2026-04-01,0,0,0,0,0,0
3120,189,2026-05-01,0,0,0,0,0,0
3121,189,2026-06-01,0,0,0,0,0,0
3122,190,2025-01-01,0,5867,0,0,0,5867
3123,190,2025-02-01,5867,0,0,0,0,5867
3124,190,2025-03-01,5867,0,0,0,0,5867
3125,190,2025-04-01,5867,0,0,0,0,5867
3126,190,2025-05-01,5867,0,0,0,0,5867
3127,190,2025-06-01,5867,0,0,0,0,5867
3128,190,2025-07-01,5867,0,0,1142,0,4725
3129,190,2025-08-01,4725,0,0,0,0,4725
3130,190,2025-09-01,4725,0,0,0,0,4725
3131,190,2025-10-01,4725,0,0,0,0,4725
3132,190,2025-11-01,4725,0,0,0,0,4725
3133,190,2025-12-01,4725,0,0,0,0,4725
3134,190,2026-01-01,4725,0,0,0,0,4725
3135,190,2026-02-01,4725,0,0,0,0,4725
3136,190,2026-03-01,4725,0,0,0,0,4725
3137,190,2026-04-01,4725,0,0,0,0,4725
3138,190,2026-05-01,4725,0,0,0,0,4725
3139,190,2026-06-01,4725,0,0,0,0,4725
3140,191,2024-06-01,0,21217,0,0,0,21217
3141,191,2024-07-01,21217,0,0,0,21217,0
3142,191,2024-08-01,0,0,0,0,0,0
3143,191,2024-09-01,0,0,0,0,0,0
3144,191,2024-10-01,0,0,0,0,0,0
3145,191,2024-11-01,0,0,0,0,0,0
3146,191,2024-12-01,0,0,0,0,0,0
3147,191,2025-01-01,0,0,0,0,0,0
3148,191,2025-02-01,0,0,0,0,0,0
3149,191,2025-03-01,0,0,0,0,0,0
3150,191,2025-04-01,0,0,0,0,0,0
3151,191,2025-05-01,0,0,0,0,0,0
3152,191,2025-06-01,0,0,0,0,0,0
3153,191,2025-07-01,0,0,0,0,0,0
3154,191,2025-08-01,0,0,0,0,0,0
3155,191,2025-09-01,0,0,0,0,0,0
3156,191,2025-10-01,0,0,0,0,0,0
3157,191,2025-11-01,0,0,0,0,0,0
3158,191,2025-12-01,0,0,0,0,0,0
3159,191,2026-01-01,0,0,0,0,0,0
3160,191,2026-02-01,0,0,0,0,0,0
3161,191,2026-03-01,0,0,0,0,0,0
3162,191,2026-04-01,0,0,0,0,0,0
3163,191,2026-05-01,0,0,0,0,0,0
3164,191,2026-06-01,0,0,0,0,0,0
3165,192,2025-03-01,0,13994,0,0,0,13994
3166,192,2025-04-01,13994,0,0,0,0,13994
3167,192,2025-05-01,13994,0,0,0,0,13994
3168,192,2025-06-01,13994,0,0,0,0,13994
3169,192,2025-07-01,13994,0,0,0,0,13994
3170,192,2025-08-01,13994,0,0,0,0,13994
3171,192,2025-09-01,13994,0,0,0,0,13994
3172,192,2025-10-01,13994,0,0,0,0,13994
3173,192,2025-11-01,13994,0,0,0,0,13994
3174,192,2025-12-01,13994,0,0,0,0,13994
3175,192,2026-01-01,13994,0,3772,0,0,17766
3176,192,2026-02-01,17766,0,0,0,0,17766
3177,192,2026-03-01,17766,0,0,0,0,17766
3178,192,2026-04-01,17766,0,0,0,0,17766
3179,192,2026-05-01,17766,0,0,0,0,17766
3180,192,2026-06-01,17766,0,0,0,0,17766
3181,193,2024-10-01,0,6400,0,0,0,6400
3182,193,2024-11-01,6400,0,0,0,0,6400
3183,193,2024-12-01,6400,0,1802,0,0,8202
3184,193,2025-01-01,8202,0,0,0,0,8202
3185,193,2025-02-01,8202,0,0,0,0,8202
3186,193,2025-03-01,8202,0,0,0,0,8202
3187,193,2025-04-01,8202,0,0,0,0,8202
3188,193,2025-05-01,8202,0,0,0,0,8202
3189,193,2025-06-01,8202,0,0,0,0,8202
3190,193,2025-07-01,8202,0,0,0,0,8202
3191,193,2025-08-01,8202,0,0,0,0,8202
3192,193,2025-09-01,8202,0,0,0,0,8202
3193,193,2025-10-01,8202,0,0,0,0,8202
3194,193,2025-11-01,8202,0,0,0,0,8202
3195,193,2025-12-01,8202,0,0,0,0,8202
3196,193,2026-01-01,8202,0,0,0,0,8202
3197,193,2026-02-01,8202,0,0,0,0,8202
3198,193,2026-03-01,8202,0,0,0,0,8202
3199,193,2026-04-01,8202,0,0,0,0,8202
3200,193,2026-05-01,8202,0,0,0,0,8202
3201,193,2026-06-01,8202,0,0,0,0,8202
3202,194,2024-03-01,0,3312,0,0,0,3312
3203,194,2024-04-01,3312,0,0,0,0,3312
3204,194,2024-05-01,3312,0,596,0,0,3908
3205,194,2024-06-01,3908,0,0,0,0,3908
3206,194,2024-07-01,3908,0,0,0,0,3908
3207,194,2024-08-01,3908,0,0,0,0,3908
3208,194,2024-09-01,3908,0,1058,0,0,4966
3209,194,2024-10-01,4966,0,0,0,0,4966
3210,194,2024-11-01,4966,0,0,0,0,4966
3211,194,2024-12-01,4966,0,0,0,4966,0
3212,194,2025-01-01,0,0,0,0,0,0
3213,194,2025-02-01,0,0,0,0,0,0
3214,194,2025-03-01,0,0,0,0,0,0
3215,194,2025-04-01,0,0,0,0,0,0
3216,194,2025-05-01,0,0,0,0,0,0
3217,194,2025-06-01,0,0,0,0,0,0
3218,194,2025-07-01,0,0,0,0,0,0
3219,194,2025-08-01,0,0,0,0,0,0
3220,194,2025-09-01,0,0,0,0,0,0
3221,194,2025-10-01,0,0,0,0,0,0
3222,194,2025-11-01,0,0,0,0,0,0
3223,194,2025-12-01,0,0,0,0,0,0
3224,194,2026-01-01,0,0,0,0,0,0
3225,194,2026-02-01,0,0,0,0,0,0
3226,194,2026-03-01,0,0,0,0,0,0
3227,194,2026-04-01,0,0,0,0,0,0
3228,194,2026-05-01,0,0,0,0,0,0
3229,194,2026-06-01,0,0,0,0,0,0
3230,195,2024-07-01,0,28925,0,0,0,28925
3231,195,2024-08-01,28925,0,0,0,0,28925
3232,195,2024-09-01,28925,0,0,0,0,28925
3233,195,2024-10-01,28925,0,0,6883,0,22042
3234,195,2024-11-01,22042,0,0,0,0,22042
3235,195,2024-12-01,22042,0,0,0,22042,0
3236,195,2025-01-01,0,0,0,0,0,0
3237,195,2025-02-01,0,0,0,0,0,0
3238,195,2025-03-01,0,0,0,0,0,0
3239,195,2025-04-01,0,0,0,0,0,0
3240,195,2025-05-01,0,0,0,0,0,0
3241,195,2025-06-01,0,0,0,0,0,0
3242,195,2025-07-01,0,0,0,0,0,0
3243,195,2025-08-01,0,0,0,0,0,0
3244,195,2025-09-01,0,0,0,0,0,0
3245,195,2025-10-01,0,0,0,0,0,0
3246,195,2025-11-01,0,0,0,0,0,0
3247,195,2025-12-01,0,0,0,0,0,0
3248,195,2026-01-01,0,0,0,0,0,0
3249,195,2026-02-01,0,0,0,0,0,0
3250,195,2026-03-01,0,0,0,0,0,0
3251,195,2026-04-01,0,0,0,0,0,0
3252,195,2026-05-01,0,0,0,0,0,0
3253,195,2026-06-01,0,0,0,0,0,0
3254,196,2025-09-01,0,3367,0,0,0,3367
3255,196,2025-10-01,3367,0,0,658,0,2709
3256,196,2025-11-01,2709,0,0,0,0,2709
3257,196,2025-12-01,2709,0,0,0,0,2709
3258,196,2026-01-01,2709,0,0,0,0,2709
3259,196,2026-02-01,2709,0,0,0,0,2709
3260,196,2026-03-01,2709,0,0,0,0,2709
3261,196,2026-04-01,2709,0,0,0,0,2709
3262,196,2026-05-01,2709,0,0,0,0,2709
3263,196,2026-06-01,2709,0,0,0,0,2709
3264,197,2024-12-01,0,60446,0,0,0,60446
3265,197,2025-01-01,60446,0,0,9489,0,50957
3266,197,2025-02-01,50957,0,0,0,0,50957
3267,197,2025-03-01,50957,0,0,0,0,50957
3268,197,2025-04-01,50957,0,0,0,0,50957
3269,197,2025-05-01,50957,0,5137,0,0,56094
3270,197,2025-06-01,56094,0,0,0,56094,0
3271,197,2025-07-01,0,0,0,0,0,0
3272,197,2025-08-01,0,0,0,0,0,0
3273,197,2025-09-01,0,0,0,0,0,0
3274,197,2025-10-01,0,0,0,0,0,0
3275,197,2025-11-01,0,0,0,0,0,0
3276,197,2025-12-01,0,0,0,0,0,0
3277,197,2026-01-01,0,0,0,0,0,0
3278,197,2026-02-01,0,0,0,0,0,0
3279,197,2026-03-01,0,0,0,0,0,0
3280,197,2026-04-01,0,0,0,0,0,0
3281,197,2026-05-01,0,0,0,0,0,0
3282,197,2026-06-01,0,0,0,0,0,0
3283,198,2025-04-01,0,12617,0,0,0,12617
3284,198,2025-05-01,12617,0,0,0,0,12617
3285,198,2025-06-01,12617,0,0,0,0,12617
3286,198,2025-07-01,12617,0,0,0,0,12617
3287,198,2025-08-01,12617,0,0,0,0,12617
3288,198,2025-09-01,12617,0,0,0,0,12617
3289,198,2025-10-01,12617,0,0,0,12617,0
3290,198,2025-11-01,0,0,0,0,0,0
3291,198,2025-12-01,0,0,0,0,0,0
3292,198,2026-01-01,0,0,0,0,0,0
3293,198,2026-02-01,0,0,0,0,0,0
3294,198,2026-03-01,0,0,0,0,0,0
3295,198,2026-04-01,0,0,0,0,0,0
3296,198,2026-05-01,0,0,0,0,0,0
3297,198,2026-06-01,0,0,0,0,0,0
3298,199,2024-07-01,0,42701,0,0,0,42701
3299,199,2024-08-01,42701,0,7791,0,0,50492
3300,199,2024-09-01,50492,0,8789,0,0,59281
3301,199,2024-10-01,59281,0,0,0,0,59281
3302,199,2024-11-01,59281,0,0,0,0,59281
3303,199,2024-12-01,59281,0,0,0,0,59281
3304,199,2025-01-01,59281,0,0,0,0,59281
3305,199,2025-02-01,59281,0,0,0,0,59281
3306,199,2025-03-01,59281,0,0,0,0,59281
3307,199,2025-04-01,59281,0,0,0,0,59281
3308,199,2025-05-01,59281,0,0,11489,0,47792
3309,199,2025-06-01,47792,0,0,0,0,47792
3310,199,2025-07-01,47792,0,0,0,0,47792
3311,199,2025-08-01,47792,0,0,0,0,47792
3312,199,2025-09-01,47792,0,0,0,0,47792
3313,199,2025-10-01,47792,0,0,0,0,47792
3314,199,2025-11-01,47792,0,0,0,0,47792
3315,199,2025-12-01,47792,0,0,0,0,47792
3316,199,2026-01-01,47792,0,0,0,0,47792
3317,199,2026-02-01,47792,0,0,0,0,47792
3318,199,2026-03-01,47792,0,0,0,0,47792
3319,199,2026-04-01,47792,0,0,0,0,47792
3320,199,2026-05-01,47792,0,0,0,47792,0
3321,199,2026-06-01,0,0,0,0,0,0
3322,200,2024-12-01,0,6730,0,0,0,6730
3323,200,2025-01-01,6730,0,0,0,0,6730
3324,200,2025-02-01,6730,0,0,0,0,6730
3325,200,2025-03-01,6730,0,0,0,6730,0
3326,200,2025-04-01,0,0,0,0,0,0
3327,200,2025-05-01,0,0,0,0,0,0
3328,200,2025-06-01,0,0,0,0,0,0
3329,200,2025-07-01,0,0,0,0,0,0
3330,200,2025-08-01,0,0,0,0,0,0
3331,200,2025-09-01,0,0,0,0,0,0
3332,200,2025-10-01,0,0,0,0,0,0
3333,200,2025-11-01,0,0,0,0,0,0
3334,200,2025-12-01,0,0,0,0,0,0
3335,200,2026-01-01,0,0,0,0,0,0
3336,200,2026-02-01,0,0,0,0,0,0
3337,200,2026-03-01,0,0,0,0,0,0
3338,200,2026-04-01,0,0,0,0,0,0
3339,200,2026-05-01,0,0,0,0,0,0
3340,200,2026-06-01,0,0,0,0,0,0
3341,201,2025-06-01,0,15849,0,0,0,15849
3342,201,2025-07-01,15849,0,0,0,0,15849
3343,201,2025-08-01,15849,0,0,0,0,15849
3344,201,2025-09-01,15849,0,0,0,0,15849
3345,201,2025-10-01,15849,0,0,0,0,15849
3346,201,2025-11-01,15849,0,0,0,0,15849
3347,201,2025-12-01,15849,0,0,0,15849,0
3348,201,2026-01-01,0,0,0,0,0,0
3349,201,2026-02-01,0,0,0,0,0,0
3350,201,2026-03-01,0,0,0,0,0,0
3351,201,2026-04-01,0,0,0,0,0,0
3352,201,2026-05-01,0,0,0,0,0,0
3353,201,2026-06-01,0,0,0,0,0,0
3354,202,2024-12-01,0,22693,0,0,0,22693
3355,202,2025-01-01,22693,0,0,0,0,22693
3356,202,2025-02-01,22693,0,0,0,0,22693
3357,202,2025-03-01,22693,0,0,0,0,22693
3358,202,2025-04-01,22693,0,0,0,0,22693
3359,202,2025-05-01,22693,0,0,4571,0,18122
3360,202,2025-06-01,18122,0,0,0,0,18122
3361,202,2025-07-01,18122,0,0,0,0,18122
3362,202,2025-08-01,18122,0,0,0,0,18122
3363,202,2025-09-01,18122,0,0,0,0,18122
3364,202,2025-10-01,18122,0,0,0,0,18122
3365,202,2025-11-01,18122,0,0,0,0,18122
3366,202,2025-12-01,18122,0,0,0,0,18122
3367,202,2026-01-01,18122,0,0,0,0,18122
3368,202,2026-02-01,18122,0,0,0,0,18122
3369,202,2026-03-01,18122,0,0,0,0,18122
3370,202,2026-04-01,18122,0,0,0,0,18122
3371,202,2026-05-01,18122,0,0,0,0,18122
3372,202,2026-06-01,18122,0,0,0,0,18122
3373,203,2024-02-01,0,3072,0,0,0,3072
3374,203,2024-03-01,3072,0,0,0,0,3072
3375,203,2024-04-01,3072,0,0,0,0,3072
3376,203,2024-05-01,3072,0,0,0,0,3072
3377,203,2024-06-01,3072,0,0,0,0,3072
3378,203,2024-07-01,3072,0,0,0,0,3072
3379,203,2024-08-01,3072,0,0,0,0,3072
3380,203,2024-09-01,3072,0,0,0,0,3072
3381,203,2024-10-01,3072,0,0,0,0,3072
3382,203,2024-11-01,3072,0,0,0,0,3072
3383,203,2024-12-01,3072,0,0,385,0,2687
3384,203,2025-01-01,2687,0,0,0,0,2687
3385,203,2025-02-01,2687,0,0,0,0,2687
3386,203,2025-03-01,2687,0,0,0,0,2687
3387,203,2025-04-01,2687,0,0,0,0,2687
3388,203,2025-05-01,2687,0,317,0,0,3004
3389,203,2025-06-01,3004,0,0,0,0,3004
3390,203,2025-07-01,3004,0,0,0,0,3004
3391,203,2025-08-01,3004,0,0,0,0,3004
3392,203,2025-09-01,3004,0,0,0,0,3004
3393,203,2025-10-01,3004,0,0,0,0,3004
3394,203,2025-11-01,3004,0,0,0,0,3004
3395,203,2025-12-01,3004,0,0,0,3004,0
3396,203,2026-01-01,0,0,0,0,0,0
3397,203,2026-02-01,0,0,0,0,0,0
3398,203,2026-03-01,0,0,0,0,0,0
3399,203,2026-04-01,0,0,0,0,0,0
3400,203,2026-05-01,0,0,0,0,0,0
3401,203,2026-06-01,0,0,0,0,0,0
3402,204,2024-09-01,0,8358,0,0,0,8358
3403,204,2024-10-01,8358,0,0,0,8358,0
3404,204,2024-11-01,0,0,0,0,0,0
3405,204,2024-12-01,0,0,0,0,0,0
3406,204,2025-01-01,0,0,0,0,0,0
3407,204,2025-02-01,0,0,0,0,0,0
3408,204,2025-03-01,0,0,0,0,0,0
3409,204,2025-04-01,0,0,0,0,0,0
3410,204,2025-05-01,0,0,0,0,0,0
3411,204,2025-06-01,0,0,0,0,0,0
3412,204,2025-07-01,0,0,0,0,0,0
3413,204,2025-08-01,0,0,0,0,0,0
3414,204,2025-09-01,0,0,0,0,0,0
3415,204,2025-10-01,0,0,0,0,0,0
3416,204,2025-11-01,0,0,0,0,0,0
3417,204,2025-12-01,0,0,0,0,0,0
3418,204,2026-01-01,0,0,0,0,0,0
3419,204,2026-02-01,0,0,0,0,0,0
3420,204,2026-03-01,0,0,0,0,0,0
3421,204,2026-04-01,0,0,0,0,0,0
3422,204,2026-05-01,0,0,0,0,0,0
3423,204,2026-06-01,0,0,0,0,0,0
3424,205,2025-04-01,0,7802,0,0,0,7802
3425,205,2025-05-01,7802,0,0,0,0,7802
3426,205,2025-06-01,7802,0,0,0,0,7802
3427,205,2025-07-01,7802,0,0,0,0,7802
3428,205,2025-08-01,7802,0,0,0,0,7802
3429,205,2025-09-01,7802,0,0,0,0,7802
3430,205,2025-10-01,7802,0,956,0,0,8758
3431,205,2025-11-01,8758,0,0,0,0,8758
3432,205,2025-12-01,8758,0,0,0,0,8758
3433,205,2026-01-01,8758,0,0,0,0,8758
3434,205,2026-02-01,8758,0,0,0,0,8758
3435,205,2026-03-01,8758,0,0,0,0,8758
3436,205,2026-04-01,8758,0,0,0,0,8758
3437,205,2026-05-01,8758,0,0,0,0,8758
3438,205,2026-06-01,8758,0,0,0,0,8758
3439,206,2025-08-01,0,23333,0,0,0,23333
3440,206,2025-09-01,23333,0,0,0,0,23333
3441,206,2025-10-01,23333,0,0,0,0,23333
3442,206,2025-11-01,23333,0,0,0,0,23333
3443,206,2025-12-01,23333,0,0,0,0,23333
3444,206,2026-01-01,23333,0,0,0,0,23333
3445,206,2026-02-01,23333,0,0,0,23333,0
3446,206,2026-03-01,0,0,0,0,0,0
3447,206,2026-04-01,0,0,0,0,0,0
3448,206,2026-05-01,0,0,0,0,0,0
3449,206,2026-06-01,0,0,0,0,0,0
3450,207,2024-07-01,0,62982,0,0,0,62982
3451,207,2024-08-01,62982,0,0,0,0,62982
3452,207,2024-09-01,62982,0,0,0,0,62982
3453,207,2024-10-01,62982,0,0,0,0,62982
3454,207,2024-11-01,62982,0,17479,0,0,80461
3455,207,2024-12-01,80461,0,0,0,0,80461
3456,207,2025-01-01,80461,0,0,0,0,80461
3457,207,2025-02-01,80461,0,0,0,0,80461
3458,207,2025-03-01,80461,0,0,0,0,80461
3459,207,2025-04-01,80461,0,0,13807,0,66654
3460,207,2025-05-01,66654,0,9552,0,0,76206
3461,207,2025-06-01,76206,0,0,0,0,76206
3462,207,2025-07-01,76206,0,0,0,0,76206
3463,207,2025-08-01,76206,0,0,0,0,76206
3464,207,2025-09-01,76206,0,0,0,0,76206
3465,207,2025-10-01,76206,0,9929,0,0,86135
3466,207,2025-11-01,86135,0,0,0,0,86135
3467,207,2025-12-01,86135,0,0,14089,0,72046
3468,207,2026-01-01,72046,0,0,0,0,72046
3469,207,2026-02-01,72046,0,0,0,0,72046
3470,207,2026-03-01,72046,0,0,0,0,72046
3471,207,2026-04-01,72046,0,0,0,0,72046
3472,207,2026-05-01,72046,0,0,0,0,72046
3473,207,2026-06-01,72046,0,0,0,0,72046
3474,208,2024-06-01,0,4773,0,0,0,4773
3475,208,2024-07-01,4773,0,0,0,0,4773
3476,208,2024-08-01,4773,0,0,0,0,4773
3477,208,2024-09-01,4773,0,0,0,0,4773
3478,208,2024-10-01,4773,0,0,0,0,4773
3479,208,2024-11-01,4773,0,0,0,0,4773
3480,208,2024-12-01,4773,0,0,0,0,4773
3481,208,2025-01-01,4773,0,0,0,0,4773
3482,208,2025-02-01,4773,0,0,0,0,4773
3483,208,2025-03-01,4773,0,0,0,0,4773
3484,208,2025-04-01,4773,0,0,0,0,4773
3485,208,2025-05-01,4773,0,0,0,0,4773
3486,208,2025-06-01,4773,0,0,0,0,4773
3487,208,2025-07-01,4773,0,0,940,0,3833
3488,208,2025-08-01,3833,0,0,0,0,3833
3489,208,2025-09-01,3833,0,0,0,0,3833
3490,208,2025-10-01,3833,0,0,0,0,3833
3491,208,2025-11-01,3833,0,0,0,0,3833
3492,208,2025-12-01,3833,0,0,421,0,3412
3493,208,2026-01-01,3412,0,0,0,0,3412
3494,208,2026-02-01,3412,0,0,0,0,3412
3495,208,2026-03-01,3412,0,0,0,0,3412
3496,208,2026-04-01,3412,0,0,0,0,3412
3497,208,2026-05-01,3412,0,0,0,0,3412
3498,208,2026-06-01,3412,0,529,0,0,3941
3499,209,2024-05-01,0,13678,0,0,0,13678
3500,209,2024-06-01,13678,0,0,0,0,13678
3501,209,2024-07-01,13678,0,3787,0,0,17465
3502,209,2024-08-01,17465,0,2776,0,0,20241
3503,209,2024-09-01,20241,0,0,0,0,20241
3504,209,2024-10-01,20241,0,0,0,0,20241
3505,209,2024-11-01,20241,0,0,0,0,20241
3506,209,2024-12-01,20241,0,0,0,0,20241
3507,209,2025-01-01,20241,0,0,0,0,20241
3508,209,2025-02-01,20241,0,3672,0,0,23913
3509,209,2025-03-01,23913,0,6444,0,0,30357
3510,209,2025-04-01,30357,0,0,0,0,30357
3511,209,2025-05-01,30357,0,0,0,0,30357
3512,209,2025-06-01,30357,0,0,0,0,30357
3513,209,2025-07-01,30357,0,0,0,0,30357
3514,209,2025-08-01,30357,0,0,0,0,30357
3515,209,2025-09-01,30357,0,3887,0,0,34244
3516,209,2025-10-01,34244,0,0,0,0,34244
3517,209,2025-11-01,34244,0,0,0,0,34244
3518,209,2025-12-01,34244,0,0,0,0,34244
3519,209,2026-01-01,34244,0,0,0,0,34244
3520,209,2026-02-01,34244,0,9324,0,0,43568
3521,209,2026-03-01,43568,0,0,0,0,43568
3522,209,2026-04-01,43568,0,0,0,0,43568
3523,209,2026-05-01,43568,0,0,0,0,43568
3524,209,2026-06-01,43568,0,0,0,0,43568
3525,210,2024-06-01,0,15473,0,0,0,15473
3526,210,2024-07-01,15473,0,0,0,15473,0
3527,210,2024-08-01,0,0,0,0,0,0
3528,210,2024-09-01,0,0,0,0,0,0
3529,210,2024-10-01,0,0,0,0,0,0
3530,210,2024-11-01,0,0,0,0,0,0
3531,210,2024-12-01,0,0,0,0,0,0
3532,210,2025-01-01,0,0,0,0,0,0
3533,210,2025-02-01,0,0,0,0,0,0
3534,210,2025-03-01,0,0,0,0,0,0
3535,210,2025-04-01,0,0,0,0,0,0
3536,210,2025-05-01,0,0,0,0,0,0
3537,210,2025-06-01,0,0,0,0,0,0
3538,210,2025-07-01,0,0,0,0,0,0
3539,210,2025-08-01,0,0,0,0,0,0
3540,210,2025-09-01,0,0,0,0,0,0
3541,210,2025-10-01,0,0,0,0,0,0
3542,210,2025-11-01,0,0,0,0,0,0
3543,210,2025-12-01,0,0,0,0,0,0
3544,210,2026-01-01,0,0,0,0,0,0
3545,210,2026-02-01,0,0,0,0,0,0
3546,210,2026-03-01,0,0,0,0,0,0
3547,210,2026-04-01,0,0,0,0,0,0
3548,210,2026-05-01,0,0,0,0,0,0
3549,210,2026-06-01,0,0,0,0,0,0
3550,211,2025-11-01,0,4491,0,0,0,4491
3551,211,2025-12-01,4491,0,0,0,0,4491
3552,211,2026-01-01,4491,0,0,0,0,4491
3553,211,2026-02-01,4491,0,0,0,0,4491
3554,211,2026-03-01,4491,0,0,0,0,4491
3555,211,2026-04-01,4491,0,0,1059,0,3432
3556,211,2026-05-01,3432,0,0,0,0,3432
3557,211,2026-06-01,3432,0,0,0,0,3432
3558,212,2024-12-01,0,7262,0,0,0,7262
3559,212,2025-01-01,7262,0,0,0,0,7262
3560,212,2025-02-01,7262,0,0,0,0,7262
3561,212,2025-03-01,7262,0,0,0,0,7262
3562,212,2025-04-01,7262,0,0,0,0,7262
3563,212,2025-05-01,7262,0,0,0,0,7262
3564,212,2025-06-01,7262,0,1477,0,0,8739
3565,212,2025-07-01,8739,0,0,0,0,8739
3566,212,2025-08-01,8739,0,0,0,0,8739
3567,212,2025-09-01,8739,0,0,0,0,8739
3568,212,2025-10-01,8739,0,1947,0,0,10686
3569,212,2025-11-01,10686,0,0,0,0,10686
3570,212,2025-12-01,10686,0,0,0,0,10686
3571,212,2026-01-01,10686,0,0,0,0,10686
3572,212,2026-02-01,10686,0,0,1389,0,9297
3573,212,2026-03-01,9297,0,0,0,0,9297
3574,212,2026-04-01,9297,0,0,0,0,9297
3575,212,2026-05-01,9297,0,0,0,0,9297
3576,212,2026-06-01,9297,0,0,0,0,9297
3577,213,2024-03-01,0,25606,0,0,0,25606
3578,213,2024-04-01,25606,0,0,0,0,25606
3579,213,2024-05-01,25606,0,0,0,0,25606
3580,213,2024-06-01,25606,0,3769,0,0,29375
3581,213,2024-07-01,29375,0,0,0,0,29375
3582,213,2024-08-01,29375,0,0,0,0,29375
3583,213,2024-09-01,29375,0,0,0,0,29375
3584,213,2024-10-01,29375,0,0,0,0,29375
3585,213,2024-11-01,29375,0,0,0,0,29375
3586,213,2024-12-01,29375,0,0,0,0,29375
3587,213,2025-01-01,29375,0,0,0,0,29375
3588,213,2025-02-01,29375,0,0,4326,0,25049
3589,213,2025-03-01,25049,0,0,5901,0,19148
3590,213,2025-04-01,19148,0,0,0,0,19148
3591,213,2025-05-01,19148,0,0,2470,0,16678
3592,213,2025-06-01,16678,0,0,0,0,16678
3593,213,2025-07-01,16678,0,0,0,0,16678
3594,213,2025-08-01,16678,0,0,0,0,16678
3595,213,2025-09-01,16678,0,0,0,0,16678
3596,213,2025-10-01,16678,0,0,0,16678,0
3597,213,2025-11-01,0,0,0,0,0,0
3598,213,2025-12-01,0,0,0,0,0,0
3599,213,2026-01-01,0,0,0,0,0,0
3600,213,2026-02-01,0,0,0,0,0,0
3601,213,2026-03-01,0,0,0,0,0,0
3602,213,2026-04-01,0,0,0,0,0,0
3603,213,2026-05-01,0,0,0,0,0,0
3604,213,2026-06-01,0,0,0,0,0,0
3605,214,2026-01-01,0,3607,0,0,0,3607
3606,214,2026-02-01,3607,0,597,0,0,4204
3607,214,2026-03-01,4204,0,0,0,0,4204
3608,214,2026-04-01,4204,0,0,0,0,4204
3609,214,2026-05-01,4204,0,0,0,0,4204
3610,214,2026-06-01,4204,0,0,0,0,4204
3611,215,2024-06-01,0,24608,0,0,0,24608
3612,215,2024-07-01,24608,0,0,0,0,24608
3613,215,2024-08-01,24608,0,0,0,0,24608
3614,215,2024-09-01,24608,0,0,0,0,24608
3615,215,2024-10-01,24608,0,0,0,0,24608
3616,215,2024-11-01,24608,0,0,0,0,24608
3617,215,2024-12-01,24608,0,0,0,0,24608
3618,215,2025-01-01,24608,0,0,0,0,24608
3619,215,2025-02-01,24608,0,0,0,0,24608
3620,215,2025-03-01,24608,0,0,0,0,24608
3621,215,2025-04-01,24608,0,0,0,24608,0
3622,215,2025-05-01,0,0,0,0,0,0
3623,215,2025-06-01,0,0,0,0,0,0
3624,215,2025-07-01,0,0,0,0,0,0
3625,215,2025-08-01,0,0,0,0,0,0
3626,215,2025-09-01,0,0,0,0,0,0
3627,215,2025-10-01,0,0,0,0,0,0
3628,215,2025-11-01,0,0,0,0,0,0
3629,215,2025-12-01,0,0,0,0,0,0
3630,215,2026-01-01,0,0,0,0,0,0
3631,215,2026-02-01,0,0,0,0,0,0
3632,215,2026-03-01,0,0,0,0,0,0
3633,215,2026-04-01,0,0,0,0,0,0
3634,215,2026-05-01,0,0,0,0,0,0
3635,215,2026-06-01,0,0,0,0,0,0
3636,216,2025-03-01,0,3557,0,0,0,3557
3637,216,2025-04-01,3557,0,0,0,0,3557
3638,216,2025-05-01,3557,0,0,0,0,3557
3639,216,2025-06-01,3557,0,0,0,0,3557
3640,216,2025-07-01,3557,0,0,0,0,3557
3641,216,2025-08-01,3557,0,0,0,0,3557
3642,216,2025-09-01,3557,0,0,0,3557,0
3643,216,2025-10-01,0,0,0,0,0,0
3644,216,2025-11-01,0,0,0,0,0,0
3645,216,2025-12-01,0,0,0,0,0,0
3646,216,2026-01-01,0,0,0,0,0,0
3647,216,2026-02-01,0,0,0,0,0,0
3648,216,2026-03-01,0,0,0,0,0,0
3649,216,2026-04-01,0,0,0,0,0,0
3650,216,2026-05-01,0,0,0,0,0,0
3651,216,2026-06-01,0,0,0,0,0,0
3652,217,2024-09-01,0,3247,0,0,0,3247
3653,217,2024-10-01,3247,0,0,0,3247,0
3654,217,2024-11-01,0,0,0,0,0,0
3655,217,2024-12-01,0,0,0,0,0,0
3656,217,2025-01-01,0,0,0,0,0,0
3657,217,2025-02-01,0,0,0,0,0,0
3658,217,2025-03-01,0,0,0,0,0,0
3659,217,2025-04-01,0,0,0,0,0,0
3660,217,2025-05-01,0,0,0,0,0,0
3661,217,2025-06-01,0,0,0,0,0,0
3662,217,2025-07-01,0,0,0,0,0,0
3663,217,2025-08-01,0,0,0,0,0,0
3664,217,2025-09-01,0,0,0,0,0,0
3665,217,2025-10-01,0,0,0,0,0,0
3666,217,2025-11-01,0,0,0,0,0,0
3667,217,2025-12-01,0,0,0,0,0,0
3668,217,2026-01-01,0,0,0,0,0,0
3669,217,2026-02-01,0,0,0,0,0,0
3670,217,2026-03-01,0,0,0,0,0,0
3671,217,2026-04-01,0,0,0,0,0,0
3672,217,2026-05-01,0,0,0,0,0,0
3673,217,2026-06-01,0,0,0,0,0,0
3674,218,2025-08-01,0,5527,0,0,0,5527
3675,218,2025-09-01,5527,0,0,0,0,5527
3676,218,2025-10-01,5527,0,0,0,0,5527
3677,218,2025-11-01,5527,0,0,0,0,5527
3678,218,2025-12-01,5527,0,0,0,0,5527
3679,218,2026-01-01,5527,0,0,0,0,5527
3680,218,2026-02-01,5527,0,0,0,0,5527
3681,218,2026-03-01,5527,0,0,848,0,4679
3682,218,2026-04-01,4679,0,0,0,0,4679
3683,218,2026-05-01,4679,0,0,0,0,4679
3684,218,2026-06-01,4679,0,0,0,0,4679
3685,219,2025-08-01,0,18546,0,0,0,18546
3686,219,2025-09-01,18546,0,0,0,0,18546
3687,219,2025-10-01,18546,0,0,0,0,18546
3688,219,2025-11-01,18546,0,0,0,0,18546
3689,219,2025-12-01,18546,0,0,0,0,18546
3690,219,2026-01-01,18546,0,0,0,0,18546
3691,219,2026-02-01,18546,0,0,0,18546,0
3692,219,2026-03-01,0,0,0,0,0,0
3693,219,2026-04-01,0,0,0,0,0,0
3694,219,2026-05-01,0,0,0,0,0,0
3695,219,2026-06-01,0,0,0,0,0,0
3696,220,2024-04-01,0,16282,0,0,0,16282
3697,220,2024-05-01,16282,0,0,0,16282,0
3698,220,2024-06-01,0,0,0,0,0,0
3699,220,2024-07-01,0,0,0,0,0,0
3700,220,2024-08-01,0,0,0,0,0,0
3701,220,2024-09-01,0,0,0,0,0,0
3702,220,2024-10-01,0,0,0,0,0,0
3703,220,2024-11-01,0,0,0,0,0,0
3704,220,2024-12-01,0,0,0,0,0,0
3705,220,2025-01-01,0,0,0,0,0,0
3706,220,2025-02-01,0,0,0,0,0,0
3707,220,2025-03-01,0,0,0,0,0,0
3708,220,2025-04-01,0,0,0,0,0,0
3709,220,2025-05-01,0,0,0,0,0,0
3710,220,2025-06-01,0,0,0,0,0,0
3711,220,2025-07-01,0,0,0,0,0,0
3712,220,2025-08-01,0,0,0,0,0,0
3713,220,2025-09-01,0,0,0,0,0,0
3714,220,2025-10-01,0,0,0,0,0,0
3715,220,2025-11-01,0,0,0,0,0,0
3716,220,2025-12-01,0,0,0,0,0,0
3717,220,2026-01-01,0,0,0,0,0,0
3718,220,2026-02-01,0,0,0,0,0,0
3719,220,2026-03-01,0,0,0,0,0,0
3720,220,2026-04-01,0,0,0,0,0,0
3721,220,2026-05-01,0,0,0,0,0,0
3722,220,2026-06-01,0,0,0,0,0,0
3723,221,2024-09-01,0,5790,0,0,0,5790
3724,221,2024-10-01,5790,0,0,0,0,5790
3725,221,2024-11-01,5790,0,1418,0,0,7208
3726,221,2024-12-01,7208,0,0,0,0,7208
3727,221,2025-01-01,7208,0,0,0,0,7208
3728,221,2025-02-01,7208,0,0,1067,0,6141
3729,221,2025-03-01,6141,0,0,0,0,6141
3730,221,2025-04-01,6141,0,0,0,0,6141
3731,221,2025-05-01,6141,0,0,0,0,6141
3732,221,2025-06-01,6141,0,0,0,0,6141
3733,221,2025-07-01,6141,0,0,0,0,6141
3734,221,2025-08-01,6141,0,830,0,0,6971
3735,221,2025-09-01,6971,0,0,0,0,6971
3736,221,2025-10-01,6971,0,0,0,6971,0
3737,221,2025-11-01,0,0,0,0,0,0
3738,221,2025-12-01,0,0,0,0,0,0
3739,221,2026-01-01,0,0,0,0,0,0
3740,221,2026-02-01,0,0,0,0,0,0
3741,221,2026-03-01,0,0,0,0,0,0
3742,221,2026-04-01,0,0,0,0,0,0
3743,221,2026-05-01,0,0,0,0,0,0
3744,221,2026-06-01,0,0,0,0,0,0
3745,222,2025-03-01,0,66738,0,0,0,66738
3746,222,2025-04-01,66738,0,0,0,0,66738
3747,222,2025-05-01,66738,0,0,0,66738,0
3748,222,2025-06-01,0,0,0,0,0,0
3749,222,2025-07-01,0,0,0,0,0,0
3750,222,2025-08-01,0,0,0,0,0,0
3751,222,2025-09-01,0,0,0,0,0,0
3752,222,2025-10-01,0,0,0,0,0,0
3753,222,2025-11-01,0,0,0,0,0,0
3754,222,2025-12-01,0,0,0,0,0,0
3755,222,2026-01-01,0,0,0,0,0,0
3756,222,2026-02-01,0,0,0,0,0,0
3757,222,2026-03-01,0,0,0,0,0,0
3758,222,2026-04-01,0,0,0,0,0,0
3759,222,2026-05-01,0,0,0,0,0,0
3760,222,2026-06-01,0,0,0,0,0,0
3761,223,2025-07-01,0,14836,0,0,0,14836
3762,223,2025-08-01,14836,0,0,0,0,14836
3763,223,2025-09-01,14836,0,0,0,0,14836
3764,223,2025-10-01,14836,0,0,0,0,14836
3765,223,2025-11-01,14836,0,0,0,0,14836
3766,223,2025-12-01,14836,0,0,0,0,14836
3767,223,2026-01-01,14836,0,0,0,0,14836
3768,223,2026-02-01,14836,0,0,0,0,14836
3769,223,2026-03-01,14836,0,0,0,0,14836
3770,223,2026-04-01,14836,0,0,0,0,14836
3771,223,2026-05-01,14836,0,0,0,0,14836
3772,223,2026-06-01,14836,0,0,0,0,14836
3773,224,2025-05-01,0,7166,0,0,0,7166
3774,224,2025-06-01,7166,0,0,0,7166,0
3775,224,2025-07-01,0,0,0,0,0,0
3776,224,2025-08-01,0,0,0,0,0,0
3777,224,2025-09-01,0,0,0,0,0,0
3778,224,2025-10-01,0,0,0,0,0,0
3779,224,2025-11-01,0,0,0,0,0,0
3780,224,2025-12-01,0,0,0,0,0,0
3781,224,2026-01-01,0,0,0,0,0,0
3782,224,2026-02-01,0,0,0,0,0,0
3783,224,2026-03-01,0,0,0,0,0,0
3784,224,2026-04-01,0,0,0,0,0,0
3785,224,2026-05-01,0,0,0,0,0,0
3786,224,2026-06-01,0,0,0,0,0,0
3787,225,2025-11-01,0,3317,0,0,0,3317
3788,225,2025-12-01,3317,0,0,0,0,3317
3789,225,2026-01-01,3317,0,0,0,0,3317
3790,225,2026-02-01,3317,0,0,0,0,3317
3791,225,2026-03-01,3317,0,0,0,0,3317
3792,225,2026-04-01,3317,0,0,0,0,3317
3793,225,2026-05-01,3317,0,0,0,0,3317
3794,225,2026-06-01,3317,0,0,0,0,3317
3795,226,2024-06-01,0,18129,0,0,0,18129
3796,226,2024-07-01,18129,0,0,0,0,18129
3797,226,2024-08-01,18129,0,0,0,0,18129
3798,226,2024-09-01,18129,0,0,0,0,18129
3799,226,2024-10-01,18129,0,0,0,0,18129
3800,226,2024-11-01,18129,0,0,0,18129,0
3801,226,2024-12-01,0,0,0,0,0,0
3802,226,2025-01-01,0,0,0,0,0,0
3803,226,2025-02-01,0,0,0,0,0,0
3804,226,2025-03-01,0,0,0,0,0,0
3805,226,2025-04-01,0,0,0,0,0,0
3806,226,2025-05-01,0,0,0,0,0,0
3807,226,2025-06-01,0,0,0,0,0,0
3808,226,2025-07-01,0,0,0,0,0,0
3809,226,2025-08-01,0,0,0,0,0,0
3810,226,2025-09-01,0,0,0,0,0,0
3811,226,2025-10-01,0,0,0,0,0,0
3812,226,2025-11-01,0,0,0,0,0,0
3813,226,2025-12-01,0,0,0,0,0,0
3814,226,2026-01-01,0,0,0,0,0,0
3815,226,2026-02-01,0,0,0,0,0,0
3816,226,2026-03-01,0,0,0,0,0,0
3817,226,2026-04-01,0,0,0,0,0,0
3818,226,2026-05-01,0,0,0,0,0,0
3819,226,2026-06-01,0,0,0,0,0,0
3820,227,2025-08-01,0,7070,0,0,0,7070
3821,227,2025-09-01,7070,0,0,0,0,7070
3822,227,2025-10-01,7070,0,0,0,0,7070
3823,227,2025-11-01,7070,0,0,0,0,7070
3824,227,2025-12-01,7070,0,0,0,0,7070
3825,227,2026-01-01,7070,0,0,0,0,7070
3826,227,2026-02-01,7070,0,0,1085,0,5985
3827,227,2026-03-01,5985,0,0,0,0,5985
3828,227,2026-04-01,5985,0,0,0,0,5985
3829,227,2026-05-01,5985,0,0,0,0,5985
3830,227,2026-06-01,5985,0,0,0,0,5985
3831,228,2025-09-01,0,4737,0,0,0,4737
3832,228,2025-10-01,4737,0,0,0,0,4737
3833,228,2025-11-01,4737,0,0,0,0,4737
3834,228,2025-12-01,4737,0,0,0,0,4737
3835,228,2026-01-01,4737,0,0,0,0,4737
3836,228,2026-02-01,4737,0,0,0,0,4737
3837,228,2026-03-01,4737,0,0,0,0,4737
3838,228,2026-04-01,4737,0,0,0,0,4737
3839,228,2026-05-01,4737,0,0,0,0,4737
3840,228,2026-06-01,4737,0,0,0,0,4737
3841,229,2025-11-01,0,9644,0,0,0,9644
3842,229,2025-12-01,9644,0,0,0,0,9644
3843,229,2026-01-01,9644,0,0,0,0,9644
3844,229,2026-02-01,9644,0,0,0,0,9644
3845,229,2026-03-01,9644,0,0,0,0,9644
3846,229,2026-04-01,9644,0,0,0,0,9644
3847,229,2026-05-01,9644,0,0,0,0,9644
3848,229,2026-06-01,9644,0,0,0,0,9644
3849,230,2024-03-01,0,76762,0,0,0,76762
3850,230,2024-04-01,76762,0,0,0,0,76762
3851,230,2024-05-01,76762,0,0,0,0,76762
3852,230,2024-06-01,76762,0,0,0,0,76762
3853,230,2024-07-01,76762,0,0,0,0,76762
3854,230,2024-08-01,76762,0,0,0,0,76762
3855,230,2024-09-01,76762,0,0,0,0,76762
3856,230,2024-10-01,76762,0,0,0,0,76762
3857,230,2024-11-01,76762,0,0,0,0,76762
3858,230,2024-12-01,76762,0,0,0,0,76762
3859,230,2025-01-01,76762,0,0,0,0,76762
3860,230,2025-02-01,76762,0,0,0,0,76762
3861,230,2025-03-01,76762,0,0,0,0,76762
3862,230,2025-04-01,76762,0,0,0,0,76762
3863,230,2025-05-01,76762,0,0,0,0,76762
3864,230,2025-06-01,76762,0,0,0,0,76762
3865,230,2025-07-01,76762,0,0,0,0,76762
3866,230,2025-08-01,76762,0,0,0,0,76762
3867,230,2025-09-01,76762,0,0,0,0,76762
3868,230,2025-10-01,76762,0,0,0,0,76762
3869,230,2025-11-01,76762,0,0,0,0,76762
3870,230,2025-12-01,76762,0,0,0,0,76762
3871,230,2026-01-01,76762,0,0,0,0,76762
3872,230,2026-02-01,76762,0,0,0,0,76762
3873,230,2026-03-01,76762,0,22720,0,0,99482
3874,230,2026-04-01,99482,0,0,0,0,99482
3875,230,2026-05-01,99482,0,0,0,0,99482
3876,230,2026-06-01,99482,0,0,0,0,99482
3877,231,2025-05-01,0,21308,0,0,0,21308
3878,231,2025-06-01,21308,0,0,0,0,21308
3879,231,2025-07-01,21308,0,0,0,0,21308
3880,231,2025-08-01,21308,0,0,0,0,21308
3881,231,2025-09-01,21308,0,0,0,21308,0
3882,231,2025-10-01,0,0,0,0,0,0
3883,231,2025-11-01,0,0,0,0,0,0
3884,231,2025-12-01,0,0,0,0,0,0
3885,231,2026-01-01,0,0,0,0,0,0
3886,231,2026-02-01,0,0,0,0,0,0
3887,231,2026-03-01,0,0,0,0,0,0
3888,231,2026-04-01,0,0,0,0,0,0
3889,231,2026-05-01,0,0,0,0,0,0
3890,231,2026-06-01,0,0,0,0,0,0
3891,232,2025-08-01,0,8864,0,0,0,8864
3892,232,2025-09-01,8864,0,2610,0,0,11474
3893,232,2025-10-01,11474,0,0,0,0,11474
3894,232,2025-11-01,11474,0,0,0,0,11474
3895,232,2025-12-01,11474,0,2640,0,0,14114
3896,232,2026-01-01,14114,0,0,0,0,14114
3897,232,2026-02-01,14114,0,0,0,0,14114
3898,232,2026-03-01,14114,0,0,0,0,14114
3899,232,2026-04-01,14114,0,0,0,0,14114
3900,232,2026-05-01,14114,0,0,0,0,14114
3901,232,2026-06-01,14114,0,2371,0,0,16485
3902,233,2024-02-01,0,13521,0,0,0,13521
3903,233,2024-03-01,13521,0,0,0,0,13521
3904,233,2024-04-01,13521,0,0,0,13521,0
3905,233,2024-05-01,0,0,0,0,0,0
3906,233,2024-06-01,0,0,0,0,0,0
3907,233,2024-07-01,0,0,0,0,0,0
3908,233,2024-08-01,0,0,0,0,0,0
3909,233,2024-09-01,0,0,0,0,0,0
3910,233,2024-10-01,0,0,0,0,0,0
3911,233,2024-11-01,0,0,0,0,0,0
3912,233,2024-12-01,0,0,0,0,0,0
3913,233,2025-01-01,0,0,0,0,0,0
3914,233,2025-02-01,0,0,0,0,0,0
3915,233,2025-03-01,0,0,0,0,0,0
3916,233,2025-04-01,0,0,0,0,0,0
3917,233,2025-05-01,0,0,0,0,0,0
3918,233,2025-06-01,0,0,0,0,0,0
3919,233,2025-07-01,0,0,0,0,0,0
3920,233,2025-08-01,0,0,0,0,0,0
3921,233,2025-09-01,0,0,0,0,0,0
3922,233,2025-10-01,0,0,0,0,0,0
3923,233,2025-11-01,0,0,0,0,0,0
3924,233,2025-12-01,0,0,0,0,0,0
3925,233,2026-01-01,0,0,0,0,0,0
3926,233,2026-02-01,0,0,0,0,0,0
3927,233,2026-03-01,0,0,0,0,0,0
3928,233,2026-04-01,0,0,0,0,0,0
3929,233,2026-05-01,0,0,0,0,0,0
3930,233,2026-06-01,0,0,0,0,0,0
3931,234,2025-03-01,0,18562,0,0,0,18562
3932,234,2025-04-01,18562,0,0,0,0,18562
3933,234,2025-05-01,18562,0,0,0,0,18562
3934,234,2025-06-01,18562,0,0,0,0,18562
3935,234,2025-07-01,18562,0,0,0,0,18562
3936,234,2025-08-01,18562,0,0,0,0,18562
3937,234,2025-09-01,18562,0,3071,0,0,21633
3938,234,2025-10-01,21633,0,0,0,0,21633
3939,234,2025-11-01,21633,0,0,0,0,21633
3940,234,2025-12-01,21633,0,0,0,0,21633
3941,234,2026-01-01,21633,0,0,0,0,21633
3942,234,2026-02-01,21633,0,0,0,0,21633
3943,234,2026-03-01,21633,0,0,0,0,21633
3944,234,2026-04-01,21633,0,0,3708,0,17925
3945,234,2026-05-01,17925,0,0,0,0,17925
3946,234,2026-06-01,17925,0,0,0,0,17925
3947,235,2024-08-01,0,20301,0,0,0,20301
3948,235,2024-09-01,20301,0,0,0,0,20301
3949,235,2024-10-01,20301,0,0,0,0,20301
3950,235,2024-11-01,20301,0,0,0,0,20301
3951,235,2024-12-01,20301,0,0,0,0,20301
3952,235,2025-01-01,20301,0,0,2780,0,17521
3953,235,2025-02-01,17521,0,0,0,0,17521
3954,235,2025-03-01,17521,0,0,0,0,17521
3955,235,2025-04-01,17521,0,0,0,0,17521
3956,235,2025-05-01,17521,0,0,0,0,17521
3957,235,2025-06-01,17521,0,0,0,0,17521
3958,235,2025-07-01,17521,0,4181,0,0,21702
3959,235,2025-08-01,21702,0,0,0,0,21702
3960,235,2025-09-01,21702,0,0,0,0,21702
3961,235,2025-10-01,21702,0,0,0,0,21702
3962,235,2025-11-01,21702,0,0,0,0,21702
3963,235,2025-12-01,21702,0,0,0,0,21702
3964,235,2026-01-01,21702,0,0,0,0,21702
3965,235,2026-02-01,21702,0,3894,0,0,25596
3966,235,2026-03-01,25596,0,0,0,0,25596
3967,235,2026-04-01,25596,0,0,0,0,25596
3968,235,2026-05-01,25596,0,0,0,0,25596
3969,235,2026-06-01,25596,0,0,0,0,25596
3970,236,2026-01-01,0,10562,0,0,0,10562
3971,236,2026-02-01,10562,0,0,0,0,10562
3972,236,2026-03-01,10562,0,0,0,0,10562
3973,236,2026-04-01,10562,0,0,0,0,10562
3974,236,2026-05-01,10562,0,0,0,0,10562
3975,236,2026-06-01,10562,0,2611,0,0,13173
3976,237,2025-05-01,0,26921,0,0,0,26921
3977,237,2025-06-01,26921,0,0,0,0,26921
3978,237,2025-07-01,26921,0,0,0,0,26921
3979,237,2025-08-01,26921,0,0,0,0,26921
3980,237,2025-09-01,26921,0,0,0,0,26921
3981,237,2025-10-01,26921,0,0,0,0,26921
3982,237,2025-11-01,26921,0,6289,0,0,33210
3983,237,2025-12-01,33210,0,0,3981,0,29229
3984,237,2026-01-01,29229,0,0,0,0,29229
3985,237,2026-02-01,29229,0,0,0,0,29229
3986,237,2026-03-01,29229,0,0,0,0,29229
3987,237,2026-04-01,29229,0,0,0,0,29229
3988,237,2026-05-01,29229,0,0,0,0,29229
3989,237,2026-06-01,29229,0,0,0,0,29229
3990,238,2025-01-01,0,23756,0,0,0,23756
3991,238,2025-02-01,23756,0,4075,0,0,27831
3992,238,2025-03-01,27831,0,0,0,0,27831
3993,238,2025-04-01,27831,0,0,0,0,27831
3994,238,2025-05-01,27831,0,0,0,0,27831
3995,238,2025-06-01,27831,0,0,0,0,27831
3996,238,2025-07-01,27831,0,0,0,0,27831
3997,238,2025-08-01,27831,0,0,0,0,27831
3998,238,2025-09-01,27831,0,0,0,0,27831
3999,238,2025-10-01,27831,0,0,0,0,27831
4000,238,2025-11-01,27831,0,0,0,0,27831
4001,238,2025-12-01,27831,0,0,0,0,27831
4002,238,2026-01-01,27831,0,0,0,0,27831
4003,238,2026-02-01,27831,0,0,0,0,27831
4004,238,2026-03-01,27831,0,3319,0,0,31150
4005,238,2026-04-01,31150,0,0,0,0,31150
4006,238,2026-05-01,31150,0,0,0,0,31150
4007,238,2026-06-01,31150,0,0,0,0,31150
4008,239,2025-07-01,0,4139,0,0,0,4139
4009,239,2025-08-01,4139,0,0,0,0,4139
4010,239,2025-09-01,4139,0,0,0,0,4139
4011,239,2025-10-01,4139,0,0,0,0,4139
4012,239,2025-11-01,4139,0,0,623,0,3516
4013,239,2025-12-01,3516,0,0,0,0,3516
4014,239,2026-01-01,3516,0,0,0,0,3516
4015,239,2026-02-01,3516,0,0,0,0,3516
4016,239,2026-03-01,3516,0,0,0,0,3516
4017,239,2026-04-01,3516,0,0,0,0,3516
4018,239,2026-05-01,3516,0,0,543,0,2973
4019,239,2026-06-01,2973,0,0,0,0,2973
4020,240,2026-01-01,0,4321,0,0,0,4321
4021,240,2026-02-01,4321,0,1054,0,0,5375
4022,240,2026-03-01,5375,0,0,0,0,5375
4023,240,2026-04-01,5375,0,0,0,0,5375
4024,240,2026-05-01,5375,0,0,0,0,5375
4025,240,2026-06-01,5375,0,573,0,0,5948
4026,241,2025-10-01,0,14539,0,0,0,14539
4027,241,2025-11-01,14539,0,0,2428,0,12111
4028,241,2025-12-01,12111,0,0,0,0,12111
4029,241,2026-01-01,12111,0,0,0,0,12111
4030,241,2026-02-01,12111,0,0,0,0,12111
4031,241,2026-03-01,12111,0,0,0,0,12111
4032,241,2026-04-01,12111,0,0,0,12111,0
4033,241,2026-05-01,0,0,0,0,0,0
4034,241,2026-06-01,0,0,0,0,0,0
4035,242,2024-12-01,0,52667,0,0,0,52667
4036,242,2025-01-01,52667,0,0,0,0,52667
4037,242,2025-02-01,52667,0,0,0,0,52667
4038,242,2025-03-01,52667,0,0,0,0,52667
4039,242,2025-04-01,52667,0,0,0,0,52667
4040,242,2025-05-01,52667,0,0,0,0,52667
4041,242,2025-06-01,52667,0,0,0,0,52667
4042,242,2025-07-01,52667,0,0,0,0,52667
4043,242,2025-08-01,52667,0,0,0,0,52667
4044,242,2025-09-01,52667,0,0,0,0,52667
4045,242,2025-10-01,52667,0,0,0,0,52667
4046,242,2025-11-01,52667,0,0,0,52667,0
4047,242,2025-12-01,0,0,0,0,0,0
4048,242,2026-01-01,0,0,0,0,0,0
4049,242,2026-02-01,0,0,0,0,0,0
4050,242,2026-03-01,0,0,0,0,0,0
4051,242,2026-04-01,0,0,0,0,0,0
4052,242,2026-05-01,0,0,0,0,0,0
4053,242,2026-06-01,0,0,0,0,0,0
4054,243,2026-01-01,0,32223,0,0,0,32223
4055,243,2026-02-01,32223,0,0,0,0,32223
4056,243,2026-03-01,32223,0,0,0,0,32223
4057,243,2026-04-01,32223,0,0,0,32223,0
4058,243,2026-05-01,0,0,0,0,0,0
4059,243,2026-06-01,0,0,0,0,0,0
4060,244,2025-03-01,0,7493,0,0,0,7493
4061,244,2025-04-01,7493,0,0,0,0,7493
4062,244,2025-05-01,7493,0,0,0,0,7493
4063,244,2025-06-01,7493,0,0,0,0,7493
4064,244,2025-07-01,7493,0,0,0,0,7493
4065,244,2025-08-01,7493,0,0,0,0,7493
4066,244,2025-09-01,7493,0,0,0,0,7493
4067,244,2025-10-01,7493,0,0,0,0,7493
4068,244,2025-11-01,7493,0,0,0,7493,0
4069,244,2025-12-01,0,0,0,0,0,0
4070,244,2026-01-01,0,0,0,0,0,0
4071,244,2026-02-01,0,0,0,0,0,0
4072,244,2026-03-01,0,0,0,0,0,0
4073,244,2026-04-01,0,0,0,0,0,0
4074,244,2026-05-01,0,0,0,0,0,0
4075,244,2026-06-01,0,0,0,0,0,0
4076,245,2025-07-01,0,31797,0,0,0,31797
4077,245,2025-08-01,31797,0,5417,0,0,37214
4078,245,2025-09-01,37214,0,0,0,0,37214
4079,245,2025-10-01,37214,0,0,0,37214,0
4080,245,2025-11-01,0,0,0,0,0,0
4081,245,2025-12-01,0,0,0,0,0,0
4082,245,2026-01-01,0,0,0,0,0,0
4083,245,2026-02-01,0,0,0,0,0,0
4084,245,2026-03-01,0,0,0,0,0,0
4085,245,2026-04-01,0,0,0,0,0,0
4086,245,2026-05-01,0,0,0,0,0,0
4087,245,2026-06-01,0,0,0,0,0,0
4088,246,2024-08-01,0,26911,0,0,0,26911
4089,246,2024-09-01,26911,0,0,0,0,26911
4090,246,2024-10-01,26911,0,0,0,26911,0
4091,246,2024-11-01,0,0,0,0,0,0
4092,246,2024-12-01,0,0,0,0,0,0
4093,246,2025-01-01,0,0,0,0,0,0
4094,246,2025-02-01,0,0,0,0,0,0
4095,246,2025-03-01,0,0,0,0,0,0
4096,246,2025-04-01,0,0,0,0,0,0
4097,246,2025-05-01,0,0,0,0,0,0
4098,246,2025-06-01,0,0,0,0,0,0
4099,246,2025-07-01,0,0,0,0,0,0
4100,246,2025-08-01,0,0,0,0,0,0
4101,246,2025-09-01,0,0,0,0,0,0
4102,246,2025-10-01,0,0,0,0,0,0
4103,246,2025-11-01,0,0,0,0,0,0
4104,246,2025-12-01,0,0,0,0,0,0
4105,246,2026-01-01,0,0,0,0,0,0
4106,246,2026-02-01,0,0,0,0,0,0
4107,246,2026-03-01,0,0,0,0,0,0
4108,246,2026-04-01,0,0,0,0,0,0
4109,246,2026-05-01,0,0,0,0,0,0
4110,246,2026-06-01,0,0,0,0,0,0
4111,247,2025-09-01,0,5627,0,0,0,5627
4112,247,2025-10-01,5627,0,0,0,0,5627
4113,247,2025-11-01,5627,0,0,0,0,5627
4114,247,2025-12-01,5627,0,0,1381,0,4246
4115,247,2026-01-01,4246,0,0,0,0,4246
4116,247,2026-02-01,4246,0,798,0,0,5044
4117,247,2026-03-01,5044,0,0,0,0,5044
4118,247,2026-04-01,5044,0,0,0,0,5044
4119,247,2026-05-01,5044,0,0,0,0,5044
4120,247,2026-06-01,5044,0,1079,0,0,6123
4121,248,2024-11-01,0,7384,0,0,0,7384
4122,248,2024-12-01,7384,0,0,0,0,7384
4123,248,2025-01-01,7384,0,0,0,0,7384
4124,248,2025-02-01,7384,0,0,0,0,7384
4125,248,2025-03-01,7384,0,0,0,0,7384
4126,248,2025-04-01,7384,0,1173,0,0,8557
4127,248,2025-05-01,8557,0,0,0,0,8557
4128,248,2025-06-01,8557,0,0,0,0,8557
4129,248,2025-07-01,8557,0,2442,0,0,10999
4130,248,2025-08-01,10999,0,2751,0,0,13750
4131,248,2025-09-01,13750,0,0,0,0,13750
4132,248,2025-10-01,13750,0,0,0,13750,0
4133,248,2025-11-01,0,0,0,0,0,0
4134,248,2025-12-01,0,0,0,0,0,0
4135,248,2026-01-01,0,0,0,0,0,0
4136,248,2026-02-01,0,0,0,0,0,0
4137,248,2026-03-01,0,0,0,0,0,0
4138,248,2026-04-01,0,0,0,0,0,0
4139,248,2026-05-01,0,0,0,0,0,0
4140,248,2026-06-01,0,0,0,0,0,0
4141,249,2025-02-01,0,29684,0,0,0,29684
4142,249,2025-03-01,29684,0,0,0,0,29684
4143,249,2025-04-01,29684,0,0,0,0,29684
4144,249,2025-05-01,29684,0,0,0,0,29684
4145,249,2025-06-01,29684,0,0,0,0,29684
4146,249,2025-07-01,29684,0,0,0,0,29684
4147,249,2025-08-01,29684,0,0,0,0,29684
4148,249,2025-09-01,29684,0,0,0,0,29684
4149,249,2025-10-01,29684,0,3337,0,0,33021
4150,249,2025-11-01,33021,0,0,0,0,33021
4151,249,2025-12-01,33021,0,0,0,33021,0
4152,249,2026-01-01,0,0,0,0,0,0
4153,249,2026-02-01,0,0,0,0,0,0
4154,249,2026-03-01,0,0,0,0,0,0
4155,249,2026-04-01,0,0,0,0,0,0
4156,249,2026-05-01,0,0,0,0,0,0
4157,249,2026-06-01,0,0,0,0,0,0
4158,250,2025-06-01,0,14556,0,0,0,14556
4159,250,2025-07-01,14556,0,0,0,0,14556
4160,250,2025-08-01,14556,0,0,0,0,14556
4161,250,2025-09-01,14556,0,0,0,0,14556
4162,250,2025-10-01,14556,0,3753,0,0,18309
4163,250,2025-11-01,18309,0,0,0,0,18309
4164,250,2025-12-01,18309,0,0,0,0,18309
4165,250,2026-01-01,18309,0,0,0,0,18309
4166,250,2026-02-01,18309,0,0,0,0,18309
4167,250,2026-03-01,18309,0,0,0,0,18309
4168,250,2026-04-01,18309,0,0,0,0,18309
4169,250,2026-05-01,18309,0,5336,0,0,23645
4170,250,2026-06-01,23645,0,0,0,0,23645
4171,251,2024-09-01,0,19078,0,0,0,19078
4172,251,2024-10-01,19078,0,0,0,0,19078
4173,251,2024-11-01,19078,0,0,0,0,19078
4174,251,2024-12-01,19078,0,0,0,0,19078
4175,251,2025-01-01,19078,0,0,0,0,19078
4176,251,2025-02-01,19078,0,0,0,0,19078
4177,251,2025-03-01,19078,0,0,0,19078,0
4178,251,2025-04-01,0,0,0,0,0,0
4179,251,2025-05-01,0,0,0,0,0,0
4180,251,2025-06-01,0,0,0,0,0,0
4181,251,2025-07-01,0,0,0,0,0,0
4182,251,2025-08-01,0,0,0,0,0,0
4183,251,2025-09-01,0,0,0,0,0,0
4184,251,2025-10-01,0,0,0,0,0,0
4185,251,2025-11-01,0,0,0,0,0,0
4186,251,2025-12-01,0,0,0,0,0,0
4187,251,2026-01-01,0,0,0,0,0,0
4188,251,2026-02-01,0,0,0,0,0,0
4189,251,2026-03-01,0,0,0,0,0,0
4190,251,2026-04-01,0,0,0,0,0,0
4191,251,2026-05-01,0,0,0,0,0,0
4192,251,2026-06-01,0,0,0,0,0,0
4193,252,2025-03-01,0,31006,0,0,0,31006
4194,252,2025-04-01,31006,0,7255,0,0,38261
4195,252,2025-05-01,38261,0,0,0,0,38261
4196,252,2025-06-01,38261,0,0,0,0,38261
4197,252,2025-07-01,38261,0,0,0,0,38261
4198,252,2025-08-01,38261,0,0,0,38261,0
4199,252,2025-09-01,0,0,0,0,0,0
4200,252,2025-10-01,0,0,0,0,0,0
4201,252,2025-11-01,0,0,0,0,0,0
4202,252,2025-12-01,0,0,0,0,0,0
4203,252,2026-01-01,0,0,0,0,0,0
4204,252,2026-02-01,0,0,0,0,0,0
4205,252,2026-03-01,0,0,0,0,0,0
4206,252,2026-04-01,0,0,0,0,0,0
4207,252,2026-05-01,0,0,0,0,0,0
4208,252,2026-06-01,0,0,0,0,0,0
4209,253,2024-04-01,0,3189,0,0,0,3189
4210,253,2024-05-01,3189,0,0,0,0,3189
4211,253,2024-06-01,3189,0,0,0,0,3189
4212,253,2024-07-01,3189,0,0,0,0,3189
4213,253,2024-08-01,3189,0,0,0,0,3189
4214,253,2024-09-01,3189,0,0,0,0,3189
4215,253,2024-10-01,3189,0,0,0,0,3189
4216,253,2024-11-01,3189,0,810,0,0,3999
4217,253,2024-12-01,3999,0,0,0,0,3999
4218,253,2025-01-01,3999,0,0,0,0,3999
4219,253,2025-02-01,3999,0,0,0,0,3999
4220,253,2025-03-01,3999,0,0,0,3999,0
4221,253,2025-04-01,0,0,0,0,0,0
4222,253,2025-05-01,0,0,0,0,0,0
4223,253,2025-06-01,0,0,0,0,0,0
4224,253,2025-07-01,0,0,0,0,0,0
4225,253,2025-08-01,0,0,0,0,0,0
4226,253,2025-09-01,0,0,0,0,0,0
4227,253,2025-10-01,0,0,0,0,0,0
4228,253,2025-11-01,0,0,0,0,0,0
4229,253,2025-12-01,0,0,0,0,0,0
4230,253,2026-01-01,0,0,0,0,0,0
4231,253,2026-02-01,0,0,0,0,0,0
4232,253,2026-03-01,0,0,0,0,0,0
4233,253,2026-04-01,0,0,0,0,0,0
4234,253,2026-05-01,0,0,0,0,0,0
4235,253,2026-06-01,0,0,0,0,0,0
4236,254,2024-05-01,0,62289,0,0,0,62289
4237,254,2024-06-01,62289,0,15037,0,0,77326
4238,254,2024-07-01,77326,0,0,16776,0,60550
4239,254,2024-08-01,60550,0,17371,0,0,77921
4240,254,2024-09-01,77921,0,0,0,0,77921
4241,254,2024-10-01,77921,0,0,0,0,77921
4242,254,2024-11-01,77921,0,0,0,0,77921
4243,254,2024-12-01,77921,0,0,0,0,77921
4244,254,2025-01-01,77921,0,0,0,0,77921
4245,254,2025-02-01,77921,0,0,0,0,77921
4246,254,2025-03-01,77921,0,0,0,0,77921
4247,254,2025-04-01,77921,0,10915,0,0,88836
4248,254,2025-05-01,88836,0,0,0,0,88836
4249,254,2025-06-01,88836,0,0,0,0,88836
4250,254,2025-07-01,88836,0,0,15288,0,73548
4251,254,2025-08-01,73548,0,0,0,0,73548
4252,254,2025-09-01,73548,0,0,0,0,73548
4253,254,2025-10-01,73548,0,0,0,0,73548
4254,254,2025-11-01,73548,0,0,0,0,73548
4255,254,2025-12-01,73548,0,0,0,0,73548
4256,254,2026-01-01,73548,0,0,10975,0,62573
4257,254,2026-02-01,62573,0,0,0,0,62573
4258,254,2026-03-01,62573,0,0,0,0,62573
4259,254,2026-04-01,62573,0,0,0,0,62573
4260,254,2026-05-01,62573,0,0,0,62573,0
4261,254,2026-06-01,0,0,0,0,0,0
4262,255,2024-07-01,0,4807,0,0,0,4807
4263,255,2024-08-01,4807,0,0,0,0,4807
4264,255,2024-09-01,4807,0,0,0,0,4807
4265,255,2024-10-01,4807,0,0,0,0,4807
4266,255,2024-11-01,4807,0,0,0,0,4807
4267,255,2024-12-01,4807,0,0,0,0,4807
4268,255,2025-01-01,4807,0,0,0,4807,0
4269,255,2025-02-01,0,0,0,0,0,0
4270,255,2025-03-01,0,0,0,0,0,0
4271,255,2025-04-01,0,0,0,0,0,0
4272,255,2025-05-01,0,0,0,0,0,0
4273,255,2025-06-01,0,0,0,0,0,0
4274,255,2025-07-01,0,0,0,0,0,0
4275,255,2025-08-01,0,0,0,0,0,0
4276,255,2025-09-01,0,0,0,0,0,0
4277,255,2025-10-01,0,0,0,0,0,0
4278,255,2025-11-01,0,0,0,0,0,0
4279,255,2025-12-01,0,0,0,0,0,0
4280,255,2026-01-01,0,0,0,0,0,0
4281,255,2026-02-01,0,0,0,0,0,0
4282,255,2026-03-01,0,0,0,0,0,0
4283,255,2026-04-01,0,0,0,0,0,0
4284,255,2026-05-01,0,0,0,0,0,0
4285,255,2026-06-01,0,0,0,0,0,0
4286,256,2026-02-01,0,35662,0,0,0,35662
4287,256,2026-03-01,35662,0,0,0,0,35662
4288,256,2026-04-01,35662,0,0,0,0,35662
4289,256,2026-05-01,35662,0,0,4113,0,31549
4290,256,2026-06-01,31549,0,0,0,0,31549
4291,257,2025-10-01,0,30525,0,0,0,30525
4292,257,2025-11-01,30525,0,0,0,0,30525
4293,257,2025-12-01,30525,0,0,0,0,30525
4294,257,2026-01-01,30525,0,0,5621,0,24904
4295,257,2026-02-01,24904,0,0,0,0,24904
4296,257,2026-03-01,24904,0,0,0,0,24904
4297,257,2026-04-01,24904,0,5483,0,0,30387
4298,257,2026-05-01,30387,0,0,0,0,30387
4299,257,2026-06-01,30387,0,0,0,0,30387
4300,258,2025-06-01,0,5498,0,0,0,5498
4301,258,2025-07-01,5498,0,0,0,0,5498
4302,258,2025-08-01,5498,0,1482,0,0,6980
4303,258,2025-09-01,6980,0,0,1679,0,5301
4304,258,2025-10-01,5301,0,0,0,0,5301
4305,258,2025-11-01,5301,0,0,0,0,5301
4306,258,2025-12-01,5301,0,0,0,0,5301
4307,258,2026-01-01,5301,0,0,0,0,5301
4308,258,2026-02-01,5301,0,0,0,0,5301
4309,258,2026-03-01,5301,0,0,0,0,5301
4310,258,2026-04-01,5301,0,0,0,0,5301
4311,258,2026-05-01,5301,0,0,1138,0,4163
4312,258,2026-06-01,4163,0,0,0,0,4163
4313,259,2025-08-01,0,3331,0,0,0,3331
4314,259,2025-09-01,3331,0,0,0,0,3331
4315,259,2025-10-01,3331,0,0,0,0,3331
4316,259,2025-11-01,3331,0,0,0,0,3331
4317,259,2025-12-01,3331,0,0,668,0,2663
4318,259,2026-01-01,2663,0,0,0,0,2663
4319,259,2026-02-01,2663,0,0,0,0,2663
4320,259,2026-03-01,2663,0,593,0,0,3256
4321,259,2026-04-01,3256,0,0,0,0,3256
4322,259,2026-05-01,3256,0,0,0,0,3256
4323,259,2026-06-01,3256,0,0,0,0,3256
4324,260,2024-08-01,0,15755,0,0,0,15755
4325,260,2024-09-01,15755,0,0,0,0,15755
4326,260,2024-10-01,15755,0,0,0,0,15755
4327,260,2024-11-01,15755,0,0,0,0,15755
4328,260,2024-12-01,15755,0,0,0,0,15755
4329,260,2025-01-01,15755,0,0,0,0,15755
4330,260,2025-02-01,15755,0,0,0,0,15755
4331,260,2025-03-01,15755,0,0,0,0,15755
4332,260,2025-04-01,15755,0,0,0,0,15755
4333,260,2025-05-01,15755,0,0,0,0,15755
4334,260,2025-06-01,15755,0,0,0,0,15755
4335,260,2025-07-01,15755,0,0,2041,0,13714
4336,260,2025-08-01,13714,0,0,0,0,13714
4337,260,2025-09-01,13714,0,0,0,0,13714
4338,260,2025-10-01,13714,0,1559,0,0,15273
4339,260,2025-11-01,15273,0,0,0,0,15273
4340,260,2025-12-01,15273,0,0,0,0,15273
4341,260,2026-01-01,15273,0,0,0,0,15273
4342,260,2026-02-01,15273,0,0,0,15273,0
4343,260,2026-03-01,0,0,0,0,0,0
4344,260,2026-04-01,0,0,0,0,0,0
4345,260,2026-05-01,0,0,0,0,0,0
4346,260,2026-06-01,0,0,0,0,0,0
4347,261,2025-05-01,0,3055,0,0,0,3055
4348,261,2025-06-01,3055,0,0,0,0,3055
4349,261,2025-07-01,3055,0,0,0,0,3055
4350,261,2025-08-01,3055,0,0,0,0,3055
4351,261,2025-09-01,3055,0,0,0,3055,0
4352,261,2025-10-01,0,0,0,0,0,0
4353,261,2025-11-01,0,0,0,0,0,0
4354,261,2025-12-01,0,0,0,0,0,0
4355,261,2026-01-01,0,0,0,0,0,0
4356,261,2026-02-01,0,0,0,0,0,0
4357,261,2026-03-01,0,0,0,0,0,0
4358,261,2026-04-01,0,0,0,0,0,0
4359,261,2026-05-01,0,0,0,0,0,0
4360,261,2026-06-01,0,0,0,0,0,0
4361,262,2024-03-01,0,6318,0,0,0,6318
4362,262,2024-04-01,6318,0,0,0,0,6318
4363,262,2024-05-01,6318,0,0,0,0,6318
4364,262,2024-06-01,6318,0,0,0,0,6318
4365,262,2024-07-01,6318,0,874,0,0,7192
4366,262,2024-08-01,7192,0,0,0,0,7192
4367,262,2024-09-01,7192,0,0,0,0,7192
4368,262,2024-10-01,7192,0,0,0,0,7192
4369,262,2024-11-01,7192,0,0,0,0,7192
4370,262,2024-12-01,7192,0,0,0,0,7192
4371,262,2025-01-01,7192,0,0,0,0,7192
4372,262,2025-02-01,7192,0,0,0,0,7192
4373,262,2025-03-01,7192,0,0,0,0,7192
4374,262,2025-04-01,7192,0,0,0,7192,0
4375,262,2025-05-01,0,0,0,0,0,0
4376,262,2025-06-01,0,0,0,0,0,0
4377,262,2025-07-01,0,0,0,0,0,0
4378,262,2025-08-01,0,0,0,0,0,0
4379,262,2025-09-01,0,0,0,0,0,0
4380,262,2025-10-01,0,0,0,0,0,0
4381,262,2025-11-01,0,0,0,0,0,0
4382,262,2025-12-01,0,0,0,0,0,0
4383,262,2026-01-01,0,0,0,0,0,0
4384,262,2026-02-01,0,0,0,0,0,0
4385,262,2026-03-01,0,0,0,0,0,0
4386,262,2026-04-01,0,0,0,0,0,0
4387,262,2026-05-01,0,0,0,0,0,0
4388,262,2026-06-01,0,0,0,0,0,0
4389,263,2025-08-01,0,4545,0,0,0,4545
4390,263,2025-09-01,4545,0,0,0,4545,0
4391,263,2025-10-01,0,0,0,0,0,0
4392,263,2025-11-01,0,0,0,0,0,0
4393,263,2025-12-01,0,0,0,0,0,0
4394,263,2026-01-01,0,0,0,0,0,0
4395,263,2026-02-01,0,0,0,0,0,0
4396,263,2026-03-01,0,0,0,0,0,0
4397,263,2026-04-01,0,0,0,0,0,0
4398,263,2026-05-01,0,0,0,0,0,0
4399,263,2026-06-01,0,0,0,0,0,0
4400,264,2024-03-01,0,3181,0,0,0,3181
4401,264,2024-04-01,3181,0,0,764,0,2417
4402,264,2024-05-01,2417,0,0,0,0,2417
4403,264,2024-06-01,2417,0,0,0,0,2417
4404,264,2024-07-01,2417,0,0,0,0,2417
4405,264,2024-08-01,2417,0,0,0,0,2417
4406,264,2024-09-01,2417,0,0,0,0,2417
4407,264,2024-10-01,2417,0,0,0,0,2417
4408,264,2024-11-01,2417,0,0,0,0,2417
4409,264,2024-12-01,2417,0,0,0,0,2417
4410,264,2025-01-01,2417,0,0,0,0,2417
4411,264,2025-02-01,2417,0,0,0,0,2417
4412,264,2025-03-01,2417,0,0,0,0,2417
4413,264,2025-04-01,2417,0,0,0,0,2417
4414,264,2025-05-01,2417,0,0,442,0,1975
4415,264,2025-06-01,1975,0,0,0,0,1975
4416,264,2025-07-01,1975,0,0,0,0,1975
4417,264,2025-08-01,1975,0,378,0,0,2353
4418,264,2025-09-01,2353,0,0,0,0,2353
4419,264,2025-10-01,2353,0,0,0,0,2353
4420,264,2025-11-01,2353,0,0,0,0,2353
4421,264,2025-12-01,2353,0,0,0,0,2353
4422,264,2026-01-01,2353,0,0,0,0,2353
4423,264,2026-02-01,2353,0,0,0,0,2353
4424,264,2026-03-01,2353,0,0,0,0,2353
4425,264,2026-04-01,2353,0,0,0,0,2353
4426,264,2026-05-01,2353,0,0,0,0,2353
4427,264,2026-06-01,2353,0,0,0,0,2353
4428,265,2025-04-01,0,5281,0,0,0,5281
4429,265,2025-05-01,5281,0,0,0,0,5281
4430,265,2025-06-01,5281,0,0,0,0,5281
4431,265,2025-07-01,5281,0,0,0,0,5281
4432,265,2025-08-01,5281,0,0,0,0,5281
4433,265,2025-09-01,5281,0,0,0,0,5281
4434,265,2025-10-01,5281,0,1432,0,0,6713
4435,265,2025-11-01,6713,0,0,0,0,6713
4436,265,2025-12-01,6713,0,0,0,6713,0
4437,265,2026-01-01,0,0,0,0,0,0
4438,265,2026-02-01,0,0,0,0,0,0
4439,265,2026-03-01,0,0,0,0,0,0
4440,265,2026-04-01,0,0,0,0,0,0
4441,265,2026-05-01,0,0,0,0,0,0
4442,265,2026-06-01,0,0,0,0,0,0
4443,266,2025-02-01,0,16572,0,0,0,16572
4444,266,2025-03-01,16572,0,0,0,0,16572
4445,266,2025-04-01,16572,0,0,0,0,16572
4446,266,2025-05-01,16572,0,0,0,0,16572
4447,266,2025-06-01,16572,0,0,0,0,16572
4448,266,2025-07-01,16572,0,0,0,0,16572
4449,266,2025-08-01,16572,0,0,0,0,16572
4450,266,2025-09-01,16572,0,0,0,0,16572
4451,266,2025-10-01,16572,0,0,0,0,16572
4452,266,2025-11-01,16572,0,0,3127,0,13445
4453,266,2025-12-01,13445,0,0,0,0,13445
4454,266,2026-01-01,13445,0,0,0,0,13445
4455,266,2026-02-01,13445,0,0,0,0,13445
4456,266,2026-03-01,13445,0,0,0,0,13445
4457,266,2026-04-01,13445,0,0,0,0,13445
4458,266,2026-05-01,13445,0,0,0,0,13445
4459,266,2026-06-01,13445,0,0,0,0,13445
4460,267,2025-08-01,0,44406,0,0,0,44406
4461,267,2025-09-01,44406,0,0,0,0,44406
4462,267,2025-10-01,44406,0,0,0,0,44406
4463,267,2025-11-01,44406,0,12344,0,0,56750
4464,267,2025-12-01,56750,0,0,0,0,56750
4465,267,2026-01-01,56750,0,0,0,0,56750
4466,267,2026-02-01,56750,0,0,0,0,56750
4467,267,2026-03-01,56750,0,0,0,0,56750
4468,267,2026-04-01,56750,0,0,0,0,56750
4469,267,2026-05-01,56750,0,0,0,0,56750
4470,267,2026-06-01,56750,0,0,0,0,56750
4471,268,2025-03-01,0,29935,0,0,0,29935
4472,268,2025-04-01,29935,0,0,0,0,29935
4473,268,2025-05-01,29935,0,0,0,0,29935
4474,268,2025-06-01,29935,0,0,0,0,29935
4475,268,2025-07-01,29935,0,0,0,0,29935
4476,268,2025-08-01,29935,0,0,0,0,29935
4477,268,2025-09-01,29935,0,0,0,29935,0
4478,268,2025-10-01,0,0,0,0,0,0
4479,268,2025-11-01,0,0,0,0,0,0
4480,268,2025-12-01,0,0,0,0,0,0
4481,268,2026-01-01,0,0,0,0,0,0
4482,268,2026-02-01,0,0,0,0,0,0
4483,268,2026-03-01,0,0,0,0,0,0
4484,268,2026-04-01,0,0,0,0,0,0
4485,268,2026-05-01,0,0,0,0,0,0
4486,268,2026-06-01,0,0,0,0,0,0
4487,269,2025-04-01,0,17689,0,0,0,17689
4488,269,2025-05-01,17689,0,0,0,17689,0
4489,269,2025-06-01,0,0,0,0,0,0
4490,269,2025-07-01,0,0,0,0,0,0
4491,269,2025-08-01,0,0,0,0,0,0
4492,269,2025-09-01,0,0,0,0,0,0
4493,269,2025-10-01,0,0,0,0,0,0
4494,269,2025-11-01,0,0,0,0,0,0
4495,269,2025-12-01,0,0,0,0,0,0
4496,269,2026-01-01,0,0,0,0,0,0
4497,269,2026-02-01,0,0,0,0,0,0
4498,269,2026-03-01,0,0,0,0,0,0
4499,269,2026-04-01,0,0,0,0,0,0
4500,269,2026-05-01,0,0,0,0,0,0
4501,269,2026-06-01,0,0,0,0,0,0
4502,270,2025-10-01,0,4941,0,0,0,4941
4503,270,2025-11-01,4941,0,1283,0,0,6224
4504,270,2025-12-01,6224,0,0,835,0,5389
4505,270,2026-01-01,5389,0,0,0,0,5389
4506,270,2026-02-01,5389,0,0,0,0,5389
4507,270,2026-03-01,5389,0,0,0,0,5389
4508,270,2026-04-01,5389,0,1003,0,0,6392
4509,270,2026-05-01,6392,0,0,0,0,6392
4510,270,2026-06-01,6392,0,0,0,0,6392
4511,271,2025-10-01,0,3180,0,0,0,3180
4512,271,2025-11-01,3180,0,0,0,0,3180
4513,271,2025-12-01,3180,0,0,0,0,3180
4514,271,2026-01-01,3180,0,0,0,0,3180
4515,271,2026-02-01,3180,0,0,0,0,3180
4516,271,2026-03-01,3180,0,0,0,0,3180
4517,271,2026-04-01,3180,0,0,0,0,3180
4518,271,2026-05-01,3180,0,0,0,0,3180
4519,271,2026-06-01,3180,0,0,0,0,3180
4520,272,2025-01-01,0,70174,0,0,0,70174
4521,272,2025-02-01,70174,0,0,0,70174,0
4522,272,2025-03-01,0,0,0,0,0,0
4523,272,2025-04-01,0,0,0,0,0,0
4524,272,2025-05-01,0,0,0,0,0,0
4525,272,2025-06-01,0,0,0,0,0,0
4526,272,2025-07-01,0,0,0,0,0,0
4527,272,2025-08-01,0,0,0,0,0,0
4528,272,2025-09-01,0,0,0,0,0,0
4529,272,2025-10-01,0,0,0,0,0,0
4530,272,2025-11-01,0,0,0,0,0,0
4531,272,2025-12-01,0,0,0,0,0,0
4532,272,2026-01-01,0,0,0,0,0,0
4533,272,2026-02-01,0,0,0,0,0,0
4534,272,2026-03-01,0,0,0,0,0,0
4535,272,2026-04-01,0,0,0,0,0,0
4536,272,2026-05-01,0,0,0,0,0,0
4537,272,2026-06-01,0,0,0,0,0,0
4538,273,2024-05-01,0,22506,0,0,0,22506
4539,273,2024-06-01,22506,0,6193,0,0,28699
4540,273,2024-07-01,28699,0,0,0,0,28699
4541,273,2024-08-01,28699,0,0,0,0,28699
4542,273,2024-09-01,28699,0,0,0,0,28699
4543,273,2024-10-01,28699,0,0,0,0,28699
4544,273,2024-11-01,28699,0,0,0,0,28699
4545,273,2024-12-01,28699,0,0,0,28699,0
4546,273,2025-01-01,0,0,0,0,0,0
4547,273,2025-02-01,0,0,0,0,0,0
4548,273,2025-03-01,0,0,0,0,0,0
4549,273,2025-04-01,0,0,0,0,0,0
4550,273,2025-05-01,0,0,0,0,0,0
4551,273,2025-06-01,0,0,0,0,0,0
4552,273,2025-07-01,0,0,0,0,0,0
4553,273,2025-08-01,0,0,0,0,0,0
4554,273,2025-09-01,0,0,0,0,0,0
4555,273,2025-10-01,0,0,0,0,0,0
4556,273,2025-11-01,0,0,0,0,0,0
4557,273,2025-12-01,0,0,0,0,0,0
4558,273,2026-01-01,0,0,0,0,0,0
4559,273,2026-02-01,0,0,0,0,0,0
4560,273,2026-03-01,0,0,0,0,0,0
4561,273,2026-04-01,0,0,0,0,0,0
4562,273,2026-05-01,0,0,0,0,0,0
4563,273,2026-06-01,0,0,0,0,0,0
4564,274,2025-10-01,0,7665,0,0,0,7665
4565,274,2025-11-01,7665,0,0,0,0,7665
4566,274,2025-12-01,7665,0,0,0,7665,0
4567,274,2026-01-01,0,0,0,0,0,0
4568,274,2026-02-01,0,0,0,0,0,0
4569,274,2026-03-01,0,0,0,0,0,0
4570,274,2026-04-01,0,0,0,0,0,0
4571,274,2026-05-01,0,0,0,0,0,0
4572,274,2026-06-01,0,0,0,0,0,0
4573,275,2025-10-01,0,5438,0,0,0,5438
4574,275,2025-11-01,5438,0,0,0,0,5438
4575,275,2025-12-01,5438,0,0,0,0,5438
4576,275,2026-01-01,5438,0,0,0,0,5438
4577,275,2026-02-01,5438,0,0,0,0,5438
4578,275,2026-03-01,5438,0,0,0,0,5438
4579,275,2026-04-01,5438,0,0,0,0,5438
4580,275,2026-05-01,5438,0,0,0,0,5438
4581,275,2026-06-01,5438,0,0,0,0,5438
4582,276,2025-06-01,0,15199,0,0,0,15199
4583,276,2025-07-01,15199,0,0,0,0,15199
4584,276,2025-08-01,15199,0,0,0,0,15199
4585,276,2025-09-01,15199,0,0,3053,0,12146
4586,276,2025-10-01,12146,0,0,0,0,12146
4587,276,2025-11-01,12146,0,0,0,0,12146
4588,276,2025-12-01,12146,0,0,0,0,12146
4589,276,2026-01-01,12146,0,0,0,12146,0
4590,276,2026-02-01,0,0,0,0,0,0
4591,276,2026-03-01,0,0,0,0,0,0
4592,276,2026-04-01,0,0,0,0,0,0
4593,276,2026-05-01,0,0,0,0,0,0
4594,276,2026-06-01,0,0,0,0,0,0
4595,277,2024-10-01,0,3950,0,0,0,3950
4596,277,2024-11-01,3950,0,0,0,0,3950
4597,277,2024-12-01,3950,0,0,0,0,3950
4598,277,2025-01-01,3950,0,0,0,0,3950
4599,277,2025-02-01,3950,0,0,0,0,3950
4600,277,2025-03-01,3950,0,0,0,0,3950
4601,277,2025-04-01,3950,0,978,0,0,4928
4602,277,2025-05-01,4928,0,0,894,0,4034
4603,277,2025-06-01,4034,0,0,0,0,4034
4604,277,2025-07-01,4034,0,0,0,0,4034
4605,277,2025-08-01,4034,0,0,0,0,4034
4606,277,2025-09-01,4034,0,0,0,0,4034
4607,277,2025-10-01,4034,0,0,0,0,4034
4608,277,2025-11-01,4034,0,0,0,0,4034
4609,277,2025-12-01,4034,0,0,0,0,4034
4610,277,2026-01-01,4034,0,0,0,0,4034
4611,277,2026-02-01,4034,0,0,0,0,4034
4612,277,2026-03-01,4034,0,0,0,0,4034
4613,277,2026-04-01,4034,0,0,0,0,4034
4614,277,2026-05-01,4034,0,0,0,0,4034
4615,277,2026-06-01,4034,0,0,0,0,4034
4616,278,2025-08-01,0,26767,0,0,0,26767
4617,278,2025-09-01,26767,0,0,0,0,26767
4618,278,2025-10-01,26767,0,0,0,0,26767
4619,278,2025-11-01,26767,0,0,0,0,26767
4620,278,2025-12-01,26767,0,4205,0,0,30972
4621,278,2026-01-01,30972,0,0,0,0,30972
4622,278,2026-02-01,30972,0,0,0,0,30972
4623,278,2026-03-01,30972,0,5604,0,0,36576
4624,278,2026-04-01,36576,0,0,0,0,36576
4625,278,2026-05-01,36576,0,0,0,0,36576
4626,278,2026-06-01,36576,0,0,0,0,36576
4627,279,2025-06-01,0,47383,0,0,0,47383
4628,279,2025-07-01,47383,0,0,0,0,47383
4629,279,2025-08-01,47383,0,0,0,0,47383
4630,279,2025-09-01,47383,0,0,0,0,47383
4631,279,2025-10-01,47383,0,0,0,0,47383
4632,279,2025-11-01,47383,0,8909,0,0,56292
4633,279,2025-12-01,56292,0,0,0,0,56292
4634,279,2026-01-01,56292,0,0,0,0,56292
4635,279,2026-02-01,56292,0,0,0,0,56292
4636,279,2026-03-01,56292,0,0,0,0,56292
4637,279,2026-04-01,56292,0,0,0,0,56292
4638,279,2026-05-01,56292,0,0,0,0,56292
4639,279,2026-06-01,56292,0,0,11184,0,45108
4640,280,2025-04-01,0,5940,0,0,0,5940
4641,280,2025-05-01,5940,0,0,0,0,5940
4642,280,2025-06-01,5940,0,600,0,0,6540
4643,280,2025-07-01,6540,0,0,0,0,6540
4644,280,2025-08-01,6540,0,0,0,0,6540
4645,280,2025-09-01,6540,0,0,0,0,6540
4646,280,2025-10-01,6540,0,0,0,0,6540
4647,280,2025-11-01,6540,0,0,0,0,6540
4648,280,2025-12-01,6540,0,0,0,0,6540
4649,280,2026-01-01,6540,0,0,0,0,6540
4650,280,2026-02-01,6540,0,0,0,0,6540
4651,280,2026-03-01,6540,0,0,0,0,6540
4652,280,2026-04-01,6540,0,0,0,0,6540
4653,280,2026-05-01,6540,0,0,0,0,6540
4654,280,2026-06-01,6540,0,0,0,0,6540
4655,281,2024-06-01,0,6851,0,0,0,6851
4656,281,2024-07-01,6851,0,0,0,0,6851
4657,281,2024-08-01,6851,0,0,0,0,6851
4658,281,2024-09-01,6851,0,0,0,0,6851
4659,281,2024-10-01,6851,0,0,0,0,6851
4660,281,2024-11-01,6851,0,0,0,0,6851
4661,281,2024-12-01,6851,0,0,0,0,6851
4662,281,2025-01-01,6851,0,0,0,0,6851
4663,281,2025-02-01,6851,0,0,0,6851,0
4664,281,2025-03-01,0,0,0,0,0,0
4665,281,2025-04-01,0,0,0,0,0,0
4666,281,2025-05-01,0,0,0,0,0,0
4667,281,2025-06-01,0,0,0,0,0,0
4668,281,2025-07-01,0,0,0,0,0,0
4669,281,2025-08-01,0,0,0,0,0,0
4670,281,2025-09-01,0,0,0,0,0,0
4671,281,2025-10-01,0,0,0,0,0,0
4672,281,2025-11-01,0,0,0,0,0,0
4673,281,2025-12-01,0,0,0,0,0,0
4674,281,2026-01-01,0,0,0,0,0,0
4675,281,2026-02-01,0,0,0,0,0,0
4676,281,2026-03-01,0,0,0,0,0,0
4677,281,2026-04-01,0,0,0,0,0,0
4678,281,2026-05-01,0,0,0,0,0,0
4679,281,2026-06-01,0,0,0,0,0,0
4680,282,2024-08-01,0,12456,0,0,0,12456
4681,282,2024-09-01,12456,0,0,0,0,12456
4682,282,2024-10-01,12456,0,0,0,0,12456
4683,282,2024-11-01,12456,0,0,0,0,12456
4684,282,2024-12-01,12456,0,2351,0,0,14807
4685,282,2025-01-01,14807,0,0,0,14807,0
4686,282,2025-02-01,0,0,0,0,0,0
4687,282,2025-03-01,0,0,0,0,0,0
4688,282,2025-04-01,0,0,0,0,0,0
4689,282,2025-05-01,0,0,0,0,0,0
4690,282,2025-06-01,0,0,0,0,0,0
4691,282,2025-07-01,0,0,0,0,0,0
4692,282,2025-08-01,0,0,0,0,0,0
4693,282,2025-09-01,0,0,0,0,0,0
4694,282,2025-10-01,0,0,0,0,0,0
4695,282,2025-11-01,0,0,0,0,0,0
4696,282,2025-12-01,0,0,0,0,0,0
4697,282,2026-01-01,0,0,0,0,0,0
4698,282,2026-02-01,0,0,0,0,0,0
4699,282,2026-03-01,0,0,0,0,0,0
4700,282,2026-04-01,0,0,0,0,0,0
4701,282,2026-05-01,0,0,0,0,0,0
4702,282,2026-06-01,0,0,0,0,0,0
4703,283,2025-01-01,0,13635,0,0,0,13635
4704,283,2025-02-01,13635,0,0,0,0,13635
4705,283,2025-03-01,13635,0,0,0,0,13635
4706,283,2025-04-01,13635,0,3731,0,0,17366
4707,283,2025-05-01,17366,0,0,0,0,17366
4708,283,2025-06-01,17366,0,0,0,17366,0
4709,283,2025-07-01,0,0,0,0,0,0
4710,283,2025-08-01,0,0,0,0,0,0
4711,283,2025-09-01,0,0,0,0,0,0
4712,283,2025-10-01,0,0,0,0,0,0
4713,283,2025-11-01,0,0,0,0,0,0
4714,283,2025-12-01,0,0,0,0,0,0
4715,283,2026-01-01,0,0,0,0,0,0
4716,283,2026-02-01,0,0,0,0,0,0
4717,283,2026-03-01,0,0,0,0,0,0
4718,283,2026-04-01,0,0,0,0,0,0
4719,283,2026-05-01,0,0,0,0,0,0
4720,283,2026-06-01,0,0,0,0,0,0
4721,284,2024-06-01,0,4572,0,0,0,4572
4722,284,2024-07-01,4572,0,0,0,0,4572
4723,284,2024-08-01,4572,0,1022,0,0,5594
4724,284,2024-09-01,5594,0,0,0,0,5594
4725,284,2024-10-01,5594,0,0,0,0,5594
4726,284,2024-11-01,5594,0,0,0,0,5594
4727,284,2024-12-01,5594,0,0,0,0,5594
4728,284,2025-01-01,5594,0,0,0,0,5594
4729,284,2025-02-01,5594,0,0,0,0,5594
4730,284,2025-03-01,5594,0,0,0,5594,0
4731,284,2025-04-01,0,0,0,0,0,0
4732,284,2025-05-01,0,0,0,0,0,0
4733,284,2025-06-01,0,0,0,0,0,0
4734,284,2025-07-01,0,0,0,0,0,0
4735,284,2025-08-01,0,0,0,0,0,0
4736,284,2025-09-01,0,0,0,0,0,0
4737,284,2025-10-01,0,0,0,0,0,0
4738,284,2025-11-01,0,0,0,0,0,0
4739,284,2025-12-01,0,0,0,0,0,0
4740,284,2026-01-01,0,0,0,0,0,0
4741,284,2026-02-01,0,0,0,0,0,0
4742,284,2026-03-01,0,0,0,0,0,0
4743,284,2026-04-01,0,0,0,0,0,0
4744,284,2026-05-01,0,0,0,0,0,0
4745,284,2026-06-01,0,0,0,0,0,0
4746,285,2025-11-01,0,7671,0,0,0,7671
4747,285,2025-12-01,7671,0,0,0,0,7671
4748,285,2026-01-01,7671,0,0,0,0,7671
4749,285,2026-02-01,7671,0,0,0,0,7671
4750,285,2026-03-01,7671,0,0,0,0,7671
4751,285,2026-04-01,7671,0,0,0,0,7671
4752,285,2026-05-01,7671,0,0,0,0,7671
4753,285,2026-06-01,7671,0,0,0,0,7671
4754,286,2025-05-01,0,5172,0,0,0,5172
4755,286,2025-06-01,5172,0,0,0,0,5172
4756,286,2025-07-01,5172,0,0,0,0,5172
4757,286,2025-08-01,5172,0,0,0,0,5172
4758,286,2025-09-01,5172,0,0,0,0,5172
4759,286,2025-10-01,5172,0,639,0,0,5811
4760,286,2025-11-01,5811,0,0,0,0,5811
4761,286,2025-12-01,5811,0,0,0,0,5811
4762,286,2026-01-01,5811,0,1431,0,0,7242
4763,286,2026-02-01,7242,0,0,0,0,7242
4764,286,2026-03-01,7242,0,0,0,0,7242
4765,286,2026-04-01,7242,0,0,0,0,7242
4766,286,2026-05-01,7242,0,0,0,0,7242
4767,286,2026-06-01,7242,0,0,0,0,7242
4768,287,2024-05-01,0,3072,0,0,0,3072
4769,287,2024-06-01,3072,0,595,0,0,3667
4770,287,2024-07-01,3667,0,0,0,0,3667
4771,287,2024-08-01,3667,0,0,0,0,3667
4772,287,2024-09-01,3667,0,0,0,3667,0
4773,287,2024-10-01,0,0,0,0,0,0
4774,287,2024-11-01,0,0,0,0,0,0
4775,287,2024-12-01,0,0,0,0,0,0
4776,287,2025-01-01,0,0,0,0,0,0
4777,287,2025-02-01,0,0,0,0,0,0
4778,287,2025-03-01,0,0,0,0,0,0
4779,287,2025-04-01,0,0,0,0,0,0
4780,287,2025-05-01,0,0,0,0,0,0
4781,287,2025-06-01,0,0,0,0,0,0
4782,287,2025-07-01,0,0,0,0,0,0
4783,287,2025-08-01,0,0,0,0,0,0
4784,287,2025-09-01,0,0,0,0,0,0
4785,287,2025-10-01,0,0,0,0,0,0
4786,287,2025-11-01,0,0,0,0,0,0
4787,287,2025-12-01,0,0,0,0,0,0
4788,287,2026-01-01,0,0,0,0,0,0
4789,287,2026-02-01,0,0,0,0,0,0
4790,287,2026-03-01,0,0,0,0,0,0
4791,287,2026-04-01,0,0,0,0,0,0
4792,287,2026-05-01,0,0,0,0,0,0
4793,287,2026-06-01,0,0,0,0,0,0
4794,288,2024-07-01,0,3780,0,0,0,3780
4795,288,2024-08-01,3780,0,0,497,0,3283
4796,288,2024-09-01,3283,0,0,0,0,3283
4797,288,2024-10-01,3283,0,0,0,0,3283
4798,288,2024-11-01,3283,0,0,0,0,3283
4799,288,2024-12-01,3283,0,0,0,0,3283
4800,288,2025-01-01,3283,0,455,0,0,3738
4801,288,2025-02-01,3738,0,0,529,0,3209
4802,288,2025-03-01,3209,0,0,0,0,3209
4803,288,2025-04-01,3209,0,0,0,0,3209
4804,288,2025-05-01,3209,0,0,0,0,3209
4805,288,2025-06-01,3209,0,0,0,0,3209
4806,288,2025-07-01,3209,0,0,0,0,3209
4807,288,2025-08-01,3209,0,0,0,3209,0
4808,288,2025-09-01,0,0,0,0,0,0
4809,288,2025-10-01,0,0,0,0,0,0
4810,288,2025-11-01,0,0,0,0,0,0
4811,288,2025-12-01,0,0,0,0,0,0
4812,288,2026-01-01,0,0,0,0,0,0
4813,288,2026-02-01,0,0,0,0,0,0
4814,288,2026-03-01,0,0,0,0,0,0
4815,288,2026-04-01,0,0,0,0,0,0
4816,288,2026-05-01,0,0,0,0,0,0
4817,288,2026-06-01,0,0,0,0,0,0
4818,289,2024-04-01,0,22792,0,0,0,22792
4819,289,2024-05-01,22792,0,0,0,0,22792
4820,289,2024-06-01,22792,0,0,0,0,22792
4821,289,2024-07-01,22792,0,0,0,0,22792
4822,289,2024-08-01,22792,0,6102,0,0,28894
4823,289,2024-09-01,28894,0,0,0,0,28894
4824,289,2024-10-01,28894,0,0,0,0,28894
4825,289,2024-11-01,28894,0,0,0,0,28894
4826,289,2024-12-01,28894,0,0,0,0,28894
4827,289,2025-01-01,28894,0,0,0,0,28894
4828,289,2025-02-01,28894,0,0,0,0,28894
4829,289,2025-03-01,28894,0,0,0,0,28894
4830,289,2025-04-01,28894,0,0,0,0,28894
4831,289,2025-05-01,28894,0,0,0,0,28894
4832,289,2025-06-01,28894,0,0,0,0,28894
4833,289,2025-07-01,28894,0,0,0,0,28894
4834,289,2025-08-01,28894,0,0,0,0,28894
4835,289,2025-09-01,28894,0,0,0,0,28894
4836,289,2025-10-01,28894,0,0,0,0,28894
4837,289,2025-11-01,28894,0,0,0,0,28894
4838,289,2025-12-01,28894,0,0,0,0,28894
4839,289,2026-01-01,28894,0,0,0,0,28894
4840,289,2026-02-01,28894,0,0,0,0,28894
4841,289,2026-03-01,28894,0,0,0,0,28894
4842,289,2026-04-01,28894,0,0,0,0,28894
4843,289,2026-05-01,28894,0,0,0,28894,0
4844,289,2026-06-01,0,0,0,0,0,0
4845,290,2024-10-01,0,3623,0,0,0,3623
4846,290,2024-11-01,3623,0,0,0,0,3623
4847,290,2024-12-01,3623,0,0,0,0,3623
4848,290,2025-01-01,3623,0,0,0,0,3623
4849,290,2025-02-01,3623,0,792,0,0,4415
4850,290,2025-03-01,4415,0,0,0,0,4415
4851,290,2025-04-01,4415,0,0,0,0,4415
4852,290,2025-05-01,4415,0,0,0,0,4415
4853,290,2025-06-01,4415,0,708,0,0,5123
4854,290,2025-07-01,5123,0,0,0,0,5123
4855,290,2025-08-01,5123,0,0,0,0,5123
4856,290,2025-09-01,5123,0,0,0,0,5123
4857,290,2025-10-01,5123,0,0,0,0,5123
4858,290,2025-11-01,5123,0,0,0,0,5123
4859,290,2025-12-01,5123,0,0,0,0,5123
4860,290,2026-01-01,5123,0,0,0,0,5123
4861,290,2026-02-01,5123,0,0,0,0,5123
4862,290,2026-03-01,5123,0,0,0,0,5123
4863,290,2026-04-01,5123,0,0,0,0,5123
4864,290,2026-05-01,5123,0,0,0,0,5123
4865,290,2026-06-01,5123,0,518,0,0,5641
4866,291,2025-02-01,0,24879,0,0,0,24879
4867,291,2025-03-01,24879,0,0,0,0,24879
4868,291,2025-04-01,24879,0,0,0,0,24879
4869,291,2025-05-01,24879,0,0,0,0,24879
4870,291,2025-06-01,24879,0,0,0,24879,0
4871,291,2025-07-01,0,0,0,0,0,0
4872,291,2025-08-01,0,0,0,0,0,0
4873,291,2025-09-01,0,0,0,0,0,0
4874,291,2025-10-01,0,0,0,0,0,0
4875,291,2025-11-01,0,0,0,0,0,0
4876,291,2025-12-01,0,0,0,0,0,0
4877,291,2026-01-01,0,0,0,0,0,0
4878,291,2026-02-01,0,0,0,0,0,0
4879,291,2026-03-01,0,0,0,0,0,0
4880,291,2026-04-01,0,0,0,0,0,0
4881,291,2026-05-01,0,0,0,0,0,0
4882,291,2026-06-01,0,0,0,0,0,0
4883,292,2025-12-01,0,22005,0,0,0,22005
4884,292,2026-01-01,22005,0,0,0,0,22005
4885,292,2026-02-01,22005,0,0,0,0,22005
4886,292,2026-03-01,22005,0,0,0,0,22005
4887,292,2026-04-01,22005,0,0,0,0,22005
4888,292,2026-05-01,22005,0,0,0,0,22005
4889,292,2026-06-01,22005,0,0,0,0,22005
4890,293,2025-05-01,0,68872,0,0,0,68872
4891,293,2025-06-01,68872,0,0,9242,0,59630
4892,293,2025-07-01,59630,0,0,6948,0,52682
4893,293,2025-08-01,52682,0,0,0,0,52682
4894,293,2025-09-01,52682,0,0,0,0,52682
4895,293,2025-10-01,52682,0,0,0,0,52682
4896,293,2025-11-01,52682,0,0,0,0,52682
4897,293,2025-12-01,52682,0,0,12584,0,40098
4898,293,2026-01-01,40098,0,0,0,0,40098
4899,293,2026-02-01,40098,0,0,0,0,40098
4900,293,2026-03-01,40098,0,0,0,0,40098
4901,293,2026-04-01,40098,0,0,0,0,40098
4902,293,2026-05-01,40098,0,0,8258,0,31840
4903,293,2026-06-01,31840,0,0,0,0,31840
4904,294,2024-03-01,0,8218,0,0,0,8218
4905,294,2024-04-01,8218,0,0,1390,0,6828
4906,294,2024-05-01,6828,0,0,0,0,6828
4907,294,2024-06-01,6828,0,0,0,0,6828
4908,294,2024-07-01,6828,0,0,0,0,6828
4909,294,2024-08-01,6828,0,0,0,0,6828
4910,294,2024-09-01,6828,0,1628,0,0,8456
4911,294,2024-10-01,8456,0,0,0,0,8456
4912,294,2024-11-01,8456,0,1024,0,0,9480
4913,294,2024-12-01,9480,0,0,0,0,9480
4914,294,2025-01-01,9480,0,0,0,0,9480
4915,294,2025-02-01,9480,0,2441,0,0,11921
4916,294,2025-03-01,11921,0,0,0,0,11921
4917,294,2025-04-01,11921,0,0,0,0,11921
4918,294,2025-05-01,11921,0,0,0,0,11921
4919,294,2025-06-01,11921,0,0,0,0,11921
4920,294,2025-07-01,11921,0,0,0,0,11921
4921,294,2025-08-01,11921,0,0,0,0,11921
4922,294,2025-09-01,11921,0,0,0,0,11921
4923,294,2025-10-01,11921,0,0,0,0,11921
4924,294,2025-11-01,11921,0,0,1462,0,10459
4925,294,2025-12-01,10459,0,0,0,0,10459
4926,294,2026-01-01,10459,0,0,0,0,10459
4927,294,2026-02-01,10459,0,0,0,0,10459
4928,294,2026-03-01,10459,0,0,0,10459,0
4929,294,2026-04-01,0,0,0,0,0,0
4930,294,2026-05-01,0,0,0,0,0,0
4931,294,2026-06-01,0,0,0,0,0,0
4932,295,2025-12-01,0,4722,0,0,0,4722
4933,295,2026-01-01,4722,0,0,0,0,4722
4934,295,2026-02-01,4722,0,0,0,0,4722
4935,295,2026-03-01,4722,0,0,0,0,4722
4936,295,2026-04-01,4722,0,0,0,0,4722
4937,295,2026-05-01,4722,0,0,0,0,4722
4938,295,2026-06-01,4722,0,0,0,0,4722
4939,296,2025-06-01,0,11998,0,0,0,11998
4940,296,2025-07-01,11998,0,0,0,0,11998
4941,296,2025-08-01,11998,0,0,0,0,11998
4942,296,2025-09-01,11998,0,0,0,0,11998
4943,296,2025-10-01,11998,0,0,0,0,11998
4944,296,2025-11-01,11998,0,0,0,0,11998
4945,296,2025-12-01,11998,0,2020,0,0,14018
4946,296,2026-01-01,14018,0,3395,0,0,17413
4947,296,2026-02-01,17413,0,1826,0,0,19239
4948,296,2026-03-01,19239,0,0,0,0,19239
4949,296,2026-04-01,19239,0,0,0,0,19239
4950,296,2026-05-01,19239,0,0,0,0,19239
4951,296,2026-06-01,19239,0,5339,0,0,24578
4952,297,2025-09-01,0,28772,0,0,0,28772
4953,297,2025-10-01,28772,0,0,0,0,28772
4954,297,2025-11-01,28772,0,0,0,0,28772
4955,297,2025-12-01,28772,0,0,0,0,28772
4956,297,2026-01-01,28772,0,0,0,0,28772
4957,297,2026-02-01,28772,0,0,0,0,28772
4958,297,2026-03-01,28772,0,0,0,0,28772
4959,297,2026-04-01,28772,0,0,0,0,28772
4960,297,2026-05-01,28772,0,0,0,0,28772
4961,297,2026-06-01,28772,0,0,0,0,28772
4962,298,2024-10-01,0,5774,0,0,0,5774
4963,298,2024-11-01,5774,0,0,0,0,5774
4964,298,2024-12-01,5774,0,0,0,0,5774
4965,298,2025-01-01,5774,0,0,0,0,5774
4966,298,2025-02-01,5774,0,0,0,0,5774
4967,298,2025-03-01,5774,0,0,0,0,5774
4968,298,2025-04-01,5774,0,0,806,0,4968
4969,298,2025-05-01,4968,0,0,0,0,4968
4970,298,2025-06-01,4968,0,0,0,0,4968
4971,298,2025-07-01,4968,0,0,0,0,4968
4972,298,2025-08-01,4968,0,1062,0,0,6030
4973,298,2025-09-01,6030,0,0,0,0,6030
4974,298,2025-10-01,6030,0,0,0,0,6030
4975,298,2025-11-01,6030,0,0,0,0,6030
4976,298,2025-12-01,6030,0,0,0,0,6030
4977,298,2026-01-01,6030,0,0,0,0,6030
4978,298,2026-02-01,6030,0,0,0,0,6030
4979,298,2026-03-01,6030,0,0,0,0,6030
4980,298,2026-04-01,6030,0,0,0,0,6030
4981,298,2026-05-01,6030,0,1023,0,0,7053
4982,298,2026-06-01,7053,0,0,1074,0,5979
4983,299,2025-08-01,0,17464,0,0,0,17464
4984,299,2025-09-01,17464,0,0,0,0,17464
4985,299,2025-10-01,17464,0,0,0,0,17464
4986,299,2025-11-01,17464,0,0,0,0,17464
4987,299,2025-12-01,17464,0,0,0,0,17464
4988,299,2026-01-01,17464,0,0,0,0,17464
4989,299,2026-02-01,17464,0,0,0,17464,0
4990,299,2026-03-01,0,0,0,0,0,0
4991,299,2026-04-01,0,0,0,0,0,0
4992,299,2026-05-01,0,0,0,0,0,0
4993,299,2026-06-01,0,0,0,0,0,0
4994,300,2025-11-01,0,61460,0,0,0,61460
4995,300,2025-12-01,61460,0,0,12693,0,48767
4996,300,2026-01-01,48767,0,0,0,0,48767
4997,300,2026-02-01,48767,0,0,0,0,48767
4998,300,2026-03-01,48767,0,0,0,0,48767
4999,300,2026-04-01,48767,0,0,0,0,48767
5000,300,2026-05-01,48767,0,0,0,0,48767
5001,300,2026-06-01,48767,0,0,0,0,48767
5002,301,2025-08-01,0,37921,0,0,0,37921
5003,301,2025-09-01,37921,0,0,0,0,37921
5004,301,2025-10-01,37921,0,10549,0,0,48470
5005,301,2025-11-01,48470,0,0,0,0,48470
5006,301,2025-12-01,48470,0,0,0,0,48470
5007,301,2026-01-01,48470,0,0,9803,0,38667
5008,301,2026-02-01,38667,0,0,0,0,38667
5009,301,2026-03-01,38667,0,0,8670,0,29997
5010,301,2026-04-01,29997,0,0,0,0,29997
5011,301,2026-05-01,29997,0,0,0,0,29997
5012,301,2026-06-01,29997,0,0,0,0,29997
5013,302,2025-03-01,0,7696,0,0,0,7696
5014,302,2025-04-01,7696,0,0,0,0,7696
5015,302,2025-05-01,7696,0,0,0,7696,0
5016,302,2025-06-01,0,0,0,0,0,0
5017,302,2025-07-01,0,0,0,0,0,0
5018,302,2025-08-01,0,0,0,0,0,0
5019,302,2025-09-01,0,0,0,0,0,0
5020,302,2025-10-01,0,0,0,0,0,0
5021,302,2025-11-01,0,0,0,0,0,0
5022,302,2025-12-01,0,0,0,0,0,0
5023,302,2026-01-01,0,0,0,0,0,0
5024,302,2026-02-01,0,0,0,0,0,0
5025,302,2026-03-01,0,0,0,0,0,0
5026,302,2026-04-01,0,0,0,0,0,0
5027,302,2026-05-01,0,0,0,0,0,0
5028,302,2026-06-01,0,0,0,0,0,0
5029,303,2025-06-01,0,11010,0,0,0,11010
5030,303,2025-07-01,11010,0,0,0,0,11010
5031,303,2025-08-01,11010,0,0,0,11010,0
5032,303,2025-09-01,0,0,0,0,0,0
5033,303,2025-10-01,0,0,0,0,0,0
5034,303,2025-11-01,0,0,0,0,0,0
5035,303,2025-12-01,0,0,0,0,0,0
5036,303,2026-01-01,0,0,0,0,0,0
5037,303,2026-02-01,0,0,0,0,0,0
5038,303,2026-03-01,0,0,0,0,0,0
5039,303,2026-04-01,0,0,0,0,0,0
5040,303,2026-05-01,0,0,0,0,0,0
5041,303,2026-06-01,0,0,0,0,0,0
5042,304,2024-08-01,0,5444,0,0,0,5444
5043,304,2024-09-01,5444,0,0,1344,0,4100
5044,304,2024-10-01,4100,0,0,0,0,4100
5045,304,2024-11-01,4100,0,0,0,0,4100
5046,304,2024-12-01,4100,0,0,570,0,3530
5047,304,2025-01-01,3530,0,0,0,0,3530
5048,304,2025-02-01,3530,0,0,0,0,3530
5049,304,2025-03-01,3530,0,0,0,0,3530
5050,304,2025-04-01,3530,0,0,0,0,3530
5051,304,2025-05-01,3530,0,0,0,0,3530
5052,304,2025-06-01,3530,0,0,0,0,3530
5053,304,2025-07-01,3530,0,0,0,0,3530
5054,304,2025-08-01,3530,0,0,366,0,3164
5055,304,2025-09-01,3164,0,0,0,0,3164
5056,304,2025-10-01,3164,0,0,0,0,3164
5057,304,2025-11-01,3164,0,0,0,0,3164
5058,304,2025-12-01,3164,0,0,0,0,3164
5059,304,2026-01-01,3164,0,0,0,0,3164
5060,304,2026-02-01,3164,0,0,0,0,3164
5061,304,2026-03-01,3164,0,0,0,0,3164
5062,304,2026-04-01,3164,0,0,0,3164,0
5063,304,2026-05-01,0,0,0,0,0,0
5064,304,2026-06-01,0,0,0,0,0,0
5065,305,2024-10-01,0,51720,0,0,0,51720
5066,305,2024-11-01,51720,0,0,0,0,51720
5067,305,2024-12-01,51720,0,0,0,0,51720
5068,305,2025-01-01,51720,0,0,0,0,51720
5069,305,2025-02-01,51720,0,0,0,0,51720
5070,305,2025-03-01,51720,0,0,0,0,51720
5071,305,2025-04-01,51720,0,0,0,51720,0
5072,305,2025-05-01,0,0,0,0,0,0
5073,305,2025-06-01,0,0,0,0,0,0
5074,305,2025-07-01,0,0,0,0,0,0
5075,305,2025-08-01,0,0,0,0,0,0
5076,305,2025-09-01,0,0,0,0,0,0
5077,305,2025-10-01,0,0,0,0,0,0
5078,305,2025-11-01,0,0,0,0,0,0
5079,305,2025-12-01,0,0,0,0,0,0
5080,305,2026-01-01,0,0,0,0,0,0
5081,305,2026-02-01,0,0,0,0,0,0
5082,305,2026-03-01,0,0,0,0,0,0
5083,305,2026-04-01,0,0,0,0,0,0
5084,305,2026-05-01,0,0,0,0,0,0
5085,305,2026-06-01,0,0,0,0,0,0
5086,306,2024-09-01,0,21758,0,0,0,21758
5087,306,2024-10-01,21758,0,0,0,0,21758
5088,306,2024-11-01,21758,0,0,0,0,21758
5089,306,2024-12-01,21758,0,0,0,0,21758
5090,306,2025-01-01,21758,0,0,0,0,21758
5091,306,2025-02-01,21758,0,0,0,0,21758
5092,306,2025-03-01,21758,0,0,0,0,21758
5093,306,2025-04-01,21758,0,0,0,0,21758
5094,306,2025-05-01,21758,0,0,0,0,21758
5095,306,2025-06-01,21758,0,0,0,0,21758
5096,306,2025-07-01,21758,0,0,0,0,21758
5097,306,2025-08-01,21758,0,0,0,0,21758
5098,306,2025-09-01,21758,0,0,0,0,21758
5099,306,2025-10-01,21758,0,0,0,0,21758
5100,306,2025-11-01,21758,0,0,0,21758,0
5101,306,2025-12-01,0,0,0,0,0,0
5102,306,2026-01-01,0,0,0,0,0,0
5103,306,2026-02-01,0,0,0,0,0,0
5104,306,2026-03-01,0,0,0,0,0,0
5105,306,2026-04-01,0,0,0,0,0,0
5106,306,2026-05-01,0,0,0,0,0,0
5107,306,2026-06-01,0,0,0,0,0,0
5108,307,2024-10-01,0,24362,0,0,0,24362
5109,307,2024-11-01,24362,0,3004,0,0,27366
5110,307,2024-12-01,27366,0,0,0,0,27366
5111,307,2025-01-01,27366,0,0,0,0,27366
5112,307,2025-02-01,27366,0,0,0,0,27366
5113,307,2025-03-01,27366,0,0,0,0,27366
5114,307,2025-04-01,27366,0,0,0,0,27366
5115,307,2025-05-01,27366,0,0,0,0,27366
5116,307,2025-06-01,27366,0,0,0,0,27366
5117,307,2025-07-01,27366,0,4558,0,0,31924
5118,307,2025-08-01,31924,0,0,0,0,31924
5119,307,2025-09-01,31924,0,0,0,0,31924
5120,307,2025-10-01,31924,0,0,0,0,31924
5121,307,2025-11-01,31924,0,0,0,31924,0
5122,307,2025-12-01,0,0,0,0,0,0
5123,307,2026-01-01,0,0,0,0,0,0
5124,307,2026-02-01,0,0,0,0,0,0
5125,307,2026-03-01,0,0,0,0,0,0
5126,307,2026-04-01,0,0,0,0,0,0
5127,307,2026-05-01,0,0,0,0,0,0
5128,307,2026-06-01,0,0,0,0,0,0
5129,308,2026-02-01,0,15227,0,0,0,15227
5130,308,2026-03-01,15227,0,0,0,0,15227
5131,308,2026-04-01,15227,0,0,0,0,15227
5132,308,2026-05-01,15227,0,0,0,0,15227
5133,308,2026-06-01,15227,0,0,0,0,15227
5134,309,2024-04-01,0,6205,0,0,0,6205
5135,309,2024-05-01,6205,0,0,1138,0,5067
5136,309,2024-06-01,5067,0,0,0,0,5067
5137,309,2024-07-01,5067,0,0,0,0,5067
5138,309,2024-08-01,5067,0,0,0,0,5067
5139,309,2024-09-01,5067,0,0,0,0,5067
5140,309,2024-10-01,5067,0,0,793,0,4274
5141,309,2024-11-01,4274,0,0,0,0,4274
5142,309,2024-12-01,4274,0,0,0,0,4274
5143,309,2025-01-01,4274,0,0,0,0,4274
5144,309,2025-02-01,4274,0,1260,0,0,5534
5145,309,2025-03-01,5534,0,0,0,0,5534
5146,309,2025-04-01,5534,0,0,0,0,5534
5147,309,2025-05-01,5534,0,0,0,0,5534
5148,309,2025-06-01,5534,0,0,0,0,5534
5149,309,2025-07-01,5534,0,1607,0,0,7141
5150,309,2025-08-01,7141,0,0,0,0,7141
5151,309,2025-09-01,7141,0,0,0,0,7141
5152,309,2025-10-01,7141,0,0,0,0,7141
5153,309,2025-11-01,7141,0,0,0,7141,0
5154,309,2025-12-01,0,0,0,0,0,0
5155,309,2026-01-01,0,0,0,0,0,0
5156,309,2026-02-01,0,0,0,0,0,0
5157,309,2026-03-01,0,0,0,0,0,0
5158,309,2026-04-01,0,0,0,0,0,0
5159,309,2026-05-01,0,0,0,0,0,0
5160,309,2026-06-01,0,0,0,0,0,0
5161,310,2024-11-01,0,38048,0,0,0,38048
5162,310,2024-12-01,38048,0,0,0,0,38048
5163,310,2025-01-01,38048,0,0,0,0,38048
5164,310,2025-02-01,38048,0,0,0,0,38048
5165,310,2025-03-01,38048,0,0,0,0,38048
5166,310,2025-04-01,38048,0,0,0,0,38048
5167,310,2025-05-01,38048,0,0,0,0,38048
5168,310,2025-06-01,38048,0,0,0,0,38048
5169,310,2025-07-01,38048,0,0,0,0,38048
5170,310,2025-08-01,38048,0,0,0,0,38048
5171,310,2025-09-01,38048,0,0,0,0,38048
5172,310,2025-10-01,38048,0,0,0,0,38048
5173,310,2025-11-01,38048,0,0,0,0,38048
5174,310,2025-12-01,38048,0,0,0,0,38048
5175,310,2026-01-01,38048,0,7779,0,0,45827
5176,310,2026-02-01,45827,0,0,0,0,45827
5177,310,2026-03-01,45827,0,9385,0,0,55212
5178,310,2026-04-01,55212,0,0,0,0,55212
5179,310,2026-05-01,55212,0,0,0,0,55212
5180,310,2026-06-01,55212,0,0,0,0,55212
5181,311,2025-05-01,0,56862,0,0,0,56862
5182,311,2025-06-01,56862,0,0,0,0,56862
5183,311,2025-07-01,56862,0,0,0,0,56862
5184,311,2025-08-01,56862,0,9979,0,0,66841
5185,311,2025-09-01,66841,0,0,0,0,66841
5186,311,2025-10-01,66841,0,0,0,0,66841
5187,311,2025-11-01,66841,0,0,0,0,66841
5188,311,2025-12-01,66841,0,0,0,0,66841
5189,311,2026-01-01,66841,0,0,0,0,66841
5190,311,2026-02-01,66841,0,0,0,0,66841
5191,311,2026-03-01,66841,0,0,0,0,66841
5192,311,2026-04-01,66841,0,0,0,0,66841
5193,311,2026-05-01,66841,0,8082,0,0,74923
5194,311,2026-06-01,74923,0,0,0,74923,0
5195,312,2025-05-01,0,5871,0,0,0,5871
5196,312,2025-06-01,5871,0,0,0,0,5871
5197,312,2025-07-01,5871,0,0,1137,0,4734
5198,312,2025-08-01,4734,0,0,0,0,4734
5199,312,2025-09-01,4734,0,0,0,0,4734
5200,312,2025-10-01,4734,0,0,0,0,4734
5201,312,2025-11-01,4734,0,0,0,0,4734
5202,312,2025-12-01,4734,0,0,0,0,4734
5203,312,2026-01-01,4734,0,0,0,0,4734
5204,312,2026-02-01,4734,0,0,0,0,4734
5205,312,2026-03-01,4734,0,0,0,0,4734
5206,312,2026-04-01,4734,0,0,0,0,4734
5207,312,2026-05-01,4734,0,0,0,0,4734
5208,312,2026-06-01,4734,0,0,0,0,4734
5209,313,2026-01-01,0,11129,0,0,0,11129
5210,313,2026-02-01,11129,0,0,0,0,11129
5211,313,2026-03-01,11129,0,0,0,0,11129
5212,313,2026-04-01,11129,0,0,0,0,11129
5213,313,2026-05-01,11129,0,0,1710,0,9419
5214,313,2026-06-01,9419,0,0,1825,0,7594
5215,314,2025-04-01,0,5515,0,0,0,5515
5216,314,2025-05-01,5515,0,0,0,0,5515
5217,314,2025-06-01,5515,0,0,0,0,5515
5218,314,2025-07-01,5515,0,0,0,0,5515
5219,314,2025-08-01,5515,0,0,0,0,5515
5220,314,2025-09-01,5515,0,0,0,0,5515
5221,314,2025-10-01,5515,0,0,0,0,5515
5222,314,2025-11-01,5515,0,0,0,0,5515
5223,314,2025-12-01,5515,0,0,0,0,5515
5224,314,2026-01-01,5515,0,0,0,0,5515
5225,314,2026-02-01,5515,0,0,0,0,5515
5226,314,2026-03-01,5515,0,0,0,0,5515
5227,314,2026-04-01,5515,0,0,0,0,5515
5228,314,2026-05-01,5515,0,0,0,0,5515
5229,314,2026-06-01,5515,0,0,0,0,5515
5230,315,2025-04-01,0,19675,0,0,0,19675
5231,315,2025-05-01,19675,0,0,0,0,19675
5232,315,2025-06-01,19675,0,0,0,0,19675
5233,315,2025-07-01,19675,0,0,0,0,19675
5234,315,2025-08-01,19675,0,0,0,0,19675
5235,315,2025-09-01,19675,0,0,0,0,19675
5236,315,2025-10-01,19675,0,0,0,19675,0
5237,315,2025-11-01,0,0,0,0,0,0
5238,315,2025-12-01,0,0,0,0,0,0
5239,315,2026-01-01,0,0,0,0,0,0
5240,315,2026-02-01,0,0,0,0,0,0
5241,315,2026-03-01,0,0,0,0,0,0
5242,315,2026-04-01,0,0,0,0,0,0
5243,315,2026-05-01,0,0,0,0,0,0
5244,315,2026-06-01,0,0,0,0,0,0
5245,316,2024-10-01,0,19593,0,0,0,19593
5246,316,2024-11-01,19593,0,0,0,0,19593
5247,316,2024-12-01,19593,0,0,0,0,19593
5248,316,2025-01-01,19593,0,0,0,0,19593
5249,316,2025-02-01,19593,0,0,0,0,19593
5250,316,2025-03-01,19593,0,0,0,0,19593
5251,316,2025-04-01,19593,0,2888,0,0,22481
5252,316,2025-05-01,22481,0,6727,0,0,29208
5253,316,2025-06-01,29208,0,0,0,29208,0
5254,316,2025-07-01,0,0,0,0,0,0
5255,316,2025-08-01,0,0,0,0,0,0
5256,316,2025-09-01,0,0,0,0,0,0
5257,316,2025-10-01,0,0,0,0,0,0
5258,316,2025-11-01,0,0,0,0,0,0
5259,316,2025-12-01,0,0,0,0,0,0
5260,316,2026-01-01,0,0,0,0,0,0
5261,316,2026-02-01,0,0,0,0,0,0
5262,316,2026-03-01,0,0,0,0,0,0
5263,316,2026-04-01,0,0,0,0,0,0
5264,316,2026-05-01,0,0,0,0,0,0
5265,316,2026-06-01,0,0,0,0,0,0
5266,317,2025-05-01,0,15508,0,0,0,15508
5267,317,2025-06-01,15508,0,0,0,0,15508
5268,317,2025-07-01,15508,0,0,0,0,15508
5269,317,2025-08-01,15508,0,0,0,0,15508
5270,317,2025-09-01,15508,0,0,3333,0,12175
5271,317,2025-10-01,12175,0,0,0,0,12175
5272,317,2025-11-01,12175,0,0,0,0,12175
5273,317,2025-12-01,12175,0,0,0,0,12175
5274,317,2026-01-01,12175,0,0,0,0,12175
5275,317,2026-02-01,12175,0,0,0,0,12175
5276,317,2026-03-01,12175,0,0,0,0,12175
5277,317,2026-04-01,12175,0,0,0,0,12175
5278,317,2026-05-01,12175,0,0,0,0,12175
5279,317,2026-06-01,12175,0,0,0,0,12175
5280,318,2025-02-01,0,5821,0,0,0,5821
5281,318,2025-03-01,5821,0,0,0,0,5821
5282,318,2025-04-01,5821,0,0,0,0,5821
5283,318,2025-05-01,5821,0,1078,0,0,6899
5284,318,2025-06-01,6899,0,0,0,0,6899
5285,318,2025-07-01,6899,0,0,0,0,6899
5286,318,2025-08-01,6899,0,0,0,0,6899
5287,318,2025-09-01,6899,0,0,0,0,6899
5288,318,2025-10-01,6899,0,830,0,0,7729
5289,318,2025-11-01,7729,0,1472,0,0,9201
5290,318,2025-12-01,9201,0,0,0,0,9201
5291,318,2026-01-01,9201,0,0,0,0,9201
5292,318,2026-02-01,9201,0,0,0,0,9201
5293,318,2026-03-01,9201,0,0,0,0,9201
5294,318,2026-04-01,9201,0,0,0,0,9201
5295,318,2026-05-01,9201,0,0,0,0,9201
5296,318,2026-06-01,9201,0,0,0,0,9201
5297,319,2025-05-01,0,4546,0,0,0,4546
5298,319,2025-06-01,4546,0,0,0,0,4546
5299,319,2025-07-01,4546,0,0,0,4546,0
5300,319,2025-08-01,0,0,0,0,0,0
5301,319,2025-09-01,0,0,0,0,0,0
5302,319,2025-10-01,0,0,0,0,0,0
5303,319,2025-11-01,0,0,0,0,0,0
5304,319,2025-12-01,0,0,0,0,0,0
5305,319,2026-01-01,0,0,0,0,0,0
5306,319,2026-02-01,0,0,0,0,0,0
5307,319,2026-03-01,0,0,0,0,0,0
5308,319,2026-04-01,0,0,0,0,0,0
5309,319,2026-05-01,0,0,0,0,0,0
5310,319,2026-06-01,0,0,0,0,0,0
5311,320,2026-01-01,0,23448,0,0,0,23448
5312,320,2026-02-01,23448,0,0,0,0,23448
5313,320,2026-03-01,23448,0,0,0,23448,0
5314,320,2026-04-01,0,0,0,0,0,0
5315,320,2026-05-01,0,0,0,0,0,0
5316,320,2026-06-01,0,0,0,0,0,0
5317,321,2024-07-01,0,16234,0,0,0,16234
5318,321,2024-08-01,16234,0,3453,0,0,19687
5319,321,2024-09-01,19687,0,0,0,0,19687
5320,321,2024-10-01,19687,0,0,0,0,19687
5321,321,2024-11-01,19687,0,0,0,0,19687
5322,321,2024-12-01,19687,0,0,0,0,19687
5323,321,2025-01-01,19687,0,0,0,0,19687
5324,321,2025-02-01,19687,0,0,0,0,19687
5325,321,2025-03-01,19687,0,0,0,0,19687
5326,321,2025-04-01,19687,0,0,0,0,19687
5327,321,2025-05-01,19687,0,0,0,0,19687
5328,321,2025-06-01,19687,0,4458,0,0,24145
5329,321,2025-07-01,24145,0,0,0,0,24145
5330,321,2025-08-01,24145,0,0,0,0,24145
5331,321,2025-09-01,24145,0,0,0,0,24145
5332,321,2025-10-01,24145,0,0,0,0,24145
5333,321,2025-11-01,24145,0,0,0,0,24145
5334,321,2025-12-01,24145,0,0,0,0,24145
5335,321,2026-01-01,24145,0,0,0,0,24145
5336,321,2026-02-01,24145,0,0,0,0,24145
5337,321,2026-03-01,24145,0,0,0,0,24145
5338,321,2026-04-01,24145,0,0,0,0,24145
5339,321,2026-05-01,24145,0,4956,0,0,29101
5340,321,2026-06-01,29101,0,0,0,0,29101
5341,322,2026-01-01,0,7658,0,0,0,7658
5342,322,2026-02-01,7658,0,0,0,0,7658
5343,322,2026-03-01,7658,0,0,0,0,7658
5344,322,2026-04-01,7658,0,0,0,0,7658
5345,322,2026-05-01,7658,0,0,0,0,7658
5346,322,2026-06-01,7658,0,0,0,7658,0
5347,323,2024-10-01,0,14087,0,0,0,14087
5348,323,2024-11-01,14087,0,0,0,0,14087
5349,323,2024-12-01,14087,0,3945,0,0,18032
5350,323,2025-01-01,18032,0,0,0,0,18032
5351,323,2025-02-01,18032,0,0,0,0,18032
5352,323,2025-03-01,18032,0,0,2474,0,15558
5353,323,2025-04-01,15558,0,0,0,0,15558
5354,323,2025-05-01,15558,0,0,0,0,15558
5355,323,2025-06-01,15558,0,0,0,15558,0
5356,323,2025-07-01,0,0,0,0,0,0
5357,323,2025-08-01,0,0,0,0,0,0
5358,323,2025-09-01,0,0,0,0,0,0
5359,323,2025-10-01,0,0,0,0,0,0
5360,323,2025-11-01,0,0,0,0,0,0
5361,323,2025-12-01,0,0,0,0,0,0
5362,323,2026-01-01,0,0,0,0,0,0
5363,323,2026-02-01,0,0,0,0,0,0
5364,323,2026-03-01,0,0,0,0,0,0
5365,323,2026-04-01,0,0,0,0,0,0
5366,323,2026-05-01,0,0,0,0,0,0
5367,323,2026-06-01,0,0,0,0,0,0
5368,324,2025-07-01,0,37161,0,0,0,37161
5369,324,2025-08-01,37161,0,0,0,0,37161
5370,324,2025-09-01,37161,0,0,0,0,37161
5371,324,2025-10-01,37161,0,0,0,0,37161
5372,324,2025-11-01,37161,0,0,0,0,37161
5373,324,2025-12-01,37161,0,0,0,0,37161
5374,324,2026-01-01,37161,0,9406,0,0,46567
5375,324,2026-02-01,46567,0,0,0,0,46567
5376,324,2026-03-01,46567,0,0,0,0,46567
5377,324,2026-04-01,46567,0,0,0,0,46567
5378,324,2026-05-01,46567,0,0,9068,0,37499
5379,324,2026-06-01,37499,0,0,0,0,37499
5380,325,2025-06-01,0,6709,0,0,0,6709
5381,325,2025-07-01,6709,0,0,0,0,6709
5382,325,2025-08-01,6709,0,0,0,0,6709
5383,325,2025-09-01,6709,0,0,0,0,6709
5384,325,2025-10-01,6709,0,0,0,0,6709
5385,325,2025-11-01,6709,0,0,0,0,6709
5386,325,2025-12-01,6709,0,0,0,0,6709
5387,325,2026-01-01,6709,0,1038,0,0,7747
5388,325,2026-02-01,7747,0,0,1239,0,6508
5389,325,2026-03-01,6508,0,0,0,0,6508
5390,325,2026-04-01,6508,0,0,1508,0,5000
5391,325,2026-05-01,5000,0,0,0,0,5000
5392,325,2026-06-01,5000,0,0,500,0,4500
5393,326,2025-11-01,0,4881,0,0,0,4881
5394,326,2025-12-01,4881,0,0,0,0,4881
5395,326,2026-01-01,4881,0,0,0,0,4881
5396,326,2026-02-01,4881,0,0,0,0,4881
5397,326,2026-03-01,4881,0,0,0,0,4881
5398,326,2026-04-01,4881,0,0,0,0,4881
5399,326,2026-05-01,4881,0,0,0,0,4881
5400,326,2026-06-01,4881,0,0,0,0,4881
5401,327,2024-09-01,0,12521,0,0,0,12521
5402,327,2024-10-01,12521,0,0,2546,0,9975
5403,327,2024-11-01,9975,0,0,0,0,9975
5404,327,2024-12-01,9975,0,0,0,9975,0
5405,327,2025-01-01,0,0,0,0,0,0
5406,327,2025-02-01,0,0,0,0,0,0
5407,327,2025-03-01,0,0,0,0,0,0
5408,327,2025-04-01,0,0,0,0,0,0
5409,327,2025-05-01,0,0,0,0,0,0
5410,327,2025-06-01,0,0,0,0,0,0
5411,327,2025-07-01,0,0,0,0,0,0
5412,327,2025-08-01,0,0,0,0,0,0
5413,327,2025-09-01,0,0,0,0,0,0
5414,327,2025-10-01,0,0,0,0,0,0
5415,327,2025-11-01,0,0,0,0,0,0
5416,327,2025-12-01,0,0,0,0,0,0
5417,327,2026-01-01,0,0,0,0,0,0
5418,327,2026-02-01,0,0,0,0,0,0
5419,327,2026-03-01,0,0,0,0,0,0
5420,327,2026-04-01,0,0,0,0,0,0
5421,327,2026-05-01,0,0,0,0,0,0
5422,327,2026-06-01,0,0,0,0,0,0
5423,328,2024-03-01,0,64823,0,0,0,64823
5424,328,2024-04-01,64823,0,0,0,0,64823
5425,328,2024-05-01,64823,0,0,0,0,64823
5426,328,2024-06-01,64823,0,0,0,0,64823
5427,328,2024-07-01,64823,0,13717,0,0,78540
5428,328,2024-08-01,78540,0,19634,0,0,98174
5429,328,2024-09-01,98174,0,0,0,0,98174
5430,328,2024-10-01,98174,0,0,0,0,98174
5431,328,2024-11-01,98174,0,0,0,0,98174
5432,328,2024-12-01,98174,0,0,0,0,98174
5433,328,2025-01-01,98174,0,0,0,0,98174
5434,328,2025-02-01,98174,0,0,0,0,98174
5435,328,2025-03-01,98174,0,0,0,0,98174
5436,328,2025-04-01,98174,0,0,0,0,98174
5437,328,2025-05-01,98174,0,0,0,0,98174
5438,328,2025-06-01,98174,0,0,0,0,98174
5439,328,2025-07-01,98174,0,0,0,0,98174
5440,328,2025-08-01,98174,0,0,0,0,98174
5441,328,2025-09-01,98174,0,0,0,0,98174
5442,328,2025-10-01,98174,0,0,0,0,98174
5443,328,2025-11-01,98174,0,0,0,0,98174
5444,328,2025-12-01,98174,0,0,0,0,98174
5445,328,2026-01-01,98174,0,0,0,0,98174
5446,328,2026-02-01,98174,0,0,0,0,98174
5447,328,2026-03-01,98174,0,0,0,0,98174
5448,328,2026-04-01,98174,0,0,0,0,98174
5449,328,2026-05-01,98174,0,0,0,0,98174
5450,328,2026-06-01,98174,0,0,0,0,98174
5451,329,2024-10-01,0,13930,0,0,0,13930
5452,329,2024-11-01,13930,0,0,0,13930,0
5453,329,2024-12-01,0,0,0,0,0,0
5454,329,2025-01-01,0,0,0,0,0,0
5455,329,2025-02-01,0,0,0,0,0,0
5456,329,2025-03-01,0,0,0,0,0,0
5457,329,2025-04-01,0,0,0,0,0,0
5458,329,2025-05-01,0,0,0,0,0,0
5459,329,2025-06-01,0,0,0,0,0,0
5460,329,2025-07-01,0,0,0,0,0,0
5461,329,2025-08-01,0,0,0,0,0,0
5462,329,2025-09-01,0,0,0,0,0,0
5463,329,2025-10-01,0,0,0,0,0,0
5464,329,2025-11-01,0,0,0,0,0,0
5465,329,2025-12-01,0,0,0,0,0,0
5466,329,2026-01-01,0,0,0,0,0,0
5467,329,2026-02-01,0,0,0,0,0,0
5468,329,2026-03-01,0,0,0,0,0,0
5469,329,2026-04-01,0,0,0,0,0,0
5470,329,2026-05-01,0,0,0,0,0,0
5471,329,2026-06-01,0,0,0,0,0,0
5472,330,2026-01-01,0,26988,0,0,0,26988
5473,330,2026-02-01,26988,0,0,0,0,26988
5474,330,2026-03-01,26988,0,6926,0,0,33914
5475,330,2026-04-01,33914,0,0,0,0,33914
5476,330,2026-05-01,33914,0,9506,0,0,43420
5477,330,2026-06-01,43420,0,0,0,43420,0
5478,331,2025-10-01,0,3500,0,0,0,3500
5479,331,2025-11-01,3500,0,591,0,0,4091
5480,331,2025-12-01,4091,0,0,0,0,4091
5481,331,2026-01-01,4091,0,0,0,0,4091
5482,331,2026-02-01,4091,0,0,976,0,3115
5483,331,2026-03-01,3115,0,0,0,0,3115
5484,331,2026-04-01,3115,0,437,0,0,3552
5485,331,2026-05-01,3552,0,384,0,0,3936
5486,331,2026-06-01,3936,0,0,0,0,3936
5487,332,2026-01-01,0,26998,0,0,0,26998
5488,332,2026-02-01,26998,0,0,0,0,26998
5489,332,2026-03-01,26998,0,0,0,0,26998
5490,332,2026-04-01,26998,0,0,0,0,26998
5491,332,2026-05-01,26998,0,0,0,0,26998
5492,332,2026-06-01,26998,0,0,0,0,26998
5493,333,2024-07-01,0,3894,0,0,0,3894
5494,333,2024-08-01,3894,0,508,0,0,4402
5495,333,2024-09-01,4402,0,0,0,0,4402
5496,333,2024-10-01,4402,0,0,0,0,4402
5497,333,2024-11-01,4402,0,0,0,0,4402
5498,333,2024-12-01,4402,0,0,0,0,4402
5499,333,2025-01-01,4402,0,0,0,0,4402
5500,333,2025-02-01,4402,0,992,0,0,5394
5501,333,2025-03-01,5394,0,1057,0,0,6451
5502,333,2025-04-01,6451,0,0,0,0,6451
5503,333,2025-05-01,6451,0,0,0,0,6451
5504,333,2025-06-01,6451,0,0,0,0,6451
5505,333,2025-07-01,6451,0,0,0,0,6451
5506,333,2025-08-01,6451,0,0,0,0,6451
5507,333,2025-09-01,6451,0,0,0,0,6451
5508,333,2025-10-01,6451,0,0,0,0,6451
5509,333,2025-11-01,6451,0,0,0,0,6451
5510,333,2025-12-01,6451,0,0,0,0,6451
5511,333,2026-01-01,6451,0,0,0,0,6451
5512,333,2026-02-01,6451,0,1161,0,0,7612
5513,333,2026-03-01,7612,0,859,0,0,8471
5514,333,2026-04-01,8471,0,0,0,0,8471
5515,333,2026-05-01,8471,0,0,0,0,8471
5516,333,2026-06-01,8471,0,0,1264,0,7207
5517,334,2025-07-01,0,20643,0,0,0,20643
5518,334,2025-08-01,20643,0,0,0,0,20643
5519,334,2025-09-01,20643,0,0,0,0,20643
5520,334,2025-10-01,20643,0,0,0,0,20643
5521,334,2025-11-01,20643,0,2122,0,0,22765
5522,334,2025-12-01,22765,0,0,0,0,22765
5523,334,2026-01-01,22765,0,0,0,0,22765
5524,334,2026-02-01,22765,0,0,0,0,22765
5525,334,2026-03-01,22765,0,0,0,22765,0
5526,334,2026-04-01,0,0,0,0,0,0
5527,334,2026-05-01,0,0,0,0,0,0
5528,334,2026-06-01,0,0,0,0,0,0
5529,335,2025-01-01,0,70304,0,0,0,70304
5530,335,2025-02-01,70304,0,0,0,0,70304
5531,335,2025-03-01,70304,0,0,0,0,70304
5532,335,2025-04-01,70304,0,0,0,0,70304
5533,335,2025-05-01,70304,0,0,0,0,70304
5534,335,2025-06-01,70304,0,0,0,0,70304
5535,335,2025-07-01,70304,0,0,0,0,70304
5536,335,2025-08-01,70304,0,0,0,0,70304
5537,335,2025-09-01,70304,0,0,0,0,70304
5538,335,2025-10-01,70304,0,0,0,0,70304
5539,335,2025-11-01,70304,0,14284,0,0,84588
5540,335,2025-12-01,84588,0,0,0,0,84588
5541,335,2026-01-01,84588,0,0,0,0,84588
5542,335,2026-02-01,84588,0,0,0,0,84588
5543,335,2026-03-01,84588,0,0,0,0,84588
5544,335,2026-04-01,84588,0,0,0,0,84588
5545,335,2026-05-01,84588,0,0,0,0,84588
5546,335,2026-06-01,84588,0,0,0,0,84588
5547,336,2024-07-01,0,6784,0,0,0,6784
5548,336,2024-08-01,6784,0,0,0,0,6784
5549,336,2024-09-01,6784,0,0,0,0,6784
5550,336,2024-10-01,6784,0,1082,0,0,7866
5551,336,2024-11-01,7866,0,0,0,0,7866
5552,336,2024-12-01,7866,0,0,0,0,7866
5553,336,2025-01-01,7866,0,0,0,0,7866
5554,336,2025-02-01,7866,0,0,0,0,7866
5555,336,2025-03-01,7866,0,0,0,0,7866
5556,336,2025-04-01,7866,0,0,0,0,7866
5557,336,2025-05-01,7866,0,0,0,0,7866
5558,336,2025-06-01,7866,0,0,0,0,7866
5559,336,2025-07-01,7866,0,1397,0,0,9263
5560,336,2025-08-01,9263,0,0,0,0,9263
5561,336,2025-09-01,9263,0,0,0,0,9263
5562,336,2025-10-01,9263,0,0,1831,0,7432
5563,336,2025-11-01,7432,0,0,0,0,7432
5564,336,2025-12-01,7432,0,0,0,0,7432
5565,336,2026-01-01,7432,0,0,0,0,7432
5566,336,2026-02-01,7432,0,0,0,0,7432
5567,336,2026-03-01,7432,0,0,0,0,7432
5568,336,2026-04-01,7432,0,0,0,0,7432
5569,336,2026-05-01,7432,0,0,0,0,7432
5570,336,2026-06-01,7432,0,0,0,0,7432
5571,337,2025-03-01,0,15937,0,0,0,15937
5572,337,2025-04-01,15937,0,0,0,0,15937
5573,337,2025-05-01,15937,0,0,0,0,15937
5574,337,2025-06-01,15937,0,0,0,0,15937
5575,337,2025-07-01,15937,0,0,0,0,15937
5576,337,2025-08-01,15937,0,3440,0,0,19377
5577,337,2025-09-01,19377,0,0,0,19377,0
5578,337,2025-10-01,0,0,0,0,0,0
5579,337,2025-11-01,0,0,0,0,0,0
5580,337,2025-12-01,0,0,0,0,0,0
5581,337,2026-01-01,0,0,0,0,0,0
5582,337,2026-02-01,0,0,0,0,0,0
5583,337,2026-03-01,0,0,0,0,0,0
5584,337,2026-04-01,0,0,0,0,0,0
5585,337,2026-05-01,0,0,0,0,0,0
5586,337,2026-06-01,0,0,0,0,0,0
5587,338,2025-03-01,0,23871,0,0,0,23871
5588,338,2025-04-01,23871,0,0,0,0,23871
5589,338,2025-05-01,23871,0,0,0,0,23871
5590,338,2025-06-01,23871,0,0,0,23871,0
5591,338,2025-07-01,0,0,0,0,0,0
5592,338,2025-08-01,0,0,0,0,0,0
5593,338,2025-09-01,0,0,0,0,0,0
5594,338,2025-10-01,0,0,0,0,0,0
5595,338,2025-11-01,0,0,0,0,0,0
5596,338,2025-12-01,0,0,0,0,0,0
5597,338,2026-01-01,0,0,0,0,0,0
5598,338,2026-02-01,0,0,0,0,0,0
5599,338,2026-03-01,0,0,0,0,0,0
5600,338,2026-04-01,0,0,0,0,0,0
5601,338,2026-05-01,0,0,0,0,0,0
5602,338,2026-06-01,0,0,0,0,0,0
5603,339,2025-06-01,0,17683,0,0,0,17683
5604,339,2025-07-01,17683,0,0,0,0,17683
5605,339,2025-08-01,17683,0,0,0,0,17683
5606,339,2025-09-01,17683,0,0,0,0,17683
5607,339,2025-10-01,17683,0,0,0,17683,0
5608,339,2025-11-01,0,0,0,0,0,0
5609,339,2025-12-01,0,0,0,0,0,0
5610,339,2026-01-01,0,0,0,0,0,0
5611,339,2026-02-01,0,0,0,0,0,0
5612,339,2026-03-01,0,0,0,0,0,0
5613,339,2026-04-01,0,0,0,0,0,0
5614,339,2026-05-01,0,0,0,0,0,0
5615,339,2026-06-01,0,0,0,0,0,0
5616,340,2025-08-01,0,18965,0,0,0,18965
5617,340,2025-09-01,18965,0,0,0,0,18965
5618,340,2025-10-01,18965,0,2327,0,0,21292
5619,340,2025-11-01,21292,0,0,0,0,21292
5620,340,2025-12-01,21292,0,0,0,0,21292
5621,340,2026-01-01,21292,0,0,0,0,21292
5622,340,2026-02-01,21292,0,0,0,21292,0
5623,340,2026-03-01,0,0,0,0,0,0
5624,340,2026-04-01,0,0,0,0,0,0
5625,340,2026-05-01,0,0,0,0,0,0
5626,340,2026-06-01,0,0,0,0,0,0
5627,341,2025-12-01,0,68310,0,0,0,68310
5628,341,2026-01-01,68310,0,0,0,0,68310
5629,341,2026-02-01,68310,0,0,0,0,68310
5630,341,2026-03-01,68310,0,0,0,0,68310
5631,341,2026-04-01,68310,0,0,0,68310,0
5632,341,2026-05-01,0,0,0,0,0,0
5633,341,2026-06-01,0,0,0,0,0,0
5634,342,2024-12-01,0,58738,0,0,0,58738
5635,342,2025-01-01,58738,0,0,0,58738,0
5636,342,2025-02-01,0,0,0,0,0,0
5637,342,2025-03-01,0,0,0,0,0,0
5638,342,2025-04-01,0,0,0,0,0,0
5639,342,2025-05-01,0,0,0,0,0,0
5640,342,2025-06-01,0,0,0,0,0,0
5641,342,2025-07-01,0,0,0,0,0,0
5642,342,2025-08-01,0,0,0,0,0,0
5643,342,2025-09-01,0,0,0,0,0,0
5644,342,2025-10-01,0,0,0,0,0,0
5645,342,2025-11-01,0,0,0,0,0,0
5646,342,2025-12-01,0,0,0,0,0,0
5647,342,2026-01-01,0,0,0,0,0,0
5648,342,2026-02-01,0,0,0,0,0,0
5649,342,2026-03-01,0,0,0,0,0,0
5650,342,2026-04-01,0,0,0,0,0,0
5651,342,2026-05-01,0,0,0,0,0,0
5652,342,2026-06-01,0,0,0,0,0,0
5653,343,2025-01-01,0,16746,0,0,0,16746
5654,343,2025-02-01,16746,0,0,0,0,16746
5655,343,2025-03-01,16746,0,0,0,0,16746
5656,343,2025-04-01,16746,0,0,0,0,16746
5657,343,2025-05-01,16746,0,0,0,0,16746
5658,343,2025-06-01,16746,0,0,0,0,16746
5659,343,2025-07-01,16746,0,0,0,0,16746
5660,343,2025-08-01,16746,0,0,0,0,16746
5661,343,2025-09-01,16746,0,0,0,0,16746
5662,343,2025-10-01,16746,0,0,0,0,16746
5663,343,2025-11-01,16746,0,0,0,0,16746
5664,343,2025-12-01,16746,0,0,0,0,16746
5665,343,2026-01-01,16746,0,0,0,0,16746
5666,343,2026-02-01,16746,0,0,0,0,16746
5667,343,2026-03-01,16746,0,0,0,0,16746
5668,343,2026-04-01,16746,0,2196,0,0,18942
5669,343,2026-05-01,18942,0,0,0,0,18942
5670,343,2026-06-01,18942,0,0,0,0,18942
5671,344,2024-03-01,0,7931,0,0,0,7931
5672,344,2024-04-01,7931,0,0,0,0,7931
5673,344,2024-05-01,7931,0,0,0,0,7931
5674,344,2024-06-01,7931,0,0,0,0,7931
5675,344,2024-07-01,7931,0,0,0,7931,0
5676,344,2024-08-01,0,0,0,0,0,0
5677,344,2024-09-01,0,0,0,0,0,0
5678,344,2024-10-01,0,0,0,0,0,0
5679,344,2024-11-01,0,0,0,0,0,0
5680,344,2024-12-01,0,0,0,0,0,0
5681,344,2025-01-01,0,0,0,0,0,0
5682,344,2025-02-01,0,0,0,0,0,0
5683,344,2025-03-01,0,0,0,0,0,0
5684,344,2025-04-01,0,0,0,0,0,0
5685,344,2025-05-01,0,0,0,0,0,0
5686,344,2025-06-01,0,0,0,0,0,0
5687,344,2025-07-01,0,0,0,0,0,0
5688,344,2025-08-01,0,0,0,0,0,0
5689,344,2025-09-01,0,0,0,0,0,0
5690,344,2025-10-01,0,0,0,0,0,0
5691,344,2025-11-01,0,0,0,0,0,0
5692,344,2025-12-01,0,0,0,0,0,0
5693,344,2026-01-01,0,0,0,0,0,0
5694,344,2026-02-01,0,0,0,0,0,0
5695,344,2026-03-01,0,0,0,0,0,0
5696,344,2026-04-01,0,0,0,0,0,0
5697,344,2026-05-01,0,0,0,0,0,0
5698,344,2026-06-01,0,0,0,0,0,0
5699,345,2025-04-01,0,44316,0,0,0,44316
5700,345,2025-05-01,44316,0,0,0,0,44316
5701,345,2025-06-01,44316,0,0,7657,0,36659
5702,345,2025-07-01,36659,0,10277,0,0,46936
5703,345,2025-08-01,46936,0,0,0,46936,0
5704,345,2025-09-01,0,0,0,0,0,0
5705,345,2025-10-01,0,0,0,0,0,0
5706,345,2025-11-01,0,0,0,0,0,0
5707,345,2025-12-01,0,0,0,0,0,0
5708,345,2026-01-01,0,0,0,0,0,0
5709,345,2026-02-01,0,0,0,0,0,0
5710,345,2026-03-01,0,0,0,0,0,0
5711,345,2026-04-01,0,0,0,0,0,0
5712,345,2026-05-01,0,0,0,0,0,0
5713,345,2026-06-01,0,0,0,0,0,0
5714,346,2025-02-01,0,4736,0,0,0,4736
5715,346,2025-03-01,4736,0,0,0,0,4736
5716,346,2025-04-01,4736,0,0,0,0,4736
5717,346,2025-05-01,4736,0,0,0,0,4736
5718,346,2025-06-01,4736,0,0,0,0,4736
5719,346,2025-07-01,4736,0,0,0,0,4736
5720,346,2025-08-01,4736,0,0,0,4736,0
5721,346,2025-09-01,0,0,0,0,0,0
5722,346,2025-10-01,0,0,0,0,0,0
5723,346,2025-11-01,0,0,0,0,0,0
5724,346,2025-12-01,0,0,0,0,0,0
5725,346,2026-01-01,0,0,0,0,0,0
5726,346,2026-02-01,0,0,0,0,0,0
5727,346,2026-03-01,0,0,0,0,0,0
5728,346,2026-04-01,0,0,0,0,0,0
5729,346,2026-05-01,0,0,0,0,0,0
5730,346,2026-06-01,0,0,0,0,0,0
5731,347,2024-07-01,0,7384,0,0,0,7384
5732,347,2024-08-01,7384,0,0,1155,0,6229
5733,347,2024-09-01,6229,0,1203,0,0,7432
5734,347,2024-10-01,7432,0,0,0,0,7432
5735,347,2024-11-01,7432,0,0,0,0,7432
5736,347,2024-12-01,7432,0,924,0,0,8356
5737,347,2025-01-01,8356,0,0,0,0,8356
5738,347,2025-02-01,8356,0,0,0,0,8356
5739,347,2025-03-01,8356,0,0,0,0,8356
5740,347,2025-04-01,8356,0,0,0,0,8356
5741,347,2025-05-01,8356,0,1202,0,0,9558
5742,347,2025-06-01,9558,0,0,0,9558,0
5743,347,2025-07-01,0,0,0,0,0,0
5744,347,2025-08-01,0,0,0,0,0,0
5745,347,2025-09-01,0,0,0,0,0,0
5746,347,2025-10-01,0,0,0,0,0,0
5747,347,2025-11-01,0,0,0,0,0,0
5748,347,2025-12-01,0,0,0,0,0,0
5749,347,2026-01-01,0,0,0,0,0,0
5750,347,2026-02-01,0,0,0,0,0,0
5751,347,2026-03-01,0,0,0,0,0,0
5752,347,2026-04-01,0,0,0,0,0,0
5753,347,2026-05-01,0,0,0,0,0,0
5754,347,2026-06-01,0,0,0,0,0,0
5755,348,2025-04-01,0,10707,0,0,0,10707
5756,348,2025-05-01,10707,0,0,0,0,10707
5757,348,2025-06-01,10707,0,0,0,0,10707
5758,348,2025-07-01,10707,0,0,0,0,10707
5759,348,2025-08-01,10707,0,0,0,0,10707
5760,348,2025-09-01,10707,0,0,0,0,10707
5761,348,2025-10-01,10707,0,0,0,0,10707
5762,348,2025-11-01,10707,0,0,0,0,10707
5763,348,2025-12-01,10707,0,0,0,0,10707
5764,348,2026-01-01,10707,0,0,0,0,10707
5765,348,2026-02-01,10707,0,0,0,0,10707
5766,348,2026-03-01,10707,0,0,0,0,10707
5767,348,2026-04-01,10707,0,0,0,0,10707
5768,348,2026-05-01,10707,0,0,0,0,10707
5769,348,2026-06-01,10707,0,0,0,0,10707
5770,349,2025-03-01,0,7414,0,0,0,7414
5771,349,2025-04-01,7414,0,0,0,0,7414
5772,349,2025-05-01,7414,0,1124,0,0,8538
5773,349,2025-06-01,8538,0,0,0,0,8538
5774,349,2025-07-01,8538,0,0,0,0,8538
5775,349,2025-08-01,8538,0,0,0,0,8538
5776,349,2025-09-01,8538,0,0,0,0,8538
5777,349,2025-10-01,8538,0,0,0,0,8538
5778,349,2025-11-01,8538,0,0,0,0,8538
5779,349,2025-12-01,8538,0,0,0,0,8538
5780,349,2026-01-01,8538,0,0,0,0,8538
5781,349,2026-02-01,8538,0,0,0,0,8538
5782,349,2026-03-01,8538,0,0,0,0,8538
5783,349,2026-04-01,8538,0,0,0,0,8538
5784,349,2026-05-01,8538,0,0,0,0,8538
5785,349,2026-06-01,8538,0,0,0,0,8538
5786,350,2024-09-01,0,18456,0,0,0,18456
5787,350,2024-10-01,18456,0,0,0,0,18456
5788,350,2024-11-01,18456,0,0,0,0,18456
5789,350,2024-12-01,18456,0,0,0,0,18456
5790,350,2025-01-01,18456,0,0,0,0,18456
5791,350,2025-02-01,18456,0,0,0,0,18456
5792,350,2025-03-01,18456,0,0,3655,0,14801
5793,350,2025-04-01,14801,0,0,0,0,14801
5794,350,2025-05-01,14801,0,0,0,0,14801
5795,350,2025-06-01,14801,0,2207,0,0,17008
5796,350,2025-07-01,17008,0,0,0,0,17008
5797,350,2025-08-01,17008,0,3316,0,0,20324
5798,350,2025-09-01,20324,0,0,0,20324,0
5799,350,2025-10-01,0,0,0,0,0,0
5800,350,2025-11-01,0,0,0,0,0,0
5801,350,2025-12-01,0,0,0,0,0,0
5802,350,2026-01-01,0,0,0,0,0,0
5803,350,2026-02-01,0,0,0,0,0,0
5804,350,2026-03-01,0,0,0,0,0,0
5805,350,2026-04-01,0,0,0,0,0,0
5806,350,2026-05-01,0,0,0,0,0,0
5807,350,2026-06-01,0,0,0,0,0,0
5808,351,2025-12-01,0,6682,0,0,0,6682
5809,351,2026-01-01,6682,0,0,0,0,6682
5810,351,2026-02-01,6682,0,0,0,0,6682
5811,351,2026-03-01,6682,0,0,0,0,6682
5812,351,2026-04-01,6682,0,0,0,0,6682
5813,351,2026-05-01,6682,0,0,0,0,6682
5814,351,2026-06-01,6682,0,0,0,0,6682
5815,352,2024-07-01,0,24246,0,0,0,24246
5816,352,2024-08-01,24246,0,0,0,0,24246
5817,352,2024-09-01,24246,0,5806,0,0,30052
5818,352,2024-10-01,30052,0,0,0,30052,0
5819,352,2024-11-01,0,0,0,0,0,0
5820,352,2024-12-01,0,0,0,0,0,0
5821,352,2025-01-01,0,0,0,0,0,0
5822,352,2025-02-01,0,0,0,0,0,0
5823,352,2025-03-01,0,0,0,0,0,0
5824,352,2025-04-01,0,0,0,0,0,0
5825,352,2025-05-01,0,0,0,0,0,0
5826,352,2025-06-01,0,0,0,0,0,0
5827,352,2025-07-01,0,0,0,0,0,0
5828,352,2025-08-01,0,0,0,0,0,0
5829,352,2025-09-01,0,0,0,0,0,0
5830,352,2025-10-01,0,0,0,0,0,0
5831,352,2025-11-01,0,0,0,0,0,0
5832,352,2025-12-01,0,0,0,0,0,0
5833,352,2026-01-01,0,0,0,0,0,0
5834,352,2026-02-01,0,0,0,0,0,0
5835,352,2026-03-01,0,0,0,0,0,0
5836,352,2026-04-01,0,0,0,0,0,0
5837,352,2026-05-01,0,0,0,0,0,0
5838,352,2026-06-01,0,0,0,0,0,0
5839,353,2024-09-01,0,41473,0,0,0,41473
5840,353,2024-10-01,41473,0,7666,0,0,49139
5841,353,2024-11-01,49139,0,0,0,0,49139
5842,353,2024-12-01,49139,0,0,0,0,49139
5843,353,2025-01-01,49139,0,0,0,0,49139
5844,353,2025-02-01,49139,0,10886,0,0,60025
5845,353,2025-03-01,60025,0,0,0,0,60025
5846,353,2025-04-01,60025,0,0,0,0,60025
5847,353,2025-05-01,60025,0,0,0,0,60025
5848,353,2025-06-01,60025,0,0,0,0,60025
5849,353,2025-07-01,60025,0,0,0,0,60025
5850,353,2025-08-01,60025,0,0,0,0,60025
5851,353,2025-09-01,60025,0,0,0,0,60025
5852,353,2025-10-01,60025,0,0,0,0,60025
5853,353,2025-11-01,60025,0,0,0,0,60025
5854,353,2025-12-01,60025,0,0,0,0,60025
5855,353,2026-01-01,60025,0,0,0,60025,0
5856,353,2026-02-01,0,0,0,0,0,0
5857,353,2026-03-01,0,0,0,0,0,0
5858,353,2026-04-01,0,0,0,0,0,0
5859,353,2026-05-01,0,0,0,0,0,0
5860,353,2026-06-01,0,0,0,0,0,0
5861,354,2024-12-01,0,13678,0,0,0,13678
5862,354,2025-01-01,13678,0,0,0,0,13678
5863,354,2025-02-01,13678,0,1453,0,0,15131
5864,354,2025-03-01,15131,0,0,0,0,15131
5865,354,2025-04-01,15131,0,0,0,0,15131
5866,354,2025-05-01,15131,0,0,0,0,15131
5867,354,2025-06-01,15131,0,0,0,0,15131
5868,354,2025-07-01,15131,0,0,0,15131,0
5869,354,2025-08-01,0,0,0,0,0,0
5870,354,2025-09-01,0,0,0,0,0,0
5871,354,2025-10-01,0,0,0,0,0,0
5872,354,2025-11-01,0,0,0,0,0,0
5873,354,2025-12-01,0,0,0,0,0,0
5874,354,2026-01-01,0,0,0,0,0,0
5875,354,2026-02-01,0,0,0,0,0,0
5876,354,2026-03-01,0,0,0,0,0,0
5877,354,2026-04-01,0,0,0,0,0,0
5878,354,2026-05-01,0,0,0,0,0,0
5879,354,2026-06-01,0,0,0,0,0,0
5880,355,2025-06-01,0,6167,0,0,0,6167
5881,355,2025-07-01,6167,0,0,0,0,6167
5882,355,2025-08-01,6167,0,0,0,0,6167
5883,355,2025-09-01,6167,0,0,0,0,6167
5884,355,2025-10-01,6167,0,0,0,0,6167
5885,355,2025-11-01,6167,0,0,0,0,6167
5886,355,2025-12-01,6167,0,0,0,0,6167
5887,355,2026-01-01,6167,0,0,0,0,6167
5888,355,2026-02-01,6167,0,0,0,0,6167
5889,355,2026-03-01,6167,0,0,0,0,6167
5890,355,2026-04-01,6167,0,0,0,0,6167
5891,355,2026-05-01,6167,0,0,0,0,6167
5892,355,2026-06-01,6167,0,0,0,0,6167
5893,356,2025-12-01,0,5346,0,0,0,5346
5894,356,2026-01-01,5346,0,0,0,0,5346
5895,356,2026-02-01,5346,0,0,0,0,5346
5896,356,2026-03-01,5346,0,0,0,0,5346
5897,356,2026-04-01,5346,0,0,0,0,5346
5898,356,2026-05-01,5346,0,0,639,0,4707
5899,356,2026-06-01,4707,0,0,0,0,4707
5900,357,2025-03-01,0,7947,0,0,0,7947
5901,357,2025-04-01,7947,0,0,0,0,7947
5902,357,2025-05-01,7947,0,0,0,7947,0
5903,357,2025-06-01,0,0,0,0,0,0
5904,357,2025-07-01,0,0,0,0,0,0
5905,357,2025-08-01,0,0,0,0,0,0
5906,357,2025-09-01,0,0,0,0,0,0
5907,357,2025-10-01,0,0,0,0,0,0
5908,357,2025-11-01,0,0,0,0,0,0
5909,357,2025-12-01,0,0,0,0,0,0
5910,357,2026-01-01,0,0,0,0,0,0
5911,357,2026-02-01,0,0,0,0,0,0
5912,357,2026-03-01,0,0,0,0,0,0
5913,357,2026-04-01,0,0,0,0,0,0
5914,357,2026-05-01,0,0,0,0,0,0
5915,357,2026-06-01,0,0,0,0,0,0
5916,358,2025-05-01,0,9620,0,0,0,9620
5917,358,2025-06-01,9620,0,0,0,0,9620
5918,358,2025-07-01,9620,0,0,0,0,9620
5919,358,2025-08-01,9620,0,0,0,0,9620
5920,358,2025-09-01,9620,0,0,0,0,9620
5921,358,2025-10-01,9620,0,0,0,0,9620
5922,358,2025-11-01,9620,0,2268,0,0,11888
5923,358,2025-12-01,11888,0,0,0,0,11888
5924,358,2026-01-01,11888,0,0,0,0,11888
5925,358,2026-02-01,11888,0,0,0,0,11888
5926,358,2026-03-01,11888,0,0,0,0,11888
5927,358,2026-04-01,11888,0,0,0,11888,0
5928,358,2026-05-01,0,0,0,0,0,0
5929,358,2026-06-01,0,0,0,0,0,0
5930,359,2025-03-01,0,4907,0,0,0,4907
5931,359,2025-04-01,4907,0,0,0,0,4907
5932,359,2025-05-01,4907,0,0,0,4907,0
5933,359,2025-06-01,0,0,0,0,0,0
5934,359,2025-07-01,0,0,0,0,0,0
5935,359,2025-08-01,0,0,0,0,0,0
5936,359,2025-09-01,0,0,0,0,0,0
5937,359,2025-10-01,0,0,0,0,0,0
5938,359,2025-11-01,0,0,0,0,0,0
5939,359,2025-12-01,0,0,0,0,0,0
5940,359,2026-01-01,0,0,0,0,0,0
5941,359,2026-02-01,0,0,0,0,0,0
5942,359,2026-03-01,0,0,0,0,0,0
5943,359,2026-04-01,0,0,0,0,0,0
5944,359,2026-05-01,0,0,0,0,0,0
5945,359,2026-06-01,0,0,0,0,0,0
5946,360,2024-02-01,0,4834,0,0,0,4834
5947,360,2024-03-01,4834,0,0,0,4834,0
5948,360,2024-04-01,0,0,0,0,0,0
5949,360,2024-05-01,0,0,0,0,0,0
5950,360,2024-06-01,0,0,0,0,0,0
5951,360,2024-07-01,0,0,0,0,0,0
5952,360,2024-08-01,0,0,0,0,0,0
5953,360,2024-09-01,0,0,0,0,0,0
5954,360,2024-10-01,0,0,0,0,0,0
5955,360,2024-11-01,0,0,0,0,0,0
5956,360,2024-12-01,0,0,0,0,0,0
5957,360,2025-01-01,0,0,0,0,0,0
5958,360,2025-02-01,0,0,0,0,0,0
5959,360,2025-03-01,0,0,0,0,0,0
5960,360,2025-04-01,0,0,0,0,0,0
5961,360,2025-05-01,0,0,0,0,0,0
5962,360,2025-06-01,0,0,0,0,0,0
5963,360,2025-07-01,0,0,0,0,0,0
5964,360,2025-08-01,0,0,0,0,0,0
5965,360,2025-09-01,0,0,0,0,0,0
5966,360,2025-10-01,0,0,0,0,0,0
5967,360,2025-11-01,0,0,0,0,0,0
5968,360,2025-12-01,0,0,0,0,0,0
5969,360,2026-01-01,0,0,0,0,0,0
5970,360,2026-02-01,0,0,0,0,0,0
5971,360,2026-03-01,0,0,0,0,0,0
5972,360,2026-04-01,0,0,0,0,0,0
5973,360,2026-05-01,0,0,0,0,0,0
5974,360,2026-06-01,0,0,0,0,0,0
5975,361,2024-05-01,0,6501,0,0,0,6501
5976,361,2024-06-01,6501,0,0,0,0,6501
5977,361,2024-07-01,6501,0,0,0,6501,0
5978,361,2024-08-01,0,0,0,0,0,0
5979,361,2024-09-01,0,0,0,0,0,0
5980,361,2024-10-01,0,0,0,0,0,0
5981,361,2024-11-01,0,0,0,0,0,0
5982,361,2024-12-01,0,0,0,0,0,0
5983,361,2025-01-01,0,0,0,0,0,0
5984,361,2025-02-01,0,0,0,0,0,0
5985,361,2025-03-01,0,0,0,0,0,0
5986,361,2025-04-01,0,0,0,0,0,0
5987,361,2025-05-01,0,0,0,0,0,0
5988,361,2025-06-01,0,0,0,0,0,0
5989,361,2025-07-01,0,0,0,0,0,0
5990,361,2025-08-01,0,0,0,0,0,0
5991,361,2025-09-01,0,0,0,0,0,0
5992,361,2025-10-01,0,0,0,0,0,0
5993,361,2025-11-01,0,0,0,0,0,0
5994,361,2025-12-01,0,0,0,0,0,0
5995,361,2026-01-01,0,0,0,0,0,0
5996,361,2026-02-01,0,0,0,0,0,0
5997,361,2026-03-01,0,0,0,0,0,0
5998,361,2026-04-01,0,0,0,0,0,0
5999,361,2026-05-01,0,0,0,0,0,0
6000,361,2026-06-01,0,0,0,0,0,0
6001,362,2026-02-01,0,77777,0,0,0,77777
6002,362,2026-03-01,77777,0,0,0,0,77777
6003,362,2026-04-01,77777,0,8590,0,0,86367
6004,362,2026-05-01,86367,0,0,0,0,86367
6005,362,2026-06-01,86367,0,0,0,0,86367
6006,363,2024-02-01,0,22760,0,0,0,22760
6007,363,2024-03-01,22760,0,0,0,0,22760
6008,363,2024-04-01,22760,0,0,0,0,22760
6009,363,2024-05-01,22760,0,3883,0,0,26643
6010,363,2024-06-01,26643,0,0,0,0,26643
6011,363,2024-07-01,26643,0,0,0,0,26643
6012,363,2024-08-01,26643,0,6395,0,0,33038
6013,363,2024-09-01,33038,0,0,0,0,33038
6014,363,2024-10-01,33038,0,0,0,0,33038
6015,363,2024-11-01,33038,0,8661,0,0,41699
6016,363,2024-12-01,41699,0,0,0,0,41699
6017,363,2025-01-01,41699,0,0,0,0,41699
6018,363,2025-02-01,41699,0,9608,0,0,51307
6019,363,2025-03-01,51307,0,0,9504,0,41803
6020,363,2025-04-01,41803,0,0,0,0,41803
6021,363,2025-05-01,41803,0,0,8713,0,33090
6022,363,2025-06-01,33090,0,0,0,0,33090
6023,363,2025-07-01,33090,0,0,0,0,33090
6024,363,2025-08-01,33090,0,0,0,0,33090
6025,363,2025-09-01,33090,0,0,0,0,33090
6026,363,2025-10-01,33090,0,3884,0,0,36974
6027,363,2025-11-01,36974,0,0,7307,0,29667
6028,363,2025-12-01,29667,0,4021,0,0,33688
6029,363,2026-01-01,33688,0,0,0,0,33688
6030,363,2026-02-01,33688,0,0,0,0,33688
6031,363,2026-03-01,33688,0,0,0,0,33688
6032,363,2026-04-01,33688,0,0,0,0,33688
6033,363,2026-05-01,33688,0,0,0,0,33688
6034,363,2026-06-01,33688,0,0,0,0,33688
6035,364,2024-05-01,0,7892,0,0,0,7892
6036,364,2024-06-01,7892,0,0,0,0,7892
6037,364,2024-07-01,7892,0,0,0,0,7892
6038,364,2024-08-01,7892,0,0,0,0,7892
6039,364,2024-09-01,7892,0,0,0,0,7892
6040,364,2024-10-01,7892,0,0,0,0,7892
6041,364,2024-11-01,7892,0,0,0,0,7892
6042,364,2024-12-01,7892,0,0,0,0,7892
6043,364,2025-01-01,7892,0,0,0,0,7892
6044,364,2025-02-01,7892,0,1231,0,0,9123
6045,364,2025-03-01,9123,0,0,0,9123,0
6046,364,2025-04-01,0,0,0,0,0,0
6047,364,2025-05-01,0,0,0,0,0,0
6048,364,2025-06-01,0,0,0,0,0,0
6049,364,2025-07-01,0,0,0,0,0,0
6050,364,2025-08-01,0,0,0,0,0,0
6051,364,2025-09-01,0,0,0,0,0,0
6052,364,2025-10-01,0,0,0,0,0,0
6053,364,2025-11-01,0,0,0,0,0,0
6054,364,2025-12-01,0,0,0,0,0,0
6055,364,2026-01-01,0,0,0,0,0,0
6056,364,2026-02-01,0,0,0,0,0,0
6057,364,2026-03-01,0,0,0,0,0,0
6058,364,2026-04-01,0,0,0,0,0,0
6059,364,2026-05-01,0,0,0,0,0,0
6060,364,2026-06-01,0,0,0,0,0,0
6061,365,2024-06-01,0,39518,0,0,0,39518
6062,365,2024-07-01,39518,0,0,0,0,39518
6063,365,2024-08-01,39518,0,0,0,0,39518
6064,365,2024-09-01,39518,0,0,9593,0,29925
6065,365,2024-10-01,29925,0,0,0,0,29925
6066,365,2024-11-01,29925,0,0,0,0,29925
6067,365,2024-12-01,29925,0,0,0,0,29925
6068,365,2025-01-01,29925,0,0,0,0,29925
6069,365,2025-02-01,29925,0,5690,0,0,35615
6070,365,2025-03-01,35615,0,0,0,0,35615
6071,365,2025-04-01,35615,0,0,0,0,35615
6072,365,2025-05-01,35615,0,0,8524,0,27091
6073,365,2025-06-01,27091,0,0,0,0,27091
6074,365,2025-07-01,27091,0,0,0,0,27091
6075,365,2025-08-01,27091,0,0,0,0,27091
6076,365,2025-09-01,27091,0,0,0,0,27091
6077,365,2025-10-01,27091,0,0,2862,0,24229
6078,365,2025-11-01,24229,0,0,0,0,24229
6079,365,2025-12-01,24229,0,0,0,0,24229
6080,365,2026-01-01,24229,0,0,0,0,24229
6081,365,2026-02-01,24229,0,0,0,0,24229
6082,365,2026-03-01,24229,0,0,0,0,24229
6083,365,2026-04-01,24229,0,0,0,0,24229
6084,365,2026-05-01,24229,0,0,2743,0,21486
6085,365,2026-06-01,21486,0,0,0,0,21486
6086,366,2024-11-01,0,3319,0,0,0,3319
6087,366,2024-12-01,3319,0,0,0,0,3319
6088,366,2025-01-01,3319,0,0,0,0,3319
6089,366,2025-02-01,3319,0,0,0,0,3319
6090,366,2025-03-01,3319,0,0,0,0,3319
6091,366,2025-04-01,3319,0,0,0,0,3319
6092,366,2025-05-01,3319,0,0,0,3319,0
6093,366,2025-06-01,0,0,0,0,0,0
6094,366,2025-07-01,0,0,0,0,0,0
6095,366,2025-08-01,0,0,0,0,0,0
6096,366,2025-09-01,0,0,0,0,0,0
6097,366,2025-10-01,0,0,0,0,0,0
6098,366,2025-11-01,0,0,0,0,0,0
6099,366,2025-12-01,0,0,0,0,0,0
6100,366,2026-01-01,0,0,0,0,0,0
6101,366,2026-02-01,0,0,0,0,0,0
6102,366,2026-03-01,0,0,0,0,0,0
6103,366,2026-04-01,0,0,0,0,0,0
6104,366,2026-05-01,0,0,0,0,0,0
6105,366,2026-06-01,0,0,0,0,0,0
6106,367,2024-11-01,0,5888,0,0,0,5888
6107,367,2024-12-01,5888,0,0,0,0,5888
6108,367,2025-01-01,5888,0,0,0,0,5888
6109,367,2025-02-01,5888,0,0,0,0,5888
6110,367,2025-03-01,5888,0,0,0,0,5888
6111,367,2025-04-01,5888,0,0,0,0,5888
6112,367,2025-05-01,5888,0,0,0,0,5888
6113,367,2025-06-01,5888,0,0,901,0,4987
6114,367,2025-07-01,4987,0,0,0,0,4987
6115,367,2025-08-01,4987,0,0,0,4987,0
6116,367,2025-09-01,0,0,0,0,0,0
6117,367,2025-10-01,0,0,0,0,0,0
6118,367,2025-11-01,0,0,0,0,0,0
6119,367,2025-12-01,0,0,0,0,0,0
6120,367,2026-01-01,0,0,0,0,0,0
6121,367,2026-02-01,0,0,0,0,0,0
6122,367,2026-03-01,0,0,0,0,0,0
6123,367,2026-04-01,0,0,0,0,0,0
6124,367,2026-05-01,0,0,0,0,0,0
6125,367,2026-06-01,0,0,0,0,0,0
6126,368,2025-07-01,0,6972,0,0,0,6972
6127,368,2025-08-01,6972,0,0,0,6972,0
6128,368,2025-09-01,0,0,0,0,0,0
6129,368,2025-10-01,0,0,0,0,0,0
6130,368,2025-11-01,0,0,0,0,0,0
6131,368,2025-12-01,0,0,0,0,0,0
6132,368,2026-01-01,0,0,0,0,0,0
6133,368,2026-02-01,0,0,0,0,0,0
6134,368,2026-03-01,0,0,0,0,0,0
6135,368,2026-04-01,0,0,0,0,0,0
6136,368,2026-05-01,0,0,0,0,0,0
6137,368,2026-06-01,0,0,0,0,0,0
6138,369,2025-07-01,0,6981,0,0,0,6981
6139,369,2025-08-01,6981,0,1090,0,0,8071
6140,369,2025-09-01,8071,0,0,0,0,8071
6141,369,2025-10-01,8071,0,0,0,0,8071
6142,369,2025-11-01,8071,0,0,0,0,8071
6143,369,2025-12-01,8071,0,0,0,0,8071
6144,369,2026-01-01,8071,0,0,0,0,8071
6145,369,2026-02-01,8071,0,0,0,0,8071
6146,369,2026-03-01,8071,0,0,0,0,8071
6147,369,2026-04-01,8071,0,0,0,0,8071
6148,369,2026-05-01,8071,0,0,0,0,8071
6149,369,2026-06-01,8071,0,0,0,0,8071
6150,370,2025-03-01,0,10812,0,0,0,10812
6151,370,2025-04-01,10812,0,0,0,0,10812
6152,370,2025-05-01,10812,0,0,0,0,10812
6153,370,2025-06-01,10812,0,0,0,0,10812
6154,370,2025-07-01,10812,0,0,0,0,10812
6155,370,2025-08-01,10812,0,0,0,0,10812
6156,370,2025-09-01,10812,0,0,0,0,10812
6157,370,2025-10-01,10812,0,0,0,10812,0
6158,370,2025-11-01,0,0,0,0,0,0
6159,370,2025-12-01,0,0,0,0,0,0
6160,370,2026-01-01,0,0,0,0,0,0
6161,370,2026-02-01,0,0,0,0,0,0
6162,370,2026-03-01,0,0,0,0,0,0
6163,370,2026-04-01,0,0,0,0,0,0
6164,370,2026-05-01,0,0,0,0,0,0
6165,370,2026-06-01,0,0,0,0,0,0
6166,371,2025-10-01,0,56697,0,0,0,56697
6167,371,2025-11-01,56697,0,0,0,0,56697
6168,371,2025-12-01,56697,0,0,0,0,56697
6169,371,2026-01-01,56697,0,0,0,0,56697
6170,371,2026-02-01,56697,0,0,0,0,56697
6171,371,2026-03-01,56697,0,0,0,0,56697
6172,371,2026-04-01,56697,0,15431,0,0,72128
6173,371,2026-05-01,72128,0,17118,0,0,89246
6174,371,2026-06-01,89246,0,0,0,0,89246
6175,372,2025-08-01,0,8730,0,0,0,8730
6176,372,2025-09-01,8730,0,0,0,8730,0
6177,372,2025-10-01,0,0,0,0,0,0
6178,372,2025-11-01,0,0,0,0,0,0
6179,372,2025-12-01,0,0,0,0,0,0
6180,372,2026-01-01,0,0,0,0,0,0
6181,372,2026-02-01,0,0,0,0,0,0
6182,372,2026-03-01,0,0,0,0,0,0
6183,372,2026-04-01,0,0,0,0,0,0
6184,372,2026-05-01,0,0,0,0,0,0
6185,372,2026-06-01,0,0,0,0,0,0
6186,373,2024-08-01,0,13982,0,0,0,13982
6187,373,2024-09-01,13982,0,0,0,0,13982
6188,373,2024-10-01,13982,0,0,0,0,13982
6189,373,2024-11-01,13982,0,0,0,0,13982
6190,373,2024-12-01,13982,0,0,0,0,13982
6191,373,2025-01-01,13982,0,0,0,0,13982
6192,373,2025-02-01,13982,0,0,0,0,13982
6193,373,2025-03-01,13982,0,0,0,0,13982
6194,373,2025-04-01,13982,0,0,0,0,13982
6195,373,2025-05-01,13982,0,0,0,0,13982
6196,373,2025-06-01,13982,0,0,0,0,13982
6197,373,2025-07-01,13982,0,0,0,0,13982
6198,373,2025-08-01,13982,0,0,0,0,13982
6199,373,2025-09-01,13982,0,0,0,0,13982
6200,373,2025-10-01,13982,0,0,0,0,13982
6201,373,2025-11-01,13982,0,0,0,13982,0
6202,373,2025-12-01,0,0,0,0,0,0
6203,373,2026-01-01,0,0,0,0,0,0
6204,373,2026-02-01,0,0,0,0,0,0
6205,373,2026-03-01,0,0,0,0,0,0
6206,373,2026-04-01,0,0,0,0,0,0
6207,373,2026-05-01,0,0,0,0,0,0
6208,373,2026-06-01,0,0,0,0,0,0
6209,374,2025-07-01,0,4661,0,0,0,4661
6210,374,2025-08-01,4661,0,0,0,0,4661
6211,374,2025-09-01,4661,0,0,0,0,4661
6212,374,2025-10-01,4661,0,0,0,0,4661
6213,374,2025-11-01,4661,0,0,0,0,4661
6214,374,2025-12-01,4661,0,0,0,0,4661
6215,374,2026-01-01,4661,0,1059,0,0,5720
6216,374,2026-02-01,5720,0,0,0,0,5720
6217,374,2026-03-01,5720,0,1634,0,0,7354
6218,374,2026-04-01,7354,0,0,0,0,7354
6219,374,2026-05-01,7354,0,0,0,0,7354
6220,374,2026-06-01,7354,0,0,0,0,7354
6221,375,2024-06-01,0,6248,0,0,0,6248
6222,375,2024-07-01,6248,0,0,0,0,6248
6223,375,2024-08-01,6248,0,0,0,0,6248
6224,375,2024-09-01,6248,0,731,0,0,6979
6225,375,2024-10-01,6979,0,0,0,0,6979
6226,375,2024-11-01,6979,0,0,0,0,6979
6227,375,2024-12-01,6979,0,2056,0,0,9035
6228,375,2025-01-01,9035,0,0,0,9035,0
6229,375,2025-02-01,0,0,0,0,0,0
6230,375,2025-03-01,0,0,0,0,0,0
6231,375,2025-04-01,0,0,0,0,0,0
6232,375,2025-05-01,0,0,0,0,0,0
6233,375,2025-06-01,0,0,0,0,0,0
6234,375,2025-07-01,0,0,0,0,0,0
6235,375,2025-08-01,0,0,0,0,0,0
6236,375,2025-09-01,0,0,0,0,0,0
6237,375,2025-10-01,0,0,0,0,0,0
6238,375,2025-11-01,0,0,0,0,0,0
6239,375,2025-12-01,0,0,0,0,0,0
6240,375,2026-01-01,0,0,0,0,0,0
6241,375,2026-02-01,0,0,0,0,0,0
6242,375,2026-03-01,0,0,0,0,0,0
6243,375,2026-04-01,0,0,0,0,0,0
6244,375,2026-05-01,0,0,0,0,0,0
6245,375,2026-06-01,0,0,0,0,0,0
6246,376,2024-05-01,0,5709,0,0,0,5709
6247,376,2024-06-01,5709,0,0,0,0,5709
6248,376,2024-07-01,5709,0,0,0,0,5709
6249,376,2024-08-01,5709,0,0,935,0,4774
6250,376,2024-09-01,4774,0,0,0,4774,0
6251,376,2024-10-01,0,0,0,0,0,0
6252,376,2024-11-01,0,0,0,0,0,0
6253,376,2024-12-01,0,0,0,0,0,0
6254,376,2025-01-01,0,0,0,0,0,0
6255,376,2025-02-01,0,0,0,0,0,0
6256,376,2025-03-01,0,0,0,0,0,0
6257,376,2025-04-01,0,0,0,0,0,0
6258,376,2025-05-01,0,0,0,0,0,0
6259,376,2025-06-01,0,0,0,0,0,0
6260,376,2025-07-01,0,0,0,0,0,0
6261,376,2025-08-01,0,0,0,0,0,0
6262,376,2025-09-01,0,0,0,0,0,0
6263,376,2025-10-01,0,0,0,0,0,0
6264,376,2025-11-01,0,0,0,0,0,0
6265,376,2025-12-01,0,0,0,0,0,0
6266,376,2026-01-01,0,0,0,0,0,0
6267,376,2026-02-01,0,0,0,0,0,0
6268,376,2026-03-01,0,0,0,0,0,0
6269,376,2026-04-01,0,0,0,0,0,0
6270,376,2026-05-01,0,0,0,0,0,0
6271,376,2026-06-01,0,0,0,0,0,0
6272,377,2025-10-01,0,3410,0,0,0,3410
6273,377,2025-11-01,3410,0,938,0,0,4348
6274,377,2025-12-01,4348,0,0,0,0,4348
6275,377,2026-01-01,4348,0,0,0,0,4348
6276,377,2026-02-01,4348,0,0,0,4348,0
6277,377,2026-03-01,0,0,0,0,0,0
6278,377,2026-04-01,0,0,0,0,0,0
6279,377,2026-05-01,0,0,0,0,0,0
6280,377,2026-06-01,0,0,0,0,0,0
6281,378,2024-03-01,0,50288,0,0,0,50288
6282,378,2024-04-01,50288,0,0,0,0,50288
6283,378,2024-05-01,50288,0,0,0,0,50288
6284,378,2024-06-01,50288,0,10852,0,0,61140
6285,378,2024-07-01,61140,0,0,0,0,61140
6286,378,2024-08-01,61140,0,0,0,0,61140
6287,378,2024-09-01,61140,0,0,11792,0,49348
6288,378,2024-10-01,49348,0,0,0,0,49348
6289,378,2024-11-01,49348,0,0,0,0,49348
6290,378,2024-12-01,49348,0,0,0,0,49348
6291,378,2025-01-01,49348,0,0,0,0,49348
6292,378,2025-02-01,49348,0,0,0,0,49348
6293,378,2025-03-01,49348,0,0,0,0,49348
6294,378,2025-04-01,49348,0,0,0,0,49348
6295,378,2025-05-01,49348,0,0,0,0,49348
6296,378,2025-06-01,49348,0,0,0,0,49348
6297,378,2025-07-01,49348,0,0,0,0,49348
6298,378,2025-08-01,49348,0,0,0,0,49348
6299,378,2025-09-01,49348,0,0,0,0,49348
6300,378,2025-10-01,49348,0,0,0,0,49348
6301,378,2025-11-01,49348,0,0,0,0,49348
6302,378,2025-12-01,49348,0,8924,0,0,58272
6303,378,2026-01-01,58272,0,0,0,0,58272
6304,378,2026-02-01,58272,0,0,0,0,58272
6305,378,2026-03-01,58272,0,0,0,0,58272
6306,378,2026-04-01,58272,0,0,8099,0,50173
6307,378,2026-05-01,50173,0,0,0,0,50173
6308,378,2026-06-01,50173,0,0,0,0,50173
6309,379,2025-07-01,0,64541,0,0,0,64541
6310,379,2025-08-01,64541,0,0,0,0,64541
6311,379,2025-09-01,64541,0,0,0,0,64541
6312,379,2025-10-01,64541,0,0,0,64541,0
6313,379,2025-11-01,0,0,0,0,0,0
6314,379,2025-12-01,0,0,0,0,0,0
6315,379,2026-01-01,0,0,0,0,0,0
6316,379,2026-02-01,0,0,0,0,0,0
6317,379,2026-03-01,0,0,0,0,0,0
6318,379,2026-04-01,0,0,0,0,0,0
6319,379,2026-05-01,0,0,0,0,0,0
6320,379,2026-06-01,0,0,0,0,0,0
6321,380,2024-12-01,0,71984,0,0,0,71984
6322,380,2025-01-01,71984,0,17221,0,0,89205
6323,380,2025-02-01,89205,0,0,0,0,89205
6324,380,2025-03-01,89205,0,0,0,0,89205
6325,380,2025-04-01,89205,0,0,0,0,89205
6326,380,2025-05-01,89205,0,0,0,0,89205
6327,380,2025-06-01,89205,0,0,0,0,89205
6328,380,2025-07-01,89205,0,0,14480,0,74725
6329,380,2025-08-01,74725,0,0,8823,0,65902
6330,380,2025-09-01,65902,0,0,0,0,65902
6331,380,2025-10-01,65902,0,0,0,0,65902
6332,380,2025-11-01,65902,0,0,0,0,65902
6333,380,2025-12-01,65902,0,0,9235,0,56667
6334,380,2026-01-01,56667,0,0,0,0,56667
6335,380,2026-02-01,56667,0,0,0,0,56667
6336,380,2026-03-01,56667,0,0,0,0,56667
6337,380,2026-04-01,56667,0,15428,0,0,72095
6338,380,2026-05-01,72095,0,0,0,0,72095
6339,380,2026-06-01,72095,0,10443,0,0,82538
6340,381,2025-12-01,0,47254,0,0,0,47254
6341,381,2026-01-01,47254,0,5683,0,0,52937
6342,381,2026-02-01,52937,0,0,0,0,52937
6343,381,2026-03-01,52937,0,0,0,0,52937
6344,381,2026-04-01,52937,0,0,0,0,52937
6345,381,2026-05-01,52937,0,0,0,0,52937
6346,381,2026-06-01,52937,0,0,0,0,52937
6347,382,2025-12-01,0,31638,0,0,0,31638
6348,382,2026-01-01,31638,0,0,0,31638,0
6349,382,2026-02-01,0,0,0,0,0,0
6350,382,2026-03-01,0,0,0,0,0,0
6351,382,2026-04-01,0,0,0,0,0,0
6352,382,2026-05-01,0,0,0,0,0,0
6353,382,2026-06-01,0,0,0,0,0,0
6354,383,2025-06-01,0,49212,0,0,0,49212
6355,383,2025-07-01,49212,0,0,0,0,49212
6356,383,2025-08-01,49212,0,0,0,0,49212
6357,383,2025-09-01,49212,0,0,0,0,49212
6358,383,2025-10-01,49212,0,0,0,0,49212
6359,383,2025-11-01,49212,0,0,0,0,49212
6360,383,2025-12-01,49212,0,0,0,0,49212
6361,383,2026-01-01,49212,0,0,0,0,49212
6362,383,2026-02-01,49212,0,0,11781,0,37431
6363,383,2026-03-01,37431,0,0,0,0,37431
6364,383,2026-04-01,37431,0,0,0,0,37431
6365,383,2026-05-01,37431,0,0,0,0,37431
6366,383,2026-06-01,37431,0,0,0,0,37431
6367,384,2026-02-01,0,50554,0,0,0,50554
6368,384,2026-03-01,50554,0,0,0,0,50554
6369,384,2026-04-01,50554,0,0,0,0,50554
6370,384,2026-05-01,50554,0,0,0,0,50554
6371,384,2026-06-01,50554,0,0,0,0,50554
6372,385,2024-03-01,0,7402,0,0,0,7402
6373,385,2024-04-01,7402,0,0,0,0,7402
6374,385,2024-05-01,7402,0,0,0,0,7402
6375,385,2024-06-01,7402,0,0,0,0,7402
6376,385,2024-07-01,7402,0,0,0,0,7402
6377,385,2024-08-01,7402,0,0,952,0,6450
6378,385,2024-09-01,6450,0,0,0,0,6450
6379,385,2024-10-01,6450,0,0,0,0,6450
6380,385,2024-11-01,6450,0,0,0,0,6450
6381,385,2024-12-01,6450,0,1922,0,0,8372
6382,385,2025-01-01,8372,0,0,0,0,8372
6383,385,2025-02-01,8372,0,0,0,0,8372
6384,385,2025-03-01,8372,0,0,0,0,8372
6385,385,2025-04-01,8372,0,0,0,0,8372
6386,385,2025-05-01,8372,0,0,0,0,8372
6387,385,2025-06-01,8372,0,1636,0,0,10008
6388,385,2025-07-01,10008,0,0,0,0,10008
6389,385,2025-08-01,10008,0,0,0,0,10008
6390,385,2025-09-01,10008,0,0,0,0,10008
6391,385,2025-10-01,10008,0,0,0,0,10008
6392,385,2025-11-01,10008,0,1159,0,0,11167
6393,385,2025-12-01,11167,0,0,0,0,11167
6394,385,2026-01-01,11167,0,0,0,0,11167
6395,385,2026-02-01,11167,0,0,0,0,11167
6396,385,2026-03-01,11167,0,0,0,0,11167
6397,385,2026-04-01,11167,0,0,0,0,11167
6398,385,2026-05-01,11167,0,0,0,0,11167
6399,385,2026-06-01,11167,0,0,0,0,11167
6400,386,2025-06-01,0,5083,0,0,0,5083
6401,386,2025-07-01,5083,0,0,0,0,5083
6402,386,2025-08-01,5083,0,0,0,0,5083
6403,386,2025-09-01,5083,0,0,0,0,5083
6404,386,2025-10-01,5083,0,0,0,0,5083
6405,386,2025-11-01,5083,0,1277,0,0,6360
6406,386,2025-12-01,6360,0,0,0,0,6360
6407,386,2026-01-01,6360,0,0,0,0,6360
6408,386,2026-02-01,6360,0,0,0,0,6360
6409,386,2026-03-01,6360,0,0,0,6360,0
6410,386,2026-04-01,0,0,0,0,0,0
6411,386,2026-05-01,0,0,0,0,0,0
6412,386,2026-06-01,0,0,0,0,0,0
6413,387,2024-05-01,0,3469,0,0,0,3469
6414,387,2024-06-01,3469,0,0,0,0,3469
6415,387,2024-07-01,3469,0,0,0,0,3469
6416,387,2024-08-01,3469,0,0,0,0,3469
6417,387,2024-09-01,3469,0,0,639,0,2830
6418,387,2024-10-01,2830,0,662,0,0,3492
6419,387,2024-11-01,3492,0,0,0,0,3492
6420,387,2024-12-01,3492,0,0,0,0,3492
6421,387,2025-01-01,3492,0,0,744,0,2748
6422,387,2025-02-01,2748,0,0,0,0,2748
6423,387,2025-03-01,2748,0,0,0,2748,0
6424,387,2025-04-01,0,0,0,0,0,0
6425,387,2025-05-01,0,0,0,0,0,0
6426,387,2025-06-01,0,0,0,0,0,0
6427,387,2025-07-01,0,0,0,0,0,0
6428,387,2025-08-01,0,0,0,0,0,0
6429,387,2025-09-01,0,0,0,0,0,0
6430,387,2025-10-01,0,0,0,0,0,0
6431,387,2025-11-01,0,0,0,0,0,0
6432,387,2025-12-01,0,0,0,0,0,0
6433,387,2026-01-01,0,0,0,0,0,0
6434,387,2026-02-01,0,0,0,0,0,0
6435,387,2026-03-01,0,0,0,0,0,0
6436,387,2026-04-01,0,0,0,0,0,0
6437,387,2026-05-01,0,0,0,0,0,0
6438,387,2026-06-01,0,0,0,0,0,0
6439,388,2026-02-01,0,38166,0,0,0,38166
6440,388,2026-03-01,38166,0,0,0,0,38166
6441,388,2026-04-01,38166,0,0,0,0,38166
6442,388,2026-05-01,38166,0,0,0,0,38166
6443,388,2026-06-01,38166,0,9278,0,0,47444
6444,389,2025-08-01,0,7791,0,0,0,7791
6445,389,2025-09-01,7791,0,0,0,0,7791
6446,389,2025-10-01,7791,0,0,0,0,7791
6447,389,2025-11-01,7791,0,0,0,0,7791
6448,389,2025-12-01,7791,0,0,0,0,7791
6449,389,2026-01-01,7791,0,0,0,0,7791
6450,389,2026-02-01,7791,0,0,0,0,7791
6451,389,2026-03-01,7791,0,0,0,0,7791
6452,389,2026-04-01,7791,0,0,0,0,7791
6453,389,2026-05-01,7791,0,0,0,0,7791
6454,389,2026-06-01,7791,0,2050,0,0,9841
6455,390,2025-11-01,0,18062,0,0,0,18062
6456,390,2025-12-01,18062,0,0,0,0,18062
6457,390,2026-01-01,18062,0,0,0,0,18062
6458,390,2026-02-01,18062,0,0,0,0,18062
6459,390,2026-03-01,18062,0,0,0,0,18062
6460,390,2026-04-01,18062,0,0,0,0,18062
6461,390,2026-05-01,18062,0,0,0,0,18062
6462,390,2026-06-01,18062,0,0,0,0,18062
6463,391,2025-09-01,0,25419,0,0,0,25419
6464,391,2025-10-01,25419,0,0,0,0,25419
6465,391,2025-11-01,25419,0,0,0,0,25419
6466,391,2025-12-01,25419,0,0,0,0,25419
6467,391,2026-01-01,25419,0,0,0,0,25419
6468,391,2026-02-01,25419,0,0,0,0,25419
6469,391,2026-03-01,25419,0,0,0,0,25419
6470,391,2026-04-01,25419,0,0,0,0,25419
6471,391,2026-05-01,25419,0,0,0,0,25419
6472,391,2026-06-01,25419,0,0,0,0,25419
6473,392,2024-08-01,0,49284,0,0,0,49284
6474,392,2024-09-01,49284,0,0,0,0,49284
6475,392,2024-10-01,49284,0,0,0,0,49284
6476,392,2024-11-01,49284,0,0,0,0,49284
6477,392,2024-12-01,49284,0,0,0,0,49284
6478,392,2025-01-01,49284,0,0,0,0,49284
6479,392,2025-02-01,49284,0,0,9986,0,39298
6480,392,2025-03-01,39298,0,11453,0,0,50751
6481,392,2025-04-01,50751,0,0,0,0,50751
6482,392,2025-05-01,50751,0,0,0,0,50751
6483,392,2025-06-01,50751,0,0,0,0,50751
6484,392,2025-07-01,50751,0,0,0,0,50751
6485,392,2025-08-01,50751,0,7373,0,0,58124
6486,392,2025-09-01,58124,0,0,0,0,58124
6487,392,2025-10-01,58124,0,0,0,0,58124
6488,392,2025-11-01,58124,0,0,0,0,58124
6489,392,2025-12-01,58124,0,0,0,0,58124
6490,392,2026-01-01,58124,0,0,0,0,58124
6491,392,2026-02-01,58124,0,0,0,0,58124
6492,392,2026-03-01,58124,0,0,0,58124,0
6493,392,2026-04-01,0,0,0,0,0,0
6494,392,2026-05-01,0,0,0,0,0,0
6495,392,2026-06-01,0,0,0,0,0,0
6496,393,2024-07-01,0,7340,0,0,0,7340
6497,393,2024-08-01,7340,0,0,0,0,7340
6498,393,2024-09-01,7340,0,1451,0,0,8791
6499,393,2024-10-01,8791,0,0,0,0,8791
6500,393,2024-11-01,8791,0,0,0,0,8791
6501,393,2024-12-01,8791,0,0,0,0,8791
6502,393,2025-01-01,8791,0,0,0,0,8791
6503,393,2025-02-01,8791,0,0,0,0,8791
6504,393,2025-03-01,8791,0,0,0,0,8791
6505,393,2025-04-01,8791,0,0,0,0,8791
6506,393,2025-05-01,8791,0,1832,0,0,10623
6507,393,2025-06-01,10623,0,0,0,0,10623
6508,393,2025-07-01,10623,0,0,1793,0,8830
6509,393,2025-08-01,8830,0,0,0,0,8830
6510,393,2025-09-01,8830,0,0,0,0,8830
6511,393,2025-10-01,8830,0,0,0,0,8830
6512,393,2025-11-01,8830,0,0,0,0,8830
6513,393,2025-12-01,8830,0,0,0,0,8830
6514,393,2026-01-01,8830,0,0,0,0,8830
6515,393,2026-02-01,8830,0,0,0,0,8830
6516,393,2026-03-01,8830,0,0,0,0,8830
6517,393,2026-04-01,8830,0,2531,0,0,11361
6518,393,2026-05-01,11361,0,0,0,0,11361
6519,393,2026-06-01,11361,0,0,0,0,11361
6520,394,2025-05-01,0,7879,0,0,0,7879
6521,394,2025-06-01,7879,0,0,0,0,7879
6522,394,2025-07-01,7879,0,0,0,0,7879
6523,394,2025-08-01,7879,0,0,0,0,7879
6524,394,2025-09-01,7879,0,0,0,0,7879
6525,394,2025-10-01,7879,0,0,0,0,7879
6526,394,2025-11-01,7879,0,0,0,0,7879
6527,394,2025-12-01,7879,0,0,0,0,7879
6528,394,2026-01-01,7879,0,0,0,0,7879
6529,394,2026-02-01,7879,0,0,0,0,7879
6530,394,2026-03-01,7879,0,0,0,7879,0
6531,394,2026-04-01,0,0,0,0,0,0
6532,394,2026-05-01,0,0,0,0,0,0
6533,394,2026-06-01,0,0,0,0,0,0
6534,395,2024-05-01,0,4385,0,0,0,4385
6535,395,2024-06-01,4385,0,0,0,0,4385
6536,395,2024-07-01,4385,0,0,580,0,3805
6537,395,2024-08-01,3805,0,0,398,0,3407
6538,395,2024-09-01,3407,0,0,0,0,3407
6539,395,2024-10-01,3407,0,0,0,0,3407
6540,395,2024-11-01,3407,0,0,0,0,3407
6541,395,2024-12-01,3407,0,0,0,0,3407
6542,395,2025-01-01,3407,0,0,0,0,3407
6543,395,2025-02-01,3407,0,0,0,0,3407
6544,395,2025-03-01,3407,0,0,0,0,3407
6545,395,2025-04-01,3407,0,0,0,0,3407
6546,395,2025-05-01,3407,0,0,0,0,3407
6547,395,2025-06-01,3407,0,0,0,0,3407
6548,395,2025-07-01,3407,0,0,0,3407,0
6549,395,2025-08-01,0,0,0,0,0,0
6550,395,2025-09-01,0,0,0,0,0,0
6551,395,2025-10-01,0,0,0,0,0,0
6552,395,2025-11-01,0,0,0,0,0,0
6553,395,2025-12-01,0,0,0,0,0,0
6554,395,2026-01-01,0,0,0,0,0,0
6555,395,2026-02-01,0,0,0,0,0,0
6556,395,2026-03-01,0,0,0,0,0,0
6557,395,2026-04-01,0,0,0,0,0,0
6558,395,2026-05-01,0,0,0,0,0,0
6559,395,2026-06-01,0,0,0,0,0,0
6560,396,2024-11-01,0,45772,0,0,0,45772
6561,396,2024-12-01,45772,0,0,0,0,45772
6562,396,2025-01-01,45772,0,0,0,0,45772
6563,396,2025-02-01,45772,0,0,0,0,45772
6564,396,2025-03-01,45772,0,0,0,0,45772
6565,396,2025-04-01,45772,0,0,5095,0,40677
6566,396,2025-05-01,40677,0,0,0,0,40677
6567,396,2025-06-01,40677,0,0,0,0,40677
6568,396,2025-07-01,40677,0,0,0,0,40677
6569,396,2025-08-01,40677,0,0,0,40677,0
6570,396,2025-09-01,0,0,0,0,0,0
6571,396,2025-10-01,0,0,0,0,0,0
6572,396,2025-11-01,0,0,0,0,0,0
6573,396,2025-12-01,0,0,0,0,0,0
6574,396,2026-01-01,0,0,0,0,0,0
6575,396,2026-02-01,0,0,0,0,0,0
6576,396,2026-03-01,0,0,0,0,0,0
6577,396,2026-04-01,0,0,0,0,0,0
6578,396,2026-05-01,0,0,0,0,0,0
6579,396,2026-06-01,0,0,0,0,0,0
6580,397,2025-07-01,0,7401,0,0,0,7401
6581,397,2025-08-01,7401,0,0,0,0,7401
6582,397,2025-09-01,7401,0,0,0,0,7401
6583,397,2025-10-01,7401,0,0,0,0,7401
6584,397,2025-11-01,7401,0,0,0,0,7401
6585,397,2025-12-01,7401,0,0,0,0,7401
6586,397,2026-01-01,7401,0,0,0,0,7401
6587,397,2026-02-01,7401,0,0,0,0,7401
6588,397,2026-03-01,7401,0,0,0,0,7401
6589,397,2026-04-01,7401,0,0,0,0,7401
6590,397,2026-05-01,7401,0,0,0,0,7401
6591,397,2026-06-01,7401,0,0,0,0,7401
6592,398,2026-01-01,0,14378,0,0,0,14378
6593,398,2026-02-01,14378,0,0,0,0,14378
6594,398,2026-03-01,14378,0,0,0,0,14378
6595,398,2026-04-01,14378,0,0,0,0,14378
6596,398,2026-05-01,14378,0,0,0,0,14378
6597,398,2026-06-01,14378,0,0,0,0,14378
6598,399,2025-05-01,0,6762,0,0,0,6762
6599,399,2025-06-01,6762,0,0,0,0,6762
6600,399,2025-07-01,6762,0,0,0,0,6762
6601,399,2025-08-01,6762,0,0,0,0,6762
6602,399,2025-09-01,6762,0,0,0,0,6762
6603,399,2025-10-01,6762,0,0,0,0,6762
6604,399,2025-11-01,6762,0,0,0,0,6762
6605,399,2025-12-01,6762,0,0,887,0,5875
6606,399,2026-01-01,5875,0,0,0,0,5875
6607,399,2026-02-01,5875,0,0,0,0,5875
6608,399,2026-03-01,5875,0,0,0,0,5875
6609,399,2026-04-01,5875,0,0,0,0,5875
6610,399,2026-05-01,5875,0,0,0,0,5875
6611,399,2026-06-01,5875,0,0,0,0,5875
6612,400,2026-03-01,0,3856,0,0,0,3856
6613,400,2026-04-01,3856,0,0,0,0,3856
6614,400,2026-05-01,3856,0,0,0,0,3856
6615,400,2026-06-01,3856,0,0,666,0,3190
6616,401,2025-03-01,0,5880,0,0,0,5880
6617,401,2025-04-01,5880,0,0,0,0,5880
6618,401,2025-05-01,5880,0,0,0,0,5880
6619,401,2025-06-01,5880,0,0,0,0,5880
6620,401,2025-07-01,5880,0,0,0,0,5880
6621,401,2025-08-01,5880,0,0,1061,0,4819
6622,401,2025-09-01,4819,0,0,0,0,4819
6623,401,2025-10-01,4819,0,0,0,0,4819
6624,401,2025-11-01,4819,0,0,0,0,4819
6625,401,2025-12-01,4819,0,0,0,0,4819
6626,401,2026-01-01,4819,0,0,0,4819,0
6627,401,2026-02-01,0,0,0,0,0,0
6628,401,2026-03-01,0,0,0,0,0,0
6629,401,2026-04-01,0,0,0,0,0,0
6630,401,2026-05-01,0,0,0,0,0,0
6631,401,2026-06-01,0,0,0,0,0,0
6632,402,2025-06-01,0,6501,0,0,0,6501
6633,402,2025-07-01,6501,0,1502,0,0,8003
6634,402,2025-08-01,8003,0,0,0,0,8003
6635,402,2025-09-01,8003,0,0,0,0,8003
6636,402,2025-10-01,8003,0,0,0,0,8003
6637,402,2025-11-01,8003,0,0,904,0,7099
6638,402,2025-12-01,7099,0,0,0,0,7099
6639,402,2026-01-01,7099,0,0,0,0,7099
6640,402,2026-02-01,7099,0,0,0,0,7099
6641,402,2026-03-01,7099,0,0,0,0,7099
6642,402,2026-04-01,7099,0,0,0,7099,0
6643,402,2026-05-01,0,0,0,0,0,0
6644,402,2026-06-01,0,0,0,0,0,0
6645,403,2024-08-01,0,4652,0,0,0,4652
6646,403,2024-09-01,4652,0,0,0,0,4652
6647,403,2024-10-01,4652,0,0,0,0,4652
6648,403,2024-11-01,4652,0,0,0,0,4652
6649,403,2024-12-01,4652,0,0,0,0,4652
6650,403,2025-01-01,4652,0,0,0,0,4652
6651,403,2025-02-01,4652,0,0,0,0,4652
6652,403,2025-03-01,4652,0,0,0,0,4652
6653,403,2025-04-01,4652,0,0,0,0,4652
6654,403,2025-05-01,4652,0,0,0,0,4652
6655,403,2025-06-01,4652,0,0,0,0,4652
6656,403,2025-07-01,4652,0,0,0,0,4652
6657,403,2025-08-01,4652,0,0,0,0,4652
6658,403,2025-09-01,4652,0,0,0,0,4652
6659,403,2025-10-01,4652,0,0,0,0,4652
6660,403,2025-11-01,4652,0,0,0,0,4652
6661,403,2025-12-01,4652,0,950,0,0,5602
6662,403,2026-01-01,5602,0,0,0,0,5602
6663,403,2026-02-01,5602,0,0,0,0,5602
6664,403,2026-03-01,5602,0,0,0,0,5602
6665,403,2026-04-01,5602,0,0,0,0,5602
6666,403,2026-05-01,5602,0,0,0,0,5602
6667,403,2026-06-01,5602,0,0,0,0,5602
6668,404,2025-03-01,0,69622,0,0,0,69622
6669,404,2025-04-01,69622,0,0,0,0,69622
6670,404,2025-05-01,69622,0,13625,0,0,83247
6671,404,2025-06-01,83247,0,0,0,0,83247
6672,404,2025-07-01,83247,0,0,0,0,83247
6673,404,2025-08-01,83247,0,0,0,0,83247
6674,404,2025-09-01,83247,0,24811,0,0,108058
6675,404,2025-10-01,108058,0,0,0,0,108058
6676,404,2025-11-01,108058,0,0,0,0,108058
6677,404,2025-12-01,108058,0,0,0,0,108058
6678,404,2026-01-01,108058,0,0,0,0,108058
6679,404,2026-02-01,108058,0,0,0,0,108058
6680,404,2026-03-01,108058,0,0,0,0,108058
6681,404,2026-04-01,108058,0,0,0,0,108058
6682,404,2026-05-01,108058,0,0,0,0,108058
6683,404,2026-06-01,108058,0,30247,0,0,138305
6684,405,2024-12-01,0,12970,0,0,0,12970
6685,405,2025-01-01,12970,0,0,0,0,12970
6686,405,2025-02-01,12970,0,0,0,0,12970
6687,405,2025-03-01,12970,0,0,0,0,12970
6688,405,2025-04-01,12970,0,0,0,0,12970
6689,405,2025-05-01,12970,0,0,0,0,12970
6690,405,2025-06-01,12970,0,0,0,0,12970
6691,405,2025-07-01,12970,0,2757,0,0,15727
6692,405,2025-08-01,15727,0,0,0,0,15727
6693,405,2025-09-01,15727,0,0,0,0,15727
6694,405,2025-10-01,15727,0,0,0,0,15727
6695,405,2025-11-01,15727,0,0,0,0,15727
6696,405,2025-12-01,15727,0,0,0,0,15727
6697,405,2026-01-01,15727,0,0,0,0,15727
6698,405,2026-02-01,15727,0,0,0,0,15727
6699,405,2026-03-01,15727,0,0,1731,0,13996
6700,405,2026-04-01,13996,0,0,0,0,13996
6701,405,2026-05-01,13996,0,0,0,0,13996
6702,405,2026-06-01,13996,0,0,0,0,13996
6703,406,2024-11-01,0,5935,0,0,0,5935
6704,406,2024-12-01,5935,0,0,657,0,5278
6705,406,2025-01-01,5278,0,0,0,0,5278
6706,406,2025-02-01,5278,0,0,0,0,5278
6707,406,2025-03-01,5278,0,0,0,0,5278
6708,406,2025-04-01,5278,0,0,0,0,5278
6709,406,2025-05-01,5278,0,0,0,5278,0
6710,406,2025-06-01,0,0,0,0,0,0
6711,406,2025-07-01,0,0,0,0,0,0
6712,406,2025-08-01,0,0,0,0,0,0
6713,406,2025-09-01,0,0,0,0,0,0
6714,406,2025-10-01,0,0,0,0,0,0
6715,406,2025-11-01,0,0,0,0,0,0
6716,406,2025-12-01,0,0,0,0,0,0
6717,406,2026-01-01,0,0,0,0,0,0
6718,406,2026-02-01,0,0,0,0,0,0
6719,406,2026-03-01,0,0,0,0,0,0
6720,406,2026-04-01,0,0,0,0,0,0
6721,406,2026-05-01,0,0,0,0,0,0
6722,406,2026-06-01,0,0,0,0,0,0
6723,407,2025-02-01,0,6233,0,0,0,6233
6724,407,2025-03-01,6233,0,0,0,0,6233
6725,407,2025-04-01,6233,0,0,0,0,6233
6726,407,2025-05-01,6233,0,0,0,0,6233
6727,407,2025-06-01,6233,0,1673,0,0,7906
6728,407,2025-07-01,7906,0,0,0,0,7906
6729,407,2025-08-01,7906,0,0,0,0,7906
6730,407,2025-09-01,7906,0,0,0,0,7906
6731,407,2025-10-01,7906,0,0,0,0,7906
6732,407,2025-11-01,7906,0,0,0,0,7906
6733,407,2025-12-01,7906,0,0,0,0,7906
6734,407,2026-01-01,7906,0,0,0,0,7906
6735,407,2026-02-01,7906,0,0,0,0,7906
6736,407,2026-03-01,7906,0,0,0,0,7906
6737,407,2026-04-01,7906,0,0,0,7906,0
6738,407,2026-05-01,0,0,0,0,0,0
6739,407,2026-06-01,0,0,0,0,0,0
6740,408,2024-11-01,0,10642,0,0,0,10642
6741,408,2024-12-01,10642,0,0,0,10642,0
6742,408,2025-01-01,0,0,0,0,0,0
6743,408,2025-02-01,0,0,0,0,0,0
6744,408,2025-03-01,0,0,0,0,0,0
6745,408,2025-04-01,0,0,0,0,0,0
6746,408,2025-05-01,0,0,0,0,0,0
6747,408,2025-06-01,0,0,0,0,0,0
6748,408,2025-07-01,0,0,0,0,0,0
6749,408,2025-08-01,0,0,0,0,0,0
6750,408,2025-09-01,0,0,0,0,0,0
6751,408,2025-10-01,0,0,0,0,0,0
6752,408,2025-11-01,0,0,0,0,0,0
6753,408,2025-12-01,0,0,0,0,0,0
6754,408,2026-01-01,0,0,0,0,0,0
6755,408,2026-02-01,0,0,0,0,0,0
6756,408,2026-03-01,0,0,0,0,0,0
6757,408,2026-04-01,0,0,0,0,0,0
6758,408,2026-05-01,0,0,0,0,0,0
6759,408,2026-06-01,0,0,0,0,0,0
6760,409,2025-06-01,0,5427,0,0,0,5427
6761,409,2025-07-01,5427,0,0,0,0,5427
6762,409,2025-08-01,5427,0,0,0,0,5427
6763,409,2025-09-01,5427,0,0,0,0,5427
6764,409,2025-10-01,5427,0,0,0,0,5427
6765,409,2025-11-01,5427,0,925,0,0,6352
6766,409,2025-12-01,6352,0,0,0,0,6352
6767,409,2026-01-01,6352,0,0,0,0,6352
6768,409,2026-02-01,6352,0,0,0,0,6352
6769,409,2026-03-01,6352,0,0,0,0,6352
6770,409,2026-04-01,6352,0,0,0,0,6352
6771,409,2026-05-01,6352,0,0,0,0,6352
6772,409,2026-06-01,6352,0,0,0,0,6352
6773,410,2025-07-01,0,53956,0,0,0,53956
6774,410,2025-08-01,53956,0,0,0,0,53956
6775,410,2025-09-01,53956,0,0,0,0,53956
6776,410,2025-10-01,53956,0,0,0,0,53956
6777,410,2025-11-01,53956,0,0,9181,0,44775
6778,410,2025-12-01,44775,0,0,5640,0,39135
6779,410,2026-01-01,39135,0,0,0,0,39135
6780,410,2026-02-01,39135,0,0,0,0,39135
6781,410,2026-03-01,39135,0,0,0,0,39135
6782,410,2026-04-01,39135,0,0,0,0,39135
6783,410,2026-05-01,39135,0,0,0,0,39135
6784,410,2026-06-01,39135,0,0,0,0,39135
6785,411,2025-05-01,0,4379,0,0,0,4379
6786,411,2025-06-01,4379,0,0,0,0,4379
6787,411,2025-07-01,4379,0,0,0,0,4379
6788,411,2025-08-01,4379,0,1018,0,0,5397
6789,411,2025-09-01,5397,0,0,0,5397,0
6790,411,2025-10-01,0,0,0,0,0,0
6791,411,2025-11-01,0,0,0,0,0,0
6792,411,2025-12-01,0,0,0,0,0,0
6793,411,2026-01-01,0,0,0,0,0,0
6794,411,2026-02-01,0,0,0,0,0,0
6795,411,2026-03-01,0,0,0,0,0,0
6796,411,2026-04-01,0,0,0,0,0,0
6797,411,2026-05-01,0,0,0,0,0,0
6798,411,2026-06-01,0,0,0,0,0,0
6799,412,2024-09-01,0,62281,0,0,0,62281
6800,412,2024-10-01,62281,0,0,0,0,62281
6801,412,2024-11-01,62281,0,0,0,0,62281
6802,412,2024-12-01,62281,0,0,0,0,62281
6803,412,2025-01-01,62281,0,0,0,62281,0
6804,412,2025-02-01,0,0,0,0,0,0
6805,412,2025-03-01,0,0,0,0,0,0
6806,412,2025-04-01,0,0,0,0,0,0
6807,412,2025-05-01,0,0,0,0,0,0
6808,412,2025-06-01,0,0,0,0,0,0
6809,412,2025-07-01,0,0,0,0,0,0
6810,412,2025-08-01,0,0,0,0,0,0
6811,412,2025-09-01,0,0,0,0,0,0
6812,412,2025-10-01,0,0,0,0,0,0
6813,412,2025-11-01,0,0,0,0,0,0
6814,412,2025-12-01,0,0,0,0,0,0
6815,412,2026-01-01,0,0,0,0,0,0
6816,412,2026-02-01,0,0,0,0,0,0
6817,412,2026-03-01,0,0,0,0,0,0
6818,412,2026-04-01,0,0,0,0,0,0
6819,412,2026-05-01,0,0,0,0,0,0
6820,412,2026-06-01,0,0,0,0,0,0
6821,413,2025-05-01,0,22629,0,0,0,22629
6822,413,2025-06-01,22629,0,0,0,0,22629
6823,413,2025-07-01,22629,0,0,0,0,22629
6824,413,2025-08-01,22629,0,0,0,0,22629
6825,413,2025-09-01,22629,0,0,0,22629,0
6826,413,2025-10-01,0,0,0,0,0,0
6827,413,2025-11-01,0,0,0,0,0,0
6828,413,2025-12-01,0,0,0,0,0,0
6829,413,2026-01-01,0,0,0,0,0,0
6830,413,2026-02-01,0,0,0,0,0,0
6831,413,2026-03-01,0,0,0,0,0,0
6832,413,2026-04-01,0,0,0,0,0,0
6833,413,2026-05-01,0,0,0,0,0,0
6834,413,2026-06-01,0,0,0,0,0,0
6835,414,2024-02-01,0,11922,0,0,0,11922
6836,414,2024-03-01,11922,0,0,0,0,11922
6837,414,2024-04-01,11922,0,0,0,0,11922
6838,414,2024-05-01,11922,0,0,0,0,11922
6839,414,2024-06-01,11922,0,0,0,0,11922
6840,414,2024-07-01,11922,0,0,0,0,11922
6841,414,2024-08-01,11922,0,0,0,0,11922
6842,414,2024-09-01,11922,0,0,0,0,11922
6843,414,2024-10-01,11922,0,0,0,11922,0
6844,414,2024-11-01,0,0,0,0,0,0
6845,414,2024-12-01,0,0,0,0,0,0
6846,414,2025-01-01,0,0,0,0,0,0
6847,414,2025-02-01,0,0,0,0,0,0
6848,414,2025-03-01,0,0,0,0,0,0
6849,414,2025-04-01,0,0,0,0,0,0
6850,414,2025-05-01,0,0,0,0,0,0
6851,414,2025-06-01,0,0,0,0,0,0
6852,414,2025-07-01,0,0,0,0,0,0
6853,414,2025-08-01,0,0,0,0,0,0
6854,414,2025-09-01,0,0,0,0,0,0
6855,414,2025-10-01,0,0,0,0,0,0
6856,414,2025-11-01,0,0,0,0,0,0
6857,414,2025-12-01,0,0,0,0,0,0
6858,414,2026-01-01,0,0,0,0,0,0
6859,414,2026-02-01,0,0,0,0,0,0
6860,414,2026-03-01,0,0,0,0,0,0
6861,414,2026-04-01,0,0,0,0,0,0
6862,414,2026-05-01,0,0,0,0,0,0
6863,414,2026-06-01,0,0,0,0,0,0
6864,415,2025-12-01,0,42101,0,0,0,42101
6865,415,2026-01-01,42101,0,0,0,42101,0
6866,415,2026-02-01,0,0,0,0,0,0
6867,415,2026-03-01,0,0,0,0,0,0
6868,415,2026-04-01,0,0,0,0,0,0
6869,415,2026-05-01,0,0,0,0,0,0
6870,415,2026-06-01,0,0,0,0,0,0
6871,416,2024-06-01,0,57349,0,0,0,57349
6872,416,2024-07-01,57349,0,0,0,57349,0
6873,416,2024-08-01,0,0,0,0,0,0
6874,416,2024-09-01,0,0,0,0,0,0
6875,416,2024-10-01,0,0,0,0,0,0
6876,416,2024-11-01,0,0,0,0,0,0
6877,416,2024-12-01,0,0,0,0,0,0
6878,416,2025-01-01,0,0,0,0,0,0
6879,416,2025-02-01,0,0,0,0,0,0
6880,416,2025-03-01,0,0,0,0,0,0
6881,416,2025-04-01,0,0,0,0,0,0
6882,416,2025-05-01,0,0,0,0,0,0
6883,416,2025-06-01,0,0,0,0,0,0
6884,416,2025-07-01,0,0,0,0,0,0
6885,416,2025-08-01,0,0,0,0,0,0
6886,416,2025-09-01,0,0,0,0,0,0
6887,416,2025-10-01,0,0,0,0,0,0
6888,416,2025-11-01,0,0,0,0,0,0
6889,416,2025-12-01,0,0,0,0,0,0
6890,416,2026-01-01,0,0,0,0,0,0
6891,416,2026-02-01,0,0,0,0,0,0
6892,416,2026-03-01,0,0,0,0,0,0
6893,416,2026-04-01,0,0,0,0,0,0
6894,416,2026-05-01,0,0,0,0,0,0
6895,416,2026-06-01,0,0,0,0,0,0
6896,417,2024-03-01,0,72282,0,0,0,72282
6897,417,2024-04-01,72282,0,0,0,0,72282
6898,417,2024-05-01,72282,0,0,0,0,72282
6899,417,2024-06-01,72282,0,16377,0,0,88659
6900,417,2024-07-01,88659,0,0,0,0,88659
6901,417,2024-08-01,88659,0,0,0,0,88659
6902,417,2024-09-01,88659,0,0,0,0,88659
6903,417,2024-10-01,88659,0,0,0,0,88659
6904,417,2024-11-01,88659,0,0,0,0,88659
6905,417,2024-12-01,88659,0,0,0,0,88659
6906,417,2025-01-01,88659,0,0,0,0,88659
6907,417,2025-02-01,88659,0,0,0,0,88659
6908,417,2025-03-01,88659,0,0,0,88659,0
6909,417,2025-04-01,0,0,0,0,0,0
6910,417,2025-05-01,0,0,0,0,0,0
6911,417,2025-06-01,0,0,0,0,0,0
6912,417,2025-07-01,0,0,0,0,0,0
6913,417,2025-08-01,0,0,0,0,0,0
6914,417,2025-09-01,0,0,0,0,0,0
6915,417,2025-10-01,0,0,0,0,0,0
6916,417,2025-11-01,0,0,0,0,0,0
6917,417,2025-12-01,0,0,0,0,0,0
6918,417,2026-01-01,0,0,0,0,0,0
6919,417,2026-02-01,0,0,0,0,0,0
6920,417,2026-03-01,0,0,0,0,0,0
6921,417,2026-04-01,0,0,0,0,0,0
6922,417,2026-05-01,0,0,0,0,0,0
6923,417,2026-06-01,0,0,0,0,0,0
6924,418,2026-01-01,0,9868,0,0,0,9868
6925,418,2026-02-01,9868,0,0,0,0,9868
6926,418,2026-03-01,9868,0,0,0,0,9868
6927,418,2026-04-01,9868,0,0,0,0,9868
6928,418,2026-05-01,9868,0,0,0,9868,0
6929,418,2026-06-01,0,0,0,0,0,0
6930,419,2025-05-01,0,3249,0,0,0,3249
6931,419,2025-06-01,3249,0,0,0,0,3249
6932,419,2025-07-01,3249,0,0,0,0,3249
6933,419,2025-08-01,3249,0,0,0,0,3249
6934,419,2025-09-01,3249,0,0,0,0,3249
6935,419,2025-10-01,3249,0,0,0,0,3249
6936,419,2025-11-01,3249,0,0,0,0,3249
6937,419,2025-12-01,3249,0,0,0,0,3249
6938,419,2026-01-01,3249,0,0,714,0,2535
6939,419,2026-02-01,2535,0,0,0,0,2535
6940,419,2026-03-01,2535,0,0,0,0,2535
6941,419,2026-04-01,2535,0,0,0,0,2535
6942,419,2026-05-01,2535,0,0,0,0,2535
6943,419,2026-06-01,2535,0,0,0,0,2535
6944,420,2024-05-01,0,67113,0,0,0,67113
6945,420,2024-06-01,67113,0,0,0,0,67113
6946,420,2024-07-01,67113,0,0,0,67113,0
6947,420,2024-08-01,0,0,0,0,0,0
6948,420,2024-09-01,0,0,0,0,0,0
6949,420,2024-10-01,0,0,0,0,0,0
6950,420,2024-11-01,0,0,0,0,0,0
6951,420,2024-12-01,0,0,0,0,0,0
6952,420,2025-01-01,0,0,0,0,0,0
6953,420,2025-02-01,0,0,0,0,0,0
6954,420,2025-03-01,0,0,0,0,0,0
6955,420,2025-04-01,0,0,0,0,0,0
6956,420,2025-05-01,0,0,0,0,0,0
6957,420,2025-06-01,0,0,0,0,0,0
6958,420,2025-07-01,0,0,0,0,0,0
6959,420,2025-08-01,0,0,0,0,0,0
6960,420,2025-09-01,0,0,0,0,0,0
6961,420,2025-10-01,0,0,0,0,0,0
6962,420,2025-11-01,0,0,0,0,0,0
6963,420,2025-12-01,0,0,0,0,0,0
6964,420,2026-01-01,0,0,0,0,0,0
6965,420,2026-02-01,0,0,0,0,0,0
6966,420,2026-03-01,0,0,0,0,0,0
6967,420,2026-04-01,0,0,0,0,0,0
6968,420,2026-05-01,0,0,0,0,0,0
6969,420,2026-06-01,0,0,0,0,0,0
6970,421,2024-04-01,0,3696,0,0,0,3696
6971,421,2024-05-01,3696,0,0,0,0,3696
6972,421,2024-06-01,3696,0,0,0,0,3696
6973,421,2024-07-01,3696,0,0,0,0,3696
6974,421,2024-08-01,3696,0,0,0,3696,0
6975,421,2024-09-01,0,0,0,0,0,0
6976,421,2024-10-01,0,0,0,0,0,0
6977,421,2024-11-01,0,0,0,0,0,0
6978,421,2024-12-01,0,0,0,0,0,0
6979,421,2025-01-01,0,0,0,0,0,0
6980,421,2025-02-01,0,0,0,0,0,0
6981,421,2025-03-01,0,0,0,0,0,0
6982,421,2025-04-01,0,0,0,0,0,0
6983,421,2025-05-01,0,0,0,0,0,0
6984,421,2025-06-01,0,0,0,0,0,0
6985,421,2025-07-01,0,0,0,0,0,0
6986,421,2025-08-01,0,0,0,0,0,0
6987,421,2025-09-01,0,0,0,0,0,0
6988,421,2025-10-01,0,0,0,0,0,0
6989,421,2025-11-01,0,0,0,0,0,0
6990,421,2025-12-01,0,0,0,0,0,0
6991,421,2026-01-01,0,0,0,0,0,0
6992,421,2026-02-01,0,0,0,0,0,0
6993,421,2026-03-01,0,0,0,0,0,0
6994,421,2026-04-01,0,0,0,0,0,0
6995,421,2026-05-01,0,0,0,0,0,0
6996,421,2026-06-01,0,0,0,0,0,0
6997,422,2024-06-01,0,4018,0,0,0,4018
6998,422,2024-07-01,4018,0,0,0,0,4018
6999,422,2024-08-01,4018,0,0,0,0,4018
7000,422,2024-09-01,4018,0,0,0,0,4018
7001,422,2024-10-01,4018,0,0,0,0,4018
7002,422,2024-11-01,4018,0,0,0,0,4018
7003,422,2024-12-01,4018,0,1106,0,0,5124
7004,422,2025-01-01,5124,0,0,0,0,5124
7005,422,2025-02-01,5124,0,0,0,0,5124
7006,422,2025-03-01,5124,0,0,0,0,5124
7007,422,2025-04-01,5124,0,0,0,5124,0
7008,422,2025-05-01,0,0,0,0,0,0
7009,422,2025-06-01,0,0,0,0,0,0
7010,422,2025-07-01,0,0,0,0,0,0
7011,422,2025-08-01,0,0,0,0,0,0
7012,422,2025-09-01,0,0,0,0,0,0
7013,422,2025-10-01,0,0,0,0,0,0
7014,422,2025-11-01,0,0,0,0,0,0
7015,422,2025-12-01,0,0,0,0,0,0
7016,422,2026-01-01,0,0,0,0,0,0
7017,422,2026-02-01,0,0,0,0,0,0
7018,422,2026-03-01,0,0,0,0,0,0
7019,422,2026-04-01,0,0,0,0,0,0
7020,422,2026-05-01,0,0,0,0,0,0
7021,422,2026-06-01,0,0,0,0,0,0
7022,423,2025-09-01,0,6512,0,0,0,6512
7023,423,2025-10-01,6512,0,1629,0,0,8141
7024,423,2025-11-01,8141,0,0,0,0,8141
7025,423,2025-12-01,8141,0,0,0,0,8141
7026,423,2026-01-01,8141,0,0,0,0,8141
7027,423,2026-02-01,8141,0,0,0,8141,0
7028,423,2026-03-01,0,0,0,0,0,0
7029,423,2026-04-01,0,0,0,0,0,0
7030,423,2026-05-01,0,0,0,0,0,0
7031,423,2026-06-01,0,0,0,0,0,0
7032,424,2024-07-01,0,13815,0,0,0,13815
7033,424,2024-08-01,13815,0,0,0,0,13815
7034,424,2024-09-01,13815,0,0,0,0,13815
7035,424,2024-10-01,13815,0,0,0,0,13815
7036,424,2024-11-01,13815,0,0,0,0,13815
7037,424,2024-12-01,13815,0,0,0,0,13815
7038,424,2025-01-01,13815,0,0,0,0,13815
7039,424,2025-02-01,13815,0,0,0,0,13815
7040,424,2025-03-01,13815,0,0,0,0,13815
7041,424,2025-04-01,13815,0,0,0,0,13815
7042,424,2025-05-01,13815,0,0,0,0,13815
7043,424,2025-06-01,13815,0,0,0,0,13815
7044,424,2025-07-01,13815,0,3034,0,0,16849
7045,424,2025-08-01,16849,0,0,0,0,16849
7046,424,2025-09-01,16849,0,0,0,0,16849
7047,424,2025-10-01,16849,0,0,0,0,16849
7048,424,2025-11-01,16849,0,0,0,0,16849
7049,424,2025-12-01,16849,0,0,0,0,16849
7050,424,2026-01-01,16849,0,0,0,0,16849
7051,424,2026-02-01,16849,0,0,0,0,16849
7052,424,2026-03-01,16849,0,0,0,0,16849
7053,424,2026-04-01,16849,0,0,0,0,16849
7054,424,2026-05-01,16849,0,0,0,0,16849
7055,424,2026-06-01,16849,0,0,0,0,16849
7056,425,2025-08-01,0,12078,0,0,0,12078
7057,425,2025-09-01,12078,0,0,0,12078,0
7058,425,2025-10-01,0,0,0,0,0,0
7059,425,2025-11-01,0,0,0,0,0,0
7060,425,2025-12-01,0,0,0,0,0,0
7061,425,2026-01-01,0,0,0,0,0,0
7062,425,2026-02-01,0,0,0,0,0,0
7063,425,2026-03-01,0,0,0,0,0,0
7064,425,2026-04-01,0,0,0,0,0,0
7065,425,2026-05-01,0,0,0,0,0,0
7066,425,2026-06-01,0,0,0,0,0,0
7067,426,2025-06-01,0,16467,0,0,0,16467
7068,426,2025-07-01,16467,0,0,0,0,16467
7069,426,2025-08-01,16467,0,0,0,0,16467
7070,426,2025-09-01,16467,0,4511,0,0,20978
7071,426,2025-10-01,20978,0,0,0,0,20978
7072,426,2025-11-01,20978,0,0,4114,0,16864
7073,426,2025-12-01,16864,0,0,0,0,16864
7074,426,2026-01-01,16864,0,0,0,0,16864
7075,426,2026-02-01,16864,0,0,0,0,16864
7076,426,2026-03-01,16864,0,3894,0,0,20758
7077,426,2026-04-01,20758,0,0,0,20758,0
7078,426,2026-05-01,0,0,0,0,0,0
7079,426,2026-06-01,0,0,0,0,0,0
7080,427,2025-08-01,0,5181,0,0,0,5181
7081,427,2025-09-01,5181,0,0,0,5181,0
7082,427,2025-10-01,0,0,0,0,0,0
7083,427,2025-11-01,0,0,0,0,0,0
7084,427,2025-12-01,0,0,0,0,0,0
7085,427,2026-01-01,0,0,0,0,0,0
7086,427,2026-02-01,0,0,0,0,0,0
7087,427,2026-03-01,0,0,0,0,0,0
7088,427,2026-04-01,0,0,0,0,0,0
7089,427,2026-05-01,0,0,0,0,0,0
7090,427,2026-06-01,0,0,0,0,0,0
7091,428,2024-03-01,0,7985,0,0,0,7985
7092,428,2024-04-01,7985,0,0,0,0,7985
7093,428,2024-05-01,7985,0,0,0,0,7985
7094,428,2024-06-01,7985,0,0,0,0,7985
7095,428,2024-07-01,7985,0,0,1256,0,6729
7096,428,2024-08-01,6729,0,0,0,0,6729
7097,428,2024-09-01,6729,0,0,0,0,6729
7098,428,2024-10-01,6729,0,0,0,0,6729
7099,428,2024-11-01,6729,0,0,0,0,6729
7100,428,2024-12-01,6729,0,0,0,0,6729
7101,428,2025-01-01,6729,0,0,0,0,6729
7102,428,2025-02-01,6729,0,0,0,0,6729
7103,428,2025-03-01,6729,0,0,0,0,6729
7104,428,2025-04-01,6729,0,0,0,0,6729
7105,428,2025-05-01,6729,0,0,0,0,6729
7106,428,2025-06-01,6729,0,0,853,0,5876
7107,428,2025-07-01,5876,0,0,0,0,5876
7108,428,2025-08-01,5876,0,0,0,0,5876
7109,428,2025-09-01,5876,0,0,643,0,5233
7110,428,2025-10-01,5233,0,0,0,0,5233
7111,428,2025-11-01,5233,0,0,0,0,5233
7112,428,2025-12-01,5233,0,0,0,5233,0
7113,428,2026-01-01,0,0,0,0,0,0
7114,428,2026-02-01,0,0,0,0,0,0
7115,428,2026-03-01,0,0,0,0,0,0
7116,428,2026-04-01,0,0,0,0,0,0
7117,428,2026-05-01,0,0,0,0,0,0
7118,428,2026-06-01,0,0,0,0,0,0
7119,429,2025-04-01,0,4939,0,0,0,4939
7120,429,2025-05-01,4939,0,0,0,0,4939
7121,429,2025-06-01,4939,0,0,0,0,4939
7122,429,2025-07-01,4939,0,0,0,0,4939
7123,429,2025-08-01,4939,0,0,0,0,4939
7124,429,2025-09-01,4939,0,0,0,0,4939
7125,429,2025-10-01,4939,0,0,0,0,4939
7126,429,2025-11-01,4939,0,0,0,0,4939
7127,429,2025-12-01,4939,0,0,0,0,4939
7128,429,2026-01-01,4939,0,0,0,0,4939
7129,429,2026-02-01,4939,0,1327,0,0,6266
7130,429,2026-03-01,6266,0,0,0,0,6266
7131,429,2026-04-01,6266,0,0,0,0,6266
7132,429,2026-05-01,6266,0,1376,0,0,7642
7133,429,2026-06-01,7642,0,0,0,0,7642
7134,430,2025-08-01,0,28524,0,0,0,28524
7135,430,2025-09-01,28524,0,0,0,0,28524
7136,430,2025-10-01,28524,0,0,0,0,28524
7137,430,2025-11-01,28524,0,0,0,0,28524
7138,430,2025-12-01,28524,0,0,0,28524,0
7139,430,2026-01-01,0,0,0,0,0,0
7140,430,2026-02-01,0,0,0,0,0,0
7141,430,2026-03-01,0,0,0,0,0,0
7142,430,2026-04-01,0,0,0,0,0,0
7143,430,2026-05-01,0,0,0,0,0,0
7144,430,2026-06-01,0,0,0,0,0,0
7145,431,2025-08-01,0,20661,0,0,0,20661
7146,431,2025-09-01,20661,0,0,0,0,20661
7147,431,2025-10-01,20661,0,3590,0,0,24251
7148,431,2025-11-01,24251,0,0,4447,0,19804
7149,431,2025-12-01,19804,0,0,0,0,19804
7150,431,2026-01-01,19804,0,0,0,0,19804
7151,431,2026-02-01,19804,0,0,2115,0,17689
7152,431,2026-03-01,17689,0,0,0,0,17689
7153,431,2026-04-01,17689,0,0,2395,0,15294
7154,431,2026-05-01,15294,0,0,0,0,15294
7155,431,2026-06-01,15294,0,4510,0,0,19804
7156,432,2024-09-01,0,20625,0,0,0,20625
7157,432,2024-10-01,20625,0,0,0,0,20625
7158,432,2024-11-01,20625,0,0,0,0,20625
7159,432,2024-12-01,20625,0,0,0,0,20625
7160,432,2025-01-01,20625,0,0,0,0,20625
7161,432,2025-02-01,20625,0,0,0,0,20625
7162,432,2025-03-01,20625,0,0,0,0,20625
7163,432,2025-04-01,20625,0,0,0,0,20625
7164,432,2025-05-01,20625,0,5901,0,0,26526
7165,432,2025-06-01,26526,0,0,0,0,26526
7166,432,2025-07-01,26526,0,0,0,0,26526
7167,432,2025-08-01,26526,0,0,0,26526,0
7168,432,2025-09-01,0,0,0,0,0,0
7169,432,2025-10-01,0,0,0,0,0,0
7170,432,2025-11-01,0,0,0,0,0,0
7171,432,2025-12-01,0,0,0,0,0,0
7172,432,2026-01-01,0,0,0,0,0,0
7173,432,2026-02-01,0,0,0,0,0,0
7174,432,2026-03-01,0,0,0,0,0,0
7175,432,2026-04-01,0,0,0,0,0,0
7176,432,2026-05-01,0,0,0,0,0,0
7177,432,2026-06-01,0,0,0,0,0,0
7178,433,2024-09-01,0,3886,0,0,0,3886
7179,433,2024-10-01,3886,0,0,656,0,3230
7180,433,2024-11-01,3230,0,0,0,0,3230
7181,433,2024-12-01,3230,0,0,0,0,3230
7182,433,2025-01-01,3230,0,0,0,0,3230
7183,433,2025-02-01,3230,0,0,0,0,3230
7184,433,2025-03-01,3230,0,0,0,0,3230
7185,433,2025-04-01,3230,0,0,0,0,3230
7186,433,2025-05-01,3230,0,0,0,0,3230
7187,433,2025-06-01,3230,0,0,0,0,3230
7188,433,2025-07-01,3230,0,0,430,0,2800
7189,433,2025-08-01,2800,0,0,659,0,2141
7190,433,2025-09-01,2141,0,0,0,0,2141
7191,433,2025-10-01,2141,0,0,0,0,2141
7192,433,2025-11-01,2141,0,0,0,0,2141
7193,433,2025-12-01,2141,0,0,0,0,2141
7194,433,2026-01-01,2141,0,0,0,0,2141
7195,433,2026-02-01,2141,0,0,0,0,2141
7196,433,2026-03-01,2141,0,0,0,0,2141
7197,433,2026-04-01,2141,0,0,0,0,2141
7198,433,2026-05-01,2141,0,0,0,0,2141
7199,433,2026-06-01,2141,0,0,0,0,2141
7200,434,2024-03-01,0,5596,0,0,0,5596
7201,434,2024-04-01,5596,0,0,0,0,5596
7202,434,2024-05-01,5596,0,0,0,0,5596
7203,434,2024-06-01,5596,0,0,0,0,5596
7204,434,2024-07-01,5596,0,0,0,0,5596
7205,434,2024-08-01,5596,0,0,0,0,5596
7206,434,2024-09-01,5596,0,0,0,0,5596
7207,434,2024-10-01,5596,0,0,0,0,5596
7208,434,2024-11-01,5596,0,0,0,0,5596
7209,434,2024-12-01,5596,0,0,0,0,5596
7210,434,2025-01-01,5596,0,0,0,0,5596
7211,434,2025-02-01,5596,0,0,0,0,5596
7212,434,2025-03-01,5596,0,0,0,0,5596
7213,434,2025-04-01,5596,0,0,0,0,5596
7214,434,2025-05-01,5596,0,0,0,5596,0
7215,434,2025-06-01,0,0,0,0,0,0
7216,434,2025-07-01,0,0,0,0,0,0
7217,434,2025-08-01,0,0,0,0,0,0
7218,434,2025-09-01,0,0,0,0,0,0
7219,434,2025-10-01,0,0,0,0,0,0
7220,434,2025-11-01,0,0,0,0,0,0
7221,434,2025-12-01,0,0,0,0,0,0
7222,434,2026-01-01,0,0,0,0,0,0
7223,434,2026-02-01,0,0,0,0,0,0
7224,434,2026-03-01,0,0,0,0,0,0
7225,434,2026-04-01,0,0,0,0,0,0
7226,434,2026-05-01,0,0,0,0,0,0
7227,434,2026-06-01,0,0,0,0,0,0
7228,435,2024-05-01,0,7961,0,0,0,7961
7229,435,2024-06-01,7961,0,0,0,0,7961
7230,435,2024-07-01,7961,0,1075,0,0,9036
7231,435,2024-08-01,9036,0,0,0,0,9036
7232,435,2024-09-01,9036,0,0,0,0,9036
7233,435,2024-10-01,9036,0,0,0,0,9036
7234,435,2024-11-01,9036,0,2387,0,0,11423
7235,435,2024-12-01,11423,0,1249,0,0,12672
7236,435,2025-01-01,12672,0,0,0,12672,0
7237,435,2025-02-01,0,0,0,0,0,0
7238,435,2025-03-01,0,0,0,0,0,0
7239,435,2025-04-01,0,0,0,0,0,0
7240,435,2025-05-01,0,0,0,0,0,0
7241,435,2025-06-01,0,0,0,0,0,0
7242,435,2025-07-01,0,0,0,0,0,0
7243,435,2025-08-01,0,0,0,0,0,0
7244,435,2025-09-01,0,0,0,0,0,0
7245,435,2025-10-01,0,0,0,0,0,0
7246,435,2025-11-01,0,0,0,0,0,0
7247,435,2025-12-01,0,0,0,0,0,0
7248,435,2026-01-01,0,0,0,0,0,0
7249,435,2026-02-01,0,0,0,0,0,0
7250,435,2026-03-01,0,0,0,0,0,0
7251,435,2026-04-01,0,0,0,0,0,0
7252,435,2026-05-01,0,0,0,0,0,0
7253,435,2026-06-01,0,0,0,0,0,0
7254,436,2024-10-01,0,45538,0,0,0,45538
7255,436,2024-11-01,45538,0,0,0,0,45538
7256,436,2024-12-01,45538,0,12858,0,0,58396
7257,436,2025-01-01,58396,0,0,0,0,58396
7258,436,2025-02-01,58396,0,0,0,0,58396
7259,436,2025-03-01,58396,0,0,0,0,58396
7260,436,2025-04-01,58396,0,0,0,58396,0
7261,436,2025-05-01,0,0,0,0,0,0
7262,436,2025-06-01,0,0,0,0,0,0
7263,436,2025-07-01,0,0,0,0,0,0
7264,436,2025-08-01,0,0,0,0,0,0
7265,436,2025-09-01,0,0,0,0,0,0
7266,436,2025-10-01,0,0,0,0,0,0
7267,436,2025-11-01,0,0,0,0,0,0
7268,436,2025-12-01,0,0,0,0,0,0
7269,436,2026-01-01,0,0,0,0,0,0
7270,436,2026-02-01,0,0,0,0,0,0
7271,436,2026-03-01,0,0,0,0,0,0
7272,436,2026-04-01,0,0,0,0,0,0
7273,436,2026-05-01,0,0,0,0,0,0
7274,436,2026-06-01,0,0,0,0,0,0
7275,437,2025-08-01,0,36575,0,0,0,36575
7276,437,2025-09-01,36575,0,0,0,0,36575
7277,437,2025-10-01,36575,0,0,0,0,36575
7278,437,2025-11-01,36575,0,8181,0,0,44756
7279,437,2025-12-01,44756,0,0,0,0,44756
7280,437,2026-01-01,44756,0,0,0,0,44756
7281,437,2026-02-01,44756,0,0,0,0,44756
7282,437,2026-03-01,44756,0,0,0,0,44756
7283,437,2026-04-01,44756,0,0,0,0,44756
7284,437,2026-05-01,44756,0,0,6420,0,38336
7285,437,2026-06-01,38336,0,0,0,0,38336
7286,438,2024-06-01,0,29850,0,0,0,29850
7287,438,2024-07-01,29850,0,0,0,0,29850
7288,438,2024-08-01,29850,0,0,0,0,29850
7289,438,2024-09-01,29850,0,0,0,0,29850
7290,438,2024-10-01,29850,0,0,0,0,29850
7291,438,2024-11-01,29850,0,0,0,0,29850
7292,438,2024-12-01,29850,0,0,0,0,29850
7293,438,2025-01-01,29850,0,0,7057,0,22793
7294,438,2025-02-01,22793,0,0,0,0,22793
7295,438,2025-03-01,22793,0,0,0,0,22793
7296,438,2025-04-01,22793,0,0,0,0,22793
7297,438,2025-05-01,22793,0,0,0,0,22793
7298,438,2025-06-01,22793,0,0,0,0,22793
7299,438,2025-07-01,22793,0,0,0,0,22793
7300,438,2025-08-01,22793,0,0,0,0,22793
7301,438,2025-09-01,22793,0,0,0,22793,0
7302,438,2025-10-01,0,0,0,0,0,0
7303,438,2025-11-01,0,0,0,0,0,0
7304,438,2025-12-01,0,0,0,0,0,0
7305,438,2026-01-01,0,0,0,0,0,0
7306,438,2026-02-01,0,0,0,0,0,0
7307,438,2026-03-01,0,0,0,0,0,0
7308,438,2026-04-01,0,0,0,0,0,0
7309,438,2026-05-01,0,0,0,0,0,0
7310,438,2026-06-01,0,0,0,0,0,0
7311,439,2024-03-01,0,7044,0,0,0,7044
7312,439,2024-04-01,7044,0,0,0,0,7044
7313,439,2024-05-01,7044,0,0,0,7044,0
7314,439,2024-06-01,0,0,0,0,0,0
7315,439,2024-07-01,0,0,0,0,0,0
7316,439,2024-08-01,0,0,0,0,0,0
7317,439,2024-09-01,0,0,0,0,0,0
7318,439,2024-10-01,0,0,0,0,0,0
7319,439,2024-11-01,0,0,0,0,0,0
7320,439,2024-12-01,0,0,0,0,0,0
7321,439,2025-01-01,0,0,0,0,0,0
7322,439,2025-02-01,0,0,0,0,0,0
7323,439,2025-03-01,0,0,0,0,0,0
7324,439,2025-04-01,0,0,0,0,0,0
7325,439,2025-05-01,0,0,0,0,0,0
7326,439,2025-06-01,0,0,0,0,0,0
7327,439,2025-07-01,0,0,0,0,0,0
7328,439,2025-08-01,0,0,0,0,0,0
7329,439,2025-09-01,0,0,0,0,0,0
7330,439,2025-10-01,0,0,0,0,0,0
7331,439,2025-11-01,0,0,0,0,0,0
7332,439,2025-12-01,0,0,0,0,0,0
7333,439,2026-01-01,0,0,0,0,0,0
7334,439,2026-02-01,0,0,0,0,0,0
7335,439,2026-03-01,0,0,0,0,0,0
7336,439,2026-04-01,0,0,0,0,0,0
7337,439,2026-05-01,0,0,0,0,0,0
7338,439,2026-06-01,0,0,0,0,0,0
7339,440,2025-12-01,0,6422,0,0,0,6422
7340,440,2026-01-01,6422,0,0,0,0,6422
7341,440,2026-02-01,6422,0,0,0,0,6422
7342,440,2026-03-01,6422,0,0,0,0,6422
7343,440,2026-04-01,6422,0,0,1578,0,4844
7344,440,2026-05-01,4844,0,0,0,0,4844
7345,440,2026-06-01,4844,0,0,0,0,4844
7346,441,2024-06-01,0,15716,0,0,0,15716
7347,441,2024-07-01,15716,0,0,3861,0,11855
7348,441,2024-08-01,11855,0,1907,0,0,13762
7349,441,2024-09-01,13762,0,0,0,0,13762
7350,441,2024-10-01,13762,0,0,0,0,13762
7351,441,2024-11-01,13762,0,0,0,0,13762
7352,441,2024-12-01,13762,0,0,0,0,13762
7353,441,2025-01-01,13762,0,0,0,0,13762
7354,441,2025-02-01,13762,0,1750,0,0,15512
7355,441,2025-03-01,15512,0,0,0,0,15512
7356,441,2025-04-01,15512,0,0,1719,0,13793
7357,441,2025-05-01,13793,0,0,0,0,13793
7358,441,2025-06-01,13793,0,0,0,0,13793
7359,441,2025-07-01,13793,0,0,0,0,13793
7360,441,2025-08-01,13793,0,0,2966,0,10827
7361,441,2025-09-01,10827,0,0,0,0,10827
7362,441,2025-10-01,10827,0,0,0,0,10827
7363,441,2025-11-01,10827,0,0,0,0,10827
7364,441,2025-12-01,10827,0,0,0,0,10827
7365,441,2026-01-01,10827,0,0,0,0,10827
7366,441,2026-02-01,10827,0,0,0,10827,0
7367,441,2026-03-01,0,0,0,0,0,0
7368,441,2026-04-01,0,0,0,0,0,0
7369,441,2026-05-01,0,0,0,0,0,0
7370,441,2026-06-01,0,0,0,0,0,0
7371,442,2026-01-01,0,18160,0,0,0,18160
7372,442,2026-02-01,18160,0,0,0,0,18160
7373,442,2026-03-01,18160,0,0,0,0,18160
7374,442,2026-04-01,18160,0,0,0,0,18160
7375,442,2026-05-01,18160,0,0,0,0,18160
7376,442,2026-06-01,18160,0,0,0,0,18160
7377,443,2025-11-01,0,11998,0,0,0,11998
7378,443,2025-12-01,11998,0,0,0,0,11998
7379,443,2026-01-01,11998,0,0,0,0,11998
7380,443,2026-02-01,11998,0,0,0,0,11998
7381,443,2026-03-01,11998,0,0,0,0,11998
7382,443,2026-04-01,11998,0,0,0,0,11998
7383,443,2026-05-01,11998,0,0,0,0,11998
7384,443,2026-06-01,11998,0,0,0,0,11998
7385,444,2025-09-01,0,17274,0,0,0,17274
7386,444,2025-10-01,17274,0,0,0,0,17274
7387,444,2025-11-01,17274,0,0,0,0,17274
7388,444,2025-12-01,17274,0,0,3399,0,13875
7389,444,2026-01-01,13875,0,0,0,0,13875
7390,444,2026-02-01,13875,0,0,0,0,13875
7391,444,2026-03-01,13875,0,0,0,0,13875
7392,444,2026-04-01,13875,0,0,0,0,13875
7393,444,2026-05-01,13875,0,0,0,0,13875
7394,444,2026-06-01,13875,0,0,0,0,13875
7395,445,2025-08-01,0,6913,0,0,0,6913
7396,445,2025-09-01,6913,0,0,0,0,6913
7397,445,2025-10-01,6913,0,0,0,0,6913
7398,445,2025-11-01,6913,0,0,0,0,6913
7399,445,2025-12-01,6913,0,0,0,0,6913
7400,445,2026-01-01,6913,0,0,0,0,6913
7401,445,2026-02-01,6913,0,0,0,0,6913
7402,445,2026-03-01,6913,0,0,0,0,6913
7403,445,2026-04-01,6913,0,0,1538,0,5375
7404,445,2026-05-01,5375,0,0,0,0,5375
7405,445,2026-06-01,5375,0,0,0,0,5375
7406,446,2024-11-01,0,17942,0,0,0,17942
7407,446,2024-12-01,17942,0,0,0,0,17942
7408,446,2025-01-01,17942,0,0,0,0,17942
7409,446,2025-02-01,17942,0,0,0,0,17942
7410,446,2025-03-01,17942,0,0,0,17942,0
7411,446,2025-04-01,0,0,0,0,0,0
7412,446,2025-05-01,0,0,0,0,0,0
7413,446,2025-06-01,0,0,0,0,0,0
7414,446,2025-07-01,0,0,0,0,0,0
7415,446,2025-08-01,0,0,0,0,0,0
7416,446,2025-09-01,0,0,0,0,0,0
7417,446,2025-10-01,0,0,0,0,0,0
7418,446,2025-11-01,0,0,0,0,0,0
7419,446,2025-12-01,0,0,0,0,0,0
7420,446,2026-01-01,0,0,0,0,0,0
7421,446,2026-02-01,0,0,0,0,0,0
7422,446,2026-03-01,0,0,0,0,0,0
7423,446,2026-04-01,0,0,0,0,0,0
7424,446,2026-05-01,0,0,0,0,0,0
7425,446,2026-06-01,0,0,0,0,0,0
7426,447,2025-06-01,0,10456,0,0,0,10456
7427,447,2025-07-01,10456,0,0,0,0,10456
7428,447,2025-08-01,10456,0,0,0,0,10456
7429,447,2025-09-01,10456,0,0,0,0,10456
7430,447,2025-10-01,10456,0,0,0,0,10456
7431,447,2025-11-01,10456,0,0,0,10456,0
7432,447,2025-12-01,0,0,0,0,0,0
7433,447,2026-01-01,0,0,0,0,0,0
7434,447,2026-02-01,0,0,0,0,0,0
7435,447,2026-03-01,0,0,0,0,0,0
7436,447,2026-04-01,0,0,0,0,0,0
7437,447,2026-05-01,0,0,0,0,0,0
7438,447,2026-06-01,0,0,0,0,0,0
7439,448,2025-05-01,0,12626,0,0,0,12626
7440,448,2025-06-01,12626,0,0,0,0,12626
7441,448,2025-07-01,12626,0,0,0,0,12626
7442,448,2025-08-01,12626,0,0,0,0,12626
7443,448,2025-09-01,12626,0,0,0,0,12626
7444,448,2025-10-01,12626,0,0,0,0,12626
7445,448,2025-11-01,12626,0,0,0,0,12626
7446,448,2025-12-01,12626,0,0,0,0,12626
7447,448,2026-01-01,12626,0,0,0,0,12626
7448,448,2026-02-01,12626,0,3746,0,0,16372
7449,448,2026-03-01,16372,0,0,0,0,16372
7450,448,2026-04-01,16372,0,0,0,0,16372
7451,448,2026-05-01,16372,0,0,0,0,16372
7452,448,2026-06-01,16372,0,0,0,0,16372
7453,449,2025-01-01,0,6920,0,0,0,6920
7454,449,2025-02-01,6920,0,843,0,0,7763
7455,449,2025-03-01,7763,0,0,0,0,7763
7456,449,2025-04-01,7763,0,0,0,0,7763
7457,449,2025-05-01,7763,0,0,0,7763,0
7458,449,2025-06-01,0,0,0,0,0,0
7459,449,2025-07-01,0,0,0,0,0,0
7460,449,2025-08-01,0,0,0,0,0,0
7461,449,2025-09-01,0,0,0,0,0,0
7462,449,2025-10-01,0,0,0,0,0,0
7463,449,2025-11-01,0,0,0,0,0,0
7464,449,2025-12-01,0,0,0,0,0,0
7465,449,2026-01-01,0,0,0,0,0,0
7466,449,2026-02-01,0,0,0,0,0,0
7467,449,2026-03-01,0,0,0,0,0,0
7468,449,2026-04-01,0,0,0,0,0,0
7469,449,2026-05-01,0,0,0,0,0,0
7470,449,2026-06-01,0,0,0,0,0,0
7471,450,2024-11-01,0,20392,0,0,0,20392
7472,450,2024-12-01,20392,0,0,0,0,20392
7473,450,2025-01-01,20392,0,2497,0,0,22889
7474,450,2025-02-01,22889,0,0,0,22889,0
7475,450,2025-03-01,0,0,0,0,0,0
7476,450,2025-04-01,0,0,0,0,0,0
7477,450,2025-05-01,0,0,0,0,0,0
7478,450,2025-06-01,0,0,0,0,0,0
7479,450,2025-07-01,0,0,0,0,0,0
7480,450,2025-08-01,0,0,0,0,0,0
7481,450,2025-09-01,0,0,0,0,0,0
7482,450,2025-10-01,0,0,0,0,0,0
7483,450,2025-11-01,0,0,0,0,0,0
7484,450,2025-12-01,0,0,0,0,0,0
7485,450,2026-01-01,0,0,0,0,0,0
7486,450,2026-02-01,0,0,0,0,0,0
7487,450,2026-03-01,0,0,0,0,0,0
7488,450,2026-04-01,0,0,0,0,0,0
7489,450,2026-05-01,0,0,0,0,0,0
7490,450,2026-06-01,0,0,0,0,0,0
7491,451,2025-07-01,0,7355,0,0,0,7355
7492,451,2025-08-01,7355,0,0,0,0,7355
7493,451,2025-09-01,7355,0,1536,0,0,8891
7494,451,2025-10-01,8891,0,0,1531,0,7360
7495,451,2025-11-01,7360,0,0,0,0,7360
7496,451,2025-12-01,7360,0,0,0,0,7360
7497,451,2026-01-01,7360,0,0,0,0,7360
7498,451,2026-02-01,7360,0,0,0,0,7360
7499,451,2026-03-01,7360,0,0,0,0,7360
7500,451,2026-04-01,7360,0,0,0,0,7360
7501,451,2026-05-01,7360,0,0,0,0,7360
7502,451,2026-06-01,7360,0,0,0,7360,0
7503,452,2025-04-01,0,43982,0,0,0,43982
7504,452,2025-05-01,43982,0,0,0,0,43982
7505,452,2025-06-01,43982,0,12361,0,0,56343
7506,452,2025-07-01,56343,0,0,0,0,56343
7507,452,2025-08-01,56343,0,0,0,0,56343
7508,452,2025-09-01,56343,0,0,0,0,56343
7509,452,2025-10-01,56343,0,0,0,0,56343
7510,452,2025-11-01,56343,0,0,0,0,56343
7511,452,2025-12-01,56343,0,0,0,0,56343
7512,452,2026-01-01,56343,0,0,9946,0,46397
7513,452,2026-02-01,46397,0,0,0,0,46397
7514,452,2026-03-01,46397,0,0,0,0,46397
7515,452,2026-04-01,46397,0,0,0,0,46397
7516,452,2026-05-01,46397,0,0,0,0,46397
7517,452,2026-06-01,46397,0,0,0,0,46397
7518,453,2025-08-01,0,4633,0,0,0,4633
7519,453,2025-09-01,4633,0,0,0,4633,0
7520,453,2025-10-01,0,0,0,0,0,0
7521,453,2025-11-01,0,0,0,0,0,0
7522,453,2025-12-01,0,0,0,0,0,0
7523,453,2026-01-01,0,0,0,0,0,0
7524,453,2026-02-01,0,0,0,0,0,0
7525,453,2026-03-01,0,0,0,0,0,0
7526,453,2026-04-01,0,0,0,0,0,0
7527,453,2026-05-01,0,0,0,0,0,0
7528,453,2026-06-01,0,0,0,0,0,0
7529,454,2024-04-01,0,3374,0,0,0,3374
7530,454,2024-05-01,3374,0,0,0,0,3374
7531,454,2024-06-01,3374,0,0,0,0,3374
7532,454,2024-07-01,3374,0,580,0,0,3954
7533,454,2024-08-01,3954,0,0,0,0,3954
7534,454,2024-09-01,3954,0,0,816,0,3138
7535,454,2024-10-01,3138,0,0,0,0,3138
7536,454,2024-11-01,3138,0,0,0,0,3138
7537,454,2024-12-01,3138,0,0,0,0,3138
7538,454,2025-01-01,3138,0,0,0,0,3138
7539,454,2025-02-01,3138,0,0,0,0,3138
7540,454,2025-03-01,3138,0,0,0,0,3138
7541,454,2025-04-01,3138,0,0,0,0,3138
7542,454,2025-05-01,3138,0,0,0,0,3138
7543,454,2025-06-01,3138,0,0,0,0,3138
7544,454,2025-07-01,3138,0,940,0,0,4078
7545,454,2025-08-01,4078,0,0,648,0,3430
7546,454,2025-09-01,3430,0,0,0,0,3430
7547,454,2025-10-01,3430,0,0,0,0,3430
7548,454,2025-11-01,3430,0,0,0,0,3430
7549,454,2025-12-01,3430,0,0,0,0,3430
7550,454,2026-01-01,3430,0,0,0,0,3430
7551,454,2026-02-01,3430,0,918,0,0,4348
7552,454,2026-03-01,4348,0,0,0,0,4348
7553,454,2026-04-01,4348,0,0,0,0,4348
7554,454,2026-05-01,4348,0,0,0,0,4348
7555,454,2026-06-01,4348,0,0,0,0,4348
7556,455,2024-11-01,0,17883,0,0,0,17883
7557,455,2024-12-01,17883,0,0,0,0,17883
7558,455,2025-01-01,17883,0,0,0,0,17883
7559,455,2025-02-01,17883,0,0,0,0,17883
7560,455,2025-03-01,17883,0,0,0,0,17883
7561,455,2025-04-01,17883,0,0,0,0,17883
7562,455,2025-05-01,17883,0,0,0,0,17883
7563,455,2025-06-01,17883,0,0,0,0,17883
7564,455,2025-07-01,17883,0,0,0,0,17883
7565,455,2025-08-01,17883,0,0,0,0,17883
7566,455,2025-09-01,17883,0,0,0,0,17883
7567,455,2025-10-01,17883,0,0,0,0,17883
7568,455,2025-11-01,17883,0,0,0,0,17883
7569,455,2025-12-01,17883,0,0,4217,0,13666
7570,455,2026-01-01,13666,0,0,0,0,13666
7571,455,2026-02-01,13666,0,0,1431,0,12235
7572,455,2026-03-01,12235,0,0,0,0,12235
7573,455,2026-04-01,12235,0,0,0,0,12235
7574,455,2026-05-01,12235,0,0,0,0,12235
7575,455,2026-06-01,12235,0,0,0,0,12235
7576,456,2024-11-01,0,4581,0,0,0,4581
7577,456,2024-12-01,4581,0,0,0,0,4581
7578,456,2025-01-01,4581,0,0,0,0,4581
7579,456,2025-02-01,4581,0,0,0,0,4581
7580,456,2025-03-01,4581,0,0,0,0,4581
7581,456,2025-04-01,4581,0,0,0,4581,0
7582,456,2025-05-01,0,0,0,0,0,0
7583,456,2025-06-01,0,0,0,0,0,0
7584,456,2025-07-01,0,0,0,0,0,0
7585,456,2025-08-01,0,0,0,0,0,0
7586,456,2025-09-01,0,0,0,0,0,0
7587,456,2025-10-01,0,0,0,0,0,0
7588,456,2025-11-01,0,0,0,0,0,0
7589,456,2025-12-01,0,0,0,0,0,0
7590,456,2026-01-01,0,0,0,0,0,0
7591,456,2026-02-01,0,0,0,0,0,0
7592,456,2026-03-01,0,0,0,0,0,0
7593,456,2026-04-01,0,0,0,0,0,0
7594,456,2026-05-01,0,0,0,0,0,0
7595,456,2026-06-01,0,0,0,0,0,0
7596,457,2024-05-01,0,6750,0,0,0,6750
7597,457,2024-06-01,6750,0,0,0,0,6750
7598,457,2024-07-01,6750,0,0,0,6750,0
7599,457,2024-08-01,0,0,0,0,0,0
7600,457,2024-09-01,0,0,0,0,0,0
7601,457,2024-10-01,0,0,0,0,0,0
7602,457,2024-11-01,0,0,0,0,0,0
7603,457,2024-12-01,0,0,0,0,0,0
7604,457,2025-01-01,0,0,0,0,0,0
7605,457,2025-02-01,0,0,0,0,0,0
7606,457,2025-03-01,0,0,0,0,0,0
7607,457,2025-04-01,0,0,0,0,0,0
7608,457,2025-05-01,0,0,0,0,0,0
7609,457,2025-06-01,0,0,0,0,0,0
7610,457,2025-07-01,0,0,0,0,0,0
7611,457,2025-08-01,0,0,0,0,0,0
7612,457,2025-09-01,0,0,0,0,0,0
7613,457,2025-10-01,0,0,0,0,0,0
7614,457,2025-11-01,0,0,0,0,0,0
7615,457,2025-12-01,0,0,0,0,0,0
7616,457,2026-01-01,0,0,0,0,0,0
7617,457,2026-02-01,0,0,0,0,0,0
7618,457,2026-03-01,0,0,0,0,0,0
7619,457,2026-04-01,0,0,0,0,0,0
7620,457,2026-05-01,0,0,0,0,0,0
7621,457,2026-06-01,0,0,0,0,0,0
7622,458,2024-03-01,0,40454,0,0,0,40454
7623,458,2024-04-01,40454,0,0,0,0,40454
7624,458,2024-05-01,40454,0,0,0,0,40454
7625,458,2024-06-01,40454,0,11760,0,0,52214
7626,458,2024-07-01,52214,0,0,0,0,52214
7627,458,2024-08-01,52214,0,0,0,0,52214
7628,458,2024-09-01,52214,0,0,0,0,52214
7629,458,2024-10-01,52214,0,0,0,0,52214
7630,458,2024-11-01,52214,0,0,0,0,52214
7631,458,2024-12-01,52214,0,0,0,0,52214
7632,458,2025-01-01,52214,0,0,0,0,52214
7633,458,2025-02-01,52214,0,0,0,0,52214
7634,458,2025-03-01,52214,0,0,0,0,52214
7635,458,2025-04-01,52214,0,0,0,0,52214
7636,458,2025-05-01,52214,0,0,0,0,52214
7637,458,2025-06-01,52214,0,0,10830,0,41384
7638,458,2025-07-01,41384,0,0,0,0,41384
7639,458,2025-08-01,41384,0,0,0,0,41384
7640,458,2025-09-01,41384,0,0,0,0,41384
7641,458,2025-10-01,41384,0,10959,0,0,52343
7642,458,2025-11-01,52343,0,0,0,0,52343
7643,458,2025-12-01,52343,0,0,0,0,52343
7644,458,2026-01-01,52343,0,0,0,0,52343
7645,458,2026-02-01,52343,0,0,0,0,52343
7646,458,2026-03-01,52343,0,10697,0,0,63040
7647,458,2026-04-01,63040,0,0,0,0,63040
7648,458,2026-05-01,63040,0,0,0,0,63040
7649,458,2026-06-01,63040,0,0,0,0,63040
7650,459,2025-05-01,0,5212,0,0,0,5212
7651,459,2025-06-01,5212,0,0,0,0,5212
7652,459,2025-07-01,5212,0,0,0,0,5212
7653,459,2025-08-01,5212,0,0,0,0,5212
7654,459,2025-09-01,5212,0,0,0,0,5212
7655,459,2025-10-01,5212,0,0,0,0,5212
7656,459,2025-11-01,5212,0,0,0,0,5212
7657,459,2025-12-01,5212,0,0,0,0,5212
7658,459,2026-01-01,5212,0,0,0,0,5212
7659,459,2026-02-01,5212,0,0,0,0,5212
7660,459,2026-03-01,5212,0,0,0,5212,0
7661,459,2026-04-01,0,0,0,0,0,0
7662,459,2026-05-01,0,0,0,0,0,0
7663,459,2026-06-01,0,0,0,0,0,0
7664,460,2024-08-01,0,6939,0,0,0,6939
7665,460,2024-09-01,6939,0,0,0,0,6939
7666,460,2024-10-01,6939,0,0,0,0,6939
7667,460,2024-11-01,6939,0,0,0,0,6939
7668,460,2024-12-01,6939,0,0,0,0,6939
7669,460,2025-01-01,6939,0,0,0,0,6939
7670,460,2025-02-01,6939,0,0,0,0,6939
7671,460,2025-03-01,6939,0,0,0,0,6939
7672,460,2025-04-01,6939,0,0,0,0,6939
7673,460,2025-05-01,6939,0,0,0,0,6939
7674,460,2025-06-01,6939,0,0,0,0,6939
7675,460,2025-07-01,6939,0,0,0,0,6939
7676,460,2025-08-01,6939,0,0,0,0,6939
7677,460,2025-09-01,6939,0,0,0,0,6939
7678,460,2025-10-01,6939,0,0,0,0,6939
7679,460,2025-11-01,6939,0,0,0,0,6939
7680,460,2025-12-01,6939,0,0,0,0,6939
7681,460,2026-01-01,6939,0,0,0,0,6939
7682,460,2026-02-01,6939,0,1889,0,0,8828
7683,460,2026-03-01,8828,0,0,0,0,8828
7684,460,2026-04-01,8828,0,2398,0,0,11226
7685,460,2026-05-01,11226,0,1435,0,0,12661
7686,460,2026-06-01,12661,0,0,0,0,12661
7687,461,2025-06-01,0,7659,0,0,0,7659
7688,461,2025-07-01,7659,0,0,0,0,7659
7689,461,2025-08-01,7659,0,1621,0,0,9280
7690,461,2025-09-01,9280,0,0,0,0,9280
7691,461,2025-10-01,9280,0,0,0,0,9280
7692,461,2025-11-01,9280,0,1705,0,0,10985
7693,461,2025-12-01,10985,0,0,0,0,10985
7694,461,2026-01-01,10985,0,0,0,0,10985
7695,461,2026-02-01,10985,0,0,0,0,10985
7696,461,2026-03-01,10985,0,0,0,0,10985
7697,461,2026-04-01,10985,0,0,0,0,10985
7698,461,2026-05-01,10985,0,0,0,0,10985
7699,461,2026-06-01,10985,0,0,0,0,10985
7700,462,2025-10-01,0,6748,0,0,0,6748
7701,462,2025-11-01,6748,0,1377,0,0,8125
7702,462,2025-12-01,8125,0,0,0,0,8125
7703,462,2026-01-01,8125,0,0,0,0,8125
7704,462,2026-02-01,8125,0,0,0,0,8125
7705,462,2026-03-01,8125,0,1818,0,0,9943
7706,462,2026-04-01,9943,0,0,2102,0,7841
7707,462,2026-05-01,7841,0,1601,0,0,9442
7708,462,2026-06-01,9442,0,0,0,0,9442
7709,463,2025-04-01,0,7991,0,0,0,7991
7710,463,2025-05-01,7991,0,0,0,0,7991
7711,463,2025-06-01,7991,0,0,0,0,7991
7712,463,2025-07-01,7991,0,0,0,0,7991
7713,463,2025-08-01,7991,0,0,0,0,7991
7714,463,2025-09-01,7991,0,0,0,0,7991
7715,463,2025-10-01,7991,0,0,0,0,7991
7716,463,2025-11-01,7991,0,0,0,0,7991
7717,463,2025-12-01,7991,0,0,0,0,7991
7718,463,2026-01-01,7991,0,0,0,0,7991
7719,463,2026-02-01,7991,0,0,0,7991,0
7720,463,2026-03-01,0,0,0,0,0,0
7721,463,2026-04-01,0,0,0,0,0,0
7722,463,2026-05-01,0,0,0,0,0,0
7723,463,2026-06-01,0,0,0,0,0,0
7724,464,2025-03-01,0,4343,0,0,0,4343
7725,464,2025-04-01,4343,0,0,0,0,4343
7726,464,2025-05-01,4343,0,0,0,0,4343
7727,464,2025-06-01,4343,0,1046,0,0,5389
7728,464,2025-07-01,5389,0,0,0,0,5389
7729,464,2025-08-01,5389,0,0,0,0,5389
7730,464,2025-09-01,5389,0,0,0,0,5389
7731,464,2025-10-01,5389,0,0,0,0,5389
7732,464,2025-11-01,5389,0,0,0,0,5389
7733,464,2025-12-01,5389,0,0,0,0,5389
7734,464,2026-01-01,5389,0,0,0,0,5389
7735,464,2026-02-01,5389,0,0,0,0,5389
7736,464,2026-03-01,5389,0,0,0,0,5389
7737,464,2026-04-01,5389,0,0,0,0,5389
7738,464,2026-05-01,5389,0,0,0,0,5389
7739,464,2026-06-01,5389,0,0,0,0,5389
7740,465,2025-12-01,0,3007,0,0,0,3007
7741,465,2026-01-01,3007,0,0,0,3007,0
7742,465,2026-02-01,0,0,0,0,0,0
7743,465,2026-03-01,0,0,0,0,0,0
7744,465,2026-04-01,0,0,0,0,0,0
7745,465,2026-05-01,0,0,0,0,0,0
7746,465,2026-06-01,0,0,0,0,0,0
7747,466,2024-05-01,0,5935,0,0,0,5935
7748,466,2024-06-01,5935,0,0,0,0,5935
7749,466,2024-07-01,5935,0,0,0,0,5935
7750,466,2024-08-01,5935,0,0,0,0,5935
7751,466,2024-09-01,5935,0,0,1133,0,4802
7752,466,2024-10-01,4802,0,0,0,0,4802
7753,466,2024-11-01,4802,0,0,776,0,4026
7754,466,2024-12-01,4026,0,0,0,0,4026
7755,466,2025-01-01,4026,0,0,0,0,4026
7756,466,2025-02-01,4026,0,0,0,0,4026
7757,466,2025-03-01,4026,0,0,0,0,4026
7758,466,2025-04-01,4026,0,0,0,0,4026
7759,466,2025-05-01,4026,0,0,0,0,4026
7760,466,2025-06-01,4026,0,0,0,0,4026
7761,466,2025-07-01,4026,0,0,0,0,4026
7762,466,2025-08-01,4026,0,0,0,0,4026
7763,466,2025-09-01,4026,0,0,0,0,4026
7764,466,2025-10-01,4026,0,0,800,0,3226
7765,466,2025-11-01,3226,0,0,0,0,3226
7766,466,2025-12-01,3226,0,0,0,0,3226
7767,466,2026-01-01,3226,0,0,0,0,3226
7768,466,2026-02-01,3226,0,0,0,0,3226
7769,466,2026-03-01,3226,0,0,0,3226,0
7770,466,2026-04-01,0,0,0,0,0,0
7771,466,2026-05-01,0,0,0,0,0,0
7772,466,2026-06-01,0,0,0,0,0,0
7773,467,2024-05-01,0,21114,0,0,0,21114
7774,467,2024-06-01,21114,0,0,0,0,21114
7775,467,2024-07-01,21114,0,0,0,21114,0
7776,467,2024-08-01,0,0,0,0,0,0
7777,467,2024-09-01,0,0,0,0,0,0
7778,467,2024-10-01,0,0,0,0,0,0
7779,467,2024-11-01,0,0,0,0,0,0
7780,467,2024-12-01,0,0,0,0,0,0
7781,467,2025-01-01,0,0,0,0,0,0
7782,467,2025-02-01,0,0,0,0,0,0
7783,467,2025-03-01,0,0,0,0,0,0
7784,467,2025-04-01,0,0,0,0,0,0
7785,467,2025-05-01,0,0,0,0,0,0
7786,467,2025-06-01,0,0,0,0,0,0
7787,467,2025-07-01,0,0,0,0,0,0
7788,467,2025-08-01,0,0,0,0,0,0
7789,467,2025-09-01,0,0,0,0,0,0
7790,467,2025-10-01,0,0,0,0,0,0
7791,467,2025-11-01,0,0,0,0,0,0
7792,467,2025-12-01,0,0,0,0,0,0
7793,467,2026-01-01,0,0,0,0,0,0
7794,467,2026-02-01,0,0,0,0,0,0
7795,467,2026-03-01,0,0,0,0,0,0
7796,467,2026-04-01,0,0,0,0,0,0
7797,467,2026-05-01,0,0,0,0,0,0
7798,467,2026-06-01,0,0,0,0,0,0
7799,468,2024-10-01,0,25687,0,0,0,25687
7800,468,2024-11-01,25687,0,3097,0,0,28784
7801,468,2024-12-01,28784,0,0,0,0,28784
7802,468,2025-01-01,28784,0,0,0,0,28784
7803,468,2025-02-01,28784,0,0,0,0,28784
7804,468,2025-03-01,28784,0,0,0,0,28784
7805,468,2025-04-01,28784,0,0,0,0,28784
7806,468,2025-05-01,28784,0,0,4409,0,24375
7807,468,2025-06-01,24375,0,0,0,0,24375
7808,468,2025-07-01,24375,0,0,0,0,24375
7809,468,2025-08-01,24375,0,0,2868,0,21507
7810,468,2025-09-01,21507,0,0,0,21507,0
7811,468,2025-10-01,0,0,0,0,0,0
7812,468,2025-11-01,0,0,0,0,0,0
7813,468,2025-12-01,0,0,0,0,0,0
7814,468,2026-01-01,0,0,0,0,0,0
7815,468,2026-02-01,0,0,0,0,0,0
7816,468,2026-03-01,0,0,0,0,0,0
7817,468,2026-04-01,0,0,0,0,0,0
7818,468,2026-05-01,0,0,0,0,0,0
7819,468,2026-06-01,0,0,0,0,0,0
7820,469,2024-10-01,0,7486,0,0,0,7486
7821,469,2024-11-01,7486,0,0,0,0,7486
7822,469,2024-12-01,7486,0,0,0,7486,0
7823,469,2025-01-01,0,0,0,0,0,0
7824,469,2025-02-01,0,0,0,0,0,0
7825,469,2025-03-01,0,0,0,0,0,0
7826,469,2025-04-01,0,0,0,0,0,0
7827,469,2025-05-01,0,0,0,0,0,0
7828,469,2025-06-01,0,0,0,0,0,0
7829,469,2025-07-01,0,0,0,0,0,0
7830,469,2025-08-01,0,0,0,0,0,0
7831,469,2025-09-01,0,0,0,0,0,0
7832,469,2025-10-01,0,0,0,0,0,0
7833,469,2025-11-01,0,0,0,0,0,0
7834,469,2025-12-01,0,0,0,0,0,0
7835,469,2026-01-01,0,0,0,0,0,0
7836,469,2026-02-01,0,0,0,0,0,0
7837,469,2026-03-01,0,0,0,0,0,0
7838,469,2026-04-01,0,0,0,0,0,0
7839,469,2026-05-01,0,0,0,0,0,0
7840,469,2026-06-01,0,0,0,0,0,0
7841,470,2024-08-01,0,11248,0,0,0,11248
7842,470,2024-09-01,11248,0,0,0,11248,0
7843,470,2024-10-01,0,0,0,0,0,0
7844,470,2024-11-01,0,0,0,0,0,0
7845,470,2024-12-01,0,0,0,0,0,0
7846,470,2025-01-01,0,0,0,0,0,0
7847,470,2025-02-01,0,0,0,0,0,0
7848,470,2025-03-01,0,0,0,0,0,0
7849,470,2025-04-01,0,0,0,0,0,0
7850,470,2025-05-01,0,0,0,0,0,0
7851,470,2025-06-01,0,0,0,0,0,0
7852,470,2025-07-01,0,0,0,0,0,0
7853,470,2025-08-01,0,0,0,0,0,0
7854,470,2025-09-01,0,0,0,0,0,0
7855,470,2025-10-01,0,0,0,0,0,0
7856,470,2025-11-01,0,0,0,0,0,0
7857,470,2025-12-01,0,0,0,0,0,0
7858,470,2026-01-01,0,0,0,0,0,0
7859,470,2026-02-01,0,0,0,0,0,0
7860,470,2026-03-01,0,0,0,0,0,0
7861,470,2026-04-01,0,0,0,0,0,0
7862,470,2026-05-01,0,0,0,0,0,0
7863,470,2026-06-01,0,0,0,0,0,0
7864,471,2024-11-01,0,25000,0,0,0,25000
7865,471,2024-12-01,25000,0,0,0,0,25000
7866,471,2025-01-01,25000,0,0,0,0,25000
7867,471,2025-02-01,25000,0,0,0,0,25000
7868,471,2025-03-01,25000,0,0,0,0,25000
7869,471,2025-04-01,25000,0,6256,0,0,31256
7870,471,2025-05-01,31256,0,0,0,0,31256
7871,471,2025-06-01,31256,0,0,0,0,31256
7872,471,2025-07-01,31256,0,3219,0,0,34475
7873,471,2025-08-01,34475,0,0,0,0,34475
7874,471,2025-09-01,34475,0,0,0,0,34475
7875,471,2025-10-01,34475,0,0,0,0,34475
7876,471,2025-11-01,34475,0,0,0,0,34475
7877,471,2025-12-01,34475,0,0,0,0,34475
7878,471,2026-01-01,34475,0,0,0,0,34475
7879,471,2026-02-01,34475,0,0,0,34475,0
7880,471,2026-03-01,0,0,0,0,0,0
7881,471,2026-04-01,0,0,0,0,0,0
7882,471,2026-05-01,0,0,0,0,0,0
7883,471,2026-06-01,0,0,0,0,0,0
7884,472,2025-02-01,0,3266,0,0,0,3266
7885,472,2025-03-01,3266,0,0,0,0,3266
7886,472,2025-04-01,3266,0,0,0,0,3266
7887,472,2025-05-01,3266,0,0,0,0,3266
7888,472,2025-06-01,3266,0,0,0,0,3266
7889,472,2025-07-01,3266,0,0,0,0,3266
7890,472,2025-08-01,3266,0,0,0,0,3266
7891,472,2025-09-01,3266,0,0,0,0,3266
7892,472,2025-10-01,3266,0,0,0,0,3266
7893,472,2025-11-01,3266,0,0,0,3266,0
7894,472,2025-12-01,0,0,0,0,0,0
7895,472,2026-01-01,0,0,0,0,0,0
7896,472,2026-02-01,0,0,0,0,0,0
7897,472,2026-03-01,0,0,0,0,0,0
7898,472,2026-04-01,0,0,0,0,0,0
7899,472,2026-05-01,0,0,0,0,0,0
7900,472,2026-06-01,0,0,0,0,0,0
7901,473,2024-02-01,0,3986,0,0,0,3986
7902,473,2024-03-01,3986,0,0,0,0,3986
7903,473,2024-04-01,3986,0,0,0,0,3986
7904,473,2024-05-01,3986,0,0,0,0,3986
7905,473,2024-06-01,3986,0,0,0,0,3986
7906,473,2024-07-01,3986,0,0,0,0,3986
7907,473,2024-08-01,3986,0,0,0,0,3986
7908,473,2024-09-01,3986,0,0,658,0,3328
7909,473,2024-10-01,3328,0,0,0,0,3328
7910,473,2024-11-01,3328,0,0,0,0,3328
7911,473,2024-12-01,3328,0,0,0,0,3328
7912,473,2025-01-01,3328,0,0,0,0,3328
7913,473,2025-02-01,3328,0,0,0,0,3328
7914,473,2025-03-01,3328,0,0,0,0,3328
7915,473,2025-04-01,3328,0,0,0,0,3328
7916,473,2025-05-01,3328,0,557,0,0,3885
7917,473,2025-06-01,3885,0,0,0,3885,0
7918,473,2025-07-01,0,0,0,0,0,0
7919,473,2025-08-01,0,0,0,0,0,0
7920,473,2025-09-01,0,0,0,0,0,0
7921,473,2025-10-01,0,0,0,0,0,0
7922,473,2025-11-01,0,0,0,0,0,0
7923,473,2025-12-01,0,0,0,0,0,0
7924,473,2026-01-01,0,0,0,0,0,0
7925,473,2026-02-01,0,0,0,0,0,0
7926,473,2026-03-01,0,0,0,0,0,0
7927,473,2026-04-01,0,0,0,0,0,0
7928,473,2026-05-01,0,0,0,0,0,0
7929,473,2026-06-01,0,0,0,0,0,0
7930,474,2025-08-01,0,3605,0,0,0,3605
7931,474,2025-09-01,3605,0,0,0,0,3605
7932,474,2025-10-01,3605,0,0,0,0,3605
7933,474,2025-11-01,3605,0,0,0,0,3605
7934,474,2025-12-01,3605,0,0,0,0,3605
7935,474,2026-01-01,3605,0,0,0,0,3605
7936,474,2026-02-01,3605,0,0,0,3605,0
7937,474,2026-03-01,0,0,0,0,0,0
7938,474,2026-04-01,0,0,0,0,0,0
7939,474,2026-05-01,0,0,0,0,0,0
7940,474,2026-06-01,0,0,0,0,0,0
7941,475,2025-07-01,0,4638,0,0,0,4638
7942,475,2025-08-01,4638,0,0,0,0,4638
7943,475,2025-09-01,4638,0,0,0,0,4638
7944,475,2025-10-01,4638,0,0,0,0,4638
7945,475,2025-11-01,4638,0,0,0,0,4638
7946,475,2025-12-01,4638,0,0,0,0,4638
7947,475,2026-01-01,4638,0,0,0,0,4638
7948,475,2026-02-01,4638,0,0,0,0,4638
7949,475,2026-03-01,4638,0,0,0,0,4638
7950,475,2026-04-01,4638,0,0,0,0,4638
7951,475,2026-05-01,4638,0,0,0,0,4638
7952,475,2026-06-01,4638,0,0,0,0,4638
7953,476,2025-04-01,0,5810,0,0,0,5810
7954,476,2025-05-01,5810,0,0,0,0,5810
7955,476,2025-06-01,5810,0,1372,0,0,7182
7956,476,2025-07-01,7182,0,0,994,0,6188
7957,476,2025-08-01,6188,0,0,0,0,6188
7958,476,2025-09-01,6188,0,0,0,0,6188
7959,476,2025-10-01,6188,0,0,0,0,6188
7960,476,2025-11-01,6188,0,0,0,0,6188
7961,476,2025-12-01,6188,0,0,0,6188,0
7962,476,2026-01-01,0,0,0,0,0,0
7963,476,2026-02-01,0,0,0,0,0,0
7964,476,2026-03-01,0,0,0,0,0,0
7965,476,2026-04-01,0,0,0,0,0,0
7966,476,2026-05-01,0,0,0,0,0,0
7967,476,2026-06-01,0,0,0,0,0,0
7968,477,2024-08-01,0,12522,0,0,0,12522
7969,477,2024-09-01,12522,0,1268,0,0,13790
7970,477,2024-10-01,13790,0,0,0,0,13790
7971,477,2024-11-01,13790,0,0,0,0,13790
7972,477,2024-12-01,13790,0,0,0,0,13790
7973,477,2025-01-01,13790,0,1498,0,0,15288
7974,477,2025-02-01,15288,0,0,0,0,15288
7975,477,2025-03-01,15288,0,0,0,0,15288
7976,477,2025-04-01,15288,0,0,0,0,15288
7977,477,2025-05-01,15288,0,2687,0,0,17975
7978,477,2025-06-01,17975,0,0,0,0,17975
7979,477,2025-07-01,17975,0,0,0,0,17975
7980,477,2025-08-01,17975,0,0,0,0,17975
7981,477,2025-09-01,17975,0,0,0,0,17975
7982,477,2025-10-01,17975,0,0,0,0,17975
7983,477,2025-11-01,17975,0,0,0,0,17975
7984,477,2025-12-01,17975,0,0,0,0,17975
7985,477,2026-01-01,17975,0,0,0,0,17975
7986,477,2026-02-01,17975,0,0,0,0,17975
7987,477,2026-03-01,17975,0,0,0,0,17975
7988,477,2026-04-01,17975,0,0,0,0,17975
7989,477,2026-05-01,17975,0,0,0,0,17975
7990,477,2026-06-01,17975,0,0,2513,0,15462
7991,478,2024-05-01,0,8717,0,0,0,8717
7992,478,2024-06-01,8717,0,0,0,0,8717
7993,478,2024-07-01,8717,0,0,0,0,8717
7994,478,2024-08-01,8717,0,0,0,0,8717
7995,478,2024-09-01,8717,0,2253,0,0,10970
7996,478,2024-10-01,10970,0,0,0,0,10970
7997,478,2024-11-01,10970,0,0,0,0,10970
7998,478,2024-12-01,10970,0,0,0,0,10970
7999,478,2025-01-01,10970,0,0,0,0,10970
8000,478,2025-02-01,10970,0,0,0,0,10970
8001,478,2025-03-01,10970,0,0,0,0,10970
8002,478,2025-04-01,10970,0,0,0,0,10970
8003,478,2025-05-01,10970,0,0,0,0,10970
8004,478,2025-06-01,10970,0,0,0,0,10970
8005,478,2025-07-01,10970,0,0,0,0,10970
8006,478,2025-08-01,10970,0,0,0,0,10970
8007,478,2025-09-01,10970,0,0,0,0,10970
8008,478,2025-10-01,10970,0,0,0,0,10970
8009,478,2025-11-01,10970,0,2550,0,0,13520
8010,478,2025-12-01,13520,0,0,0,0,13520
8011,478,2026-01-01,13520,0,0,0,0,13520
8012,478,2026-02-01,13520,0,0,0,0,13520
8013,478,2026-03-01,13520,0,0,0,0,13520
8014,478,2026-04-01,13520,0,0,0,0,13520
8015,478,2026-05-01,13520,0,0,0,0,13520
8016,478,2026-06-01,13520,0,0,0,0,13520
8017,479,2024-06-01,0,21387,0,0,0,21387
8018,479,2024-07-01,21387,0,0,0,0,21387
8019,479,2024-08-01,21387,0,0,0,0,21387
8020,479,2024-09-01,21387,0,0,0,0,21387
8021,479,2024-10-01,21387,0,0,0,0,21387
8022,479,2024-11-01,21387,0,0,0,0,21387
8023,479,2024-12-01,21387,0,0,0,0,21387
8024,479,2025-01-01,21387,0,0,0,0,21387
8025,479,2025-02-01,21387,0,0,0,0,21387
8026,479,2025-03-01,21387,0,0,0,21387,0
8027,479,2025-04-01,0,0,0,0,0,0
8028,479,2025-05-01,0,0,0,0,0,0
8029,479,2025-06-01,0,0,0,0,0,0
8030,479,2025-07-01,0,0,0,0,0,0
8031,479,2025-08-01,0,0,0,0,0,0
8032,479,2025-09-01,0,0,0,0,0,0
8033,479,2025-10-01,0,0,0,0,0,0
8034,479,2025-11-01,0,0,0,0,0,0
8035,479,2025-12-01,0,0,0,0,0,0
8036,479,2026-01-01,0,0,0,0,0,0
8037,479,2026-02-01,0,0,0,0,0,0
8038,479,2026-03-01,0,0,0,0,0,0
8039,479,2026-04-01,0,0,0,0,0,0
8040,479,2026-05-01,0,0,0,0,0,0
8041,479,2026-06-01,0,0,0,0,0,0
8042,480,2024-09-01,0,21364,0,0,0,21364
8043,480,2024-10-01,21364,0,0,0,0,21364
8044,480,2024-11-01,21364,0,0,0,0,21364
8045,480,2024-12-01,21364,0,0,0,0,21364
8046,480,2025-01-01,21364,0,0,0,0,21364
8047,480,2025-02-01,21364,0,3831,0,0,25195
8048,480,2025-03-01,25195,0,0,0,0,25195
8049,480,2025-04-01,25195,0,0,0,0,25195
8050,480,2025-05-01,25195,0,0,0,0,25195
8051,480,2025-06-01,25195,0,0,0,25195,0
8052,480,2025-07-01,0,0,0,0,0,0
8053,480,2025-08-01,0,0,0,0,0,0
8054,480,2025-09-01,0,0,0,0,0,0
8055,480,2025-10-01,0,0,0,0,0,0
8056,480,2025-11-01,0,0,0,0,0,0
8057,480,2025-12-01,0,0,0,0,0,0
8058,480,2026-01-01,0,0,0,0,0,0
8059,480,2026-02-01,0,0,0,0,0,0
8060,480,2026-03-01,0,0,0,0,0,0
8061,480,2026-04-01,0,0,0,0,0,0
8062,480,2026-05-01,0,0,0,0,0,0
8063,480,2026-06-01,0,0,0,0,0,0
8064,481,2024-10-01,0,68250,0,0,0,68250
8065,481,2024-11-01,68250,0,0,0,0,68250
8066,481,2024-12-01,68250,0,0,0,0,68250
8067,481,2025-01-01,68250,0,0,0,0,68250
8068,481,2025-02-01,68250,0,0,0,0,68250
8069,481,2025-03-01,68250,0,0,0,0,68250
8070,481,2025-04-01,68250,0,0,0,0,68250
8071,481,2025-05-01,68250,0,14988,0,0,83238
8072,481,2025-06-01,83238,0,0,0,0,83238
8073,481,2025-07-01,83238,0,0,0,0,83238
8074,481,2025-08-01,83238,0,0,0,0,83238
8075,481,2025-09-01,83238,0,0,0,0,83238
8076,481,2025-10-01,83238,0,0,0,0,83238
8077,481,2025-11-01,83238,0,0,0,0,83238
8078,481,2025-12-01,83238,0,20246,0,0,103484
8079,481,2026-01-01,103484,0,0,0,0,103484
8080,481,2026-02-01,103484,0,0,0,0,103484
8081,481,2026-03-01,103484,0,0,0,0,103484
8082,481,2026-04-01,103484,0,0,0,0,103484
8083,481,2026-05-01,103484,0,0,0,0,103484
8084,481,2026-06-01,103484,0,0,0,0,103484
8085,482,2024-07-01,0,6150,0,0,0,6150
8086,482,2024-08-01,6150,0,0,0,0,6150
8087,482,2024-09-01,6150,0,0,0,0,6150
8088,482,2024-10-01,6150,0,1103,0,0,7253
8089,482,2024-11-01,7253,0,0,0,0,7253
8090,482,2024-12-01,7253,0,0,0,0,7253
8091,482,2025-01-01,7253,0,0,0,0,7253
8092,482,2025-02-01,7253,0,0,0,0,7253
8093,482,2025-03-01,7253,0,0,0,0,7253
8094,482,2025-04-01,7253,0,0,0,0,7253
8095,482,2025-05-01,7253,0,0,0,0,7253
8096,482,2025-06-01,7253,0,0,0,0,7253
8097,482,2025-07-01,7253,0,0,0,0,7253
8098,482,2025-08-01,7253,0,1377,0,0,8630
8099,482,2025-09-01,8630,0,1267,0,0,9897
8100,482,2025-10-01,9897,0,0,0,0,9897
8101,482,2025-11-01,9897,0,0,0,0,9897
8102,482,2025-12-01,9897,0,0,0,0,9897
8103,482,2026-01-01,9897,0,0,0,0,9897
8104,482,2026-02-01,9897,0,0,0,9897,0
8105,482,2026-03-01,0,0,0,0,0,0
8106,482,2026-04-01,0,0,0,0,0,0
8107,482,2026-05-01,0,0,0,0,0,0
8108,482,2026-06-01,0,0,0,0,0,0
8109,483,2024-04-01,0,3867,0,0,0,3867
8110,483,2024-05-01,3867,0,0,0,0,3867
8111,483,2024-06-01,3867,0,0,0,0,3867
8112,483,2024-07-01,3867,0,0,0,0,3867
8113,483,2024-08-01,3867,0,0,0,0,3867
8114,483,2024-09-01,3867,0,0,0,0,3867
8115,483,2024-10-01,3867,0,0,0,0,3867
8116,483,2024-11-01,3867,0,0,0,0,3867
8117,483,2024-12-01,3867,0,0,0,0,3867
8118,483,2025-01-01,3867,0,0,0,0,3867
8119,483,2025-02-01,3867,0,0,0,0,3867
8120,483,2025-03-01,3867,0,0,0,3867,0
8121,483,2025-04-01,0,0,0,0,0,0
8122,483,2025-05-01,0,0,0,0,0,0
8123,483,2025-06-01,0,0,0,0,0,0
8124,483,2025-07-01,0,0,0,0,0,0
8125,483,2025-08-01,0,0,0,0,0,0
8126,483,2025-09-01,0,0,0,0,0,0
8127,483,2025-10-01,0,0,0,0,0,0
8128,483,2025-11-01,0,0,0,0,0,0
8129,483,2025-12-01,0,0,0,0,0,0
8130,483,2026-01-01,0,0,0,0,0,0
8131,483,2026-02-01,0,0,0,0,0,0
8132,483,2026-03-01,0,0,0,0,0,0
8133,483,2026-04-01,0,0,0,0,0,0
8134,483,2026-05-01,0,0,0,0,0,0
8135,483,2026-06-01,0,0,0,0,0,0
8136,484,2025-09-01,0,6592,0,0,0,6592
8137,484,2025-10-01,6592,0,0,0,0,6592
8138,484,2025-11-01,6592,0,0,0,0,6592
8139,484,2025-12-01,6592,0,0,0,0,6592
8140,484,2026-01-01,6592,0,0,0,0,6592
8141,484,2026-02-01,6592,0,0,0,0,6592
8142,484,2026-03-01,6592,0,0,0,0,6592
8143,484,2026-04-01,6592,0,0,0,0,6592
8144,484,2026-05-01,6592,0,0,0,0,6592
8145,484,2026-06-01,6592,0,0,0,0,6592
8146,485,2025-06-01,0,5946,0,0,0,5946
8147,485,2025-07-01,5946,0,0,0,0,5946
8148,485,2025-08-01,5946,0,0,1308,0,4638
8149,485,2025-09-01,4638,0,0,0,0,4638
8150,485,2025-10-01,4638,0,0,0,4638,0
8151,485,2025-11-01,0,0,0,0,0,0
8152,485,2025-12-01,0,0,0,0,0,0
8153,485,2026-01-01,0,0,0,0,0,0
8154,485,2026-02-01,0,0,0,0,0,0
8155,485,2026-03-01,0,0,0,0,0,0
8156,485,2026-04-01,0,0,0,0,0,0
8157,485,2026-05-01,0,0,0,0,0,0
8158,485,2026-06-01,0,0,0,0,0,0
8159,486,2025-05-01,0,13505,0,0,0,13505
8160,486,2025-06-01,13505,0,0,0,0,13505
8161,486,2025-07-01,13505,0,0,0,0,13505
8162,486,2025-08-01,13505,0,0,0,0,13505
8163,486,2025-09-01,13505,0,0,0,0,13505
8164,486,2025-10-01,13505,0,0,0,0,13505
8165,486,2025-11-01,13505,0,0,0,0,13505
8166,486,2025-12-01,13505,0,0,0,0,13505
8167,486,2026-01-01,13505,0,0,0,0,13505
8168,486,2026-02-01,13505,0,0,0,0,13505
8169,486,2026-03-01,13505,0,0,0,0,13505
8170,486,2026-04-01,13505,0,0,0,0,13505
8171,486,2026-05-01,13505,0,0,0,13505,0
8172,486,2026-06-01,0,0,0,0,0,0
8173,487,2025-09-01,0,7442,0,0,0,7442
8174,487,2025-10-01,7442,0,0,0,0,7442
8175,487,2025-11-01,7442,0,0,0,0,7442
8176,487,2025-12-01,7442,0,0,0,0,7442
8177,487,2026-01-01,7442,0,0,0,0,7442
8178,487,2026-02-01,7442,0,0,0,0,7442
8179,487,2026-03-01,7442,0,0,0,0,7442
8180,487,2026-04-01,7442,0,0,0,0,7442
8181,487,2026-05-01,7442,0,0,0,0,7442
8182,487,2026-06-01,7442,0,1205,0,0,8647
8183,488,2024-08-01,0,6402,0,0,0,6402
8184,488,2024-09-01,6402,0,0,0,0,6402
8185,488,2024-10-01,6402,0,0,0,0,6402
8186,488,2024-11-01,6402,0,0,911,0,5491
8187,488,2024-12-01,5491,0,0,0,0,5491
8188,488,2025-01-01,5491,0,0,0,5491,0
8189,488,2025-02-01,0,0,0,0,0,0
8190,488,2025-03-01,0,0,0,0,0,0
8191,488,2025-04-01,0,0,0,0,0,0
8192,488,2025-05-01,0,0,0,0,0,0
8193,488,2025-06-01,0,0,0,0,0,0
8194,488,2025-07-01,0,0,0,0,0,0
8195,488,2025-08-01,0,0,0,0,0,0
8196,488,2025-09-01,0,0,0,0,0,0
8197,488,2025-10-01,0,0,0,0,0,0
8198,488,2025-11-01,0,0,0,0,0,0
8199,488,2025-12-01,0,0,0,0,0,0
8200,488,2026-01-01,0,0,0,0,0,0
8201,488,2026-02-01,0,0,0,0,0,0
8202,488,2026-03-01,0,0,0,0,0,0
8203,488,2026-04-01,0,0,0,0,0,0
8204,488,2026-05-01,0,0,0,0,0,0
8205,488,2026-06-01,0,0,0,0,0,0
8206,489,2024-05-01,0,19280,0,0,0,19280
8207,489,2024-06-01,19280,0,4582,0,0,23862
8208,489,2024-07-01,23862,0,0,0,0,23862
8209,489,2024-08-01,23862,0,4650,0,0,28512
8210,489,2024-09-01,28512,0,0,0,28512,0
8211,489,2024-10-01,0,0,0,0,0,0
8212,489,2024-11-01,0,0,0,0,0,0
8213,489,2024-12-01,0,0,0,0,0,0
8214,489,2025-01-01,0,0,0,0,0,0
8215,489,2025-02-01,0,0,0,0,0,0
8216,489,2025-03-01,0,0,0,0,0,0
8217,489,2025-04-01,0,0,0,0,0,0
8218,489,2025-05-01,0,0,0,0,0,0
8219,489,2025-06-01,0,0,0,0,0,0
8220,489,2025-07-01,0,0,0,0,0,0
8221,489,2025-08-01,0,0,0,0,0,0
8222,489,2025-09-01,0,0,0,0,0,0
8223,489,2025-10-01,0,0,0,0,0,0
8224,489,2025-11-01,0,0,0,0,0,0
8225,489,2025-12-01,0,0,0,0,0,0
8226,489,2026-01-01,0,0,0,0,0,0
8227,489,2026-02-01,0,0,0,0,0,0
8228,489,2026-03-01,0,0,0,0,0,0
8229,489,2026-04-01,0,0,0,0,0,0
8230,489,2026-05-01,0,0,0,0,0,0
8231,489,2026-06-01,0,0,0,0,0,0
8232,490,2024-04-01,0,4553,0,0,0,4553
8233,490,2024-05-01,4553,0,0,0,0,4553
8234,490,2024-06-01,4553,0,0,0,0,4553
8235,490,2024-07-01,4553,0,0,0,0,4553
8236,490,2024-08-01,4553,0,0,0,0,4553
8237,490,2024-09-01,4553,0,0,0,0,4553
8238,490,2024-10-01,4553,0,0,0,0,4553
8239,490,2024-11-01,4553,0,0,0,4553,0
8240,490,2024-12-01,0,0,0,0,0,0
8241,490,2025-01-01,0,0,0,0,0,0
8242,490,2025-02-01,0,0,0,0,0,0
8243,490,2025-03-01,0,0,0,0,0,0
8244,490,2025-04-01,0,0,0,0,0,0
8245,490,2025-05-01,0,0,0,0,0,0
8246,490,2025-06-01,0,0,0,0,0,0
8247,490,2025-07-01,0,0,0,0,0,0
8248,490,2025-08-01,0,0,0,0,0,0
8249,490,2025-09-01,0,0,0,0,0,0
8250,490,2025-10-01,0,0,0,0,0,0
8251,490,2025-11-01,0,0,0,0,0,0
8252,490,2025-12-01,0,0,0,0,0,0
8253,490,2026-01-01,0,0,0,0,0,0
8254,490,2026-02-01,0,0,0,0,0,0
8255,490,2026-03-01,0,0,0,0,0,0
8256,490,2026-04-01,0,0,0,0,0,0
8257,490,2026-05-01,0,0,0,0,0,0
8258,490,2026-06-01,0,0,0,0,0,0
8259,491,2024-12-01,0,5190,0,0,0,5190
8260,491,2025-01-01,5190,0,589,0,0,5779
8261,491,2025-02-01,5779,0,0,0,0,5779
8262,491,2025-03-01,5779,0,0,0,0,5779
8263,491,2025-04-01,5779,0,0,0,0,5779
8264,491,2025-05-01,5779,0,0,0,0,5779
8265,491,2025-06-01,5779,0,0,1105,0,4674
8266,491,2025-07-01,4674,0,860,0,0,5534
8267,491,2025-08-01,5534,0,0,0,0,5534
8268,491,2025-09-01,5534,0,0,0,0,5534
8269,491,2025-10-01,5534,0,0,0,0,5534
8270,491,2025-11-01,5534,0,0,0,0,5534
8271,491,2025-12-01,5534,0,1461,0,0,6995
8272,491,2026-01-01,6995,0,0,0,0,6995
8273,491,2026-02-01,6995,0,0,0,0,6995
8274,491,2026-03-01,6995,0,1944,0,0,8939
8275,491,2026-04-01,8939,0,0,0,0,8939
8276,491,2026-05-01,8939,0,0,0,0,8939
8277,491,2026-06-01,8939,0,0,0,0,8939
8278,492,2025-11-01,0,6816,0,0,0,6816
8279,492,2025-12-01,6816,0,0,0,0,6816
8280,492,2026-01-01,6816,0,0,0,0,6816
8281,492,2026-02-01,6816,0,0,0,0,6816
8282,492,2026-03-01,6816,0,0,0,0,6816
8283,492,2026-04-01,6816,0,0,0,0,6816
8284,492,2026-05-01,6816,0,0,1254,0,5562
8285,492,2026-06-01,5562,0,0,0,0,5562
8286,493,2026-01-01,0,15692,0,0,0,15692
8287,493,2026-02-01,15692,0,0,0,0,15692
8288,493,2026-03-01,15692,0,0,0,0,15692
8289,493,2026-04-01,15692,0,0,0,0,15692
8290,493,2026-05-01,15692,0,0,3494,0,12198
8291,493,2026-06-01,12198,0,0,0,0,12198
8292,494,2026-04-01,0,36767,0,0,0,36767
8293,494,2026-05-01,36767,0,0,0,0,36767
8294,494,2026-06-01,36767,0,0,0,0,36767
8295,495,2025-09-01,0,75292,0,0,0,75292
8296,495,2025-10-01,75292,0,0,0,0,75292
8297,495,2025-11-01,75292,0,0,0,0,75292
8298,495,2025-12-01,75292,0,0,0,0,75292
8299,495,2026-01-01,75292,0,0,0,0,75292
8300,495,2026-02-01,75292,0,0,0,0,75292
8301,495,2026-03-01,75292,0,0,0,0,75292
8302,495,2026-04-01,75292,0,0,0,0,75292
8303,495,2026-05-01,75292,0,0,0,0,75292
8304,495,2026-06-01,75292,0,0,0,0,75292
8305,496,2025-08-01,0,7198,0,0,0,7198
8306,496,2025-09-01,7198,0,0,0,0,7198
8307,496,2025-10-01,7198,0,0,0,0,7198
8308,496,2025-11-01,7198,0,0,0,0,7198
8309,496,2025-12-01,7198,0,0,0,0,7198
8310,496,2026-01-01,7198,0,0,0,0,7198
8311,496,2026-02-01,7198,0,0,0,0,7198
8312,496,2026-03-01,7198,0,0,0,0,7198
8313,496,2026-04-01,7198,0,0,0,0,7198
8314,496,2026-05-01,7198,0,0,0,0,7198
8315,496,2026-06-01,7198,0,1816,0,0,9014
8316,497,2025-02-01,0,50188,0,0,0,50188
8317,497,2025-03-01,50188,0,0,12385,0,37803
8318,497,2025-04-01,37803,0,0,0,0,37803
8319,497,2025-05-01,37803,0,0,0,0,37803
8320,497,2025-06-01,37803,0,0,0,0,37803
8321,497,2025-07-01,37803,0,0,0,0,37803
8322,497,2025-08-01,37803,0,0,0,0,37803
8323,497,2025-09-01,37803,0,0,0,0,37803
8324,497,2025-10-01,37803,0,0,7722,0,30081
8325,497,2025-11-01,30081,0,0,0,0,30081
8326,497,2025-12-01,30081,0,0,0,0,30081
8327,497,2026-01-01,30081,0,0,0,0,30081
8328,497,2026-02-01,30081,0,0,0,0,30081
8329,497,2026-03-01,30081,0,0,0,0,30081
8330,497,2026-04-01,30081,0,0,0,0,30081
8331,497,2026-05-01,30081,0,0,0,0,30081
8332,497,2026-06-01,30081,0,5824,0,0,35905
8333,498,2025-03-01,0,4657,0,0,0,4657
8334,498,2025-04-01,4657,0,832,0,0,5489
8335,498,2025-05-01,5489,0,0,1203,0,4286
8336,498,2025-06-01,4286,0,738,0,0,5024
8337,498,2025-07-01,5024,0,0,0,5024,0
8338,498,2025-08-01,0,0,0,0,0,0
8339,498,2025-09-01,0,0,0,0,0,0
8340,498,2025-10-01,0,0,0,0,0,0
8341,498,2025-11-01,0,0,0,0,0,0
8342,498,2025-12-01,0,0,0,0,0,0
8343,498,2026-01-01,0,0,0,0,0,0
8344,498,2026-02-01,0,0,0,0,0,0
8345,498,2026-03-01,0,0,0,0,0,0
8346,498,2026-04-01,0,0,0,0,0,0
8347,498,2026-05-01,0,0,0,0,0,0
8348,498,2026-06-01,0,0,0,0,0,0
8349,499,2024-02-01,0,5969,0,0,0,5969
8350,499,2024-03-01,5969,0,0,0,0,5969
8351,499,2024-04-01,5969,0,0,0,0,5969
8352,499,2024-05-01,5969,0,0,0,0,5969
8353,499,2024-06-01,5969,0,0,0,0,5969
8354,499,2024-07-01,5969,0,0,0,0,5969
8355,499,2024-08-01,5969,0,0,0,0,5969
8356,499,2024-09-01,5969,0,0,0,0,5969
8357,499,2024-10-01,5969,0,0,0,0,5969
8358,499,2024-11-01,5969,0,0,0,0,5969
8359,499,2024-12-01,5969,0,0,0,0,5969
8360,499,2025-01-01,5969,0,0,0,0,5969
8361,499,2025-02-01,5969,0,0,0,0,5969
8362,499,2025-03-01,5969,0,0,0,0,5969
8363,499,2025-04-01,5969,0,0,1117,0,4852
8364,499,2025-05-01,4852,0,0,0,0,4852
8365,499,2025-06-01,4852,0,0,0,4852,0
8366,499,2025-07-01,0,0,0,0,0,0
8367,499,2025-08-01,0,0,0,0,0,0
8368,499,2025-09-01,0,0,0,0,0,0
8369,499,2025-10-01,0,0,0,0,0,0
8370,499,2025-11-01,0,0,0,0,0,0
8371,499,2025-12-01,0,0,0,0,0,0
8372,499,2026-01-01,0,0,0,0,0,0
8373,499,2026-02-01,0,0,0,0,0,0
8374,499,2026-03-01,0,0,0,0,0,0
8375,499,2026-04-01,0,0,0,0,0,0
8376,499,2026-05-01,0,0,0,0,0,0
8377,499,2026-06-01,0,0,0,0,0,0
8378,500,2026-02-01,0,27135,0,0,0,27135
8379,500,2026-03-01,27135,0,0,0,0,27135
8380,500,2026-04-01,27135,0,0,0,0,27135
8381,500,2026-05-01,27135,0,6338,0,0,33473
8382,500,2026-06-01,33473,0,0,0,0,33473
8383,501,2024-05-01,0,7899,0,0,0,7899
8384,501,2024-06-01,7899,0,0,0,0,7899
8385,501,2024-07-01,7899,0,0,0,0,7899
8386,501,2024-08-01,7899,0,0,0,0,7899
8387,501,2024-09-01,7899,0,0,0,0,7899
8388,501,2024-10-01,7899,0,0,0,0,7899
8389,501,2024-11-01,7899,0,0,0,0,7899
8390,501,2024-12-01,7899,0,0,0,7899,0
8391,501,2025-01-01,0,0,0,0,0,0
8392,501,2025-02-01,0,0,0,0,0,0
8393,501,2025-03-01,0,0,0,0,0,0
8394,501,2025-04-01,0,0,0,0,0,0
8395,501,2025-05-01,0,0,0,0,0,0
8396,501,2025-06-01,0,0,0,0,0,0
8397,501,2025-07-01,0,0,0,0,0,0
8398,501,2025-08-01,0,0,0,0,0,0
8399,501,2025-09-01,0,0,0,0,0,0
8400,501,2025-10-01,0,0,0,0,0,0
8401,501,2025-11-01,0,0,0,0,0,0
8402,501,2025-12-01,0,0,0,0,0,0
8403,501,2026-01-01,0,0,0,0,0,0
8404,501,2026-02-01,0,0,0,0,0,0
8405,501,2026-03-01,0,0,0,0,0,0
8406,501,2026-04-01,0,0,0,0,0,0
8407,501,2026-05-01,0,0,0,0,0,0
8408,501,2026-06-01,0,0,0,0,0,0
8409,502,2025-07-01,0,19431,0,0,0,19431
8410,502,2025-08-01,19431,0,0,0,0,19431
8411,502,2025-09-01,19431,0,0,0,0,19431
8412,502,2025-10-01,19431,0,0,0,0,19431
8413,502,2025-11-01,19431,0,0,0,0,19431
8414,502,2025-12-01,19431,0,0,0,0,19431
8415,502,2026-01-01,19431,0,0,0,0,19431
8416,502,2026-02-01,19431,0,0,0,0,19431
8417,502,2026-03-01,19431,0,0,0,0,19431
8418,502,2026-04-01,19431,0,0,0,0,19431
8419,502,2026-05-01,19431,0,0,0,0,19431
8420,502,2026-06-01,19431,0,0,0,0,19431
8421,503,2024-05-01,0,39307,0,0,0,39307
8422,503,2024-06-01,39307,0,0,0,0,39307
8423,503,2024-07-01,39307,0,0,0,39307,0
8424,503,2024-08-01,0,0,0,0,0,0
8425,503,2024-09-01,0,0,0,0,0,0
8426,503,2024-10-01,0,0,0,0,0,0
8427,503,2024-11-01,0,0,0,0,0,0
8428,503,2024-12-01,0,0,0,0,0,0
8429,503,2025-01-01,0,0,0,0,0,0
8430,503,2025-02-01,0,0,0,0,0,0
8431,503,2025-03-01,0,0,0,0,0,0
8432,503,2025-04-01,0,0,0,0,0,0
8433,503,2025-05-01,0,0,0,0,0,0
8434,503,2025-06-01,0,0,0,0,0,0
8435,503,2025-07-01,0,0,0,0,0,0
8436,503,2025-08-01,0,0,0,0,0,0
8437,503,2025-09-01,0,0,0,0,0,0
8438,503,2025-10-01,0,0,0,0,0,0
8439,503,2025-11-01,0,0,0,0,0,0
8440,503,2025-12-01,0,0,0,0,0,0
8441,503,2026-01-01,0,0,0,0,0,0
8442,503,2026-02-01,0,0,0,0,0,0
8443,503,2026-03-01,0,0,0,0,0,0
8444,503,2026-04-01,0,0,0,0,0,0
8445,503,2026-05-01,0,0,0,0,0,0
8446,503,2026-06-01,0,0,0,0,0,0
8447,504,2025-08-01,0,5491,0,0,0,5491
8448,504,2025-09-01,5491,0,0,0,0,5491
8449,504,2025-10-01,5491,0,0,0,0,5491
8450,504,2025-11-01,5491,0,0,0,0,5491
8451,504,2025-12-01,5491,0,0,0,0,5491
8452,504,2026-01-01,5491,0,0,0,0,5491
8453,504,2026-02-01,5491,0,0,0,0,5491
8454,504,2026-03-01,5491,0,1126,0,0,6617
8455,504,2026-04-01,6617,0,0,0,0,6617
8456,504,2026-05-01,6617,0,0,0,0,6617
8457,504,2026-06-01,6617,0,0,0,0,6617
8458,505,2024-12-01,0,6101,0,0,0,6101
8459,505,2025-01-01,6101,0,0,0,0,6101
8460,505,2025-02-01,6101,0,0,0,0,6101
8461,505,2025-03-01,6101,0,0,0,0,6101
8462,505,2025-04-01,6101,0,0,0,0,6101
8463,505,2025-05-01,6101,0,0,0,0,6101
8464,505,2025-06-01,6101,0,0,0,0,6101
8465,505,2025-07-01,6101,0,0,1463,0,4638
8466,505,2025-08-01,4638,0,0,0,0,4638
8467,505,2025-09-01,4638,0,0,0,0,4638
8468,505,2025-10-01,4638,0,0,0,0,4638
8469,505,2025-11-01,4638,0,0,0,0,4638
8470,505,2025-12-01,4638,0,0,0,0,4638
8471,505,2026-01-01,4638,0,0,1146,0,3492
8472,505,2026-02-01,3492,0,0,0,0,3492
8473,505,2026-03-01,3492,0,0,0,0,3492
8474,505,2026-04-01,3492,0,0,0,0,3492
8475,505,2026-05-01,3492,0,0,0,0,3492
8476,505,2026-06-01,3492,0,0,0,0,3492
8477,506,2025-11-01,0,59167,0,0,0,59167
8478,506,2025-12-01,59167,0,0,0,0,59167
8479,506,2026-01-01,59167,0,0,0,0,59167
8480,506,2026-02-01,59167,0,0,0,0,59167
8481,506,2026-03-01,59167,0,0,0,0,59167
8482,506,2026-04-01,59167,0,0,0,0,59167
8483,506,2026-05-01,59167,0,0,11051,0,48116
8484,506,2026-06-01,48116,0,5682,0,0,53798
8485,507,2025-05-01,0,3952,0,0,0,3952
8486,507,2025-06-01,3952,0,0,0,0,3952
8487,507,2025-07-01,3952,0,0,0,0,3952
8488,507,2025-08-01,3952,0,0,0,3952,0
8489,507,2025-09-01,0,0,0,0,0,0
8490,507,2025-10-01,0,0,0,0,0,0
8491,507,2025-11-01,0,0,0,0,0,0
8492,507,2025-12-01,0,0,0,0,0,0
8493,507,2026-01-01,0,0,0,0,0,0
8494,507,2026-02-01,0,0,0,0,0,0
8495,507,2026-03-01,0,0,0,0,0,0
8496,507,2026-04-01,0,0,0,0,0,0
8497,507,2026-05-01,0,0,0,0,0,0
8498,507,2026-06-01,0,0,0,0,0,0
8499,508,2025-11-01,0,12545,0,0,0,12545
8500,508,2025-12-01,12545,0,0,0,0,12545
8501,508,2026-01-01,12545,0,0,0,0,12545
8502,508,2026-02-01,12545,0,2231,0,0,14776
8503,508,2026-03-01,14776,0,0,0,0,14776
8504,508,2026-04-01,14776,0,0,0,0,14776
8505,508,2026-05-01,14776,0,0,0,0,14776
8506,508,2026-06-01,14776,0,0,0,14776,0
8507,509,2025-09-01,0,44949,0,0,0,44949
8508,509,2025-10-01,44949,0,0,0,0,44949
8509,509,2025-11-01,44949,0,10511,0,0,55460
8510,509,2025-12-01,55460,0,0,0,0,55460
8511,509,2026-01-01,55460,0,0,0,0,55460
8512,509,2026-02-01,55460,0,0,0,0,55460
8513,509,2026-03-01,55460,0,0,0,0,55460
8514,509,2026-04-01,55460,0,0,0,0,55460
8515,509,2026-05-01,55460,0,0,0,0,55460
8516,509,2026-06-01,55460,0,0,0,0,55460
8517,510,2024-09-01,0,4199,0,0,0,4199
8518,510,2024-10-01,4199,0,0,0,0,4199
8519,510,2024-11-01,4199,0,0,0,0,4199
8520,510,2024-12-01,4199,0,0,0,0,4199
8521,510,2025-01-01,4199,0,0,0,0,4199
8522,510,2025-02-01,4199,0,950,0,0,5149
8523,510,2025-03-01,5149,0,0,0,0,5149
8524,510,2025-04-01,5149,0,0,0,0,5149
8525,510,2025-05-01,5149,0,0,0,0,5149
8526,510,2025-06-01,5149,0,0,0,0,5149
8527,510,2025-07-01,5149,0,0,0,0,5149
8528,510,2025-08-01,5149,0,0,0,0,5149
8529,510,2025-09-01,5149,0,0,0,0,5149
8530,510,2025-10-01,5149,0,0,0,0,5149
8531,510,2025-11-01,5149,0,0,0,0,5149
8532,510,2025-12-01,5149,0,0,0,0,5149
8533,510,2026-01-01,5149,0,0,0,0,5149
8534,510,2026-02-01,5149,0,0,0,0,5149
8535,510,2026-03-01,5149,0,0,0,0,5149
8536,510,2026-04-01,5149,0,0,0,0,5149
8537,510,2026-05-01,5149,0,1423,0,0,6572
8538,510,2026-06-01,6572,0,0,0,0,6572
8539,511,2025-05-01,0,7378,0,0,0,7378
8540,511,2025-06-01,7378,0,0,1019,0,6359
8541,511,2025-07-01,6359,0,0,0,0,6359
8542,511,2025-08-01,6359,0,0,0,0,6359
8543,511,2025-09-01,6359,0,1564,0,0,7923
8544,511,2025-10-01,7923,0,0,0,0,7923
8545,511,2025-11-01,7923,0,0,0,0,7923
8546,511,2025-12-01,7923,0,1479,0,0,9402
8547,511,2026-01-01,9402,0,0,0,0,9402
8548,511,2026-02-01,9402,0,1990,0,0,11392
8549,511,2026-03-01,11392,0,0,0,0,11392
8550,511,2026-04-01,11392,0,0,0,0,11392
8551,511,2026-05-01,11392,0,0,0,0,11392
8552,511,2026-06-01,11392,0,0,0,0,11392
8553,512,2024-07-01,0,5646,0,0,0,5646
8554,512,2024-08-01,5646,0,0,0,0,5646
8555,512,2024-09-01,5646,0,945,0,0,6591
8556,512,2024-10-01,6591,0,0,0,0,6591
8557,512,2024-11-01,6591,0,0,0,0,6591
8558,512,2024-12-01,6591,0,0,0,0,6591
8559,512,2025-01-01,6591,0,1148,0,0,7739
8560,512,2025-02-01,7739,0,0,0,0,7739
8561,512,2025-03-01,7739,0,0,0,0,7739
8562,512,2025-04-01,7739,0,0,0,0,7739
8563,512,2025-05-01,7739,0,0,0,0,7739
8564,512,2025-06-01,7739,0,0,0,0,7739
8565,512,2025-07-01,7739,0,0,0,0,7739
8566,512,2025-08-01,7739,0,0,806,0,6933
8567,512,2025-09-01,6933,0,0,0,0,6933
8568,512,2025-10-01,6933,0,0,0,0,6933
8569,512,2025-11-01,6933,0,0,0,0,6933
8570,512,2025-12-01,6933,0,0,0,0,6933
8571,512,2026-01-01,6933,0,0,1194,0,5739
8572,512,2026-02-01,5739,0,0,0,0,5739
8573,512,2026-03-01,5739,0,0,0,0,5739
8574,512,2026-04-01,5739,0,0,0,5739,0
8575,512,2026-05-01,0,0,0,0,0,0
8576,512,2026-06-01,0,0,0,0,0,0
8577,513,2024-05-01,0,8702,0,0,0,8702
8578,513,2024-06-01,8702,0,0,0,0,8702
8579,513,2024-07-01,8702,0,0,0,0,8702
8580,513,2024-08-01,8702,0,0,0,0,8702
8581,513,2024-09-01,8702,0,0,0,0,8702
8582,513,2024-10-01,8702,0,1999,0,0,10701
8583,513,2024-11-01,10701,0,0,0,0,10701
8584,513,2024-12-01,10701,0,0,0,0,10701
8585,513,2025-01-01,10701,0,0,0,0,10701
8586,513,2025-02-01,10701,0,2288,0,0,12989
8587,513,2025-03-01,12989,0,0,0,0,12989
8588,513,2025-04-01,12989,0,0,0,0,12989
8589,513,2025-05-01,12989,0,0,0,0,12989
8590,513,2025-06-01,12989,0,0,0,0,12989
8591,513,2025-07-01,12989,0,0,0,0,12989
8592,513,2025-08-01,12989,0,0,0,0,12989
8593,513,2025-09-01,12989,0,0,1533,0,11456
8594,513,2025-10-01,11456,0,0,0,0,11456
8595,513,2025-11-01,11456,0,0,0,0,11456
8596,513,2025-12-01,11456,0,0,0,0,11456
8597,513,2026-01-01,11456,0,0,0,0,11456
8598,513,2026-02-01,11456,0,0,0,0,11456
8599,513,2026-03-01,11456,0,2904,0,0,14360
8600,513,2026-04-01,14360,0,3768,0,0,18128
8601,513,2026-05-01,18128,0,0,0,0,18128
8602,513,2026-06-01,18128,0,0,0,0,18128
8603,514,2024-11-01,0,4098,0,0,0,4098
8604,514,2024-12-01,4098,0,0,0,4098,0
8605,514,2025-01-01,0,0,0,0,0,0
8606,514,2025-02-01,0,0,0,0,0,0
8607,514,2025-03-01,0,0,0,0,0,0
8608,514,2025-04-01,0,0,0,0,0,0
8609,514,2025-05-01,0,0,0,0,0,0
8610,514,2025-06-01,0,0,0,0,0,0
8611,514,2025-07-01,0,0,0,0,0,0
8612,514,2025-08-01,0,0,0,0,0,0
8613,514,2025-09-01,0,0,0,0,0,0
8614,514,2025-10-01,0,0,0,0,0,0
8615,514,2025-11-01,0,0,0,0,0,0
8616,514,2025-12-01,0,0,0,0,0,0
8617,514,2026-01-01,0,0,0,0,0,0
8618,514,2026-02-01,0,0,0,0,0,0
8619,514,2026-03-01,0,0,0,0,0,0
8620,514,2026-04-01,0,0,0,0,0,0
8621,514,2026-05-01,0,0,0,0,0,0
8622,514,2026-06-01,0,0,0,0,0,0
8623,515,2024-08-01,0,6666,0,0,0,6666
8624,515,2024-09-01,6666,0,0,0,0,6666
8625,515,2024-10-01,6666,0,0,0,0,6666
8626,515,2024-11-01,6666,0,0,0,0,6666
8627,515,2024-12-01,6666,0,0,0,0,6666
8628,515,2025-01-01,6666,0,0,0,0,6666
8629,515,2025-02-01,6666,0,0,0,0,6666
8630,515,2025-03-01,6666,0,0,0,0,6666
8631,515,2025-04-01,6666,0,0,0,0,6666
8632,515,2025-05-01,6666,0,0,0,0,6666
8633,515,2025-06-01,6666,0,0,0,0,6666
8634,515,2025-07-01,6666,0,0,0,0,6666
8635,515,2025-08-01,6666,0,0,1157,0,5509
8636,515,2025-09-01,5509,0,0,0,0,5509
8637,515,2025-10-01,5509,0,0,0,0,5509
8638,515,2025-11-01,5509,0,0,0,5509,0
8639,515,2025-12-01,0,0,0,0,0,0
8640,515,2026-01-01,0,0,0,0,0,0
8641,515,2026-02-01,0,0,0,0,0,0
8642,515,2026-03-01,0,0,0,0,0,0
8643,515,2026-04-01,0,0,0,0,0,0
8644,515,2026-05-01,0,0,0,0,0,0
8645,515,2026-06-01,0,0,0,0,0,0
8646,516,2024-04-01,0,60316,0,0,0,60316
8647,516,2024-05-01,60316,0,0,0,0,60316
8648,516,2024-06-01,60316,0,0,0,0,60316
8649,516,2024-07-01,60316,0,0,0,0,60316
8650,516,2024-08-01,60316,0,0,0,0,60316
8651,516,2024-09-01,60316,0,0,0,0,60316
8652,516,2024-10-01,60316,0,0,0,0,60316
8653,516,2024-11-01,60316,0,0,0,0,60316
8654,516,2024-12-01,60316,0,0,0,0,60316
8655,516,2025-01-01,60316,0,0,0,0,60316
8656,516,2025-02-01,60316,0,0,0,0,60316
8657,516,2025-03-01,60316,0,14798,0,0,75114
8658,516,2025-04-01,75114,0,0,0,0,75114
8659,516,2025-05-01,75114,0,0,0,0,75114
8660,516,2025-06-01,75114,0,0,0,0,75114
8661,516,2025-07-01,75114,0,0,0,0,75114
8662,516,2025-08-01,75114,0,0,0,0,75114
8663,516,2025-09-01,75114,0,0,0,0,75114
8664,516,2025-10-01,75114,0,0,0,0,75114
8665,516,2025-11-01,75114,0,0,18063,0,57051
8666,516,2025-12-01,57051,0,0,0,0,57051
8667,516,2026-01-01,57051,0,0,0,0,57051
8668,516,2026-02-01,57051,0,0,0,0,57051
8669,516,2026-03-01,57051,0,14323,0,0,71374
8670,516,2026-04-01,71374,0,0,0,0,71374
8671,516,2026-05-01,71374,0,0,0,0,71374
8672,516,2026-06-01,71374,0,0,0,0,71374
8673,517,2025-03-01,0,3132,0,0,0,3132
8674,517,2025-04-01,3132,0,0,0,0,3132
8675,517,2025-05-01,3132,0,0,0,0,3132
8676,517,2025-06-01,3132,0,0,0,0,3132
8677,517,2025-07-01,3132,0,0,0,0,3132
8678,517,2025-08-01,3132,0,0,0,0,3132
8679,517,2025-09-01,3132,0,0,0,0,3132
8680,517,2025-10-01,3132,0,0,0,3132,0
8681,517,2025-11-01,0,0,0,0,0,0
8682,517,2025-12-01,0,0,0,0,0,0
8683,517,2026-01-01,0,0,0,0,0,0
8684,517,2026-02-01,0,0,0,0,0,0
8685,517,2026-03-01,0,0,0,0,0,0
8686,517,2026-04-01,0,0,0,0,0,0
8687,517,2026-05-01,0,0,0,0,0,0
8688,517,2026-06-01,0,0,0,0,0,0
8689,518,2024-11-01,0,9180,0,0,0,9180
8690,518,2024-12-01,9180,0,0,0,0,9180
8691,518,2025-01-01,9180,0,0,0,0,9180
8692,518,2025-02-01,9180,0,1393,0,0,10573
8693,518,2025-03-01,10573,0,0,0,10573,0
8694,518,2025-04-01,0,0,0,0,0,0
8695,518,2025-05-01,0,0,0,0,0,0
8696,518,2025-06-01,0,0,0,0,0,0
8697,518,2025-07-01,0,0,0,0,0,0
8698,518,2025-08-01,0,0,0,0,0,0
8699,518,2025-09-01,0,0,0,0,0,0
8700,518,2025-10-01,0,0,0,0,0,0
8701,518,2025-11-01,0,0,0,0,0,0
8702,518,2025-12-01,0,0,0,0,0,0
8703,518,2026-01-01,0,0,0,0,0,0
8704,518,2026-02-01,0,0,0,0,0,0
8705,518,2026-03-01,0,0,0,0,0,0
8706,518,2026-04-01,0,0,0,0,0,0
8707,518,2026-05-01,0,0,0,0,0,0
8708,518,2026-06-01,0,0,0,0,0,0
8709,519,2024-11-01,0,8146,0,0,0,8146
8710,519,2024-12-01,8146,0,0,0,0,8146
8711,519,2025-01-01,8146,0,1236,0,0,9382
8712,519,2025-02-01,9382,0,0,0,0,9382
8713,519,2025-03-01,9382,0,0,0,0,9382
8714,519,2025-04-01,9382,0,0,0,0,9382
8715,519,2025-05-01,9382,0,0,0,0,9382
8716,519,2025-06-01,9382,0,0,0,0,9382
8717,519,2025-07-01,9382,0,0,0,0,9382
8718,519,2025-08-01,9382,0,0,0,0,9382
8719,519,2025-09-01,9382,0,2073,0,0,11455
8720,519,2025-10-01,11455,0,0,0,0,11455
8721,519,2025-11-01,11455,0,0,0,0,11455
8722,519,2025-12-01,11455,0,0,0,0,11455
8723,519,2026-01-01,11455,0,0,0,0,11455
8724,519,2026-02-01,11455,0,0,0,0,11455
8725,519,2026-03-01,11455,0,0,0,0,11455
8726,519,2026-04-01,11455,0,0,0,11455,0
8727,519,2026-05-01,0,0,0,0,0,0
8728,519,2026-06-01,0,0,0,0,0,0
8729,520,2024-06-01,0,6861,0,0,0,6861
8730,520,2024-07-01,6861,0,0,0,0,6861
8731,520,2024-08-01,6861,0,0,0,0,6861
8732,520,2024-09-01,6861,0,1908,0,0,8769
8733,520,2024-10-01,8769,0,0,0,0,8769
8734,520,2024-11-01,8769,0,0,0,0,8769
8735,520,2024-12-01,8769,0,0,0,0,8769
8736,520,2025-01-01,8769,0,0,0,0,8769
8737,520,2025-02-01,8769,0,0,0,0,8769
8738,520,2025-03-01,8769,0,0,1896,0,6873
8739,520,2025-04-01,6873,0,0,0,0,6873
8740,520,2025-05-01,6873,0,0,0,0,6873
8741,520,2025-06-01,6873,0,0,0,0,6873
8742,520,2025-07-01,6873,0,0,0,0,6873
8743,520,2025-08-01,6873,0,0,0,0,6873
8744,520,2025-09-01,6873,0,0,0,0,6873
8745,520,2025-10-01,6873,0,0,0,0,6873
8746,520,2025-11-01,6873,0,0,0,0,6873
8747,520,2025-12-01,6873,0,0,0,6873,0
8748,520,2026-01-01,0,0,0,0,0,0
8749,520,2026-02-01,0,0,0,0,0,0
8750,520,2026-03-01,0,0,0,0,0,0
8751,520,2026-04-01,0,0,0,0,0,0
8752,520,2026-05-01,0,0,0,0,0,0
8753,520,2026-06-01,0,0,0,0,0,0
8754,521,2024-04-01,0,51436,0,0,0,51436
8755,521,2024-05-01,51436,0,0,0,0,51436
8756,521,2024-06-01,51436,0,0,12628,0,38808
8757,521,2024-07-01,38808,0,0,0,38808,0
8758,521,2024-08-01,0,0,0,0,0,0
8759,521,2024-09-01,0,0,0,0,0,0
8760,521,2024-10-01,0,0,0,0,0,0
8761,521,2024-11-01,0,0,0,0,0,0
8762,521,2024-12-01,0,0,0,0,0,0
8763,521,2025-01-01,0,0,0,0,0,0
8764,521,2025-02-01,0,0,0,0,0,0
8765,521,2025-03-01,0,0,0,0,0,0
8766,521,2025-04-01,0,0,0,0,0,0
8767,521,2025-05-01,0,0,0,0,0,0
8768,521,2025-06-01,0,0,0,0,0,0
8769,521,2025-07-01,0,0,0,0,0,0
8770,521,2025-08-01,0,0,0,0,0,0
8771,521,2025-09-01,0,0,0,0,0,0
8772,521,2025-10-01,0,0,0,0,0,0
8773,521,2025-11-01,0,0,0,0,0,0
8774,521,2025-12-01,0,0,0,0,0,0
8775,521,2026-01-01,0,0,0,0,0,0
8776,521,2026-02-01,0,0,0,0,0,0
8777,521,2026-03-01,0,0,0,0,0,0
8778,521,2026-04-01,0,0,0,0,0,0
8779,521,2026-05-01,0,0,0,0,0,0
8780,521,2026-06-01,0,0,0,0,0,0
8781,522,2024-11-01,0,7413,0,0,0,7413
8782,522,2024-12-01,7413,0,0,0,0,7413
8783,522,2025-01-01,7413,0,0,0,0,7413
8784,522,2025-02-01,7413,0,0,0,0,7413
8785,522,2025-03-01,7413,0,1024,0,0,8437
8786,522,2025-04-01,8437,0,0,0,0,8437
8787,522,2025-05-01,8437,0,0,0,0,8437
8788,522,2025-06-01,8437,0,0,0,0,8437
8789,522,2025-07-01,8437,0,0,0,0,8437
8790,522,2025-08-01,8437,0,0,0,0,8437
8791,522,2025-09-01,8437,0,0,0,0,8437
8792,522,2025-10-01,8437,0,0,0,0,8437
8793,522,2025-11-01,8437,0,0,0,0,8437
8794,522,2025-12-01,8437,0,0,0,0,8437
8795,522,2026-01-01,8437,0,2252,0,0,10689
8796,522,2026-02-01,10689,0,0,0,0,10689
8797,522,2026-03-01,10689,0,0,0,0,10689
8798,522,2026-04-01,10689,0,0,0,0,10689
8799,522,2026-05-01,10689,0,0,0,0,10689
8800,522,2026-06-01,10689,0,0,0,0,10689
8801,523,2026-01-01,0,18679,0,0,0,18679
8802,523,2026-02-01,18679,0,0,0,0,18679
8803,523,2026-03-01,18679,0,0,0,0,18679
8804,523,2026-04-01,18679,0,0,0,0,18679
8805,523,2026-05-01,18679,0,0,0,0,18679
8806,523,2026-06-01,18679,0,0,0,0,18679
8807,524,2024-10-01,0,20329,0,0,0,20329
8808,524,2024-11-01,20329,0,0,0,0,20329
8809,524,2024-12-01,20329,0,0,0,0,20329
8810,524,2025-01-01,20329,0,0,0,0,20329
8811,524,2025-02-01,20329,0,0,0,0,20329
8812,524,2025-03-01,20329,0,0,0,0,20329
8813,524,2025-04-01,20329,0,0,0,0,20329
8814,524,2025-05-01,20329,0,0,0,0,20329
8815,524,2025-06-01,20329,0,0,0,0,20329
8816,524,2025-07-01,20329,0,0,0,0,20329
8817,524,2025-08-01,20329,0,0,0,0,20329
8818,524,2025-09-01,20329,0,0,0,0,20329
8819,524,2025-10-01,20329,0,0,0,0,20329
8820,524,2025-11-01,20329,0,0,0,0,20329
8821,524,2025-12-01,20329,0,0,0,0,20329
8822,524,2026-01-01,20329,0,0,0,0,20329
8823,524,2026-02-01,20329,0,0,0,0,20329
8824,524,2026-03-01,20329,0,4977,0,0,25306
8825,524,2026-04-01,25306,0,0,0,0,25306
8826,524,2026-05-01,25306,0,0,0,0,25306
8827,524,2026-06-01,25306,0,7412,0,0,32718
8828,525,2024-10-01,0,13921,0,0,0,13921
8829,525,2024-11-01,13921,0,0,0,0,13921
8830,525,2024-12-01,13921,0,0,0,0,13921
8831,525,2025-01-01,13921,0,0,0,0,13921
8832,525,2025-02-01,13921,0,0,0,0,13921
8833,525,2025-03-01,13921,0,0,0,0,13921
8834,525,2025-04-01,13921,0,0,0,0,13921
8835,525,2025-05-01,13921,0,0,0,0,13921
8836,525,2025-06-01,13921,0,0,0,0,13921
8837,525,2025-07-01,13921,0,0,0,0,13921
8838,525,2025-08-01,13921,0,0,0,0,13921
8839,525,2025-09-01,13921,0,0,0,0,13921
8840,525,2025-10-01,13921,0,0,0,0,13921
8841,525,2025-11-01,13921,0,0,0,0,13921
8842,525,2025-12-01,13921,0,0,0,0,13921
8843,525,2026-01-01,13921,0,0,3304,0,10617
8844,525,2026-02-01,10617,0,0,0,0,10617
8845,525,2026-03-01,10617,0,0,0,0,10617
8846,525,2026-04-01,10617,0,0,2037,0,8580
8847,525,2026-05-01,8580,0,0,0,0,8580
8848,525,2026-06-01,8580,0,0,0,0,8580
8849,526,2025-11-01,0,22131,0,0,0,22131
8850,526,2025-12-01,22131,0,0,0,0,22131
8851,526,2026-01-01,22131,0,2387,0,0,24518
8852,526,2026-02-01,24518,0,0,0,0,24518
8853,526,2026-03-01,24518,0,0,0,0,24518
8854,526,2026-04-01,24518,0,0,0,0,24518
8855,526,2026-05-01,24518,0,0,0,0,24518
8856,526,2026-06-01,24518,0,0,0,0,24518
8857,527,2025-11-01,0,21099,0,0,0,21099
8858,527,2025-12-01,21099,0,0,0,21099,0
8859,527,2026-01-01,0,0,0,0,0,0
8860,527,2026-02-01,0,0,0,0,0,0
8861,527,2026-03-01,0,0,0,0,0,0
8862,527,2026-04-01,0,0,0,0,0,0
8863,527,2026-05-01,0,0,0,0,0,0
8864,527,2026-06-01,0,0,0,0,0,0
8865,528,2024-12-01,0,9563,0,0,0,9563
8866,528,2025-01-01,9563,0,0,0,0,9563
8867,528,2025-02-01,9563,0,0,0,0,9563
8868,528,2025-03-01,9563,0,0,0,0,9563
8869,528,2025-04-01,9563,0,1070,0,0,10633
8870,528,2025-05-01,10633,0,0,0,0,10633
8871,528,2025-06-01,10633,0,0,0,0,10633
8872,528,2025-07-01,10633,0,0,0,0,10633
8873,528,2025-08-01,10633,0,0,0,0,10633
8874,528,2025-09-01,10633,0,0,0,0,10633
8875,528,2025-10-01,10633,0,0,0,0,10633
8876,528,2025-11-01,10633,0,3000,0,0,13633
8877,528,2025-12-01,13633,0,0,0,0,13633
8878,528,2026-01-01,13633,0,0,0,0,13633
8879,528,2026-02-01,13633,0,0,0,0,13633
8880,528,2026-03-01,13633,0,0,0,0,13633
8881,528,2026-04-01,13633,0,0,0,0,13633
8882,528,2026-05-01,13633,0,0,0,0,13633
8883,528,2026-06-01,13633,0,0,0,0,13633
8884,529,2024-07-01,0,6904,0,0,0,6904
8885,529,2024-08-01,6904,0,0,0,0,6904
8886,529,2024-09-01,6904,0,0,0,0,6904
8887,529,2024-10-01,6904,0,0,0,0,6904
8888,529,2024-11-01,6904,0,0,0,0,6904
8889,529,2024-12-01,6904,0,0,0,0,6904
8890,529,2025-01-01,6904,0,0,0,0,6904
8891,529,2025-02-01,6904,0,0,0,0,6904
8892,529,2025-03-01,6904,0,0,0,0,6904
8893,529,2025-04-01,6904,0,0,0,0,6904
8894,529,2025-05-01,6904,0,0,0,0,6904
8895,529,2025-06-01,6904,0,0,0,0,6904
8896,529,2025-07-01,6904,0,0,0,0,6904
8897,529,2025-08-01,6904,0,0,734,0,6170
8898,529,2025-09-01,6170,0,0,0,0,6170
8899,529,2025-10-01,6170,0,0,0,0,6170
8900,529,2025-11-01,6170,0,0,0,6170,0
8901,529,2025-12-01,0,0,0,0,0,0
8902,529,2026-01-01,0,0,0,0,0,0
8903,529,2026-02-01,0,0,0,0,0,0
8904,529,2026-03-01,0,0,0,0,0,0
8905,529,2026-04-01,0,0,0,0,0,0
8906,529,2026-05-01,0,0,0,0,0,0
8907,529,2026-06-01,0,0,0,0,0,0
8908,530,2024-11-01,0,4393,0,0,0,4393
8909,530,2024-12-01,4393,0,0,0,0,4393
8910,530,2025-01-01,4393,0,0,0,0,4393
8911,530,2025-02-01,4393,0,0,0,0,4393
8912,530,2025-03-01,4393,0,1202,0,0,5595
8913,530,2025-04-01,5595,0,0,0,0,5595
8914,530,2025-05-01,5595,0,0,0,0,5595
8915,530,2025-06-01,5595,0,873,0,0,6468
8916,530,2025-07-01,6468,0,0,0,0,6468
8917,530,2025-08-01,6468,0,0,0,0,6468
8918,530,2025-09-01,6468,0,0,0,0,6468
8919,530,2025-10-01,6468,0,0,0,0,6468
8920,530,2025-11-01,6468,0,0,0,0,6468
8921,530,2025-12-01,6468,0,0,1565,0,4903
8922,530,2026-01-01,4903,0,0,0,0,4903
8923,530,2026-02-01,4903,0,0,0,0,4903
8924,530,2026-03-01,4903,0,0,0,0,4903
8925,530,2026-04-01,4903,0,0,0,0,4903
8926,530,2026-05-01,4903,0,1328,0,0,6231
8927,530,2026-06-01,6231,0,0,0,0,6231
8928,531,2024-05-01,0,23210,0,0,0,23210
8929,531,2024-06-01,23210,0,0,0,0,23210
8930,531,2024-07-01,23210,0,0,0,0,23210
8931,531,2024-08-01,23210,0,0,0,0,23210
8932,531,2024-09-01,23210,0,0,0,0,23210
8933,531,2024-10-01,23210,0,0,0,0,23210
8934,531,2024-11-01,23210,0,0,5229,0,17981
8935,531,2024-12-01,17981,0,0,0,0,17981
8936,531,2025-01-01,17981,0,0,0,0,17981
8937,531,2025-02-01,17981,0,0,0,0,17981
8938,531,2025-03-01,17981,0,0,0,0,17981
8939,531,2025-04-01,17981,0,0,0,0,17981
8940,531,2025-05-01,17981,0,2602,0,0,20583
8941,531,2025-06-01,20583,0,2378,0,0,22961
8942,531,2025-07-01,22961,0,0,0,0,22961
8943,531,2025-08-01,22961,0,0,0,0,22961
8944,531,2025-09-01,22961,0,0,0,0,22961
8945,531,2025-10-01,22961,0,0,0,0,22961
8946,531,2025-11-01,22961,0,0,0,0,22961
8947,531,2025-12-01,22961,0,0,0,0,22961
8948,531,2026-01-01,22961,0,0,0,0,22961
8949,531,2026-02-01,22961,0,0,0,0,22961
8950,531,2026-03-01,22961,0,6381,0,0,29342
8951,531,2026-04-01,29342,0,0,0,0,29342
8952,531,2026-05-01,29342,0,0,0,0,29342
8953,531,2026-06-01,29342,0,0,0,0,29342
8954,532,2026-01-01,0,4983,0,0,0,4983
8955,532,2026-02-01,4983,0,0,0,0,4983
8956,532,2026-03-01,4983,0,0,0,0,4983
8957,532,2026-04-01,4983,0,815,0,0,5798
8958,532,2026-05-01,5798,0,0,0,0,5798
8959,532,2026-06-01,5798,0,0,0,0,5798
8960,533,2025-07-01,0,3782,0,0,0,3782
8961,533,2025-08-01,3782,0,0,442,0,3340
8962,533,2025-09-01,3340,0,0,0,0,3340
8963,533,2025-10-01,3340,0,0,0,0,3340
8964,533,2025-11-01,3340,0,0,615,0,2725
8965,533,2025-12-01,2725,0,0,0,0,2725
8966,533,2026-01-01,2725,0,0,0,0,2725
8967,533,2026-02-01,2725,0,0,0,0,2725
8968,533,2026-03-01,2725,0,0,0,0,2725
8969,533,2026-04-01,2725,0,350,0,0,3075
8970,533,2026-05-01,3075,0,0,311,0,2764
8971,533,2026-06-01,2764,0,0,0,0,2764
8972,534,2026-06-01,0,60895,0,0,0,60895
8973,535,2024-09-01,0,15948,0,0,0,15948
8974,535,2024-10-01,15948,0,0,0,0,15948
8975,535,2024-11-01,15948,0,0,0,0,15948
8976,535,2024-12-01,15948,0,0,3178,0,12770
8977,535,2025-01-01,12770,0,0,0,0,12770
8978,535,2025-02-01,12770,0,0,0,0,12770
8979,535,2025-03-01,12770,0,0,0,0,12770
8980,535,2025-04-01,12770,0,0,0,0,12770
8981,535,2025-05-01,12770,0,0,0,0,12770
8982,535,2025-06-01,12770,0,0,0,0,12770
8983,535,2025-07-01,12770,0,0,0,0,12770
8984,535,2025-08-01,12770,0,0,0,0,12770
8985,535,2025-09-01,12770,0,0,0,0,12770
8986,535,2025-10-01,12770,0,0,0,0,12770
8987,535,2025-11-01,12770,0,0,0,0,12770
8988,535,2025-12-01,12770,0,0,2828,0,9942
8989,535,2026-01-01,9942,0,0,2322,0,7620
8990,535,2026-02-01,7620,0,0,0,0,7620
8991,535,2026-03-01,7620,0,0,0,0,7620
8992,535,2026-04-01,7620,0,0,0,7620,0
8993,535,2026-05-01,0,0,0,0,0,0
8994,535,2026-06-01,0,0,0,0,0,0
8995,536,2024-09-01,0,8515,0,0,0,8515
8996,536,2024-10-01,8515,0,0,0,0,8515
8997,536,2024-11-01,8515,0,0,0,0,8515
8998,536,2024-12-01,8515,0,0,0,0,8515
8999,536,2025-01-01,8515,0,0,0,0,8515
9000,536,2025-02-01,8515,0,0,0,0,8515
9001,536,2025-03-01,8515,0,0,0,0,8515
9002,536,2025-04-01,8515,0,0,0,0,8515
9003,536,2025-05-01,8515,0,0,0,0,8515
9004,536,2025-06-01,8515,0,2463,0,0,10978
9005,536,2025-07-01,10978,0,0,0,0,10978
9006,536,2025-08-01,10978,0,0,0,0,10978
9007,536,2025-09-01,10978,0,0,0,0,10978
9008,536,2025-10-01,10978,0,0,0,0,10978
9009,536,2025-11-01,10978,0,0,0,0,10978
9010,536,2025-12-01,10978,0,0,0,0,10978
9011,536,2026-01-01,10978,0,0,0,0,10978
9012,536,2026-02-01,10978,0,0,0,0,10978
9013,536,2026-03-01,10978,0,0,0,0,10978
9014,536,2026-04-01,10978,0,2954,0,0,13932
9015,536,2026-05-01,13932,0,0,0,13932,0
9016,536,2026-06-01,0,0,0,0,0,0
9017,537,2024-11-01,0,20944,0,0,0,20944
9018,537,2024-12-01,20944,0,0,0,0,20944
9019,537,2025-01-01,20944,0,0,0,0,20944
9020,537,2025-02-01,20944,0,0,0,0,20944
9021,537,2025-03-01,20944,0,0,0,0,20944
9022,537,2025-04-01,20944,0,0,0,0,20944
9023,537,2025-05-01,20944,0,0,0,0,20944
9024,537,2025-06-01,20944,0,0,0,0,20944
9025,537,2025-07-01,20944,0,0,0,0,20944
9026,537,2025-08-01,20944,0,0,0,0,20944
9027,537,2025-09-01,20944,0,0,0,0,20944
9028,537,2025-10-01,20944,0,0,0,0,20944
9029,537,2025-11-01,20944,0,0,0,0,20944
9030,537,2025-12-01,20944,0,0,0,0,20944
9031,537,2026-01-01,20944,0,0,0,0,20944
9032,537,2026-02-01,20944,0,0,0,0,20944
9033,537,2026-03-01,20944,0,0,0,0,20944
9034,537,2026-04-01,20944,0,0,0,0,20944
9035,537,2026-05-01,20944,0,4730,0,0,25674
9036,537,2026-06-01,25674,0,6388,0,0,32062
9037,538,2025-04-01,0,7796,0,0,0,7796
9038,538,2025-05-01,7796,0,0,0,0,7796
9039,538,2025-06-01,7796,0,0,0,0,7796
9040,538,2025-07-01,7796,0,0,0,0,7796
9041,538,2025-08-01,7796,0,0,0,0,7796
9042,538,2025-09-01,7796,0,0,0,0,7796
9043,538,2025-10-01,7796,0,1260,0,0,9056
9044,538,2025-11-01,9056,0,0,0,0,9056
9045,538,2025-12-01,9056,0,0,0,0,9056
9046,538,2026-01-01,9056,0,0,0,0,9056
9047,538,2026-02-01,9056,0,0,0,0,9056
9048,538,2026-03-01,9056,0,0,0,0,9056
9049,538,2026-04-01,9056,0,1422,0,0,10478
9050,538,2026-05-01,10478,0,0,0,0,10478
9051,538,2026-06-01,10478,0,0,0,0,10478
9052,539,2025-08-01,0,20561,0,0,0,20561
9053,539,2025-09-01,20561,0,0,0,0,20561
9054,539,2025-10-01,20561,0,0,0,0,20561
9055,539,2025-11-01,20561,0,0,0,0,20561
9056,539,2025-12-01,20561,0,0,0,0,20561
9057,539,2026-01-01,20561,0,0,0,0,20561
9058,539,2026-02-01,20561,0,0,0,0,20561
9059,539,2026-03-01,20561,0,0,0,20561,0
9060,539,2026-04-01,0,0,0,0,0,0
9061,539,2026-05-01,0,0,0,0,0,0
9062,539,2026-06-01,0,0,0,0,0,0
9063,540,2025-09-01,0,12557,0,0,0,12557
9064,540,2025-10-01,12557,0,0,0,0,12557
9065,540,2025-11-01,12557,0,0,0,0,12557
9066,540,2025-12-01,12557,0,0,0,0,12557
9067,540,2026-01-01,12557,0,0,0,0,12557
9068,540,2026-02-01,12557,0,0,0,0,12557
9069,540,2026-03-01,12557,0,0,0,0,12557
9070,540,2026-04-01,12557,0,0,0,0,12557
9071,540,2026-05-01,12557,0,0,0,0,12557
9072,540,2026-06-01,12557,0,0,0,0,12557
9073,541,2024-11-01,0,21915,0,0,0,21915
9074,541,2024-12-01,21915,0,0,0,0,21915
9075,541,2025-01-01,21915,0,0,0,0,21915
9076,541,2025-02-01,21915,0,0,0,0,21915
9077,541,2025-03-01,21915,0,0,0,0,21915
9078,541,2025-04-01,21915,0,0,0,0,21915
9079,541,2025-05-01,21915,0,0,0,0,21915
9080,541,2025-06-01,21915,0,0,0,0,21915
9081,541,2025-07-01,21915,0,2458,0,0,24373
9082,541,2025-08-01,24373,0,0,0,0,24373
9083,541,2025-09-01,24373,0,0,0,0,24373
9084,541,2025-10-01,24373,0,0,0,0,24373
9085,541,2025-11-01,24373,0,0,0,0,24373
9086,541,2025-12-01,24373,0,0,0,0,24373
9087,541,2026-01-01,24373,0,0,0,0,24373
9088,541,2026-02-01,24373,0,0,0,0,24373
9089,541,2026-03-01,24373,0,0,0,0,24373
9090,541,2026-04-01,24373,0,5991,0,0,30364
9091,541,2026-05-01,30364,0,0,0,0,30364
9092,541,2026-06-01,30364,0,0,0,0,30364
9093,542,2024-11-01,0,15306,0,0,0,15306
9094,542,2024-12-01,15306,0,0,0,0,15306
9095,542,2025-01-01,15306,0,0,0,0,15306
9096,542,2025-02-01,15306,0,0,0,0,15306
9097,542,2025-03-01,15306,0,0,0,0,15306
9098,542,2025-04-01,15306,0,0,0,0,15306
9099,542,2025-05-01,15306,0,0,0,0,15306
9100,542,2025-06-01,15306,0,0,0,0,15306
9101,542,2025-07-01,15306,0,0,0,0,15306
9102,542,2025-08-01,15306,0,0,0,0,15306
9103,542,2025-09-01,15306,0,0,0,0,15306
9104,542,2025-10-01,15306,0,0,0,0,15306
9105,542,2025-11-01,15306,0,0,0,0,15306
9106,542,2025-12-01,15306,0,0,0,0,15306
9107,542,2026-01-01,15306,0,2467,0,0,17773
9108,542,2026-02-01,17773,0,0,0,0,17773
9109,542,2026-03-01,17773,0,0,2766,0,15007
9110,542,2026-04-01,15007,0,0,0,0,15007
9111,542,2026-05-01,15007,0,0,0,0,15007
9112,542,2026-06-01,15007,0,0,0,0,15007
9113,543,2025-11-01,0,54388,0,0,0,54388
9114,543,2025-12-01,54388,0,0,0,0,54388
9115,543,2026-01-01,54388,0,0,0,0,54388
9116,543,2026-02-01,54388,0,0,0,0,54388
9117,543,2026-03-01,54388,0,0,0,0,54388
9118,543,2026-04-01,54388,0,0,0,0,54388
9119,543,2026-05-01,54388,0,0,0,0,54388
9120,543,2026-06-01,54388,0,0,0,0,54388
9121,544,2025-02-01,0,6466,0,0,0,6466
9122,544,2025-03-01,6466,0,0,0,0,6466
9123,544,2025-04-01,6466,0,0,0,0,6466
9124,544,2025-05-01,6466,0,0,0,6466,0
9125,544,2025-06-01,0,0,0,0,0,0
9126,544,2025-07-01,0,0,0,0,0,0
9127,544,2025-08-01,0,0,0,0,0,0
9128,544,2025-09-01,0,0,0,0,0,0
9129,544,2025-10-01,0,0,0,0,0,0
9130,544,2025-11-01,0,0,0,0,0,0
9131,544,2025-12-01,0,0,0,0,0,0
9132,544,2026-01-01,0,0,0,0,0,0
9133,544,2026-02-01,0,0,0,0,0,0
9134,544,2026-03-01,0,0,0,0,0,0
9135,544,2026-04-01,0,0,0,0,0,0
9136,544,2026-05-01,0,0,0,0,0,0
9137,544,2026-06-01,0,0,0,0,0,0
9138,545,2024-02-01,0,3689,0,0,0,3689
9139,545,2024-03-01,3689,0,0,0,0,3689
9140,545,2024-04-01,3689,0,0,0,0,3689
9141,545,2024-05-01,3689,0,0,0,0,3689
9142,545,2024-06-01,3689,0,0,0,0,3689
9143,545,2024-07-01,3689,0,0,0,0,3689
9144,545,2024-08-01,3689,0,0,0,0,3689
9145,545,2024-09-01,3689,0,0,0,0,3689
9146,545,2024-10-01,3689,0,0,0,0,3689
9147,545,2024-11-01,3689,0,0,0,0,3689
9148,545,2024-12-01,3689,0,0,0,0,3689
9149,545,2025-01-01,3689,0,0,0,0,3689
9150,545,2025-02-01,3689,0,0,0,0,3689
9151,545,2025-03-01,3689,0,0,0,0,3689
9152,545,2025-04-01,3689,0,0,0,0,3689
9153,545,2025-05-01,3689,0,0,0,0,3689
9154,545,2025-06-01,3689,0,0,0,0,3689
9155,545,2025-07-01,3689,0,0,675,0,3014
9156,545,2025-08-01,3014,0,0,0,0,3014
9157,545,2025-09-01,3014,0,0,0,0,3014
9158,545,2025-10-01,3014,0,0,0,0,3014
9159,545,2025-11-01,3014,0,0,0,0,3014
9160,545,2025-12-01,3014,0,0,0,0,3014
9161,545,2026-01-01,3014,0,0,0,0,3014
9162,545,2026-02-01,3014,0,0,0,0,3014
9163,545,2026-03-01,3014,0,0,0,0,3014
9164,545,2026-04-01,3014,0,0,0,0,3014
9165,545,2026-05-01,3014,0,700,0,0,3714
9166,545,2026-06-01,3714,0,0,0,0,3714
9167,546,2025-07-01,0,8884,0,0,0,8884
9168,546,2025-08-01,8884,0,0,0,0,8884
9169,546,2025-09-01,8884,0,0,0,0,8884
9170,546,2025-10-01,8884,0,0,0,0,8884
9171,546,2025-11-01,8884,0,0,0,0,8884
9172,546,2025-12-01,8884,0,0,1681,0,7203
9173,546,2026-01-01,7203,0,0,0,0,7203
9174,546,2026-02-01,7203,0,0,0,0,7203
9175,546,2026-03-01,7203,0,0,0,0,7203
9176,546,2026-04-01,7203,0,0,0,0,7203
9177,546,2026-05-01,7203,0,0,0,0,7203
9178,546,2026-06-01,7203,0,0,0,0,7203
9179,547,2024-08-01,0,23480,0,0,0,23480
9180,547,2024-09-01,23480,0,0,0,0,23480
9181,547,2024-10-01,23480,0,3887,0,0,27367
9182,547,2024-11-01,27367,0,0,0,0,27367
9183,547,2024-12-01,27367,0,0,0,0,27367
9184,547,2025-01-01,27367,0,0,0,0,27367
9185,547,2025-02-01,27367,0,0,0,0,27367
9186,547,2025-03-01,27367,0,0,0,0,27367
9187,547,2025-04-01,27367,0,7106,0,0,34473
9188,547,2025-05-01,34473,0,0,0,0,34473
9189,547,2025-06-01,34473,0,0,7723,0,26750
9190,547,2025-07-01,26750,0,0,0,0,26750
9191,547,2025-08-01,26750,0,0,0,0,26750
9192,547,2025-09-01,26750,0,0,0,0,26750
9193,547,2025-10-01,26750,0,0,0,0,26750
9194,547,2025-11-01,26750,0,0,0,0,26750
9195,547,2025-12-01,26750,0,0,0,0,26750
9196,547,2026-01-01,26750,0,0,0,0,26750
9197,547,2026-02-01,26750,0,0,0,0,26750
9198,547,2026-03-01,26750,0,0,0,0,26750
9199,547,2026-04-01,26750,0,0,0,0,26750
9200,547,2026-05-01,26750,0,0,0,0,26750
9201,547,2026-06-01,26750,0,0,0,0,26750
9202,548,2024-05-01,0,74337,0,0,0,74337
9203,548,2024-06-01,74337,0,0,0,0,74337
9204,548,2024-07-01,74337,0,0,0,0,74337
9205,548,2024-08-01,74337,0,0,0,0,74337
9206,548,2024-09-01,74337,0,0,0,0,74337
9207,548,2024-10-01,74337,0,0,0,0,74337
9208,548,2024-11-01,74337,0,0,0,74337,0
9209,548,2024-12-01,0,0,0,0,0,0
9210,548,2025-01-01,0,0,0,0,0,0
9211,548,2025-02-01,0,0,0,0,0,0
9212,548,2025-03-01,0,0,0,0,0,0
9213,548,2025-04-01,0,0,0,0,0,0
9214,548,2025-05-01,0,0,0,0,0,0
9215,548,2025-06-01,0,0,0,0,0,0
9216,548,2025-07-01,0,0,0,0,0,0
9217,548,2025-08-01,0,0,0,0,0,0
9218,548,2025-09-01,0,0,0,0,0,0
9219,548,2025-10-01,0,0,0,0,0,0
9220,548,2025-11-01,0,0,0,0,0,0
9221,548,2025-12-01,0,0,0,0,0,0
9222,548,2026-01-01,0,0,0,0,0,0
9223,548,2026-02-01,0,0,0,0,0,0
9224,548,2026-03-01,0,0,0,0,0,0
9225,548,2026-04-01,0,0,0,0,0,0
9226,548,2026-05-01,0,0,0,0,0,0
9227,548,2026-06-01,0,0,0,0,0,0
9228,549,2025-10-01,0,8699,0,0,0,8699
9229,549,2025-11-01,8699,0,0,0,0,8699
9230,549,2025-12-01,8699,0,0,0,0,8699
9231,549,2026-01-01,8699,0,2061,0,0,10760
9232,549,2026-02-01,10760,0,0,2684,0,8076
9233,549,2026-03-01,8076,0,0,0,0,8076
9234,549,2026-04-01,8076,0,0,0,0,8076
9235,549,2026-05-01,8076,0,940,0,0,9016
9236,549,2026-06-01,9016,0,0,0,0,9016
9237,550,2024-02-01,0,76114,0,0,0,76114
9238,550,2024-03-01,76114,0,0,0,0,76114
9239,550,2024-04-01,76114,0,0,15120,0,60994
9240,550,2024-05-01,60994,0,0,0,0,60994
9241,550,2024-06-01,60994,0,0,9937,0,51057
9242,550,2024-07-01,51057,0,0,0,0,51057
9243,550,2024-08-01,51057,0,0,0,0,51057
9244,550,2024-09-01,51057,0,0,0,0,51057
9245,550,2024-10-01,51057,0,8201,0,0,59258
9246,550,2024-11-01,59258,0,0,0,0,59258
9247,550,2024-12-01,59258,0,0,0,0,59258
9248,550,2025-01-01,59258,0,0,0,0,59258
9249,550,2025-02-01,59258,0,0,0,0,59258
9250,550,2025-03-01,59258,0,0,0,0,59258
9251,550,2025-04-01,59258,0,0,0,0,59258
9252,550,2025-05-01,59258,0,0,0,0,59258
9253,550,2025-06-01,59258,0,0,0,0,59258
9254,550,2025-07-01,59258,0,0,0,0,59258
9255,550,2025-08-01,59258,0,0,0,0,59258
9256,550,2025-09-01,59258,0,0,0,0,59258
9257,550,2025-10-01,59258,0,0,0,0,59258
9258,550,2025-11-01,59258,0,0,0,0,59258
9259,550,2025-12-01,59258,0,0,0,59258,0
9260,550,2026-01-01,0,0,0,0,0,0
9261,550,2026-02-01,0,0,0,0,0,0
9262,550,2026-03-01,0,0,0,0,0,0
9263,550,2026-04-01,0,0,0,0,0,0
9264,550,2026-05-01,0,0,0,0,0,0
9265,550,2026-06-01,0,0,0,0,0,0
9266,551,2025-02-01,0,3543,0,0,0,3543
9267,551,2025-03-01,3543,0,0,0,0,3543
9268,551,2025-04-01,3543,0,517,0,0,4060
9269,551,2025-05-01,4060,0,0,0,0,4060
9270,551,2025-06-01,4060,0,915,0,0,4975
9271,551,2025-07-01,4975,0,591,0,0,5566
9272,551,2025-08-01,5566,0,0,0,5566,0
9273,551,2025-09-01,0,0,0,0,0,0
9274,551,2025-10-01,0,0,0,0,0,0
9275,551,2025-11-01,0,0,0,0,0,0
9276,551,2025-12-01,0,0,0,0,0,0
9277,551,2026-01-01,0,0,0,0,0,0
9278,551,2026-02-01,0,0,0,0,0,0
9279,551,2026-03-01,0,0,0,0,0,0
9280,551,2026-04-01,0,0,0,0,0,0
9281,551,2026-05-01,0,0,0,0,0,0
9282,551,2026-06-01,0,0,0,0,0,0
9283,552,2025-09-01,0,5039,0,0,0,5039
9284,552,2025-10-01,5039,0,0,0,0,5039
9285,552,2025-11-01,5039,0,0,0,0,5039
9286,552,2025-12-01,5039,0,0,0,0,5039
9287,552,2026-01-01,5039,0,783,0,0,5822
9288,552,2026-02-01,5822,0,0,0,0,5822
9289,552,2026-03-01,5822,0,0,0,0,5822
9290,552,2026-04-01,5822,0,0,0,5822,0
9291,552,2026-05-01,0,0,0,0,0,0
9292,552,2026-06-01,0,0,0,0,0,0
9293,553,2024-08-01,0,7822,0,0,0,7822
9294,553,2024-09-01,7822,0,0,0,0,7822
9295,553,2024-10-01,7822,0,0,0,0,7822
9296,553,2024-11-01,7822,0,0,0,0,7822
9297,553,2024-12-01,7822,0,0,0,0,7822
9298,553,2025-01-01,7822,0,0,0,0,7822
9299,553,2025-02-01,7822,0,0,0,0,7822
9300,553,2025-03-01,7822,0,0,0,7822,0
9301,553,2025-04-01,0,0,0,0,0,0
9302,553,2025-05-01,0,0,0,0,0,0
9303,553,2025-06-01,0,0,0,0,0,0
9304,553,2025-07-01,0,0,0,0,0,0
9305,553,2025-08-01,0,0,0,0,0,0
9306,553,2025-09-01,0,0,0,0,0,0
9307,553,2025-10-01,0,0,0,0,0,0
9308,553,2025-11-01,0,0,0,0,0,0
9309,553,2025-12-01,0,0,0,0,0,0
9310,553,2026-01-01,0,0,0,0,0,0
9311,553,2026-02-01,0,0,0,0,0,0
9312,553,2026-03-01,0,0,0,0,0,0
9313,553,2026-04-01,0,0,0,0,0,0
9314,553,2026-05-01,0,0,0,0,0,0
9315,553,2026-06-01,0,0,0,0,0,0
9316,554,2024-04-01,0,7489,0,0,0,7489
9317,554,2024-05-01,7489,0,0,0,7489,0
9318,554,2024-06-01,0,0,0,0,0,0
9319,554,2024-07-01,0,0,0,0,0,0
9320,554,2024-08-01,0,0,0,0,0,0
9321,554,2024-09-01,0,0,0,0,0,0
9322,554,2024-10-01,0,0,0,0,0,0
9323,554,2024-11-01,0,0,0,0,0,0
9324,554,2024-12-01,0,0,0,0,0,0
9325,554,2025-01-01,0,0,0,0,0,0
9326,554,2025-02-01,0,0,0,0,0,0
9327,554,2025-03-01,0,0,0,0,0,0
9328,554,2025-04-01,0,0,0,0,0,0
9329,554,2025-05-01,0,0,0,0,0,0
9330,554,2025-06-01,0,0,0,0,0,0
9331,554,2025-07-01,0,0,0,0,0,0
9332,554,2025-08-01,0,0,0,0,0,0
9333,554,2025-09-01,0,0,0,0,0,0
9334,554,2025-10-01,0,0,0,0,0,0
9335,554,2025-11-01,0,0,0,0,0,0
9336,554,2025-12-01,0,0,0,0,0,0
9337,554,2026-01-01,0,0,0,0,0,0
9338,554,2026-02-01,0,0,0,0,0,0
9339,554,2026-03-01,0,0,0,0,0,0
9340,554,2026-04-01,0,0,0,0,0,0
9341,554,2026-05-01,0,0,0,0,0,0
9342,554,2026-06-01,0,0,0,0,0,0
9343,555,2025-12-01,0,5291,0,0,0,5291
9344,555,2026-01-01,5291,0,0,0,0,5291
9345,555,2026-02-01,5291,0,0,0,0,5291
9346,555,2026-03-01,5291,0,0,0,0,5291
9347,555,2026-04-01,5291,0,0,0,5291,0
9348,555,2026-05-01,0,0,0,0,0,0
9349,555,2026-06-01,0,0,0,0,0,0
9350,556,2025-08-01,0,22474,0,0,0,22474
9351,556,2025-09-01,22474,0,0,0,0,22474
9352,556,2025-10-01,22474,0,0,0,0,22474
9353,556,2025-11-01,22474,0,0,3389,0,19085
9354,556,2025-12-01,19085,0,0,0,0,19085
9355,556,2026-01-01,19085,0,0,0,0,19085
9356,556,2026-02-01,19085,0,0,0,0,19085
9357,556,2026-03-01,19085,0,0,0,0,19085
9358,556,2026-04-01,19085,0,0,4649,0,14436
9359,556,2026-05-01,14436,0,0,0,0,14436
9360,556,2026-06-01,14436,0,0,0,0,14436
9361,557,2026-01-01,0,5757,0,0,0,5757
9362,557,2026-02-01,5757,0,0,0,0,5757
9363,557,2026-03-01,5757,0,0,0,0,5757
9364,557,2026-04-01,5757,0,0,959,0,4798
9365,557,2026-05-01,4798,0,0,0,0,4798
9366,557,2026-06-01,4798,0,0,0,0,4798
9367,558,2025-04-01,0,19184,0,0,0,19184
9368,558,2025-05-01,19184,0,0,0,0,19184
9369,558,2025-06-01,19184,0,0,0,0,19184
9370,558,2025-07-01,19184,0,5594,0,0,24778
9371,558,2025-08-01,24778,0,0,0,0,24778
9372,558,2025-09-01,24778,0,0,0,0,24778
9373,558,2025-10-01,24778,0,0,0,0,24778
9374,558,2025-11-01,24778,0,0,0,0,24778
9375,558,2025-12-01,24778,0,0,6023,0,18755
9376,558,2026-01-01,18755,0,0,3865,0,14890
9377,558,2026-02-01,14890,0,0,0,14890,0
9378,558,2026-03-01,0,0,0,0,0,0
9379,558,2026-04-01,0,0,0,0,0,0
9380,558,2026-05-01,0,0,0,0,0,0
9381,558,2026-06-01,0,0,0,0,0,0
9382,559,2025-08-01,0,5851,0,0,0,5851
9383,559,2025-09-01,5851,0,0,0,0,5851
9384,559,2025-10-01,5851,0,0,0,0,5851
9385,559,2025-11-01,5851,0,0,0,0,5851
9386,559,2025-12-01,5851,0,0,0,0,5851
9387,559,2026-01-01,5851,0,0,1411,0,4440
9388,559,2026-02-01,4440,0,0,0,0,4440
9389,559,2026-03-01,4440,0,0,741,0,3699
9390,559,2026-04-01,3699,0,767,0,0,4466
9391,559,2026-05-01,4466,0,0,0,0,4466
9392,559,2026-06-01,4466,0,0,0,0,4466
9393,560,2026-01-01,0,20535,0,0,0,20535
9394,560,2026-02-01,20535,0,0,0,0,20535
9395,560,2026-03-01,20535,0,0,4762,0,15773
9396,560,2026-04-01,15773,0,2319,0,0,18092
9397,560,2026-05-01,18092,0,0,0,0,18092
9398,560,2026-06-01,18092,0,0,0,0,18092
9399,561,2024-07-01,0,4160,0,0,0,4160
9400,561,2024-08-01,4160,0,841,0,0,5001
9401,561,2024-09-01,5001,0,0,0,0,5001
9402,561,2024-10-01,5001,0,0,0,0,5001
9403,561,2024-11-01,5001,0,0,0,0,5001
9404,561,2024-12-01,5001,0,590,0,0,5591
9405,561,2025-01-01,5591,0,0,0,0,5591
9406,561,2025-02-01,5591,0,0,0,0,5591
9407,561,2025-03-01,5591,0,0,0,0,5591
9408,561,2025-04-01,5591,0,0,0,0,5591
9409,561,2025-05-01,5591,0,637,0,0,6228
9410,561,2025-06-01,6228,0,0,0,0,6228
9411,561,2025-07-01,6228,0,0,0,0,6228
9412,561,2025-08-01,6228,0,0,0,0,6228
9413,561,2025-09-01,6228,0,657,0,0,6885
9414,561,2025-10-01,6885,0,0,0,0,6885
9415,561,2025-11-01,6885,0,0,0,0,6885
9416,561,2025-12-01,6885,0,0,0,0,6885
9417,561,2026-01-01,6885,0,0,0,0,6885
9418,561,2026-02-01,6885,0,0,0,0,6885
9419,561,2026-03-01,6885,0,1147,0,0,8032
9420,561,2026-04-01,8032,0,0,0,0,8032
9421,561,2026-05-01,8032,0,0,0,0,8032
9422,561,2026-06-01,8032,0,0,0,0,8032
9423,562,2025-07-01,0,4803,0,0,0,4803
9424,562,2025-08-01,4803,0,0,0,0,4803
9425,562,2025-09-01,4803,0,0,0,4803,0
9426,562,2025-10-01,0,0,0,0,0,0
9427,562,2025-11-01,0,0,0,0,0,0
9428,562,2025-12-01,0,0,0,0,0,0
9429,562,2026-01-01,0,0,0,0,0,0
9430,562,2026-02-01,0,0,0,0,0,0
9431,562,2026-03-01,0,0,0,0,0,0
9432,562,2026-04-01,0,0,0,0,0,0
9433,562,2026-05-01,0,0,0,0,0,0
9434,562,2026-06-01,0,0,0,0,0,0
9435,563,2024-04-01,0,8527,0,0,0,8527
9436,563,2024-05-01,8527,0,1497,0,0,10024
9437,563,2024-06-01,10024,0,0,0,10024,0
9438,563,2024-07-01,0,0,0,0,0,0
9439,563,2024-08-01,0,0,0,0,0,0
9440,563,2024-09-01,0,0,0,0,0,0
9441,563,2024-10-01,0,0,0,0,0,0
9442,563,2024-11-01,0,0,0,0,0,0
9443,563,2024-12-01,0,0,0,0,0,0
9444,563,2025-01-01,0,0,0,0,0,0
9445,563,2025-02-01,0,0,0,0,0,0
9446,563,2025-03-01,0,0,0,0,0,0
9447,563,2025-04-01,0,0,0,0,0,0
9448,563,2025-05-01,0,0,0,0,0,0
9449,563,2025-06-01,0,0,0,0,0,0
9450,563,2025-07-01,0,0,0,0,0,0
9451,563,2025-08-01,0,0,0,0,0,0
9452,563,2025-09-01,0,0,0,0,0,0
9453,563,2025-10-01,0,0,0,0,0,0
9454,563,2025-11-01,0,0,0,0,0,0
9455,563,2025-12-01,0,0,0,0,0,0
9456,563,2026-01-01,0,0,0,0,0,0
9457,563,2026-02-01,0,0,0,0,0,0
9458,563,2026-03-01,0,0,0,0,0,0
9459,563,2026-04-01,0,0,0,0,0,0
9460,563,2026-05-01,0,0,0,0,0,0
9461,563,2026-06-01,0,0,0,0,0,0
9462,564,2025-03-01,0,31855,0,0,0,31855
9463,564,2025-04-01,31855,0,0,0,0,31855
9464,564,2025-05-01,31855,0,0,0,0,31855
9465,564,2025-06-01,31855,0,0,0,0,31855
9466,564,2025-07-01,31855,0,6211,0,0,38066
9467,564,2025-08-01,38066,0,0,0,0,38066
9468,564,2025-09-01,38066,0,0,0,0,38066
9469,564,2025-10-01,38066,0,0,0,38066,0
9470,564,2025-11-01,0,0,0,0,0,0
9471,564,2025-12-01,0,0,0,0,0,0
9472,564,2026-01-01,0,0,0,0,0,0
9473,564,2026-02-01,0,0,0,0,0,0
9474,564,2026-03-01,0,0,0,0,0,0
9475,564,2026-04-01,0,0,0,0,0,0
9476,564,2026-05-01,0,0,0,0,0,0
9477,564,2026-06-01,0,0,0,0,0,0
9478,565,2025-11-01,0,45467,0,0,0,45467
9479,565,2025-12-01,45467,0,0,0,0,45467
9480,565,2026-01-01,45467,0,0,0,0,45467
9481,565,2026-02-01,45467,0,0,0,0,45467
9482,565,2026-03-01,45467,0,0,0,45467,0
9483,565,2026-04-01,0,0,0,0,0,0
9484,565,2026-05-01,0,0,0,0,0,0
9485,565,2026-06-01,0,0,0,0,0,0
9486,566,2025-05-01,0,8327,0,0,0,8327
9487,566,2025-06-01,8327,0,0,0,0,8327
9488,566,2025-07-01,8327,0,0,0,0,8327
9489,566,2025-08-01,8327,0,933,0,0,9260
9490,566,2025-09-01,9260,0,0,0,0,9260
9491,566,2025-10-01,9260,0,0,0,0,9260
9492,566,2025-11-01,9260,0,0,0,0,9260
9493,566,2025-12-01,9260,0,0,0,0,9260
9494,566,2026-01-01,9260,0,0,0,0,9260
9495,566,2026-02-01,9260,0,0,0,0,9260
9496,566,2026-03-01,9260,0,0,0,0,9260
9497,566,2026-04-01,9260,0,0,0,0,9260
9498,566,2026-05-01,9260,0,0,0,0,9260
9499,566,2026-06-01,9260,0,0,0,0,9260
9500,567,2025-02-01,0,4858,0,0,0,4858
9501,567,2025-03-01,4858,0,0,0,4858,0
9502,567,2025-04-01,0,0,0,0,0,0
9503,567,2025-05-01,0,0,0,0,0,0
9504,567,2025-06-01,0,0,0,0,0,0
9505,567,2025-07-01,0,0,0,0,0,0
9506,567,2025-08-01,0,0,0,0,0,0
9507,567,2025-09-01,0,0,0,0,0,0
9508,567,2025-10-01,0,0,0,0,0,0
9509,567,2025-11-01,0,0,0,0,0,0
9510,567,2025-12-01,0,0,0,0,0,0
9511,567,2026-01-01,0,0,0,0,0,0
9512,567,2026-02-01,0,0,0,0,0,0
9513,567,2026-03-01,0,0,0,0,0,0
9514,567,2026-04-01,0,0,0,0,0,0
9515,567,2026-05-01,0,0,0,0,0,0
9516,567,2026-06-01,0,0,0,0,0,0
9517,568,2024-04-01,0,61733,0,0,0,61733
9518,568,2024-05-01,61733,0,0,0,0,61733
9519,568,2024-06-01,61733,0,0,0,0,61733
9520,568,2024-07-01,61733,0,0,0,0,61733
9521,568,2024-08-01,61733,0,0,0,0,61733
9522,568,2024-09-01,61733,0,0,0,0,61733
9523,568,2024-10-01,61733,0,0,0,0,61733
9524,568,2024-11-01,61733,0,0,0,0,61733
9525,568,2024-12-01,61733,0,0,0,0,61733
9526,568,2025-01-01,61733,0,0,8958,0,52775
9527,568,2025-02-01,52775,0,14887,0,0,67662
9528,568,2025-03-01,67662,0,0,0,0,67662
9529,568,2025-04-01,67662,0,0,0,0,67662
9530,568,2025-05-01,67662,0,0,0,0,67662
9531,568,2025-06-01,67662,0,7936,0,0,75598
9532,568,2025-07-01,75598,0,0,0,0,75598
9533,568,2025-08-01,75598,0,0,0,0,75598
9534,568,2025-09-01,75598,0,0,0,75598,0
9535,568,2025-10-01,0,0,0,0,0,0
9536,568,2025-11-01,0,0,0,0,0,0
9537,568,2025-12-01,0,0,0,0,0,0
9538,568,2026-01-01,0,0,0,0,0,0
9539,568,2026-02-01,0,0,0,0,0,0
9540,568,2026-03-01,0,0,0,0,0,0
9541,568,2026-04-01,0,0,0,0,0,0
9542,568,2026-05-01,0,0,0,0,0,0
9543,568,2026-06-01,0,0,0,0,0,0
9544,569,2024-05-01,0,37389,0,0,0,37389
9545,569,2024-06-01,37389,0,0,0,37389,0
9546,569,2024-07-01,0,0,0,0,0,0
9547,569,2024-08-01,0,0,0,0,0,0
9548,569,2024-09-01,0,0,0,0,0,0
9549,569,2024-10-01,0,0,0,0,0,0
9550,569,2024-11-01,0,0,0,0,0,0
9551,569,2024-12-01,0,0,0,0,0,0
9552,569,2025-01-01,0,0,0,0,0,0
9553,569,2025-02-01,0,0,0,0,0,0
9554,569,2025-03-01,0,0,0,0,0,0
9555,569,2025-04-01,0,0,0,0,0,0
9556,569,2025-05-01,0,0,0,0,0,0
9557,569,2025-06-01,0,0,0,0,0,0
9558,569,2025-07-01,0,0,0,0,0,0
9559,569,2025-08-01,0,0,0,0,0,0
9560,569,2025-09-01,0,0,0,0,0,0
9561,569,2025-10-01,0,0,0,0,0,0
9562,569,2025-11-01,0,0,0,0,0,0
9563,569,2025-12-01,0,0,0,0,0,0
9564,569,2026-01-01,0,0,0,0,0,0
9565,569,2026-02-01,0,0,0,0,0,0
9566,569,2026-03-01,0,0,0,0,0,0
9567,569,2026-04-01,0,0,0,0,0,0
9568,569,2026-05-01,0,0,0,0,0,0
9569,569,2026-06-01,0,0,0,0,0,0
9570,570,2024-04-01,0,21880,0,0,0,21880
9571,570,2024-05-01,21880,0,0,0,0,21880
9572,570,2024-06-01,21880,0,0,0,0,21880
9573,570,2024-07-01,21880,0,0,0,0,21880
9574,570,2024-08-01,21880,0,0,0,21880,0
9575,570,2024-09-01,0,0,0,0,0,0
9576,570,2024-10-01,0,0,0,0,0,0
9577,570,2024-11-01,0,0,0,0,0,0
9578,570,2024-12-01,0,0,0,0,0,0
9579,570,2025-01-01,0,0,0,0,0,0
9580,570,2025-02-01,0,0,0,0,0,0
9581,570,2025-03-01,0,0,0,0,0,0
9582,570,2025-04-01,0,0,0,0,0,0
9583,570,2025-05-01,0,0,0,0,0,0
9584,570,2025-06-01,0,0,0,0,0,0
9585,570,2025-07-01,0,0,0,0,0,0
9586,570,2025-08-01,0,0,0,0,0,0
9587,570,2025-09-01,0,0,0,0,0,0
9588,570,2025-10-01,0,0,0,0,0,0
9589,570,2025-11-01,0,0,0,0,0,0
9590,570,2025-12-01,0,0,0,0,0,0
9591,570,2026-01-01,0,0,0,0,0,0
9592,570,2026-02-01,0,0,0,0,0,0
9593,570,2026-03-01,0,0,0,0,0,0
9594,570,2026-04-01,0,0,0,0,0,0
9595,570,2026-05-01,0,0,0,0,0,0
9596,570,2026-06-01,0,0,0,0,0,0
9597,571,2024-11-01,0,8427,0,0,0,8427
9598,571,2024-12-01,8427,0,0,0,8427,0
9599,571,2025-01-01,0,0,0,0,0,0
9600,571,2025-02-01,0,0,0,0,0,0
9601,571,2025-03-01,0,0,0,0,0,0
9602,571,2025-04-01,0,0,0,0,0,0
9603,571,2025-05-01,0,0,0,0,0,0
9604,571,2025-06-01,0,0,0,0,0,0
9605,571,2025-07-01,0,0,0,0,0,0
9606,571,2025-08-01,0,0,0,0,0,0
9607,571,2025-09-01,0,0,0,0,0,0
9608,571,2025-10-01,0,0,0,0,0,0
9609,571,2025-11-01,0,0,0,0,0,0
9610,571,2025-12-01,0,0,0,0,0,0
9611,571,2026-01-01,0,0,0,0,0,0
9612,571,2026-02-01,0,0,0,0,0,0
9613,571,2026-03-01,0,0,0,0,0,0
9614,571,2026-04-01,0,0,0,0,0,0
9615,571,2026-05-01,0,0,0,0,0,0
9616,571,2026-06-01,0,0,0,0,0,0
9617,572,2025-05-01,0,29625,0,0,0,29625
9618,572,2025-06-01,29625,0,0,0,0,29625
9619,572,2025-07-01,29625,0,0,0,0,29625
9620,572,2025-08-01,29625,0,0,6465,0,23160
9621,572,2025-09-01,23160,0,0,0,0,23160
9622,572,2025-10-01,23160,0,4220,0,0,27380
9623,572,2025-11-01,27380,0,0,0,0,27380
9624,572,2025-12-01,27380,0,0,0,0,27380
9625,572,2026-01-01,27380,0,0,0,0,27380
9626,572,2026-02-01,27380,0,0,0,0,27380
9627,572,2026-03-01,27380,0,0,0,0,27380
9628,572,2026-04-01,27380,0,0,0,0,27380
9629,572,2026-05-01,27380,0,0,0,0,27380
9630,572,2026-06-01,27380,0,0,0,0,27380
9631,573,2025-09-01,0,7368,0,0,0,7368
9632,573,2025-10-01,7368,0,754,0,0,8122
9633,573,2025-11-01,8122,0,0,0,0,8122
9634,573,2025-12-01,8122,0,0,0,0,8122
9635,573,2026-01-01,8122,0,0,0,0,8122
9636,573,2026-02-01,8122,0,0,0,0,8122
9637,573,2026-03-01,8122,0,0,0,0,8122
9638,573,2026-04-01,8122,0,0,0,0,8122
9639,573,2026-05-01,8122,0,0,0,0,8122
9640,573,2026-06-01,8122,0,0,0,0,8122
9641,574,2024-04-01,0,5454,0,0,0,5454
9642,574,2024-05-01,5454,0,1070,0,0,6524
9643,574,2024-06-01,6524,0,0,0,0,6524
9644,574,2024-07-01,6524,0,0,0,0,6524
9645,574,2024-08-01,6524,0,0,0,0,6524
9646,574,2024-09-01,6524,0,0,0,0,6524
9647,574,2024-10-01,6524,0,747,0,0,7271
9648,574,2024-11-01,7271,0,0,0,0,7271
9649,574,2024-12-01,7271,0,0,0,0,7271
9650,574,2025-01-01,7271,0,806,0,0,8077
9651,574,2025-02-01,8077,0,0,0,0,8077
9652,574,2025-03-01,8077,0,0,0,0,8077
9653,574,2025-04-01,8077,0,0,0,0,8077
9654,574,2025-05-01,8077,0,0,0,0,8077
9655,574,2025-06-01,8077,0,0,0,0,8077
9656,574,2025-07-01,8077,0,0,1418,0,6659
9657,574,2025-08-01,6659,0,0,0,0,6659
9658,574,2025-09-01,6659,0,0,0,6659,0
9659,574,2025-10-01,0,0,0,0,0,0
9660,574,2025-11-01,0,0,0,0,0,0
9661,574,2025-12-01,0,0,0,0,0,0
9662,574,2026-01-01,0,0,0,0,0,0
9663,574,2026-02-01,0,0,0,0,0,0
9664,574,2026-03-01,0,0,0,0,0,0
9665,574,2026-04-01,0,0,0,0,0,0
9666,574,2026-05-01,0,0,0,0,0,0
9667,574,2026-06-01,0,0,0,0,0,0
9668,575,2025-08-01,0,10043,0,0,0,10043
9669,575,2025-09-01,10043,0,0,0,0,10043
9670,575,2025-10-01,10043,0,0,0,0,10043
9671,575,2025-11-01,10043,0,0,0,0,10043
9672,575,2025-12-01,10043,0,0,0,0,10043
9673,575,2026-01-01,10043,0,0,0,0,10043
9674,575,2026-02-01,10043,0,0,0,0,10043
9675,575,2026-03-01,10043,0,0,0,0,10043
9676,575,2026-04-01,10043,0,0,0,0,10043
9677,575,2026-05-01,10043,0,0,0,0,10043
9678,575,2026-06-01,10043,0,0,0,0,10043
9679,576,2025-01-01,0,28420,0,0,0,28420
9680,576,2025-02-01,28420,0,0,0,0,28420
9681,576,2025-03-01,28420,0,0,0,0,28420
9682,576,2025-04-01,28420,0,0,0,0,28420
9683,576,2025-05-01,28420,0,0,0,0,28420
9684,576,2025-06-01,28420,0,0,0,0,28420
9685,576,2025-07-01,28420,0,0,0,0,28420
9686,576,2025-08-01,28420,0,0,0,0,28420
9687,576,2025-09-01,28420,0,0,0,0,28420
9688,576,2025-10-01,28420,0,0,0,0,28420
9689,576,2025-11-01,28420,0,0,0,0,28420
9690,576,2025-12-01,28420,0,0,0,0,28420
9691,576,2026-01-01,28420,0,0,0,28420,0
9692,576,2026-02-01,0,0,0,0,0,0
9693,576,2026-03-01,0,0,0,0,0,0
9694,576,2026-04-01,0,0,0,0,0,0
9695,576,2026-05-01,0,0,0,0,0,0
9696,576,2026-06-01,0,0,0,0,0,0
9697,577,2025-09-01,0,7713,0,0,0,7713
9698,577,2025-10-01,7713,0,0,0,0,7713
9699,577,2025-11-01,7713,0,0,0,0,7713
9700,577,2025-12-01,7713,0,0,0,0,7713
9701,577,2026-01-01,7713,0,0,0,0,7713
9702,577,2026-02-01,7713,0,0,0,0,7713
9703,577,2026-03-01,7713,0,0,0,0,7713
9704,577,2026-04-01,7713,0,0,1595,0,6118
9705,577,2026-05-01,6118,0,0,0,0,6118
9706,577,2026-06-01,6118,0,0,0,0,6118
9707,578,2025-11-01,0,14648,0,0,0,14648
9708,578,2025-12-01,14648,0,0,0,0,14648
9709,578,2026-01-01,14648,0,0,0,0,14648
9710,578,2026-02-01,14648,0,4143,0,0,18791
9711,578,2026-03-01,18791,0,0,0,0,18791
9712,578,2026-04-01,18791,0,0,4646,0,14145
9713,578,2026-05-01,14145,0,0,0,0,14145
9714,578,2026-06-01,14145,0,0,0,0,14145
9715,579,2025-01-01,0,9292,0,0,0,9292
9716,579,2025-02-01,9292,0,0,0,0,9292
9717,579,2025-03-01,9292,0,0,0,0,9292
9718,579,2025-04-01,9292,0,0,0,9292,0
9719,579,2025-05-01,0,0,0,0,0,0
9720,579,2025-06-01,0,0,0,0,0,0
9721,579,2025-07-01,0,0,0,0,0,0
9722,579,2025-08-01,0,0,0,0,0,0
9723,579,2025-09-01,0,0,0,0,0,0
9724,579,2025-10-01,0,0,0,0,0,0
9725,579,2025-11-01,0,0,0,0,0,0
9726,579,2025-12-01,0,0,0,0,0,0
9727,579,2026-01-01,0,0,0,0,0,0
9728,579,2026-02-01,0,0,0,0,0,0
9729,579,2026-03-01,0,0,0,0,0,0
9730,579,2026-04-01,0,0,0,0,0,0
9731,579,2026-05-01,0,0,0,0,0,0
9732,579,2026-06-01,0,0,0,0,0,0
9733,580,2024-04-01,0,20580,0,0,0,20580
9734,580,2024-05-01,20580,0,0,0,0,20580
9735,580,2024-06-01,20580,0,0,0,0,20580
9736,580,2024-07-01,20580,0,0,0,0,20580
9737,580,2024-08-01,20580,0,0,0,0,20580
9738,580,2024-09-01,20580,0,0,0,0,20580
9739,580,2024-10-01,20580,0,0,0,0,20580
9740,580,2024-11-01,20580,0,0,0,0,20580
9741,580,2024-12-01,20580,0,0,0,0,20580
9742,580,2025-01-01,20580,0,0,0,0,20580
9743,580,2025-02-01,20580,0,0,0,0,20580
9744,580,2025-03-01,20580,0,0,0,0,20580
9745,580,2025-04-01,20580,0,0,0,0,20580
9746,580,2025-05-01,20580,0,0,0,0,20580
9747,580,2025-06-01,20580,0,4512,0,0,25092
9748,580,2025-07-01,25092,0,2634,0,0,27726
9749,580,2025-08-01,27726,0,4059,0,0,31785
9750,580,2025-09-01,31785,0,0,0,0,31785
9751,580,2025-10-01,31785,0,0,0,0,31785
9752,580,2025-11-01,31785,0,0,0,0,31785
9753,580,2025-12-01,31785,0,0,0,0,31785
9754,580,2026-01-01,31785,0,0,0,0,31785
9755,580,2026-02-01,31785,0,0,7805,0,23980
9756,580,2026-03-01,23980,0,0,2651,0,21329
9757,580,2026-04-01,21329,0,4723,0,0,26052
9758,580,2026-05-01,26052,0,0,0,0,26052
9759,580,2026-06-01,26052,0,0,0,0,26052
9760,581,2025-01-01,0,11676,0,0,0,11676
9761,581,2025-02-01,11676,0,0,0,0,11676
9762,581,2025-03-01,11676,0,0,0,0,11676
9763,581,2025-04-01,11676,0,0,0,0,11676
9764,581,2025-05-01,11676,0,0,0,0,11676
9765,581,2025-06-01,11676,0,0,0,0,11676
9766,581,2025-07-01,11676,0,0,0,0,11676
9767,581,2025-08-01,11676,0,0,0,0,11676
9768,581,2025-09-01,11676,0,0,1482,0,10194
9769,581,2025-10-01,10194,0,0,0,0,10194
9770,581,2025-11-01,10194,0,0,0,0,10194
9771,581,2025-12-01,10194,0,0,0,0,10194
9772,581,2026-01-01,10194,0,0,0,0,10194
9773,581,2026-02-01,10194,0,1668,0,0,11862
9774,581,2026-03-01,11862,0,0,0,0,11862
9775,581,2026-04-01,11862,0,1369,0,0,13231
9776,581,2026-05-01,13231,0,0,0,0,13231
9777,581,2026-06-01,13231,0,2238,0,0,15469
9778,582,2025-03-01,0,5548,0,0,0,5548
9779,582,2025-04-01,5548,0,0,0,0,5548
9780,582,2025-05-01,5548,0,0,0,0,5548
9781,582,2025-06-01,5548,0,0,0,0,5548
9782,582,2025-07-01,5548,0,0,697,0,4851
9783,582,2025-08-01,4851,0,0,0,0,4851
9784,582,2025-09-01,4851,0,0,0,0,4851
9785,582,2025-10-01,4851,0,0,0,0,4851
9786,582,2025-11-01,4851,0,0,0,0,4851
9787,582,2025-12-01,4851,0,0,0,0,4851
9788,582,2026-01-01,4851,0,0,0,0,4851
9789,582,2026-02-01,4851,0,0,0,0,4851
9790,582,2026-03-01,4851,0,1383,0,0,6234
9791,582,2026-04-01,6234,0,0,0,0,6234
9792,582,2026-05-01,6234,0,0,0,0,6234
9793,582,2026-06-01,6234,0,0,0,0,6234
9794,583,2025-05-01,0,56785,0,0,0,56785
9795,583,2025-06-01,56785,0,0,0,0,56785
9796,583,2025-07-01,56785,0,0,10336,0,46449
9797,583,2025-08-01,46449,0,0,0,0,46449
9798,583,2025-09-01,46449,0,0,0,0,46449
9799,583,2025-10-01,46449,0,0,0,0,46449
9800,583,2025-11-01,46449,0,0,0,0,46449
9801,583,2025-12-01,46449,0,0,0,0,46449
9802,583,2026-01-01,46449,0,0,0,0,46449
9803,583,2026-02-01,46449,0,0,0,0,46449
9804,583,2026-03-01,46449,0,0,0,0,46449
9805,583,2026-04-01,46449,0,0,0,0,46449
9806,583,2026-05-01,46449,0,0,0,0,46449
9807,583,2026-06-01,46449,0,0,0,0,46449
9808,584,2025-01-01,0,3316,0,0,0,3316
9809,584,2025-02-01,3316,0,0,0,0,3316
9810,584,2025-03-01,3316,0,0,0,0,3316
9811,584,2025-04-01,3316,0,0,0,0,3316
9812,584,2025-05-01,3316,0,0,0,0,3316
9813,584,2025-06-01,3316,0,0,771,0,2545
9814,584,2025-07-01,2545,0,0,0,0,2545
9815,584,2025-08-01,2545,0,0,0,0,2545
9816,584,2025-09-01,2545,0,0,0,0,2545
9817,584,2025-10-01,2545,0,0,0,0,2545
9818,584,2025-11-01,2545,0,0,0,0,2545
9819,584,2025-12-01,2545,0,0,0,0,2545
9820,584,2026-01-01,2545,0,0,0,0,2545
9821,584,2026-02-01,2545,0,468,0,0,3013
9822,584,2026-03-01,3013,0,0,416,0,2597
9823,584,2026-04-01,2597,0,0,0,0,2597
9824,584,2026-05-01,2597,0,0,0,0,2597
9825,584,2026-06-01,2597,0,0,0,2597,0
9826,585,2026-02-01,0,6602,0,0,0,6602
9827,585,2026-03-01,6602,0,0,0,6602,0
9828,585,2026-04-01,0,0,0,0,0,0
9829,585,2026-05-01,0,0,0,0,0,0
9830,585,2026-06-01,0,0,0,0,0,0
9831,586,2025-08-01,0,5772,0,0,0,5772
9832,586,2025-09-01,5772,0,0,0,0,5772
9833,586,2025-10-01,5772,0,0,959,0,4813
9834,586,2025-11-01,4813,0,0,0,0,4813
9835,586,2025-12-01,4813,0,0,0,0,4813
9836,586,2026-01-01,4813,0,0,0,0,4813
9837,586,2026-02-01,4813,0,0,0,0,4813
9838,586,2026-03-01,4813,0,0,0,0,4813
9839,586,2026-04-01,4813,0,0,0,0,4813
9840,586,2026-05-01,4813,0,0,0,0,4813
9841,586,2026-06-01,4813,0,0,0,0,4813
9842,587,2025-11-01,0,7489,0,0,0,7489
9843,587,2025-12-01,7489,0,0,0,0,7489
9844,587,2026-01-01,7489,0,0,0,0,7489
9845,587,2026-02-01,7489,0,0,0,0,7489
9846,587,2026-03-01,7489,0,0,0,0,7489
9847,587,2026-04-01,7489,0,0,0,0,7489
9848,587,2026-05-01,7489,0,0,0,0,7489
9849,587,2026-06-01,7489,0,0,0,0,7489
9850,588,2025-08-01,0,6983,0,0,0,6983
9851,588,2025-09-01,6983,0,0,0,0,6983
9852,588,2025-10-01,6983,0,0,0,0,6983
9853,588,2025-11-01,6983,0,0,0,0,6983
9854,588,2025-12-01,6983,0,0,0,0,6983
9855,588,2026-01-01,6983,0,0,0,0,6983
9856,588,2026-02-01,6983,0,0,0,0,6983
9857,588,2026-03-01,6983,0,0,0,0,6983
9858,588,2026-04-01,6983,0,0,0,6983,0
9859,588,2026-05-01,0,0,0,0,0,0
9860,588,2026-06-01,0,0,0,0,0,0
9861,589,2025-05-01,0,38641,0,0,0,38641
9862,589,2025-06-01,38641,0,0,0,0,38641
9863,589,2025-07-01,38641,0,0,0,0,38641
9864,589,2025-08-01,38641,0,0,0,0,38641
9865,589,2025-09-01,38641,0,0,0,0,38641
9866,589,2025-10-01,38641,0,0,0,0,38641
9867,589,2025-11-01,38641,0,0,0,0,38641
9868,589,2025-12-01,38641,0,0,0,0,38641
9869,589,2026-01-01,38641,0,0,7203,0,31438
9870,589,2026-02-01,31438,0,0,0,0,31438
9871,589,2026-03-01,31438,0,6044,0,0,37482
9872,589,2026-04-01,37482,0,0,0,0,37482
9873,589,2026-05-01,37482,0,0,0,0,37482
9874,589,2026-06-01,37482,0,0,0,0,37482
9875,590,2025-06-01,0,12100,0,0,0,12100
9876,590,2025-07-01,12100,0,3152,0,0,15252
9877,590,2025-08-01,15252,0,0,0,0,15252
9878,590,2025-09-01,15252,0,0,0,0,15252
9879,590,2025-10-01,15252,0,0,2127,0,13125
9880,590,2025-11-01,13125,0,0,0,0,13125
9881,590,2025-12-01,13125,0,0,0,0,13125
9882,590,2026-01-01,13125,0,0,0,0,13125
9883,590,2026-02-01,13125,0,0,0,0,13125
9884,590,2026-03-01,13125,0,0,0,0,13125
9885,590,2026-04-01,13125,0,0,0,0,13125
9886,590,2026-05-01,13125,0,0,0,0,13125
9887,590,2026-06-01,13125,0,0,0,0,13125
9888,591,2024-11-01,0,26063,0,0,0,26063
9889,591,2024-12-01,26063,0,0,0,0,26063
9890,591,2025-01-01,26063,0,0,0,0,26063
9891,591,2025-02-01,26063,0,0,0,0,26063
9892,591,2025-03-01,26063,0,0,0,0,26063
9893,591,2025-04-01,26063,0,0,0,0,26063
9894,591,2025-05-01,26063,0,0,0,0,26063
9895,591,2025-06-01,26063,0,0,0,0,26063
9896,591,2025-07-01,26063,0,0,0,0,26063
9897,591,2025-08-01,26063,0,0,0,0,26063
9898,591,2025-09-01,26063,0,0,0,26063,0
9899,591,2025-10-01,0,0,0,0,0,0
9900,591,2025-11-01,0,0,0,0,0,0
9901,591,2025-12-01,0,0,0,0,0,0
9902,591,2026-01-01,0,0,0,0,0,0
9903,591,2026-02-01,0,0,0,0,0,0
9904,591,2026-03-01,0,0,0,0,0,0
9905,591,2026-04-01,0,0,0,0,0,0
9906,591,2026-05-01,0,0,0,0,0,0
9907,591,2026-06-01,0,0,0,0,0,0
9908,592,2025-07-01,0,4673,0,0,0,4673
9909,592,2025-08-01,4673,0,0,0,4673,0
9910,592,2025-09-01,0,0,0,0,0,0
9911,592,2025-10-01,0,0,0,0,0,0
9912,592,2025-11-01,0,0,0,0,0,0
9913,592,2025-12-01,0,0,0,0,0,0
9914,592,2026-01-01,0,0,0,0,0,0
9915,592,2026-02-01,0,0,0,0,0,0
9916,592,2026-03-01,0,0,0,0,0,0
9917,592,2026-04-01,0,0,0,0,0,0
9918,592,2026-05-01,0,0,0,0,0,0
9919,592,2026-06-01,0,0,0,0,0,0
9920,593,2024-11-01,0,24550,0,0,0,24550
9921,593,2024-12-01,24550,0,0,0,24550,0
9922,593,2025-01-01,0,0,0,0,0,0
9923,593,2025-02-01,0,0,0,0,0,0
9924,593,2025-03-01,0,0,0,0,0,0
9925,593,2025-04-01,0,0,0,0,0,0
9926,593,2025-05-01,0,0,0,0,0,0
9927,593,2025-06-01,0,0,0,0,0,0
9928,593,2025-07-01,0,0,0,0,0,0
9929,593,2025-08-01,0,0,0,0,0,0
9930,593,2025-09-01,0,0,0,0,0,0
9931,593,2025-10-01,0,0,0,0,0,0
9932,593,2025-11-01,0,0,0,0,0,0
9933,593,2025-12-01,0,0,0,0,0,0
9934,593,2026-01-01,0,0,0,0,0,0
9935,593,2026-02-01,0,0,0,0,0,0
9936,593,2026-03-01,0,0,0,0,0,0
9937,593,2026-04-01,0,0,0,0,0,0
9938,593,2026-05-01,0,0,0,0,0,0
9939,593,2026-06-01,0,0,0,0,0,0
9940,594,2025-11-01,0,76285,0,0,0,76285
9941,594,2025-12-01,76285,0,18224,0,0,94509
9942,594,2026-01-01,94509,0,0,0,0,94509
9943,594,2026-02-01,94509,0,0,0,0,94509
9944,594,2026-03-01,94509,0,0,0,0,94509
9945,594,2026-04-01,94509,0,0,0,0,94509
9946,594,2026-05-01,94509,0,0,0,0,94509
9947,594,2026-06-01,94509,0,0,0,0,94509
9948,595,2025-12-01,0,7852,0,0,0,7852
9949,595,2026-01-01,7852,0,0,0,0,7852
9950,595,2026-02-01,7852,0,0,0,0,7852
9951,595,2026-03-01,7852,0,0,0,0,7852
9952,595,2026-04-01,7852,0,0,0,0,7852
9953,595,2026-05-01,7852,0,1890,0,0,9742
9954,595,2026-06-01,9742,0,0,0,0,9742
9955,596,2025-04-01,0,5469,0,0,0,5469
9956,596,2025-05-01,5469,0,0,0,0,5469
9957,596,2025-06-01,5469,0,0,0,0,5469
9958,596,2025-07-01,5469,0,0,0,0,5469
9959,596,2025-08-01,5469,0,0,0,0,5469
9960,596,2025-09-01,5469,0,0,0,0,5469
9961,596,2025-10-01,5469,0,0,0,0,5469
9962,596,2025-11-01,5469,0,0,1202,0,4267
9963,596,2025-12-01,4267,0,0,0,0,4267
9964,596,2026-01-01,4267,0,0,0,0,4267
9965,596,2026-02-01,4267,0,0,0,0,4267
9966,596,2026-03-01,4267,0,0,0,0,4267
9967,596,2026-04-01,4267,0,0,0,0,4267
9968,596,2026-05-01,4267,0,0,0,0,4267
9969,596,2026-06-01,4267,0,0,0,0,4267
9970,597,2024-07-01,0,3239,0,0,0,3239
9971,597,2024-08-01,3239,0,0,0,0,3239
9972,597,2024-09-01,3239,0,726,0,0,3965
9973,597,2024-10-01,3965,0,0,0,0,3965
9974,597,2024-11-01,3965,0,0,0,0,3965
9975,597,2024-12-01,3965,0,0,0,3965,0
9976,597,2025-01-01,0,0,0,0,0,0
9977,597,2025-02-01,0,0,0,0,0,0
9978,597,2025-03-01,0,0,0,0,0,0
9979,597,2025-04-01,0,0,0,0,0,0
9980,597,2025-05-01,0,0,0,0,0,0
9981,597,2025-06-01,0,0,0,0,0,0
9982,597,2025-07-01,0,0,0,0,0,0
9983,597,2025-08-01,0,0,0,0,0,0
9984,597,2025-09-01,0,0,0,0,0,0
9985,597,2025-10-01,0,0,0,0,0,0
9986,597,2025-11-01,0,0,0,0,0,0
9987,597,2025-12-01,0,0,0,0,0,0
9988,597,2026-01-01,0,0,0,0,0,0
9989,597,2026-02-01,0,0,0,0,0,0
9990,597,2026-03-01,0,0,0,0,0,0
9991,597,2026-04-01,0,0,0,0,0,0
9992,597,2026-05-01,0,0,0,0,0,0
9993,597,2026-06-01,0,0,0,0,0,0
9994,598,2025-07-01,0,26506,0,0,0,26506
9995,598,2025-08-01,26506,0,0,0,0,26506
9996,598,2025-09-01,26506,0,0,0,0,26506
9997,598,2025-10-01,26506,0,0,0,0,26506
9998,598,2025-11-01,26506,0,0,0,0,26506
9999,598,2025-12-01,26506,0,0,0,0,26506
10000,598,2026-01-01,26506,0,0,0,0,26506
10001,598,2026-02-01,26506,0,6313,0,0,32819
10002,598,2026-03-01,32819,0,0,0,0,32819
10003,598,2026-04-01,32819,0,0,0,0,32819
10004,598,2026-05-01,32819,0,0,0,0,32819
10005,598,2026-06-01,32819,0,0,0,0,32819
10006,599,2024-06-01,0,5936,0,0,0,5936
10007,599,2024-07-01,5936,0,0,0,0,5936
10008,599,2024-08-01,5936,0,0,0,0,5936
10009,599,2024-09-01,5936,0,0,0,0,5936
10010,599,2024-10-01,5936,0,0,0,0,5936
10011,599,2024-11-01,5936,0,0,0,0,5936
10012,599,2024-12-01,5936,0,0,0,0,5936
10013,599,2025-01-01,5936,0,0,0,0,5936
10014,599,2025-02-01,5936,0,0,0,0,5936
10015,599,2025-03-01,5936,0,0,0,0,5936
10016,599,2025-04-01,5936,0,0,0,0,5936
10017,599,2025-05-01,5936,0,0,0,0,5936
10018,599,2025-06-01,5936,0,0,0,0,5936
10019,599,2025-07-01,5936,0,0,0,0,5936
10020,599,2025-08-01,5936,0,0,0,0,5936
10021,599,2025-09-01,5936,0,0,0,0,5936
10022,599,2025-10-01,5936,0,0,0,0,5936
10023,599,2025-11-01,5936,0,0,0,0,5936
10024,599,2025-12-01,5936,0,0,1405,0,4531
10025,599,2026-01-01,4531,0,463,0,0,4994
10026,599,2026-02-01,4994,0,0,0,0,4994
10027,599,2026-03-01,4994,0,0,0,0,4994
10028,599,2026-04-01,4994,0,0,1101,0,3893
10029,599,2026-05-01,3893,0,0,0,0,3893
10030,599,2026-06-01,3893,0,0,0,0,3893
10031,600,2026-03-01,0,6690,0,0,0,6690
10032,600,2026-04-01,6690,0,0,0,0,6690
10033,600,2026-05-01,6690,0,0,672,0,6018
10034,600,2026-06-01,6018,0,0,0,0,6018
10035,601,2024-04-01,0,4445,0,0,0,4445
10036,601,2024-05-01,4445,0,0,0,0,4445
10037,601,2024-06-01,4445,0,0,720,0,3725
10038,601,2024-07-01,3725,0,0,0,0,3725
10039,601,2024-08-01,3725,0,0,0,0,3725
10040,601,2024-09-01,3725,0,0,0,0,3725
10041,601,2024-10-01,3725,0,0,0,0,3725
10042,601,2024-11-01,3725,0,0,0,0,3725
10043,601,2024-12-01,3725,0,0,0,0,3725
10044,601,2025-01-01,3725,0,0,0,0,3725
10045,601,2025-02-01,3725,0,0,0,0,3725
10046,601,2025-03-01,3725,0,0,0,0,3725
10047,601,2025-04-01,3725,0,0,0,0,3725
10048,601,2025-05-01,3725,0,0,0,0,3725
10049,601,2025-06-01,3725,0,0,0,0,3725
10050,601,2025-07-01,3725,0,0,0,0,3725
10051,601,2025-08-01,3725,0,0,0,0,3725
10052,601,2025-09-01,3725,0,0,0,0,3725
10053,601,2025-10-01,3725,0,0,0,0,3725
10054,601,2025-11-01,3725,0,0,0,0,3725
10055,601,2025-12-01,3725,0,0,0,0,3725
10056,601,2026-01-01,3725,0,0,0,3725,0
10057,601,2026-02-01,0,0,0,0,0,0
10058,601,2026-03-01,0,0,0,0,0,0
10059,601,2026-04-01,0,0,0,0,0,0
10060,601,2026-05-01,0,0,0,0,0,0
10061,601,2026-06-01,0,0,0,0,0,0
10062,602,2025-11-01,0,8245,0,0,0,8245
10063,602,2025-12-01,8245,0,0,0,0,8245
10064,602,2026-01-01,8245,0,0,0,0,8245
10065,602,2026-02-01,8245,0,0,0,0,8245
10066,602,2026-03-01,8245,0,0,0,0,8245
10067,602,2026-04-01,8245,0,0,0,0,8245
10068,602,2026-05-01,8245,0,0,0,0,8245
10069,602,2026-06-01,8245,0,0,0,8245,0
10070,603,2026-02-01,0,9256,0,0,0,9256
10071,603,2026-03-01,9256,0,0,0,0,9256
10072,603,2026-04-01,9256,0,1793,0,0,11049
10073,603,2026-05-01,11049,0,0,0,0,11049
10074,603,2026-06-01,11049,0,0,0,0,11049
10075,604,2024-06-01,0,8294,0,0,0,8294
10076,604,2024-07-01,8294,0,0,0,0,8294
10077,604,2024-08-01,8294,0,0,1891,0,6403
10078,604,2024-09-01,6403,0,0,1434,0,4969
10079,604,2024-10-01,4969,0,0,0,0,4969
10080,604,2024-11-01,4969,0,0,0,0,4969
10081,604,2024-12-01,4969,0,0,0,0,4969
10082,604,2025-01-01,4969,0,0,0,4969,0
10083,604,2025-02-01,0,0,0,0,0,0
10084,604,2025-03-01,0,0,0,0,0,0
10085,604,2025-04-01,0,0,0,0,0,0
10086,604,2025-05-01,0,0,0,0,0,0
10087,604,2025-06-01,0,0,0,0,0,0
10088,604,2025-07-01,0,0,0,0,0,0
10089,604,2025-08-01,0,0,0,0,0,0
10090,604,2025-09-01,0,0,0,0,0,0
10091,604,2025-10-01,0,0,0,0,0,0
10092,604,2025-11-01,0,0,0,0,0,0
10093,604,2025-12-01,0,0,0,0,0,0
10094,604,2026-01-01,0,0,0,0,0,0
10095,604,2026-02-01,0,0,0,0,0,0
10096,604,2026-03-01,0,0,0,0,0,0
10097,604,2026-04-01,0,0,0,0,0,0
10098,604,2026-05-01,0,0,0,0,0,0
10099,604,2026-06-01,0,0,0,0,0,0
10100,605,2025-12-01,0,22248,0,0,0,22248
10101,605,2026-01-01,22248,0,0,0,0,22248
10102,605,2026-02-01,22248,0,0,0,0,22248
10103,605,2026-03-01,22248,0,0,0,0,22248
10104,605,2026-04-01,22248,0,5180,0,0,27428
10105,605,2026-05-01,27428,0,0,0,0,27428
10106,605,2026-06-01,27428,0,2941,0,0,30369
10107,606,2025-01-01,0,18888,0,0,0,18888
10108,606,2025-02-01,18888,0,0,0,0,18888
10109,606,2025-03-01,18888,0,0,0,0,18888
10110,606,2025-04-01,18888,0,0,0,0,18888
10111,606,2025-05-01,18888,0,0,0,18888,0
10112,606,2025-06-01,0,0,0,0,0,0
10113,606,2025-07-01,0,0,0,0,0,0
10114,606,2025-08-01,0,0,0,0,0,0
10115,606,2025-09-01,0,0,0,0,0,0
10116,606,2025-10-01,0,0,0,0,0,0
10117,606,2025-11-01,0,0,0,0,0,0
10118,606,2025-12-01,0,0,0,0,0,0
10119,606,2026-01-01,0,0,0,0,0,0
10120,606,2026-02-01,0,0,0,0,0,0
10121,606,2026-03-01,0,0,0,0,0,0
10122,606,2026-04-01,0,0,0,0,0,0
10123,606,2026-05-01,0,0,0,0,0,0
10124,606,2026-06-01,0,0,0,0,0,0
10125,607,2025-03-01,0,31370,0,0,0,31370
10126,607,2025-04-01,31370,0,0,0,0,31370
10127,607,2025-05-01,31370,0,0,0,0,31370
10128,607,2025-06-01,31370,0,0,0,0,31370
10129,607,2025-07-01,31370,0,0,7815,0,23555
10130,607,2025-08-01,23555,0,0,0,0,23555
10131,607,2025-09-01,23555,0,0,0,0,23555
10132,607,2025-10-01,23555,0,0,0,23555,0
10133,607,2025-11-01,0,0,0,0,0,0
10134,607,2025-12-01,0,0,0,0,0,0
10135,607,2026-01-01,0,0,0,0,0,0
10136,607,2026-02-01,0,0,0,0,0,0
10137,607,2026-03-01,0,0,0,0,0,0
10138,607,2026-04-01,0,0,0,0,0,0
10139,607,2026-05-01,0,0,0,0,0,0
10140,607,2026-06-01,0,0,0,0,0,0
10141,608,2024-10-01,0,47384,0,0,0,47384
10142,608,2024-11-01,47384,0,0,6994,0,40390
10143,608,2024-12-01,40390,0,0,0,0,40390
10144,608,2025-01-01,40390,0,0,0,0,40390
10145,608,2025-02-01,40390,0,0,0,40390,0
10146,608,2025-03-01,0,0,0,0,0,0
10147,608,2025-04-01,0,0,0,0,0,0
10148,608,2025-05-01,0,0,0,0,0,0
10149,608,2025-06-01,0,0,0,0,0,0
10150,608,2025-07-01,0,0,0,0,0,0
10151,608,2025-08-01,0,0,0,0,0,0
10152,608,2025-09-01,0,0,0,0,0,0
10153,608,2025-10-01,0,0,0,0,0,0
10154,608,2025-11-01,0,0,0,0,0,0
10155,608,2025-12-01,0,0,0,0,0,0
10156,608,2026-01-01,0,0,0,0,0,0
10157,608,2026-02-01,0,0,0,0,0,0
10158,608,2026-03-01,0,0,0,0,0,0
10159,608,2026-04-01,0,0,0,0,0,0
10160,608,2026-05-01,0,0,0,0,0,0
10161,608,2026-06-01,0,0,0,0,0,0
10162,609,2024-11-01,0,77203,0,0,0,77203
10163,609,2024-12-01,77203,0,0,0,0,77203
10164,609,2025-01-01,77203,0,0,0,0,77203
10165,609,2025-02-01,77203,0,0,0,0,77203
10166,609,2025-03-01,77203,0,0,0,0,77203
10167,609,2025-04-01,77203,0,0,0,77203,0
10168,609,2025-05-01,0,0,0,0,0,0
10169,609,2025-06-01,0,0,0,0,0,0
10170,609,2025-07-01,0,0,0,0,0,0
10171,609,2025-08-01,0,0,0,0,0,0
10172,609,2025-09-01,0,0,0,0,0,0
10173,609,2025-10-01,0,0,0,0,0,0
10174,609,2025-11-01,0,0,0,0,0,0
10175,609,2025-12-01,0,0,0,0,0,0
10176,609,2026-01-01,0,0,0,0,0,0
10177,609,2026-02-01,0,0,0,0,0,0
10178,609,2026-03-01,0,0,0,0,0,0
10179,609,2026-04-01,0,0,0,0,0,0
10180,609,2026-05-01,0,0,0,0,0,0
10181,609,2026-06-01,0,0,0,0,0,0
10182,610,2025-07-01,0,6238,0,0,0,6238
10183,610,2025-08-01,6238,0,0,0,0,6238
10184,610,2025-09-01,6238,0,0,0,0,6238
10185,610,2025-10-01,6238,0,0,0,0,6238
10186,610,2025-11-01,6238,0,1499,0,0,7737
10187,610,2025-12-01,7737,0,0,0,0,7737
10188,610,2026-01-01,7737,0,0,0,0,7737
10189,610,2026-02-01,7737,0,0,0,7737,0
10190,610,2026-03-01,0,0,0,0,0,0
10191,610,2026-04-01,0,0,0,0,0,0
10192,610,2026-05-01,0,0,0,0,0,0
10193,610,2026-06-01,0,0,0,0,0,0
10194,611,2025-04-01,0,54470,0,0,0,54470
10195,611,2025-05-01,54470,0,0,0,0,54470
10196,611,2025-06-01,54470,0,0,0,54470,0
10197,611,2025-07-01,0,0,0,0,0,0
10198,611,2025-08-01,0,0,0,0,0,0
10199,611,2025-09-01,0,0,0,0,0,0
10200,611,2025-10-01,0,0,0,0,0,0
10201,611,2025-11-01,0,0,0,0,0,0
10202,611,2025-12-01,0,0,0,0,0,0
10203,611,2026-01-01,0,0,0,0,0,0
10204,611,2026-02-01,0,0,0,0,0,0
10205,611,2026-03-01,0,0,0,0,0,0
10206,611,2026-04-01,0,0,0,0,0,0
10207,611,2026-05-01,0,0,0,0,0,0
10208,611,2026-06-01,0,0,0,0,0,0
10209,612,2024-12-01,0,19501,0,0,0,19501
10210,612,2025-01-01,19501,0,0,0,0,19501
10211,612,2025-02-01,19501,0,0,0,0,19501
10212,612,2025-03-01,19501,0,0,0,0,19501
10213,612,2025-04-01,19501,0,0,0,0,19501
10214,612,2025-05-01,19501,0,0,0,0,19501
10215,612,2025-06-01,19501,0,0,0,0,19501
10216,612,2025-07-01,19501,0,0,0,0,19501
10217,612,2025-08-01,19501,0,4651,0,0,24152
10218,612,2025-09-01,24152,0,0,0,0,24152
10219,612,2025-10-01,24152,0,0,0,0,24152
10220,612,2025-11-01,24152,0,0,0,0,24152
10221,612,2025-12-01,24152,0,0,0,0,24152
10222,612,2026-01-01,24152,0,0,0,0,24152
10223,612,2026-02-01,24152,0,7129,0,0,31281
10224,612,2026-03-01,31281,0,0,0,0,31281
10225,612,2026-04-01,31281,0,0,0,0,31281
10226,612,2026-05-01,31281,0,5188,0,0,36469
10227,612,2026-06-01,36469,0,0,0,0,36469
10228,613,2024-07-01,0,19838,0,0,0,19838
10229,613,2024-08-01,19838,0,0,0,0,19838
10230,613,2024-09-01,19838,0,0,0,0,19838
10231,613,2024-10-01,19838,0,0,0,0,19838
10232,613,2024-11-01,19838,0,0,0,0,19838
10233,613,2024-12-01,19838,0,0,0,0,19838
10234,613,2025-01-01,19838,0,0,0,0,19838
10235,613,2025-02-01,19838,0,0,0,0,19838
10236,613,2025-03-01,19838,0,0,0,0,19838
10237,613,2025-04-01,19838,0,2569,0,0,22407
10238,613,2025-05-01,22407,0,6334,0,0,28741
10239,613,2025-06-01,28741,0,0,0,0,28741
10240,613,2025-07-01,28741,0,0,0,0,28741
10241,613,2025-08-01,28741,0,8402,0,0,37143
10242,613,2025-09-01,37143,0,0,0,37143,0
10243,613,2025-10-01,0,0,0,0,0,0
10244,613,2025-11-01,0,0,0,0,0,0
10245,613,2025-12-01,0,0,0,0,0,0
10246,613,2026-01-01,0,0,0,0,0,0
10247,613,2026-02-01,0,0,0,0,0,0
10248,613,2026-03-01,0,0,0,0,0,0
10249,613,2026-04-01,0,0,0,0,0,0
10250,613,2026-05-01,0,0,0,0,0,0
10251,613,2026-06-01,0,0,0,0,0,0
10252,614,2025-07-01,0,72878,0,0,0,72878
10253,614,2025-08-01,72878,0,0,0,0,72878
10254,614,2025-09-01,72878,0,0,0,0,72878
10255,614,2025-10-01,72878,0,0,0,72878,0
10256,614,2025-11-01,0,0,0,0,0,0
10257,614,2025-12-01,0,0,0,0,0,0
10258,614,2026-01-01,0,0,0,0,0,0
10259,614,2026-02-01,0,0,0,0,0,0
10260,614,2026-03-01,0,0,0,0,0,0
10261,614,2026-04-01,0,0,0,0,0,0
10262,614,2026-05-01,0,0,0,0,0,0
10263,614,2026-06-01,0,0,0,0,0,0
10264,615,2024-11-01,0,5152,0,0,0,5152
10265,615,2024-12-01,5152,0,0,0,0,5152
10266,615,2025-01-01,5152,0,0,0,0,5152
10267,615,2025-02-01,5152,0,0,0,0,5152
10268,615,2025-03-01,5152,0,0,0,0,5152
10269,615,2025-04-01,5152,0,0,0,0,5152
10270,615,2025-05-01,5152,0,0,0,0,5152
10271,615,2025-06-01,5152,0,0,0,0,5152
10272,615,2025-07-01,5152,0,0,0,0,5152
10273,615,2025-08-01,5152,0,0,0,0,5152
10274,615,2025-09-01,5152,0,0,0,0,5152
10275,615,2025-10-01,5152,0,0,0,0,5152
10276,615,2025-11-01,5152,0,0,0,0,5152
10277,615,2025-12-01,5152,0,0,0,0,5152
10278,615,2026-01-01,5152,0,0,0,0,5152
10279,615,2026-02-01,5152,0,0,0,0,5152
10280,615,2026-03-01,5152,0,0,0,0,5152
10281,615,2026-04-01,5152,0,0,0,0,5152
10282,615,2026-05-01,5152,0,0,1149,0,4003
10283,615,2026-06-01,4003,0,0,0,0,4003
10284,616,2025-05-01,0,13160,0,0,0,13160
10285,616,2025-06-01,13160,0,0,0,0,13160
10286,616,2025-07-01,13160,0,0,0,0,13160
10287,616,2025-08-01,13160,0,2633,0,0,15793
10288,616,2025-09-01,15793,0,0,0,0,15793
10289,616,2025-10-01,15793,0,0,0,0,15793
10290,616,2025-11-01,15793,0,0,0,0,15793
10291,616,2025-12-01,15793,0,0,0,0,15793
10292,616,2026-01-01,15793,0,0,0,0,15793
10293,616,2026-02-01,15793,0,0,0,0,15793
10294,616,2026-03-01,15793,0,0,0,0,15793
10295,616,2026-04-01,15793,0,0,0,0,15793
10296,616,2026-05-01,15793,0,0,3457,0,12336
10297,616,2026-06-01,12336,0,0,0,0,12336
10298,617,2024-12-01,0,37128,0,0,0,37128
10299,617,2025-01-01,37128,0,0,0,0,37128
10300,617,2025-02-01,37128,0,11099,0,0,48227
10301,617,2025-03-01,48227,0,0,5877,0,42350
10302,617,2025-04-01,42350,0,0,0,0,42350
10303,617,2025-05-01,42350,0,0,0,0,42350
10304,617,2025-06-01,42350,0,0,0,0,42350
10305,617,2025-07-01,42350,0,0,0,0,42350
10306,617,2025-08-01,42350,0,0,0,0,42350
10307,617,2025-09-01,42350,0,0,0,0,42350
10308,617,2025-10-01,42350,0,0,0,0,42350
10309,617,2025-11-01,42350,0,0,0,0,42350
10310,617,2025-12-01,42350,0,0,0,42350,0
10311,617,2026-01-01,0,0,0,0,0,0
10312,617,2026-02-01,0,0,0,0,0,0
10313,617,2026-03-01,0,0,0,0,0,0
10314,617,2026-04-01,0,0,0,0,0,0
10315,617,2026-05-01,0,0,0,0,0,0
10316,617,2026-06-01,0,0,0,0,0,0
10317,618,2024-07-01,0,43551,0,0,0,43551
10318,618,2024-08-01,43551,0,0,0,0,43551
10319,618,2024-09-01,43551,0,0,0,0,43551
10320,618,2024-10-01,43551,0,0,0,0,43551
10321,618,2024-11-01,43551,0,0,0,0,43551
10322,618,2024-12-01,43551,0,0,0,0,43551
10323,618,2025-01-01,43551,0,9854,0,0,53405
10324,618,2025-02-01,53405,0,0,10777,0,42628
10325,618,2025-03-01,42628,0,0,0,0,42628
10326,618,2025-04-01,42628,0,0,0,42628,0
10327,618,2025-05-01,0,0,0,0,0,0
10328,618,2025-06-01,0,0,0,0,0,0
10329,618,2025-07-01,0,0,0,0,0,0
10330,618,2025-08-01,0,0,0,0,0,0
10331,618,2025-09-01,0,0,0,0,0,0
10332,618,2025-10-01,0,0,0,0,0,0
10333,618,2025-11-01,0,0,0,0,0,0
10334,618,2025-12-01,0,0,0,0,0,0
10335,618,2026-01-01,0,0,0,0,0,0
10336,618,2026-02-01,0,0,0,0,0,0
10337,618,2026-03-01,0,0,0,0,0,0
10338,618,2026-04-01,0,0,0,0,0,0
10339,618,2026-05-01,0,0,0,0,0,0
10340,618,2026-06-01,0,0,0,0,0,0
10341,619,2024-06-01,0,11143,0,0,0,11143
10342,619,2024-07-01,11143,0,0,0,11143,0
10343,619,2024-08-01,0,0,0,0,0,0
10344,619,2024-09-01,0,0,0,0,0,0
10345,619,2024-10-01,0,0,0,0,0,0
10346,619,2024-11-01,0,0,0,0,0,0
10347,619,2024-12-01,0,0,0,0,0,0
10348,619,2025-01-01,0,0,0,0,0,0
10349,619,2025-02-01,0,0,0,0,0,0
10350,619,2025-03-01,0,0,0,0,0,0
10351,619,2025-04-01,0,0,0,0,0,0
10352,619,2025-05-01,0,0,0,0,0,0
10353,619,2025-06-01,0,0,0,0,0,0
10354,619,2025-07-01,0,0,0,0,0,0
10355,619,2025-08-01,0,0,0,0,0,0
10356,619,2025-09-01,0,0,0,0,0,0
10357,619,2025-10-01,0,0,0,0,0,0
10358,619,2025-11-01,0,0,0,0,0,0
10359,619,2025-12-01,0,0,0,0,0,0
10360,619,2026-01-01,0,0,0,0,0,0
10361,619,2026-02-01,0,0,0,0,0,0
10362,619,2026-03-01,0,0,0,0,0,0
10363,619,2026-04-01,0,0,0,0,0,0
10364,619,2026-05-01,0,0,0,0,0,0
10365,619,2026-06-01,0,0,0,0,0,0
10366,620,2025-01-01,0,18351,0,0,0,18351
10367,620,2025-02-01,18351,0,0,1844,0,16507
10368,620,2025-03-01,16507,0,0,0,0,16507
10369,620,2025-04-01,16507,0,0,0,0,16507
10370,620,2025-05-01,16507,0,0,0,0,16507
10371,620,2025-06-01,16507,0,0,0,0,16507
10372,620,2025-07-01,16507,0,0,0,0,16507
10373,620,2025-08-01,16507,0,0,0,0,16507
10374,620,2025-09-01,16507,0,0,0,0,16507
10375,620,2025-10-01,16507,0,0,0,0,16507
10376,620,2025-11-01,16507,0,0,0,0,16507
10377,620,2025-12-01,16507,0,0,0,0,16507
10378,620,2026-01-01,16507,0,0,0,0,16507
10379,620,2026-02-01,16507,0,0,0,0,16507
10380,620,2026-03-01,16507,0,4108,0,0,20615
10381,620,2026-04-01,20615,0,0,0,0,20615
10382,620,2026-05-01,20615,0,0,0,0,20615
10383,620,2026-06-01,20615,0,0,0,0,20615
10384,621,2025-11-01,0,18137,0,0,0,18137
10385,621,2025-12-01,18137,0,0,0,0,18137
10386,621,2026-01-01,18137,0,0,0,0,18137
10387,621,2026-02-01,18137,0,0,0,0,18137
10388,621,2026-03-01,18137,0,5014,0,0,23151
10389,621,2026-04-01,23151,0,0,0,0,23151
10390,621,2026-05-01,23151,0,0,0,0,23151
10391,621,2026-06-01,23151,0,0,0,0,23151
10392,622,2025-04-01,0,7704,0,0,0,7704
10393,622,2025-05-01,7704,0,0,0,0,7704
10394,622,2025-06-01,7704,0,0,0,0,7704
10395,622,2025-07-01,7704,0,0,0,0,7704
10396,622,2025-08-01,7704,0,0,0,0,7704
10397,622,2025-09-01,7704,0,0,0,0,7704
10398,622,2025-10-01,7704,0,0,0,0,7704
10399,622,2025-11-01,7704,0,0,0,0,7704
10400,622,2025-12-01,7704,0,0,0,0,7704
10401,622,2026-01-01,7704,0,0,1614,0,6090
10402,622,2026-02-01,6090,0,0,0,0,6090
10403,622,2026-03-01,6090,0,0,0,0,6090
10404,622,2026-04-01,6090,0,0,0,0,6090
10405,622,2026-05-01,6090,0,0,0,0,6090
10406,622,2026-06-01,6090,0,0,0,0,6090
10407,623,2024-10-01,0,20266,0,0,0,20266
10408,623,2024-11-01,20266,0,0,0,0,20266
10409,623,2024-12-01,20266,0,5369,0,0,25635
10410,623,2025-01-01,25635,0,0,0,0,25635
10411,623,2025-02-01,25635,0,0,0,0,25635
10412,623,2025-03-01,25635,0,0,0,0,25635
10413,623,2025-04-01,25635,0,0,0,0,25635
10414,623,2025-05-01,25635,0,0,0,0,25635
10415,623,2025-06-01,25635,0,0,0,0,25635
10416,623,2025-07-01,25635,0,0,0,0,25635
10417,623,2025-08-01,25635,0,0,0,0,25635
10418,623,2025-09-01,25635,0,0,0,0,25635
10419,623,2025-10-01,25635,0,0,0,0,25635
10420,623,2025-11-01,25635,0,0,0,0,25635
10421,623,2025-12-01,25635,0,0,0,0,25635
10422,623,2026-01-01,25635,0,0,3979,0,21656
10423,623,2026-02-01,21656,0,3688,0,0,25344
10424,623,2026-03-01,25344,0,0,0,0,25344
10425,623,2026-04-01,25344,0,0,0,0,25344
10426,623,2026-05-01,25344,0,0,0,0,25344
10427,623,2026-06-01,25344,0,0,0,0,25344
10428,624,2024-07-01,0,11608,0,0,0,11608
10429,624,2024-08-01,11608,0,0,0,0,11608
10430,624,2024-09-01,11608,0,0,0,0,11608
10431,624,2024-10-01,11608,0,0,0,0,11608
10432,624,2024-11-01,11608,0,0,0,0,11608
10433,624,2024-12-01,11608,0,0,0,0,11608
10434,624,2025-01-01,11608,0,0,0,0,11608
10435,624,2025-02-01,11608,0,0,0,0,11608
10436,624,2025-03-01,11608,0,0,0,0,11608
10437,624,2025-04-01,11608,0,0,0,0,11608
10438,624,2025-05-01,11608,0,0,0,0,11608
10439,624,2025-06-01,11608,0,0,0,0,11608
10440,624,2025-07-01,11608,0,0,0,0,11608
10441,624,2025-08-01,11608,0,0,0,0,11608
10442,624,2025-09-01,11608,0,0,0,0,11608
10443,624,2025-10-01,11608,0,0,0,0,11608
10444,624,2025-11-01,11608,0,0,0,0,11608
10445,624,2025-12-01,11608,0,2373,0,0,13981
10446,624,2026-01-01,13981,0,0,0,0,13981
10447,624,2026-02-01,13981,0,0,0,0,13981
10448,624,2026-03-01,13981,0,2632,0,0,16613
10449,624,2026-04-01,16613,0,0,0,0,16613
10450,624,2026-05-01,16613,0,0,0,0,16613
10451,624,2026-06-01,16613,0,0,0,0,16613
10452,625,2025-09-01,0,4668,0,0,0,4668
10453,625,2025-10-01,4668,0,0,0,0,4668
10454,625,2025-11-01,4668,0,0,0,0,4668
10455,625,2025-12-01,4668,0,0,0,0,4668
10456,625,2026-01-01,4668,0,0,0,0,4668
10457,625,2026-02-01,4668,0,0,0,0,4668
10458,625,2026-03-01,4668,0,0,0,4668,0
10459,625,2026-04-01,0,0,0,0,0,0
10460,625,2026-05-01,0,0,0,0,0,0
10461,625,2026-06-01,0,0,0,0,0,0
10462,626,2024-12-01,0,61298,0,0,0,61298
10463,626,2025-01-01,61298,0,0,14995,0,46303
10464,626,2025-02-01,46303,0,0,0,0,46303
10465,626,2025-03-01,46303,0,0,0,0,46303
10466,626,2025-04-01,46303,0,6067,0,0,52370
10467,626,2025-05-01,52370,0,0,0,0,52370
10468,626,2025-06-01,52370,0,0,0,0,52370
10469,626,2025-07-01,52370,0,0,0,0,52370
10470,626,2025-08-01,52370,0,0,0,0,52370
10471,626,2025-09-01,52370,0,0,0,0,52370
10472,626,2025-10-01,52370,0,0,0,0,52370
10473,626,2025-11-01,52370,0,0,0,0,52370
10474,626,2025-12-01,52370,0,0,0,0,52370
10475,626,2026-01-01,52370,0,0,0,0,52370
10476,626,2026-02-01,52370,0,8055,0,0,60425
10477,626,2026-03-01,60425,0,0,0,0,60425
10478,626,2026-04-01,60425,0,0,0,60425,0
10479,626,2026-05-01,0,0,0,0,0,0
10480,626,2026-06-01,0,0,0,0,0,0
10481,627,2024-06-01,0,23843,0,0,0,23843
10482,627,2024-07-01,23843,0,0,0,0,23843
10483,627,2024-08-01,23843,0,0,0,0,23843
10484,627,2024-09-01,23843,0,0,0,0,23843
10485,627,2024-10-01,23843,0,0,0,0,23843
10486,627,2024-11-01,23843,0,0,0,0,23843
10487,627,2024-12-01,23843,0,0,0,0,23843
10488,627,2025-01-01,23843,0,0,0,0,23843
10489,627,2025-02-01,23843,0,3807,0,0,27650
10490,627,2025-03-01,27650,0,0,0,0,27650
10491,627,2025-04-01,27650,0,0,0,0,27650
10492,627,2025-05-01,27650,0,0,0,0,27650
10493,627,2025-06-01,27650,0,0,0,0,27650
10494,627,2025-07-01,27650,0,0,0,0,27650
10495,627,2025-08-01,27650,0,0,0,0,27650
10496,627,2025-09-01,27650,0,0,6251,0,21399
10497,627,2025-10-01,21399,0,0,0,0,21399
10498,627,2025-11-01,21399,0,0,0,0,21399
10499,627,2025-12-01,21399,0,0,0,0,21399
10500,627,2026-01-01,21399,0,0,0,0,21399
10501,627,2026-02-01,21399,0,0,0,0,21399
10502,627,2026-03-01,21399,0,0,0,0,21399
10503,627,2026-04-01,21399,0,0,0,0,21399
10504,627,2026-05-01,21399,0,0,0,0,21399
10505,627,2026-06-01,21399,0,3724,0,0,25123
10506,628,2025-04-01,0,17927,0,0,0,17927
10507,628,2025-05-01,17927,0,0,0,0,17927
10508,628,2025-06-01,17927,0,0,0,0,17927
10509,628,2025-07-01,17927,0,0,0,0,17927
10510,628,2025-08-01,17927,0,0,0,0,17927
10511,628,2025-09-01,17927,0,0,0,17927,0
10512,628,2025-10-01,0,0,0,0,0,0
10513,628,2025-11-01,0,0,0,0,0,0
10514,628,2025-12-01,0,0,0,0,0,0
10515,628,2026-01-01,0,0,0,0,0,0
10516,628,2026-02-01,0,0,0,0,0,0
10517,628,2026-03-01,0,0,0,0,0,0
10518,628,2026-04-01,0,0,0,0,0,0
10519,628,2026-05-01,0,0,0,0,0,0
10520,628,2026-06-01,0,0,0,0,0,0
10521,629,2024-08-01,0,24182,0,0,0,24182
10522,629,2024-09-01,24182,0,0,3528,0,20654
10523,629,2024-10-01,20654,0,0,0,0,20654
10524,629,2024-11-01,20654,0,0,3642,0,17012
10525,629,2024-12-01,17012,0,0,2868,0,14144
10526,629,2025-01-01,14144,0,0,0,14144,0
10527,629,2025-02-01,0,0,0,0,0,0
10528,629,2025-03-01,0,0,0,0,0,0
10529,629,2025-04-01,0,0,0,0,0,0
10530,629,2025-05-01,0,0,0,0,0,0
10531,629,2025-06-01,0,0,0,0,0,0
10532,629,2025-07-01,0,0,0,0,0,0
10533,629,2025-08-01,0,0,0,0,0,0
10534,629,2025-09-01,0,0,0,0,0,0
10535,629,2025-10-01,0,0,0,0,0,0
10536,629,2025-11-01,0,0,0,0,0,0
10537,629,2025-12-01,0,0,0,0,0,0
10538,629,2026-01-01,0,0,0,0,0,0
10539,629,2026-02-01,0,0,0,0,0,0
10540,629,2026-03-01,0,0,0,0,0,0
10541,629,2026-04-01,0,0,0,0,0,0
10542,629,2026-05-01,0,0,0,0,0,0
10543,629,2026-06-01,0,0,0,0,0,0
10544,630,2024-05-01,0,19674,0,0,0,19674
10545,630,2024-06-01,19674,0,0,0,0,19674
10546,630,2024-07-01,19674,0,0,0,0,19674
10547,630,2024-08-01,19674,0,3235,0,0,22909
10548,630,2024-09-01,22909,0,0,0,0,22909
10549,630,2024-10-01,22909,0,0,0,0,22909
10550,630,2024-11-01,22909,0,0,0,0,22909
10551,630,2024-12-01,22909,0,0,0,0,22909
10552,630,2025-01-01,22909,0,0,0,0,22909
10553,630,2025-02-01,22909,0,0,0,0,22909
10554,630,2025-03-01,22909,0,0,0,0,22909
10555,630,2025-04-01,22909,0,0,0,0,22909
10556,630,2025-05-01,22909,0,0,0,22909,0
10557,630,2025-06-01,0,0,0,0,0,0
10558,630,2025-07-01,0,0,0,0,0,0
10559,630,2025-08-01,0,0,0,0,0,0
10560,630,2025-09-01,0,0,0,0,0,0
10561,630,2025-10-01,0,0,0,0,0,0
10562,630,2025-11-01,0,0,0,0,0,0
10563,630,2025-12-01,0,0,0,0,0,0
10564,630,2026-01-01,0,0,0,0,0,0
10565,630,2026-02-01,0,0,0,0,0,0
10566,630,2026-03-01,0,0,0,0,0,0
10567,630,2026-04-01,0,0,0,0,0,0
10568,630,2026-05-01,0,0,0,0,0,0
10569,630,2026-06-01,0,0,0,0,0,0
10570,631,2025-08-01,0,7113,0,0,0,7113
10571,631,2025-09-01,7113,0,0,0,0,7113
10572,631,2025-10-01,7113,0,0,0,0,7113
10573,631,2025-11-01,7113,0,0,1420,0,5693
10574,631,2025-12-01,5693,0,0,0,0,5693
10575,631,2026-01-01,5693,0,0,0,0,5693
10576,631,2026-02-01,5693,0,0,0,0,5693
10577,631,2026-03-01,5693,0,0,0,5693,0
10578,631,2026-04-01,0,0,0,0,0,0
10579,631,2026-05-01,0,0,0,0,0,0
10580,631,2026-06-01,0,0,0,0,0,0
10581,632,2025-11-01,0,13264,0,0,0,13264
10582,632,2025-12-01,13264,0,0,0,0,13264
10583,632,2026-01-01,13264,0,0,0,0,13264
10584,632,2026-02-01,13264,0,0,2481,0,10783
10585,632,2026-03-01,10783,0,0,0,0,10783
10586,632,2026-04-01,10783,0,2340,0,0,13123
10587,632,2026-05-01,13123,0,0,0,0,13123
10588,632,2026-06-01,13123,0,0,0,0,13123
10589,633,2024-05-01,0,4577,0,0,0,4577
10590,633,2024-06-01,4577,0,0,0,0,4577
10591,633,2024-07-01,4577,0,504,0,0,5081
10592,633,2024-08-01,5081,0,0,0,0,5081
10593,633,2024-09-01,5081,0,0,0,0,5081
10594,633,2024-10-01,5081,0,0,0,0,5081
10595,633,2024-11-01,5081,0,0,0,0,5081
10596,633,2024-12-01,5081,0,0,0,0,5081
10597,633,2025-01-01,5081,0,913,0,0,5994
10598,633,2025-02-01,5994,0,0,0,0,5994
10599,633,2025-03-01,5994,0,0,0,0,5994
10600,633,2025-04-01,5994,0,0,0,0,5994
10601,633,2025-05-01,5994,0,0,0,0,5994
10602,633,2025-06-01,5994,0,0,0,0,5994
10603,633,2025-07-01,5994,0,0,0,0,5994
10604,633,2025-08-01,5994,0,937,0,0,6931
10605,633,2025-09-01,6931,0,0,0,0,6931
10606,633,2025-10-01,6931,0,0,0,0,6931
10607,633,2025-11-01,6931,0,0,0,0,6931
10608,633,2025-12-01,6931,0,0,0,0,6931
10609,633,2026-01-01,6931,0,0,0,0,6931
10610,633,2026-02-01,6931,0,0,0,0,6931
10611,633,2026-03-01,6931,0,1121,0,0,8052
10612,633,2026-04-01,8052,0,0,0,0,8052
10613,633,2026-05-01,8052,0,0,0,0,8052
10614,633,2026-06-01,8052,0,0,0,0,8052
10615,634,2025-10-01,0,9248,0,0,0,9248
10616,634,2025-11-01,9248,0,0,1344,0,7904
10617,634,2025-12-01,7904,0,0,0,0,7904
10618,634,2026-01-01,7904,0,0,0,0,7904
10619,634,2026-02-01,7904,0,0,0,0,7904
10620,634,2026-03-01,7904,0,0,0,0,7904
10621,634,2026-04-01,7904,0,0,0,0,7904
10622,634,2026-05-01,7904,0,0,0,7904,0
10623,634,2026-06-01,0,0,0,0,0,0
10624,635,2026-02-01,0,4220,0,0,0,4220
10625,635,2026-03-01,4220,0,0,0,0,4220
10626,635,2026-04-01,4220,0,0,0,0,4220
10627,635,2026-05-01,4220,0,0,0,0,4220
10628,635,2026-06-01,4220,0,0,0,0,4220
10629,636,2025-06-01,0,7711,0,0,0,7711
10630,636,2025-07-01,7711,0,0,0,0,7711
10631,636,2025-08-01,7711,0,2305,0,0,10016
10632,636,2025-09-01,10016,0,0,0,0,10016
10633,636,2025-10-01,10016,0,0,0,0,10016
10634,636,2025-11-01,10016,0,0,0,0,10016
10635,636,2025-12-01,10016,0,0,0,0,10016
10636,636,2026-01-01,10016,0,0,0,0,10016
10637,636,2026-02-01,10016,0,0,0,0,10016
10638,636,2026-03-01,10016,0,0,0,0,10016
10639,636,2026-04-01,10016,0,0,0,0,10016
10640,636,2026-05-01,10016,0,0,0,10016,0
10641,636,2026-06-01,0,0,0,0,0,0
10642,637,2025-03-01,0,8993,0,0,0,8993
10643,637,2025-04-01,8993,0,0,0,0,8993
10644,637,2025-05-01,8993,0,0,2125,0,6868
10645,637,2025-06-01,6868,0,0,0,0,6868
10646,637,2025-07-01,6868,0,0,0,0,6868
10647,637,2025-08-01,6868,0,0,0,0,6868
10648,637,2025-09-01,6868,0,0,0,0,6868
10649,637,2025-10-01,6868,0,0,0,0,6868
10650,637,2025-11-01,6868,0,0,0,0,6868
10651,637,2025-12-01,6868,0,0,0,0,6868
10652,637,2026-01-01,6868,0,0,0,6868,0
10653,637,2026-02-01,0,0,0,0,0,0
10654,637,2026-03-01,0,0,0,0,0,0
10655,637,2026-04-01,0,0,0,0,0,0
10656,637,2026-05-01,0,0,0,0,0,0
10657,637,2026-06-01,0,0,0,0,0,0
10658,638,2025-04-01,0,9487,0,0,0,9487
10659,638,2025-05-01,9487,0,0,0,0,9487
10660,638,2025-06-01,9487,0,0,0,0,9487
10661,638,2025-07-01,9487,0,0,0,0,9487
10662,638,2025-08-01,9487,0,0,0,0,9487
10663,638,2025-09-01,9487,0,0,0,0,9487
10664,638,2025-10-01,9487,0,0,0,0,9487
10665,638,2025-11-01,9487,0,0,0,0,9487
10666,638,2025-12-01,9487,0,0,0,0,9487
10667,638,2026-01-01,9487,0,0,0,0,9487
10668,638,2026-02-01,9487,0,0,0,0,9487
10669,638,2026-03-01,9487,0,0,0,0,9487
10670,638,2026-04-01,9487,0,0,1133,0,8354
10671,638,2026-05-01,8354,0,0,0,0,8354
10672,638,2026-06-01,8354,0,0,0,0,8354
10673,639,2024-02-01,0,5588,0,0,0,5588
10674,639,2024-03-01,5588,0,0,0,0,5588
10675,639,2024-04-01,5588,0,1597,0,0,7185
10676,639,2024-05-01,7185,0,0,0,0,7185
10677,639,2024-06-01,7185,0,0,0,0,7185
10678,639,2024-07-01,7185,0,0,0,0,7185
10679,639,2024-08-01,7185,0,2017,0,0,9202
10680,639,2024-09-01,9202,0,0,0,0,9202
10681,639,2024-10-01,9202,0,0,0,0,9202
10682,639,2024-11-01,9202,0,0,0,0,9202
10683,639,2024-12-01,9202,0,0,0,0,9202
10684,639,2025-01-01,9202,0,0,0,9202,0
10685,639,2025-02-01,0,0,0,0,0,0
10686,639,2025-03-01,0,0,0,0,0,0
10687,639,2025-04-01,0,0,0,0,0,0
10688,639,2025-05-01,0,0,0,0,0,0
10689,639,2025-06-01,0,0,0,0,0,0
10690,639,2025-07-01,0,0,0,0,0,0
10691,639,2025-08-01,0,0,0,0,0,0
10692,639,2025-09-01,0,0,0,0,0,0
10693,639,2025-10-01,0,0,0,0,0,0
10694,639,2025-11-01,0,0,0,0,0,0
10695,639,2025-12-01,0,0,0,0,0,0
10696,639,2026-01-01,0,0,0,0,0,0
10697,639,2026-02-01,0,0,0,0,0,0
10698,639,2026-03-01,0,0,0,0,0,0
10699,639,2026-04-01,0,0,0,0,0,0
10700,639,2026-05-01,0,0,0,0,0,0
10701,639,2026-06-01,0,0,0,0,0,0
10702,640,2025-05-01,0,3003,0,0,0,3003
10703,640,2025-06-01,3003,0,0,0,3003,0
10704,640,2025-07-01,0,0,0,0,0,0
10705,640,2025-08-01,0,0,0,0,0,0
10706,640,2025-09-01,0,0,0,0,0,0
10707,640,2025-10-01,0,0,0,0,0,0
10708,640,2025-11-01,0,0,0,0,0,0
10709,640,2025-12-01,0,0,0,0,0,0
10710,640,2026-01-01,0,0,0,0,0,0
10711,640,2026-02-01,0,0,0,0,0,0
10712,640,2026-03-01,0,0,0,0,0,0
10713,640,2026-04-01,0,0,0,0,0,0
10714,640,2026-05-01,0,0,0,0,0,0
10715,640,2026-06-01,0,0,0,0,0,0
10716,641,2026-06-01,0,68325,0,0,0,68325
10717,642,2025-05-01,0,9211,0,0,0,9211
10718,642,2025-06-01,9211,0,1191,0,0,10402
10719,642,2025-07-01,10402,0,0,1101,0,9301
10720,642,2025-08-01,9301,0,0,0,0,9301
10721,642,2025-09-01,9301,0,0,0,0,9301
10722,642,2025-10-01,9301,0,0,0,0,9301
10723,642,2025-11-01,9301,0,2706,0,0,12007
10724,642,2025-12-01,12007,0,0,0,0,12007
10725,642,2026-01-01,12007,0,0,0,0,12007
10726,642,2026-02-01,12007,0,0,0,0,12007
10727,642,2026-03-01,12007,0,0,0,0,12007
10728,642,2026-04-01,12007,0,1710,0,0,13717
10729,642,2026-05-01,13717,0,0,0,0,13717
10730,642,2026-06-01,13717,0,0,0,0,13717
10731,643,2024-04-01,0,10207,0,0,0,10207
10732,643,2024-05-01,10207,0,0,0,10207,0
10733,643,2024-06-01,0,0,0,0,0,0
10734,643,2024-07-01,0,0,0,0,0,0
10735,643,2024-08-01,0,0,0,0,0,0
10736,643,2024-09-01,0,0,0,0,0,0
10737,643,2024-10-01,0,0,0,0,0,0
10738,643,2024-11-01,0,0,0,0,0,0
10739,643,2024-12-01,0,0,0,0,0,0
10740,643,2025-01-01,0,0,0,0,0,0
10741,643,2025-02-01,0,0,0,0,0,0
10742,643,2025-03-01,0,0,0,0,0,0
10743,643,2025-04-01,0,0,0,0,0,0
10744,643,2025-05-01,0,0,0,0,0,0
10745,643,2025-06-01,0,0,0,0,0,0
10746,643,2025-07-01,0,0,0,0,0,0
10747,643,2025-08-01,0,0,0,0,0,0
10748,643,2025-09-01,0,0,0,0,0,0
10749,643,2025-10-01,0,0,0,0,0,0
10750,643,2025-11-01,0,0,0,0,0,0
10751,643,2025-12-01,0,0,0,0,0,0
10752,643,2026-01-01,0,0,0,0,0,0
10753,643,2026-02-01,0,0,0,0,0,0
10754,643,2026-03-01,0,0,0,0,0,0
10755,643,2026-04-01,0,0,0,0,0,0
10756,643,2026-05-01,0,0,0,0,0,0
10757,643,2026-06-01,0,0,0,0,0,0
10758,644,2024-06-01,0,11968,0,0,0,11968
10759,644,2024-07-01,11968,0,0,0,0,11968
10760,644,2024-08-01,11968,0,0,0,0,11968
10761,644,2024-09-01,11968,0,0,0,0,11968
10762,644,2024-10-01,11968,0,0,0,0,11968
10763,644,2024-11-01,11968,0,0,0,0,11968
10764,644,2024-12-01,11968,0,0,0,0,11968
10765,644,2025-01-01,11968,0,0,0,0,11968
10766,644,2025-02-01,11968,0,0,0,0,11968
10767,644,2025-03-01,11968,0,0,0,0,11968
10768,644,2025-04-01,11968,0,0,0,0,11968
10769,644,2025-05-01,11968,0,0,0,0,11968
10770,644,2025-06-01,11968,0,0,0,0,11968
10771,644,2025-07-01,11968,0,0,0,0,11968
10772,644,2025-08-01,11968,0,0,0,0,11968
10773,644,2025-09-01,11968,0,0,0,0,11968
10774,644,2025-10-01,11968,0,0,0,0,11968
10775,644,2025-11-01,11968,0,0,0,0,11968
10776,644,2025-12-01,11968,0,0,0,0,11968
10777,644,2026-01-01,11968,0,0,0,0,11968
10778,644,2026-02-01,11968,0,0,0,0,11968
10779,644,2026-03-01,11968,0,0,0,0,11968
10780,644,2026-04-01,11968,0,0,0,0,11968
10781,644,2026-05-01,11968,0,0,0,0,11968
10782,644,2026-06-01,11968,0,0,0,0,11968
10783,645,2025-09-01,0,7381,0,0,0,7381
10784,645,2025-10-01,7381,0,0,0,7381,0
10785,645,2025-11-01,0,0,0,0,0,0
10786,645,2025-12-01,0,0,0,0,0,0
10787,645,2026-01-01,0,0,0,0,0,0
10788,645,2026-02-01,0,0,0,0,0,0
10789,645,2026-03-01,0,0,0,0,0,0
10790,645,2026-04-01,0,0,0,0,0,0
10791,645,2026-05-01,0,0,0,0,0,0
10792,645,2026-06-01,0,0,0,0,0,0
10793,646,2025-01-01,0,3707,0,0,0,3707
10794,646,2025-02-01,3707,0,0,0,0,3707
10795,646,2025-03-01,3707,0,0,0,0,3707
10796,646,2025-04-01,3707,0,0,0,0,3707
10797,646,2025-05-01,3707,0,0,0,0,3707
10798,646,2025-06-01,3707,0,0,0,0,3707
10799,646,2025-07-01,3707,0,0,0,0,3707
10800,646,2025-08-01,3707,0,0,0,0,3707
10801,646,2025-09-01,3707,0,0,0,0,3707
10802,646,2025-10-01,3707,0,0,0,0,3707
10803,646,2025-11-01,3707,0,0,0,0,3707
10804,646,2025-12-01,3707,0,0,0,0,3707
10805,646,2026-01-01,3707,0,1065,0,0,4772
10806,646,2026-02-01,4772,0,0,0,0,4772
10807,646,2026-03-01,4772,0,0,0,0,4772
10808,646,2026-04-01,4772,0,0,0,0,4772
10809,646,2026-05-01,4772,0,0,0,0,4772
10810,646,2026-06-01,4772,0,0,0,0,4772
10811,647,2025-10-01,0,6460,0,0,0,6460
10812,647,2025-11-01,6460,0,0,0,0,6460
10813,647,2025-12-01,6460,0,0,0,0,6460
10814,647,2026-01-01,6460,0,0,0,0,6460
10815,647,2026-02-01,6460,0,0,0,0,6460
10816,647,2026-03-01,6460,0,0,0,0,6460
10817,647,2026-04-01,6460,0,0,0,0,6460
10818,647,2026-05-01,6460,0,0,0,6460,0
10819,647,2026-06-01,0,0,0,0,0,0
10820,648,2025-07-01,0,6903,0,0,0,6903
10821,648,2025-08-01,6903,0,0,0,0,6903
10822,648,2025-09-01,6903,0,0,0,0,6903
10823,648,2025-10-01,6903,0,936,0,0,7839
10824,648,2025-11-01,7839,0,0,0,0,7839
10825,648,2025-12-01,7839,0,0,0,0,7839
10826,648,2026-01-01,7839,0,0,0,0,7839
10827,648,2026-02-01,7839,0,0,0,0,7839
10828,648,2026-03-01,7839,0,0,0,0,7839
10829,648,2026-04-01,7839,0,0,0,0,7839
10830,648,2026-05-01,7839,0,0,0,0,7839
10831,648,2026-06-01,7839,0,0,0,0,7839
10832,649,2024-12-01,0,35499,0,0,0,35499
10833,649,2025-01-01,35499,0,0,5318,0,30181
10834,649,2025-02-01,30181,0,0,0,0,30181
10835,649,2025-03-01,30181,0,0,0,0,30181
10836,649,2025-04-01,30181,0,0,7133,0,23048
10837,649,2025-05-01,23048,0,0,0,0,23048
10838,649,2025-06-01,23048,0,0,2904,0,20144
10839,649,2025-07-01,20144,0,0,0,0,20144
10840,649,2025-08-01,20144,0,0,0,20144,0
10841,649,2025-09-01,0,0,0,0,0,0
10842,649,2025-10-01,0,0,0,0,0,0
10843,649,2025-11-01,0,0,0,0,0,0
10844,649,2025-12-01,0,0,0,0,0,0
10845,649,2026-01-01,0,0,0,0,0,0
10846,649,2026-02-01,0,0,0,0,0,0
10847,649,2026-03-01,0,0,0,0,0,0
10848,649,2026-04-01,0,0,0,0,0,0
10849,649,2026-05-01,0,0,0,0,0,0
10850,649,2026-06-01,0,0,0,0,0,0
10851,650,2024-06-01,0,15458,0,0,0,15458
10852,650,2024-07-01,15458,0,0,0,15458,0
10853,650,2024-08-01,0,0,0,0,0,0
10854,650,2024-09-01,0,0,0,0,0,0
10855,650,2024-10-01,0,0,0,0,0,0
10856,650,2024-11-01,0,0,0,0,0,0
10857,650,2024-12-01,0,0,0,0,0,0
10858,650,2025-01-01,0,0,0,0,0,0
10859,650,2025-02-01,0,0,0,0,0,0
10860,650,2025-03-01,0,0,0,0,0,0
10861,650,2025-04-01,0,0,0,0,0,0
10862,650,2025-05-01,0,0,0,0,0,0
10863,650,2025-06-01,0,0,0,0,0,0
10864,650,2025-07-01,0,0,0,0,0,0
10865,650,2025-08-01,0,0,0,0,0,0
10866,650,2025-09-01,0,0,0,0,0,0
10867,650,2025-10-01,0,0,0,0,0,0
10868,650,2025-11-01,0,0,0,0,0,0
10869,650,2025-12-01,0,0,0,0,0,0
10870,650,2026-01-01,0,0,0,0,0,0
10871,650,2026-02-01,0,0,0,0,0,0
10872,650,2026-03-01,0,0,0,0,0,0
10873,650,2026-04-01,0,0,0,0,0,0
10874,650,2026-05-01,0,0,0,0,0,0
10875,650,2026-06-01,0,0,0,0,0,0
10876,651,2026-02-01,0,17414,0,0,0,17414
10877,651,2026-03-01,17414,0,0,0,0,17414
10878,651,2026-04-01,17414,0,0,0,0,17414
10879,651,2026-05-01,17414,0,0,0,0,17414
10880,651,2026-06-01,17414,0,0,0,0,17414
10881,652,2024-12-01,0,3560,0,0,0,3560
10882,652,2025-01-01,3560,0,0,0,0,3560
10883,652,2025-02-01,3560,0,0,0,0,3560
10884,652,2025-03-01,3560,0,0,0,0,3560
10885,652,2025-04-01,3560,0,0,0,0,3560
10886,652,2025-05-01,3560,0,0,0,0,3560
10887,652,2025-06-01,3560,0,0,811,0,2749
10888,652,2025-07-01,2749,0,0,0,0,2749
10889,652,2025-08-01,2749,0,0,0,0,2749
10890,652,2025-09-01,2749,0,0,0,0,2749
10891,652,2025-10-01,2749,0,0,0,0,2749
10892,652,2025-11-01,2749,0,0,0,0,2749
10893,652,2025-12-01,2749,0,0,0,0,2749
10894,652,2026-01-01,2749,0,0,0,0,2749
10895,652,2026-02-01,2749,0,0,0,0,2749
10896,652,2026-03-01,2749,0,0,0,0,2749
10897,652,2026-04-01,2749,0,0,0,0,2749
10898,652,2026-05-01,2749,0,0,0,0,2749
10899,652,2026-06-01,2749,0,0,0,0,2749
10900,653,2025-11-01,0,5596,0,0,0,5596
10901,653,2025-12-01,5596,0,0,0,5596,0
10902,653,2026-01-01,0,0,0,0,0,0
10903,653,2026-02-01,0,0,0,0,0,0
10904,653,2026-03-01,0,0,0,0,0,0
10905,653,2026-04-01,0,0,0,0,0,0
10906,653,2026-05-01,0,0,0,0,0,0
10907,653,2026-06-01,0,0,0,0,0,0
10908,654,2024-12-01,0,23019,0,0,0,23019
10909,654,2025-01-01,23019,0,2335,0,0,25354
10910,654,2025-02-01,25354,0,0,0,0,25354
10911,654,2025-03-01,25354,0,0,0,0,25354
10912,654,2025-04-01,25354,0,0,0,0,25354
10913,654,2025-05-01,25354,0,0,0,0,25354
10914,654,2025-06-01,25354,0,0,0,0,25354
10915,654,2025-07-01,25354,0,0,0,0,25354
10916,654,2025-08-01,25354,0,0,0,0,25354
10917,654,2025-09-01,25354,0,0,0,0,25354
10918,654,2025-10-01,25354,0,0,0,0,25354
10919,654,2025-11-01,25354,0,0,0,0,25354
10920,654,2025-12-01,25354,0,0,0,0,25354
10921,654,2026-01-01,25354,0,0,0,0,25354
10922,654,2026-02-01,25354,0,0,0,0,25354
10923,654,2026-03-01,25354,0,0,0,0,25354
10924,654,2026-04-01,25354,0,0,0,0,25354
10925,654,2026-05-01,25354,0,0,5858,0,19496
10926,654,2026-06-01,19496,0,0,0,0,19496
10927,655,2024-06-01,0,10728,0,0,0,10728
10928,655,2024-07-01,10728,0,0,0,0,10728
10929,655,2024-08-01,10728,0,0,0,0,10728
10930,655,2024-09-01,10728,0,0,0,0,10728
10931,655,2024-10-01,10728,0,0,0,0,10728
10932,655,2024-11-01,10728,0,0,0,10728,0
10933,655,2024-12-01,0,0,0,0,0,0
10934,655,2025-01-01,0,0,0,0,0,0
10935,655,2025-02-01,0,0,0,0,0,0
10936,655,2025-03-01,0,0,0,0,0,0
10937,655,2025-04-01,0,0,0,0,0,0
10938,655,2025-05-01,0,0,0,0,0,0
10939,655,2025-06-01,0,0,0,0,0,0
10940,655,2025-07-01,0,0,0,0,0,0
10941,655,2025-08-01,0,0,0,0,0,0
10942,655,2025-09-01,0,0,0,0,0,0
10943,655,2025-10-01,0,0,0,0,0,0
10944,655,2025-11-01,0,0,0,0,0,0
10945,655,2025-12-01,0,0,0,0,0,0
10946,655,2026-01-01,0,0,0,0,0,0
10947,655,2026-02-01,0,0,0,0,0,0
10948,655,2026-03-01,0,0,0,0,0,0
10949,655,2026-04-01,0,0,0,0,0,0
10950,655,2026-05-01,0,0,0,0,0,0
10951,655,2026-06-01,0,0,0,0,0,0
10952,656,2024-09-01,0,5097,0,0,0,5097
10953,656,2024-10-01,5097,0,0,0,5097,0
10954,656,2024-11-01,0,0,0,0,0,0
10955,656,2024-12-01,0,0,0,0,0,0
10956,656,2025-01-01,0,0,0,0,0,0
10957,656,2025-02-01,0,0,0,0,0,0
10958,656,2025-03-01,0,0,0,0,0,0
10959,656,2025-04-01,0,0,0,0,0,0
10960,656,2025-05-01,0,0,0,0,0,0
10961,656,2025-06-01,0,0,0,0,0,0
10962,656,2025-07-01,0,0,0,0,0,0
10963,656,2025-08-01,0,0,0,0,0,0
10964,656,2025-09-01,0,0,0,0,0,0
10965,656,2025-10-01,0,0,0,0,0,0
10966,656,2025-11-01,0,0,0,0,0,0
10967,656,2025-12-01,0,0,0,0,0,0
10968,656,2026-01-01,0,0,0,0,0,0
10969,656,2026-02-01,0,0,0,0,0,0
10970,656,2026-03-01,0,0,0,0,0,0
10971,656,2026-04-01,0,0,0,0,0,0
10972,656,2026-05-01,0,0,0,0,0,0
10973,656,2026-06-01,0,0,0,0,0,0
10974,657,2024-06-01,0,3582,0,0,0,3582
10975,657,2024-07-01,3582,0,0,0,0,3582
10976,657,2024-08-01,3582,0,0,0,0,3582
10977,657,2024-09-01,3582,0,0,0,0,3582
10978,657,2024-10-01,3582,0,0,0,0,3582
10979,657,2024-11-01,3582,0,0,0,0,3582
10980,657,2024-12-01,3582,0,0,0,0,3582
10981,657,2025-01-01,3582,0,0,0,0,3582
10982,657,2025-02-01,3582,0,0,0,0,3582
10983,657,2025-03-01,3582,0,0,0,0,3582
10984,657,2025-04-01,3582,0,0,0,0,3582
10985,657,2025-05-01,3582,0,0,0,0,3582
10986,657,2025-06-01,3582,0,0,0,0,3582
10987,657,2025-07-01,3582,0,0,0,0,3582
10988,657,2025-08-01,3582,0,0,0,0,3582
10989,657,2025-09-01,3582,0,0,0,0,3582
10990,657,2025-10-01,3582,0,0,0,0,3582
10991,657,2025-11-01,3582,0,0,0,0,3582
10992,657,2025-12-01,3582,0,0,0,0,3582
10993,657,2026-01-01,3582,0,0,0,0,3582
10994,657,2026-02-01,3582,0,0,0,0,3582
10995,657,2026-03-01,3582,0,0,0,0,3582
10996,657,2026-04-01,3582,0,0,0,0,3582
10997,657,2026-05-01,3582,0,0,0,0,3582
10998,657,2026-06-01,3582,0,0,0,0,3582
10999,658,2025-05-01,0,3996,0,0,0,3996
11000,658,2025-06-01,3996,0,0,0,0,3996
11001,658,2025-07-01,3996,0,0,750,0,3246
11002,658,2025-08-01,3246,0,0,0,0,3246
11003,658,2025-09-01,3246,0,0,0,0,3246
11004,658,2025-10-01,3246,0,0,0,0,3246
11005,658,2025-11-01,3246,0,0,0,0,3246
11006,658,2025-12-01,3246,0,0,0,0,3246
11007,658,2026-01-01,3246,0,0,0,0,3246
11008,658,2026-02-01,3246,0,383,0,0,3629
11009,658,2026-03-01,3629,0,0,0,0,3629
11010,658,2026-04-01,3629,0,0,0,0,3629
11011,658,2026-05-01,3629,0,0,0,0,3629
11012,658,2026-06-01,3629,0,1076,0,0,4705
11013,659,2025-05-01,0,15157,0,0,0,15157
11014,659,2025-06-01,15157,0,0,0,0,15157
11015,659,2025-07-01,15157,0,0,0,0,15157
11016,659,2025-08-01,15157,0,0,0,0,15157
11017,659,2025-09-01,15157,0,3842,0,0,18999
11018,659,2025-10-01,18999,0,0,0,0,18999
11019,659,2025-11-01,18999,0,0,0,0,18999
11020,659,2025-12-01,18999,0,0,0,18999,0
11021,659,2026-01-01,0,0,0,0,0,0
11022,659,2026-02-01,0,0,0,0,0,0
11023,659,2026-03-01,0,0,0,0,0,0
11024,659,2026-04-01,0,0,0,0,0,0
11025,659,2026-05-01,0,0,0,0,0,0
11026,659,2026-06-01,0,0,0,0,0,0
11027,660,2024-07-01,0,12952,0,0,0,12952
11028,660,2024-08-01,12952,0,0,0,0,12952
11029,660,2024-09-01,12952,0,0,0,0,12952
11030,660,2024-10-01,12952,0,0,0,0,12952
11031,660,2024-11-01,12952,0,0,0,0,12952
11032,660,2024-12-01,12952,0,0,0,0,12952
11033,660,2025-01-01,12952,0,0,0,0,12952
11034,660,2025-02-01,12952,0,0,0,12952,0
11035,660,2025-03-01,0,0,0,0,0,0
11036,660,2025-04-01,0,0,0,0,0,0
11037,660,2025-05-01,0,0,0,0,0,0
11038,660,2025-06-01,0,0,0,0,0,0
11039,660,2025-07-01,0,0,0,0,0,0
11040,660,2025-08-01,0,0,0,0,0,0
11041,660,2025-09-01,0,0,0,0,0,0
11042,660,2025-10-01,0,0,0,0,0,0
11043,660,2025-11-01,0,0,0,0,0,0
11044,660,2025-12-01,0,0,0,0,0,0
11045,660,2026-01-01,0,0,0,0,0,0
11046,660,2026-02-01,0,0,0,0,0,0
11047,660,2026-03-01,0,0,0,0,0,0
11048,660,2026-04-01,0,0,0,0,0,0
11049,660,2026-05-01,0,0,0,0,0,0
11050,660,2026-06-01,0,0,0,0,0,0
11051,661,2025-12-01,0,3899,0,0,0,3899
11052,661,2026-01-01,3899,0,479,0,0,4378
11053,661,2026-02-01,4378,0,0,0,0,4378
11054,661,2026-03-01,4378,0,0,0,0,4378
11055,661,2026-04-01,4378,0,0,0,0,4378
11056,661,2026-05-01,4378,0,0,0,0,4378
11057,661,2026-06-01,4378,0,0,0,0,4378
11058,662,2026-01-01,0,9301,0,0,0,9301
11059,662,2026-02-01,9301,0,0,0,0,9301
11060,662,2026-03-01,9301,0,0,0,0,9301
11061,662,2026-04-01,9301,0,0,0,0,9301
11062,662,2026-05-01,9301,0,0,1698,0,7603
11063,662,2026-06-01,7603,0,0,1392,0,6211
11064,663,2024-03-01,0,5945,0,0,0,5945
11065,663,2024-04-01,5945,0,0,1035,0,4910
11066,663,2024-05-01,4910,0,0,0,0,4910
11067,663,2024-06-01,4910,0,0,0,0,4910
11068,663,2024-07-01,4910,0,0,0,0,4910
11069,663,2024-08-01,4910,0,0,0,0,4910
11070,663,2024-09-01,4910,0,0,0,0,4910
11071,663,2024-10-01,4910,0,0,687,0,4223
11072,663,2024-11-01,4223,0,0,0,0,4223
11073,663,2024-12-01,4223,0,0,0,0,4223
11074,663,2025-01-01,4223,0,0,0,0,4223
11075,663,2025-02-01,4223,0,0,0,0,4223
11076,663,2025-03-01,4223,0,0,0,4223,0
11077,663,2025-04-01,0,0,0,0,0,0
11078,663,2025-05-01,0,0,0,0,0,0
11079,663,2025-06-01,0,0,0,0,0,0
11080,663,2025-07-01,0,0,0,0,0,0
11081,663,2025-08-01,0,0,0,0,0,0
11082,663,2025-09-01,0,0,0,0,0,0
11083,663,2025-10-01,0,0,0,0,0,0
11084,663,2025-11-01,0,0,0,0,0,0
11085,663,2025-12-01,0,0,0,0,0,0
11086,663,2026-01-01,0,0,0,0,0,0
11087,663,2026-02-01,0,0,0,0,0,0
11088,663,2026-03-01,0,0,0,0,0,0
11089,663,2026-04-01,0,0,0,0,0,0
11090,663,2026-05-01,0,0,0,0,0,0
11091,663,2026-06-01,0,0,0,0,0,0
11092,664,2025-10-01,0,3478,0,0,0,3478
11093,664,2025-11-01,3478,0,0,0,0,3478
11094,664,2025-12-01,3478,0,0,0,0,3478
11095,664,2026-01-01,3478,0,0,0,0,3478
11096,664,2026-02-01,3478,0,0,0,0,3478
11097,664,2026-03-01,3478,0,0,0,3478,0
11098,664,2026-04-01,0,0,0,0,0,0
11099,664,2026-05-01,0,0,0,0,0,0
11100,664,2026-06-01,0,0,0,0,0,0
11101,665,2024-02-01,0,3507,0,0,0,3507
11102,665,2024-03-01,3507,0,0,0,0,3507
11103,665,2024-04-01,3507,0,0,0,0,3507
11104,665,2024-05-01,3507,0,0,0,0,3507
11105,665,2024-06-01,3507,0,0,0,0,3507
11106,665,2024-07-01,3507,0,0,0,0,3507
11107,665,2024-08-01,3507,0,0,0,0,3507
11108,665,2024-09-01,3507,0,0,0,0,3507
11109,665,2024-10-01,3507,0,0,0,0,3507
11110,665,2024-11-01,3507,0,881,0,0,4388
11111,665,2024-12-01,4388,0,666,0,0,5054
11112,665,2025-01-01,5054,0,0,0,0,5054
11113,665,2025-02-01,5054,0,0,0,0,5054
11114,665,2025-03-01,5054,0,0,0,0,5054
11115,665,2025-04-01,5054,0,0,0,0,5054
11116,665,2025-05-01,5054,0,0,0,5054,0
11117,665,2025-06-01,0,0,0,0,0,0
11118,665,2025-07-01,0,0,0,0,0,0
11119,665,2025-08-01,0,0,0,0,0,0
11120,665,2025-09-01,0,0,0,0,0,0
11121,665,2025-10-01,0,0,0,0,0,0
11122,665,2025-11-01,0,0,0,0,0,0
11123,665,2025-12-01,0,0,0,0,0,0
11124,665,2026-01-01,0,0,0,0,0,0
11125,665,2026-02-01,0,0,0,0,0,0
11126,665,2026-03-01,0,0,0,0,0,0
11127,665,2026-04-01,0,0,0,0,0,0
11128,665,2026-05-01,0,0,0,0,0,0
11129,665,2026-06-01,0,0,0,0,0,0
11130,666,2024-03-01,0,5880,0,0,0,5880
11131,666,2024-04-01,5880,0,0,0,0,5880
11132,666,2024-05-01,5880,0,0,1455,0,4425
11133,666,2024-06-01,4425,0,0,0,0,4425
11134,666,2024-07-01,4425,0,1199,0,0,5624
11135,666,2024-08-01,5624,0,0,0,0,5624
11136,666,2024-09-01,5624,0,0,0,0,5624
11137,666,2024-10-01,5624,0,0,0,0,5624
11138,666,2024-11-01,5624,0,0,0,0,5624
11139,666,2024-12-01,5624,0,0,0,0,5624
11140,666,2025-01-01,5624,0,0,0,0,5624
11141,666,2025-02-01,5624,0,0,0,0,5624
11142,666,2025-03-01,5624,0,0,0,0,5624
11143,666,2025-04-01,5624,0,0,0,5624,0
11144,666,2025-05-01,0,0,0,0,0,0
11145,666,2025-06-01,0,0,0,0,0,0
11146,666,2025-07-01,0,0,0,0,0,0
11147,666,2025-08-01,0,0,0,0,0,0
11148,666,2025-09-01,0,0,0,0,0,0
11149,666,2025-10-01,0,0,0,0,0,0
11150,666,2025-11-01,0,0,0,0,0,0
11151,666,2025-12-01,0,0,0,0,0,0
11152,666,2026-01-01,0,0,0,0,0,0
11153,666,2026-02-01,0,0,0,0,0,0
11154,666,2026-03-01,0,0,0,0,0,0
11155,666,2026-04-01,0,0,0,0,0,0
11156,666,2026-05-01,0,0,0,0,0,0
11157,666,2026-06-01,0,0,0,0,0,0
11158,667,2026-01-01,0,44078,0,0,0,44078
11159,667,2026-02-01,44078,0,0,0,0,44078
11160,667,2026-03-01,44078,0,0,0,0,44078
11161,667,2026-04-01,44078,0,0,0,0,44078
11162,667,2026-05-01,44078,0,0,0,0,44078
11163,667,2026-06-01,44078,0,0,0,0,44078
11164,668,2024-10-01,0,9857,0,0,0,9857
11165,668,2024-11-01,9857,0,0,0,0,9857
11166,668,2024-12-01,9857,0,0,0,0,9857
11167,668,2025-01-01,9857,0,1997,0,0,11854
11168,668,2025-02-01,11854,0,0,0,0,11854
11169,668,2025-03-01,11854,0,0,0,0,11854
11170,668,2025-04-01,11854,0,0,0,0,11854
11171,668,2025-05-01,11854,0,0,0,0,11854
11172,668,2025-06-01,11854,0,0,0,0,11854
11173,668,2025-07-01,11854,0,0,0,0,11854
11174,668,2025-08-01,11854,0,0,0,0,11854
11175,668,2025-09-01,11854,0,0,0,0,11854
11176,668,2025-10-01,11854,0,0,0,0,11854
11177,668,2025-11-01,11854,0,0,0,0,11854
11178,668,2025-12-01,11854,0,0,0,0,11854
11179,668,2026-01-01,11854,0,0,0,0,11854
11180,668,2026-02-01,11854,0,0,0,0,11854
11181,668,2026-03-01,11854,0,0,0,0,11854
11182,668,2026-04-01,11854,0,0,0,0,11854
11183,668,2026-05-01,11854,0,0,0,0,11854
11184,668,2026-06-01,11854,0,0,2590,0,9264
11185,669,2025-07-01,0,3272,0,0,0,3272
11186,669,2025-08-01,3272,0,878,0,0,4150
11187,669,2025-09-01,4150,0,0,626,0,3524
11188,669,2025-10-01,3524,0,0,0,0,3524
11189,669,2025-11-01,3524,0,0,0,0,3524
11190,669,2025-12-01,3524,0,0,0,0,3524
11191,669,2026-01-01,3524,0,0,0,0,3524
11192,669,2026-02-01,3524,0,0,0,0,3524
11193,669,2026-03-01,3524,0,0,0,0,3524
11194,669,2026-04-01,3524,0,0,0,3524,0
11195,669,2026-05-01,0,0,0,0,0,0
11196,669,2026-06-01,0,0,0,0,0,0
11197,670,2025-07-01,0,17433,0,0,0,17433
11198,670,2025-08-01,17433,0,0,0,0,17433
11199,670,2025-09-01,17433,0,0,0,0,17433
11200,670,2025-10-01,17433,0,0,0,0,17433
11201,670,2025-11-01,17433,0,0,0,0,17433
11202,670,2025-12-01,17433,0,0,0,0,17433
11203,670,2026-01-01,17433,0,0,0,0,17433
11204,670,2026-02-01,17433,0,0,0,0,17433
11205,670,2026-03-01,17433,0,0,0,0,17433
11206,670,2026-04-01,17433,0,0,0,0,17433
11207,670,2026-05-01,17433,0,0,0,0,17433
11208,670,2026-06-01,17433,0,0,0,0,17433
11209,671,2025-05-01,0,12401,0,0,0,12401
11210,671,2025-06-01,12401,0,0,0,0,12401
11211,671,2025-07-01,12401,0,0,0,0,12401
11212,671,2025-08-01,12401,0,0,0,0,12401
11213,671,2025-09-01,12401,0,0,0,0,12401
11214,671,2025-10-01,12401,0,0,1651,0,10750
11215,671,2025-11-01,10750,0,0,0,0,10750
11216,671,2025-12-01,10750,0,0,0,0,10750
11217,671,2026-01-01,10750,0,0,0,0,10750
11218,671,2026-02-01,10750,0,0,0,0,10750
11219,671,2026-03-01,10750,0,0,0,0,10750
11220,671,2026-04-01,10750,0,1573,0,0,12323
11221,671,2026-05-01,12323,0,0,0,0,12323
11222,671,2026-06-01,12323,0,0,0,0,12323
11223,672,2024-07-01,0,6950,0,0,0,6950
11224,672,2024-08-01,6950,0,0,0,0,6950
11225,672,2024-09-01,6950,0,0,0,0,6950
11226,672,2024-10-01,6950,0,0,0,0,6950
11227,672,2024-11-01,6950,0,0,0,0,6950
11228,672,2024-12-01,6950,0,0,0,0,6950
11229,672,2025-01-01,6950,0,0,0,0,6950
11230,672,2025-02-01,6950,0,0,0,0,6950
11231,672,2025-03-01,6950,0,0,0,0,6950
11232,672,2025-04-01,6950,0,0,0,0,6950
11233,672,2025-05-01,6950,0,0,0,0,6950
11234,672,2025-06-01,6950,0,0,0,0,6950
11235,672,2025-07-01,6950,0,0,0,0,6950
11236,672,2025-08-01,6950,0,0,0,0,6950
11237,672,2025-09-01,6950,0,0,0,0,6950
11238,672,2025-10-01,6950,0,0,0,0,6950
11239,672,2025-11-01,6950,0,0,0,0,6950
11240,672,2025-12-01,6950,0,0,0,0,6950
11241,672,2026-01-01,6950,0,0,0,0,6950
11242,672,2026-02-01,6950,0,0,0,0,6950
11243,672,2026-03-01,6950,0,0,0,0,6950
11244,672,2026-04-01,6950,0,0,0,0,6950
11245,672,2026-05-01,6950,0,0,0,0,6950
11246,672,2026-06-01,6950,0,0,0,0,6950
11247,673,2024-05-01,0,5142,0,0,0,5142
11248,673,2024-06-01,5142,0,0,0,0,5142
11249,673,2024-07-01,5142,0,0,0,0,5142
11250,673,2024-08-01,5142,0,0,0,0,5142
11251,673,2024-09-01,5142,0,0,0,0,5142
11252,673,2024-10-01,5142,0,0,0,0,5142
11253,673,2024-11-01,5142,0,0,0,0,5142
11254,673,2024-12-01,5142,0,0,0,0,5142
11255,673,2025-01-01,5142,0,516,0,0,5658
11256,673,2025-02-01,5658,0,0,0,0,5658
11257,673,2025-03-01,5658,0,0,0,0,5658
11258,673,2025-04-01,5658,0,0,0,0,5658
11259,673,2025-05-01,5658,0,0,0,0,5658
11260,673,2025-06-01,5658,0,0,0,0,5658
11261,673,2025-07-01,5658,0,0,0,0,5658
11262,673,2025-08-01,5658,0,0,0,0,5658
11263,673,2025-09-01,5658,0,0,0,0,5658
11264,673,2025-10-01,5658,0,0,0,0,5658
11265,673,2025-11-01,5658,0,0,0,0,5658
11266,673,2025-12-01,5658,0,0,0,0,5658
11267,673,2026-01-01,5658,0,0,0,0,5658
11268,673,2026-02-01,5658,0,0,0,0,5658
11269,673,2026-03-01,5658,0,0,0,5658,0
11270,673,2026-04-01,0,0,0,0,0,0
11271,673,2026-05-01,0,0,0,0,0,0
11272,673,2026-06-01,0,0,0,0,0,0
11273,674,2025-05-01,0,10470,0,0,0,10470
11274,674,2025-06-01,10470,0,0,0,0,10470
11275,674,2025-07-01,10470,0,2256,0,0,12726
11276,674,2025-08-01,12726,0,0,0,0,12726
11277,674,2025-09-01,12726,0,0,0,0,12726
11278,674,2025-10-01,12726,0,0,0,0,12726
11279,674,2025-11-01,12726,0,0,0,0,12726
11280,674,2025-12-01,12726,0,0,0,0,12726
11281,674,2026-01-01,12726,0,0,0,0,12726
11282,674,2026-02-01,12726,0,0,1691,0,11035
11283,674,2026-03-01,11035,0,0,0,0,11035
11284,674,2026-04-01,11035,0,2486,0,0,13521
11285,674,2026-05-01,13521,0,0,0,0,13521
11286,674,2026-06-01,13521,0,0,0,0,13521
11287,675,2024-07-01,0,6543,0,0,0,6543
11288,675,2024-08-01,6543,0,0,0,0,6543
11289,675,2024-09-01,6543,0,0,0,0,6543
11290,675,2024-10-01,6543,0,0,0,0,6543
11291,675,2024-11-01,6543,0,0,0,0,6543
11292,675,2024-12-01,6543,0,0,0,0,6543
11293,675,2025-01-01,6543,0,0,848,0,5695
11294,675,2025-02-01,5695,0,0,0,0,5695
11295,675,2025-03-01,5695,0,0,0,5695,0
11296,675,2025-04-01,0,0,0,0,0,0
11297,675,2025-05-01,0,0,0,0,0,0
11298,675,2025-06-01,0,0,0,0,0,0
11299,675,2025-07-01,0,0,0,0,0,0
11300,675,2025-08-01,0,0,0,0,0,0
11301,675,2025-09-01,0,0,0,0,0,0
11302,675,2025-10-01,0,0,0,0,0,0
11303,675,2025-11-01,0,0,0,0,0,0
11304,675,2025-12-01,0,0,0,0,0,0
11305,675,2026-01-01,0,0,0,0,0,0
11306,675,2026-02-01,0,0,0,0,0,0
11307,675,2026-03-01,0,0,0,0,0,0
11308,675,2026-04-01,0,0,0,0,0,0
11309,675,2026-05-01,0,0,0,0,0,0
11310,675,2026-06-01,0,0,0,0,0,0
11311,676,2025-08-01,0,23587,0,0,0,23587
11312,676,2025-09-01,23587,0,0,0,0,23587
11313,676,2025-10-01,23587,0,0,0,0,23587
11314,676,2025-11-01,23587,0,0,0,0,23587
11315,676,2025-12-01,23587,0,0,0,0,23587
11316,676,2026-01-01,23587,0,0,0,0,23587
11317,676,2026-02-01,23587,0,0,0,0,23587
11318,676,2026-03-01,23587,0,0,0,0,23587
11319,676,2026-04-01,23587,0,0,0,0,23587
11320,676,2026-05-01,23587,0,0,0,0,23587
11321,676,2026-06-01,23587,0,0,0,0,23587
11322,677,2024-11-01,0,16073,0,0,0,16073
11323,677,2024-12-01,16073,0,0,0,0,16073
11324,677,2025-01-01,16073,0,0,0,0,16073
11325,677,2025-02-01,16073,0,2197,0,0,18270
11326,677,2025-03-01,18270,0,0,0,0,18270
11327,677,2025-04-01,18270,0,0,0,0,18270
11328,677,2025-05-01,18270,0,0,0,0,18270
11329,677,2025-06-01,18270,0,3284,0,0,21554
11330,677,2025-07-01,21554,0,0,0,0,21554
11331,677,2025-08-01,21554,0,0,0,0,21554
11332,677,2025-09-01,21554,0,0,0,0,21554
11333,677,2025-10-01,21554,0,0,0,0,21554
11334,677,2025-11-01,21554,0,0,0,0,21554
11335,677,2025-12-01,21554,0,0,0,0,21554
11336,677,2026-01-01,21554,0,0,0,0,21554
11337,677,2026-02-01,21554,0,0,0,0,21554
11338,677,2026-03-01,21554,0,0,0,0,21554
11339,677,2026-04-01,21554,0,0,0,0,21554
11340,677,2026-05-01,21554,0,0,0,0,21554
11341,677,2026-06-01,21554,0,0,0,0,21554
11342,678,2025-05-01,0,7923,0,0,0,7923
11343,678,2025-06-01,7923,0,0,0,0,7923
11344,678,2025-07-01,7923,0,0,0,0,7923
11345,678,2025-08-01,7923,0,0,0,7923,0
11346,678,2025-09-01,0,0,0,0,0,0
11347,678,2025-10-01,0,0,0,0,0,0
11348,678,2025-11-01,0,0,0,0,0,0
11349,678,2025-12-01,0,0,0,0,0,0
11350,678,2026-01-01,0,0,0,0,0,0
11351,678,2026-02-01,0,0,0,0,0,0
11352,678,2026-03-01,0,0,0,0,0,0
11353,678,2026-04-01,0,0,0,0,0,0
11354,678,2026-05-01,0,0,0,0,0,0
11355,678,2026-06-01,0,0,0,0,0,0
11356,679,2024-10-01,0,7517,0,0,0,7517
11357,679,2024-11-01,7517,0,0,0,7517,0
11358,679,2024-12-01,0,0,0,0,0,0
11359,679,2025-01-01,0,0,0,0,0,0
11360,679,2025-02-01,0,0,0,0,0,0
11361,679,2025-03-01,0,0,0,0,0,0
11362,679,2025-04-01,0,0,0,0,0,0
11363,679,2025-05-01,0,0,0,0,0,0
11364,679,2025-06-01,0,0,0,0,0,0
11365,679,2025-07-01,0,0,0,0,0,0
11366,679,2025-08-01,0,0,0,0,0,0
11367,679,2025-09-01,0,0,0,0,0,0
11368,679,2025-10-01,0,0,0,0,0,0
11369,679,2025-11-01,0,0,0,0,0,0
11370,679,2025-12-01,0,0,0,0,0,0
11371,679,2026-01-01,0,0,0,0,0,0
11372,679,2026-02-01,0,0,0,0,0,0
11373,679,2026-03-01,0,0,0,0,0,0
11374,679,2026-04-01,0,0,0,0,0,0
11375,679,2026-05-01,0,0,0,0,0,0
11376,679,2026-06-01,0,0,0,0,0,0
11377,680,2026-01-01,0,4793,0,0,0,4793
11378,680,2026-02-01,4793,0,0,581,0,4212
11379,680,2026-03-01,4212,0,0,0,0,4212
11380,680,2026-04-01,4212,0,0,0,0,4212
11381,680,2026-05-01,4212,0,0,0,0,4212
11382,680,2026-06-01,4212,0,0,0,0,4212
11383,681,2024-08-01,0,7759,0,0,0,7759
11384,681,2024-09-01,7759,0,2071,0,0,9830
11385,681,2024-10-01,9830,0,0,0,0,9830
11386,681,2024-11-01,9830,0,0,0,0,9830
11387,681,2024-12-01,9830,0,0,0,0,9830
11388,681,2025-01-01,9830,0,2870,0,0,12700
11389,681,2025-02-01,12700,0,0,0,0,12700
11390,681,2025-03-01,12700,0,0,0,0,12700
11391,681,2025-04-01,12700,0,1554,0,0,14254
11392,681,2025-05-01,14254,0,0,0,0,14254
11393,681,2025-06-01,14254,0,0,3515,0,10739
11394,681,2025-07-01,10739,0,0,0,0,10739
11395,681,2025-08-01,10739,0,0,0,0,10739
11396,681,2025-09-01,10739,0,0,2328,0,8411
11397,681,2025-10-01,8411,0,0,0,0,8411
11398,681,2025-11-01,8411,0,0,0,0,8411
11399,681,2025-12-01,8411,0,0,0,0,8411
11400,681,2026-01-01,8411,0,1304,0,0,9715
11401,681,2026-02-01,9715,0,2654,0,0,12369
11402,681,2026-03-01,12369,0,0,0,0,12369
11403,681,2026-04-01,12369,0,0,0,0,12369
11404,681,2026-05-01,12369,0,0,0,0,12369
11405,681,2026-06-01,12369,0,0,0,0,12369
11406,682,2024-12-01,0,5094,0,0,0,5094
11407,682,2025-01-01,5094,0,0,0,0,5094
11408,682,2025-02-01,5094,0,0,605,0,4489
11409,682,2025-03-01,4489,0,0,0,0,4489
11410,682,2025-04-01,4489,0,0,0,0,4489
11411,682,2025-05-01,4489,0,0,454,0,4035
11412,682,2025-06-01,4035,0,0,0,4035,0
11413,682,2025-07-01,0,0,0,0,0,0
11414,682,2025-08-01,0,0,0,0,0,0
11415,682,2025-09-01,0,0,0,0,0,0
11416,682,2025-10-01,0,0,0,0,0,0
11417,682,2025-11-01,0,0,0,0,0,0
11418,682,2025-12-01,0,0,0,0,0,0
11419,682,2026-01-01,0,0,0,0,0,0
11420,682,2026-02-01,0,0,0,0,0,0
11421,682,2026-03-01,0,0,0,0,0,0
11422,682,2026-04-01,0,0,0,0,0,0
11423,682,2026-05-01,0,0,0,0,0,0
11424,682,2026-06-01,0,0,0,0,0,0
11425,683,2026-01-01,0,4697,0,0,0,4697
11426,683,2026-02-01,4697,0,0,0,0,4697
11427,683,2026-03-01,4697,0,0,0,0,4697
11428,683,2026-04-01,4697,0,0,0,0,4697
11429,683,2026-05-01,4697,0,0,0,0,4697
11430,683,2026-06-01,4697,0,0,0,0,4697
11431,684,2025-06-01,0,7003,0,0,0,7003
11432,684,2025-07-01,7003,0,0,0,0,7003
11433,684,2025-08-01,7003,0,0,0,0,7003
11434,684,2025-09-01,7003,0,0,0,0,7003
11435,684,2025-10-01,7003,0,0,0,0,7003
11436,684,2025-11-01,7003,0,0,833,0,6170
11437,684,2025-12-01,6170,0,0,0,6170,0
11438,684,2026-01-01,0,0,0,0,0,0
11439,684,2026-02-01,0,0,0,0,0,0
11440,684,2026-03-01,0,0,0,0,0,0
11441,684,2026-04-01,0,0,0,0,0,0
11442,684,2026-05-01,0,0,0,0,0,0
11443,684,2026-06-01,0,0,0,0,0,0
11444,685,2025-06-01,0,20557,0,0,0,20557
11445,685,2025-07-01,20557,0,0,0,0,20557
11446,685,2025-08-01,20557,0,0,0,0,20557
11447,685,2025-09-01,20557,0,0,0,0,20557
11448,685,2025-10-01,20557,0,0,0,0,20557
11449,685,2025-11-01,20557,0,0,0,0,20557
11450,685,2025-12-01,20557,0,0,0,0,20557
11451,685,2026-01-01,20557,0,0,0,0,20557
11452,685,2026-02-01,20557,0,0,0,20557,0
11453,685,2026-03-01,0,0,0,0,0,0
11454,685,2026-04-01,0,0,0,0,0,0
11455,685,2026-05-01,0,0,0,0,0,0
11456,685,2026-06-01,0,0,0,0,0,0
11457,686,2025-09-01,0,22168,0,0,0,22168
11458,686,2025-10-01,22168,0,0,0,0,22168
11459,686,2025-11-01,22168,0,0,0,0,22168
11460,686,2025-12-01,22168,0,2594,0,0,24762
11461,686,2026-01-01,24762,0,0,0,0,24762
11462,686,2026-02-01,24762,0,0,0,0,24762
11463,686,2026-03-01,24762,0,0,0,0,24762
11464,686,2026-04-01,24762,0,5885,0,0,30647
11465,686,2026-05-01,30647,0,0,0,0,30647
11466,686,2026-06-01,30647,0,0,0,0,30647
11467,687,2024-02-01,0,12455,0,0,0,12455
11468,687,2024-03-01,12455,0,0,0,0,12455
11469,687,2024-04-01,12455,0,0,2690,0,9765
11470,687,2024-05-01,9765,0,0,0,0,9765
11471,687,2024-06-01,9765,0,0,0,0,9765
11472,687,2024-07-01,9765,0,0,1199,0,8566
11473,687,2024-08-01,8566,0,0,0,0,8566
11474,687,2024-09-01,8566,0,0,0,0,8566
11475,687,2024-10-01,8566,0,0,0,0,8566
11476,687,2024-11-01,8566,0,0,0,0,8566
11477,687,2024-12-01,8566,0,0,0,0,8566
11478,687,2025-01-01,8566,0,0,1215,0,7351
11479,687,2025-02-01,7351,0,863,0,0,8214
11480,687,2025-03-01,8214,0,1472,0,0,9686
11481,687,2025-04-01,9686,0,0,0,0,9686
11482,687,2025-05-01,9686,0,0,0,0,9686
11483,687,2025-06-01,9686,0,1330,0,0,11016
11484,687,2025-07-01,11016,0,0,0,0,11016
11485,687,2025-08-01,11016,0,0,0,0,11016
11486,687,2025-09-01,11016,0,2705,0,0,13721
11487,687,2025-10-01,13721,0,4054,0,0,17775
11488,687,2025-11-01,17775,0,0,0,0,17775
11489,687,2025-12-01,17775,0,0,0,0,17775
11490,687,2026-01-01,17775,0,0,0,0,17775
11491,687,2026-02-01,17775,0,0,0,0,17775
11492,687,2026-03-01,17775,0,0,0,0,17775
11493,687,2026-04-01,17775,0,0,0,0,17775
11494,687,2026-05-01,17775,0,0,0,0,17775
11495,687,2026-06-01,17775,0,5022,0,0,22797
11496,688,2024-11-01,0,36904,0,0,0,36904
11497,688,2024-12-01,36904,0,4284,0,0,41188
11498,688,2025-01-01,41188,0,0,0,0,41188
11499,688,2025-02-01,41188,0,0,0,0,41188
11500,688,2025-03-01,41188,0,0,0,0,41188
11501,688,2025-04-01,41188,0,0,0,0,41188
11502,688,2025-05-01,41188,0,0,0,0,41188
11503,688,2025-06-01,41188,0,0,0,0,41188
11504,688,2025-07-01,41188,0,0,0,41188,0
11505,688,2025-08-01,0,0,0,0,0,0
11506,688,2025-09-01,0,0,0,0,0,0
11507,688,2025-10-01,0,0,0,0,0,0
11508,688,2025-11-01,0,0,0,0,0,0
11509,688,2025-12-01,0,0,0,0,0,0
11510,688,2026-01-01,0,0,0,0,0,0
11511,688,2026-02-01,0,0,0,0,0,0
11512,688,2026-03-01,0,0,0,0,0,0
11513,688,2026-04-01,0,0,0,0,0,0
11514,688,2026-05-01,0,0,0,0,0,0
11515,688,2026-06-01,0,0,0,0,0,0
11516,689,2024-06-01,0,21320,0,0,0,21320
11517,689,2024-07-01,21320,0,0,0,0,21320
11518,689,2024-08-01,21320,0,0,0,0,21320
11519,689,2024-09-01,21320,0,0,0,0,21320
11520,689,2024-10-01,21320,0,0,0,0,21320
11521,689,2024-11-01,21320,0,0,0,0,21320
11522,689,2024-12-01,21320,0,0,0,0,21320
11523,689,2025-01-01,21320,0,2754,0,0,24074
11524,689,2025-02-01,24074,0,0,0,0,24074
11525,689,2025-03-01,24074,0,0,0,0,24074
11526,689,2025-04-01,24074,0,0,0,0,24074
11527,689,2025-05-01,24074,0,0,0,0,24074
11528,689,2025-06-01,24074,0,0,0,0,24074
11529,689,2025-07-01,24074,0,0,0,0,24074
11530,689,2025-08-01,24074,0,0,0,0,24074
11531,689,2025-09-01,24074,0,0,0,0,24074
11532,689,2025-10-01,24074,0,5514,0,0,29588
11533,689,2025-11-01,29588,0,0,0,0,29588
11534,689,2025-12-01,29588,0,0,0,0,29588
11535,689,2026-01-01,29588,0,0,0,29588,0
11536,689,2026-02-01,0,0,0,0,0,0
11537,689,2026-03-01,0,0,0,0,0,0
11538,689,2026-04-01,0,0,0,0,0,0
11539,689,2026-05-01,0,0,0,0,0,0
11540,689,2026-06-01,0,0,0,0,0,0
11541,690,2025-02-01,0,5701,0,0,0,5701
11542,690,2025-03-01,5701,0,1680,0,0,7381
11543,690,2025-04-01,7381,0,0,0,0,7381
11544,690,2025-05-01,7381,0,0,0,7381,0
11545,690,2025-06-01,0,0,0,0,0,0
11546,690,2025-07-01,0,0,0,0,0,0
11547,690,2025-08-01,0,0,0,0,0,0
11548,690,2025-09-01,0,0,0,0,0,0
11549,690,2025-10-01,0,0,0,0,0,0
11550,690,2025-11-01,0,0,0,0,0,0
11551,690,2025-12-01,0,0,0,0,0,0
11552,690,2026-01-01,0,0,0,0,0,0
11553,690,2026-02-01,0,0,0,0,0,0
11554,690,2026-03-01,0,0,0,0,0,0
11555,690,2026-04-01,0,0,0,0,0,0
11556,690,2026-05-01,0,0,0,0,0,0
11557,690,2026-06-01,0,0,0,0,0,0
11558,691,2025-02-01,0,19680,0,0,0,19680
11559,691,2025-03-01,19680,0,0,0,0,19680
11560,691,2025-04-01,19680,0,0,0,0,19680
11561,691,2025-05-01,19680,0,0,0,0,19680
11562,691,2025-06-01,19680,0,0,0,0,19680
11563,691,2025-07-01,19680,0,0,0,19680,0
11564,691,2025-08-01,0,0,0,0,0,0
11565,691,2025-09-01,0,0,0,0,0,0
11566,691,2025-10-01,0,0,0,0,0,0
11567,691,2025-11-01,0,0,0,0,0,0
11568,691,2025-12-01,0,0,0,0,0,0
11569,691,2026-01-01,0,0,0,0,0,0
11570,691,2026-02-01,0,0,0,0,0,0
11571,691,2026-03-01,0,0,0,0,0,0
11572,691,2026-04-01,0,0,0,0,0,0
11573,691,2026-05-01,0,0,0,0,0,0
11574,691,2026-06-01,0,0,0,0,0,0
11575,692,2025-07-01,0,3761,0,0,0,3761
11576,692,2025-08-01,3761,0,0,563,0,3198
11577,692,2025-09-01,3198,0,0,0,0,3198
11578,692,2025-10-01,3198,0,0,0,0,3198
11579,692,2025-11-01,3198,0,0,0,3198,0
11580,692,2025-12-01,0,0,0,0,0,0
11581,692,2026-01-01,0,0,0,0,0,0
11582,692,2026-02-01,0,0,0,0,0,0
11583,692,2026-03-01,0,0,0,0,0,0
11584,692,2026-04-01,0,0,0,0,0,0
11585,692,2026-05-01,0,0,0,0,0,0
11586,692,2026-06-01,0,0,0,0,0,0
11587,693,2024-08-01,0,14148,0,0,0,14148
11588,693,2024-09-01,14148,0,0,0,0,14148
11589,693,2024-10-01,14148,0,0,0,0,14148
11590,693,2024-11-01,14148,0,0,0,0,14148
11591,693,2024-12-01,14148,0,0,0,0,14148
11592,693,2025-01-01,14148,0,0,0,0,14148
11593,693,2025-02-01,14148,0,0,1905,0,12243
11594,693,2025-03-01,12243,0,0,0,0,12243
11595,693,2025-04-01,12243,0,0,0,0,12243
11596,693,2025-05-01,12243,0,0,0,0,12243
11597,693,2025-06-01,12243,0,0,0,0,12243
11598,693,2025-07-01,12243,0,0,0,0,12243
11599,693,2025-08-01,12243,0,0,0,12243,0
11600,693,2025-09-01,0,0,0,0,0,0
11601,693,2025-10-01,0,0,0,0,0,0
11602,693,2025-11-01,0,0,0,0,0,0
11603,693,2025-12-01,0,0,0,0,0,0
11604,693,2026-01-01,0,0,0,0,0,0
11605,693,2026-02-01,0,0,0,0,0,0
11606,693,2026-03-01,0,0,0,0,0,0
11607,693,2026-04-01,0,0,0,0,0,0
11608,693,2026-05-01,0,0,0,0,0,0
11609,693,2026-06-01,0,0,0,0,0,0
11610,694,2024-12-01,0,4238,0,0,0,4238
11611,694,2025-01-01,4238,0,0,0,4238,0
11612,694,2025-02-01,0,0,0,0,0,0
11613,694,2025-03-01,0,0,0,0,0,0
11614,694,2025-04-01,0,0,0,0,0,0
11615,694,2025-05-01,0,0,0,0,0,0
11616,694,2025-06-01,0,0,0,0,0,0
11617,694,2025-07-01,0,0,0,0,0,0
11618,694,2025-08-01,0,0,0,0,0,0
11619,694,2025-09-01,0,0,0,0,0,0
11620,694,2025-10-01,0,0,0,0,0,0
11621,694,2025-11-01,0,0,0,0,0,0
11622,694,2025-12-01,0,0,0,0,0,0
11623,694,2026-01-01,0,0,0,0,0,0
11624,694,2026-02-01,0,0,0,0,0,0
11625,694,2026-03-01,0,0,0,0,0,0
11626,694,2026-04-01,0,0,0,0,0,0
11627,694,2026-05-01,0,0,0,0,0,0
11628,694,2026-06-01,0,0,0,0,0,0
11629,695,2025-03-01,0,8402,0,0,0,8402
11630,695,2025-04-01,8402,0,0,0,0,8402
11631,695,2025-05-01,8402,0,0,0,0,8402
11632,695,2025-06-01,8402,0,0,0,0,8402
11633,695,2025-07-01,8402,0,0,0,0,8402
11634,695,2025-08-01,8402,0,0,0,0,8402
11635,695,2025-09-01,8402,0,0,0,0,8402
11636,695,2025-10-01,8402,0,0,1037,0,7365
11637,695,2025-11-01,7365,0,0,0,0,7365
11638,695,2025-12-01,7365,0,0,1282,0,6083
11639,695,2026-01-01,6083,0,0,0,0,6083
11640,695,2026-02-01,6083,0,0,808,0,5275
11641,695,2026-03-01,5275,0,0,0,0,5275
11642,695,2026-04-01,5275,0,0,1030,0,4245
11643,695,2026-05-01,4245,0,0,0,4245,0
11644,695,2026-06-01,0,0,0,0,0,0
11645,696,2024-07-01,0,17031,0,0,0,17031
11646,696,2024-08-01,17031,0,0,0,0,17031
11647,696,2024-09-01,17031,0,0,0,0,17031
11648,696,2024-10-01,17031,0,0,0,0,17031
11649,696,2024-11-01,17031,0,0,0,0,17031
11650,696,2024-12-01,17031,0,0,0,0,17031
11651,696,2025-01-01,17031,0,0,0,0,17031
11652,696,2025-02-01,17031,0,0,0,0,17031
11653,696,2025-03-01,17031,0,0,0,0,17031
11654,696,2025-04-01,17031,0,0,0,0,17031
11655,696,2025-05-01,17031,0,0,0,0,17031
11656,696,2025-06-01,17031,0,0,0,0,17031
11657,696,2025-07-01,17031,0,0,0,0,17031
11658,696,2025-08-01,17031,0,0,0,0,17031
11659,696,2025-09-01,17031,0,0,0,0,17031
11660,696,2025-10-01,17031,0,2042,0,0,19073
11661,696,2025-11-01,19073,0,0,0,0,19073
11662,696,2025-12-01,19073,0,0,0,0,19073
11663,696,2026-01-01,19073,0,0,0,0,19073
11664,696,2026-02-01,19073,0,0,0,0,19073
11665,696,2026-03-01,19073,0,0,0,0,19073
11666,696,2026-04-01,19073,0,0,0,0,19073
11667,696,2026-05-01,19073,0,0,0,0,19073
11668,696,2026-06-01,19073,0,0,0,0,19073
11669,697,2024-06-01,0,4500,0,0,0,4500
11670,697,2024-07-01,4500,0,0,0,0,4500
11671,697,2024-08-01,4500,0,0,0,0,4500
11672,697,2024-09-01,4500,0,0,0,0,4500
11673,697,2024-10-01,4500,0,0,0,0,4500
11674,697,2024-11-01,4500,0,0,0,0,4500
11675,697,2024-12-01,4500,0,0,0,0,4500
11676,697,2025-01-01,4500,0,0,0,0,4500
11677,697,2025-02-01,4500,0,0,710,0,3790
11678,697,2025-03-01,3790,0,0,624,0,3166
11679,697,2025-04-01,3166,0,0,0,0,3166
11680,697,2025-05-01,3166,0,0,0,0,3166
11681,697,2025-06-01,3166,0,0,0,0,3166
11682,697,2025-07-01,3166,0,461,0,0,3627
11683,697,2025-08-01,3627,0,0,0,0,3627
11684,697,2025-09-01,3627,0,0,0,0,3627
11685,697,2025-10-01,3627,0,0,0,0,3627
11686,697,2025-11-01,3627,0,985,0,0,4612
11687,697,2025-12-01,4612,0,0,0,0,4612
11688,697,2026-01-01,4612,0,0,0,0,4612
11689,697,2026-02-01,4612,0,0,0,0,4612
11690,697,2026-03-01,4612,0,0,0,0,4612
11691,697,2026-04-01,4612,0,0,0,4612,0
11692,697,2026-05-01,0,0,0,0,0,0
11693,697,2026-06-01,0,0,0,0,0,0
11694,698,2024-07-01,0,5904,0,0,0,5904
11695,698,2024-08-01,5904,0,0,0,0,5904
11696,698,2024-09-01,5904,0,0,0,0,5904
11697,698,2024-10-01,5904,0,0,0,0,5904
11698,698,2024-11-01,5904,0,0,0,0,5904
11699,698,2024-12-01,5904,0,0,0,0,5904
11700,698,2025-01-01,5904,0,0,0,0,5904
11701,698,2025-02-01,5904,0,0,0,0,5904
11702,698,2025-03-01,5904,0,0,0,0,5904
11703,698,2025-04-01,5904,0,0,0,0,5904
11704,698,2025-05-01,5904,0,0,0,0,5904
11705,698,2025-06-01,5904,0,0,0,0,5904
11706,698,2025-07-01,5904,0,0,0,5904,0
11707,698,2025-08-01,0,0,0,0,0,0
11708,698,2025-09-01,0,0,0,0,0,0
11709,698,2025-10-01,0,0,0,0,0,0
11710,698,2025-11-01,0,0,0,0,0,0
11711,698,2025-12-01,0,0,0,0,0,0
11712,698,2026-01-01,0,0,0,0,0,0
11713,698,2026-02-01,0,0,0,0,0,0
11714,698,2026-03-01,0,0,0,0,0,0
11715,698,2026-04-01,0,0,0,0,0,0
11716,698,2026-05-01,0,0,0,0,0,0
11717,698,2026-06-01,0,0,0,0,0,0
11718,699,2025-11-01,0,24367,0,0,0,24367
11719,699,2025-12-01,24367,0,0,0,0,24367
11720,699,2026-01-01,24367,0,0,0,0,24367
11721,699,2026-02-01,24367,0,0,0,0,24367
11722,699,2026-03-01,24367,0,0,0,0,24367
11723,699,2026-04-01,24367,0,0,5625,0,18742
11724,699,2026-05-01,18742,0,0,0,0,18742
11725,699,2026-06-01,18742,0,0,0,0,18742
11726,700,2024-11-01,0,5336,0,0,0,5336
11727,700,2024-12-01,5336,0,0,0,0,5336
11728,700,2025-01-01,5336,0,1503,0,0,6839
11729,700,2025-02-01,6839,0,0,0,0,6839
11730,700,2025-03-01,6839,0,0,0,0,6839
11731,700,2025-04-01,6839,0,0,0,0,6839
11732,700,2025-05-01,6839,0,0,0,0,6839
11733,700,2025-06-01,6839,0,0,0,0,6839
11734,700,2025-07-01,6839,0,0,0,0,6839
11735,700,2025-08-01,6839,0,0,824,0,6015
11736,700,2025-09-01,6015,0,0,0,0,6015
11737,700,2025-10-01,6015,0,0,0,0,6015
11738,700,2025-11-01,6015,0,628,0,0,6643
11739,700,2025-12-01,6643,0,0,0,0,6643
11740,700,2026-01-01,6643,0,0,0,0,6643
11741,700,2026-02-01,6643,0,0,0,0,6643
11742,700,2026-03-01,6643,0,0,0,6643,0
11743,700,2026-04-01,0,0,0,0,0,0
11744,700,2026-05-01,0,0,0,0,0,0
11745,700,2026-06-01,0,0,0,0,0,0
11746,701,2024-09-01,0,14628,0,0,0,14628
11747,701,2024-10-01,14628,0,0,0,14628,0
11748,701,2024-11-01,0,0,0,0,0,0
11749,701,2024-12-01,0,0,0,0,0,0
11750,701,2025-01-01,0,0,0,0,0,0
11751,701,2025-02-01,0,0,0,0,0,0
11752,701,2025-03-01,0,0,0,0,0,0
11753,701,2025-04-01,0,0,0,0,0,0
11754,701,2025-05-01,0,0,0,0,0,0
11755,701,2025-06-01,0,0,0,0,0,0
11756,701,2025-07-01,0,0,0,0,0,0
11757,701,2025-08-01,0,0,0,0,0,0
11758,701,2025-09-01,0,0,0,0,0,0
11759,701,2025-10-01,0,0,0,0,0,0
11760,701,2025-11-01,0,0,0,0,0,0
11761,701,2025-12-01,0,0,0,0,0,0
11762,701,2026-01-01,0,0,0,0,0,0
11763,701,2026-02-01,0,0,0,0,0,0
11764,701,2026-03-01,0,0,0,0,0,0
11765,701,2026-04-01,0,0,0,0,0,0
11766,701,2026-05-01,0,0,0,0,0,0
11767,701,2026-06-01,0,0,0,0,0,0
11768,702,2025-04-01,0,4716,0,0,0,4716
11769,702,2025-05-01,4716,0,0,0,4716,0
11770,702,2025-06-01,0,0,0,0,0,0
11771,702,2025-07-01,0,0,0,0,0,0
11772,702,2025-08-01,0,0,0,0,0,0
11773,702,2025-09-01,0,0,0,0,0,0
11774,702,2025-10-01,0,0,0,0,0,0
11775,702,2025-11-01,0,0,0,0,0,0
11776,702,2025-12-01,0,0,0,0,0,0
11777,702,2026-01-01,0,0,0,0,0,0
11778,702,2026-02-01,0,0,0,0,0,0
11779,702,2026-03-01,0,0,0,0,0,0
11780,702,2026-04-01,0,0,0,0,0,0
11781,702,2026-05-01,0,0,0,0,0,0
11782,702,2026-06-01,0,0,0,0,0,0
11783,703,2026-01-01,0,22143,0,0,0,22143
11784,703,2026-02-01,22143,0,0,0,0,22143
11785,703,2026-03-01,22143,0,0,0,0,22143
11786,703,2026-04-01,22143,0,0,0,0,22143
11787,703,2026-05-01,22143,0,0,0,0,22143
11788,703,2026-06-01,22143,0,0,0,22143,0
11789,704,2025-03-01,0,45440,0,0,0,45440
11790,704,2025-04-01,45440,0,0,0,0,45440
11791,704,2025-05-01,45440,0,0,0,0,45440
11792,704,2025-06-01,45440,0,0,0,0,45440
11793,704,2025-07-01,45440,0,0,0,0,45440
11794,704,2025-08-01,45440,0,0,0,0,45440
11795,704,2025-09-01,45440,0,0,0,0,45440
11796,704,2025-10-01,45440,0,0,0,0,45440
11797,704,2025-11-01,45440,0,11694,0,0,57134
11798,704,2025-12-01,57134,0,0,0,0,57134
11799,704,2026-01-01,57134,0,0,0,0,57134
11800,704,2026-02-01,57134,0,0,0,0,57134
11801,704,2026-03-01,57134,0,6698,0,0,63832
11802,704,2026-04-01,63832,0,0,0,0,63832
11803,704,2026-05-01,63832,0,0,0,0,63832
11804,704,2026-06-01,63832,0,0,0,0,63832
11805,705,2026-01-01,0,5985,0,0,0,5985
11806,705,2026-02-01,5985,0,0,1068,0,4917
11807,705,2026-03-01,4917,0,0,0,0,4917
11808,705,2026-04-01,4917,0,0,0,0,4917
11809,705,2026-05-01,4917,0,0,493,0,4424
11810,705,2026-06-01,4424,0,0,0,4424,0
11811,706,2024-12-01,0,23020,0,0,0,23020
11812,706,2025-01-01,23020,0,0,0,0,23020
11813,706,2025-02-01,23020,0,0,0,0,23020
11814,706,2025-03-01,23020,0,0,0,0,23020
11815,706,2025-04-01,23020,0,3394,0,0,26414
11816,706,2025-05-01,26414,0,0,0,0,26414
11817,706,2025-06-01,26414,0,0,0,0,26414
11818,706,2025-07-01,26414,0,0,0,0,26414
11819,706,2025-08-01,26414,0,0,0,0,26414
11820,706,2025-09-01,26414,0,0,0,0,26414
11821,706,2025-10-01,26414,0,0,0,0,26414
11822,706,2025-11-01,26414,0,0,0,0,26414
11823,706,2025-12-01,26414,0,0,0,0,26414
11824,706,2026-01-01,26414,0,0,0,0,26414
11825,706,2026-02-01,26414,0,0,0,0,26414
11826,706,2026-03-01,26414,0,0,0,0,26414
11827,706,2026-04-01,26414,0,0,0,0,26414
11828,706,2026-05-01,26414,0,5517,0,0,31931
11829,706,2026-06-01,31931,0,0,0,0,31931
11830,707,2025-12-01,0,16472,0,0,0,16472
11831,707,2026-01-01,16472,0,0,2094,0,14378
11832,707,2026-02-01,14378,0,0,0,0,14378
11833,707,2026-03-01,14378,0,0,0,0,14378
11834,707,2026-04-01,14378,0,0,0,0,14378
11835,707,2026-05-01,14378,0,0,0,0,14378
11836,707,2026-06-01,14378,0,0,0,0,14378
11837,708,2024-10-01,0,19921,0,0,0,19921
11838,708,2024-11-01,19921,0,0,0,0,19921
11839,708,2024-12-01,19921,0,0,0,0,19921
11840,708,2025-01-01,19921,0,0,0,0,19921
11841,708,2025-02-01,19921,0,0,0,0,19921
11842,708,2025-03-01,19921,0,0,0,0,19921
11843,708,2025-04-01,19921,0,0,2262,0,17659
11844,708,2025-05-01,17659,0,4712,0,0,22371
11845,708,2025-06-01,22371,0,4096,0,0,26467
11846,708,2025-07-01,26467,0,0,0,0,26467
11847,708,2025-08-01,26467,0,0,0,0,26467
11848,708,2025-09-01,26467,0,0,0,0,26467
11849,708,2025-10-01,26467,0,0,0,0,26467
11850,708,2025-11-01,26467,0,0,6039,0,20428
11851,708,2025-12-01,20428,0,0,0,0,20428
11852,708,2026-01-01,20428,0,0,4428,0,16000
11853,708,2026-02-01,16000,0,0,0,0,16000
11854,708,2026-03-01,16000,0,0,0,0,16000
11855,708,2026-04-01,16000,0,0,0,16000,0
11856,708,2026-05-01,0,0,0,0,0,0
11857,708,2026-06-01,0,0,0,0,0,0
11858,709,2025-11-01,0,3643,0,0,0,3643
11859,709,2025-12-01,3643,0,0,0,0,3643
11860,709,2026-01-01,3643,0,0,387,0,3256
11861,709,2026-02-01,3256,0,0,0,0,3256
11862,709,2026-03-01,3256,0,563,0,0,3819
11863,709,2026-04-01,3819,0,0,0,0,3819
11864,709,2026-05-01,3819,0,0,0,3819,0
11865,709,2026-06-01,0,0,0,0,0,0
11866,710,2024-07-01,0,22887,0,0,0,22887
11867,710,2024-08-01,22887,0,0,0,0,22887
11868,710,2024-09-01,22887,0,0,0,0,22887
11869,710,2024-10-01,22887,0,0,0,0,22887
11870,710,2024-11-01,22887,0,0,0,0,22887
11871,710,2024-12-01,22887,0,0,0,0,22887
11872,710,2025-01-01,22887,0,0,0,0,22887
11873,710,2025-02-01,22887,0,0,0,0,22887
11874,710,2025-03-01,22887,0,0,0,0,22887
11875,710,2025-04-01,22887,0,0,0,0,22887
11876,710,2025-05-01,22887,0,0,0,0,22887
11877,710,2025-06-01,22887,0,0,0,0,22887
11878,710,2025-07-01,22887,0,0,0,0,22887
11879,710,2025-08-01,22887,0,0,0,0,22887
11880,710,2025-09-01,22887,0,0,0,0,22887
11881,710,2025-10-01,22887,0,0,0,0,22887
11882,710,2025-11-01,22887,0,0,0,0,22887
11883,710,2025-12-01,22887,0,0,0,0,22887
11884,710,2026-01-01,22887,0,0,0,0,22887
11885,710,2026-02-01,22887,0,0,0,0,22887
11886,710,2026-03-01,22887,0,0,0,0,22887
11887,710,2026-04-01,22887,0,0,0,0,22887
11888,710,2026-05-01,22887,0,0,0,0,22887
11889,710,2026-06-01,22887,0,0,0,0,22887
11890,711,2024-04-01,0,7163,0,0,0,7163
11891,711,2024-05-01,7163,0,1898,0,0,9061
11892,711,2024-06-01,9061,0,0,0,0,9061
11893,711,2024-07-01,9061,0,0,0,9061,0
11894,711,2024-08-01,0,0,0,0,0,0
11895,711,2024-09-01,0,0,0,0,0,0
11896,711,2024-10-01,0,0,0,0,0,0
11897,711,2024-11-01,0,0,0,0,0,0
11898,711,2024-12-01,0,0,0,0,0,0
11899,711,2025-01-01,0,0,0,0,0,0
11900,711,2025-02-01,0,0,0,0,0,0
11901,711,2025-03-01,0,0,0,0,0,0
11902,711,2025-04-01,0,0,0,0,0,0
11903,711,2025-05-01,0,0,0,0,0,0
11904,711,2025-06-01,0,0,0,0,0,0
11905,711,2025-07-01,0,0,0,0,0,0
11906,711,2025-08-01,0,0,0,0,0,0
11907,711,2025-09-01,0,0,0,0,0,0
11908,711,2025-10-01,0,0,0,0,0,0
11909,711,2025-11-01,0,0,0,0,0,0
11910,711,2025-12-01,0,0,0,0,0,0
11911,711,2026-01-01,0,0,0,0,0,0
11912,711,2026-02-01,0,0,0,0,0,0
11913,711,2026-03-01,0,0,0,0,0,0
11914,711,2026-04-01,0,0,0,0,0,0
11915,711,2026-05-01,0,0,0,0,0,0
11916,711,2026-06-01,0,0,0,0,0,0
11917,712,2025-07-01,0,12666,0,0,0,12666
11918,712,2025-08-01,12666,0,0,0,0,12666
11919,712,2025-09-01,12666,0,0,0,12666,0
11920,712,2025-10-01,0,0,0,0,0,0
11921,712,2025-11-01,0,0,0,0,0,0
11922,712,2025-12-01,0,0,0,0,0,0
11923,712,2026-01-01,0,0,0,0,0,0
11924,712,2026-02-01,0,0,0,0,0,0
11925,712,2026-03-01,0,0,0,0,0,0
11926,712,2026-04-01,0,0,0,0,0,0
11927,712,2026-05-01,0,0,0,0,0,0
11928,712,2026-06-01,0,0,0,0,0,0
11929,713,2024-12-01,0,8945,0,0,0,8945
11930,713,2025-01-01,8945,0,1987,0,0,10932
11931,713,2025-02-01,10932,0,0,0,0,10932
11932,713,2025-03-01,10932,0,0,0,0,10932
11933,713,2025-04-01,10932,0,0,0,0,10932
11934,713,2025-05-01,10932,0,0,0,0,10932
11935,713,2025-06-01,10932,0,0,0,0,10932
11936,713,2025-07-01,10932,0,0,0,0,10932
11937,713,2025-08-01,10932,0,0,0,0,10932
11938,713,2025-09-01,10932,0,0,0,0,10932
11939,713,2025-10-01,10932,0,0,0,0,10932
11940,713,2025-11-01,10932,0,0,0,0,10932
11941,713,2025-12-01,10932,0,0,0,0,10932
11942,713,2026-01-01,10932,0,0,0,0,10932
11943,713,2026-02-01,10932,0,0,0,0,10932
11944,713,2026-03-01,10932,0,0,0,10932,0
11945,713,2026-04-01,0,0,0,0,0,0
11946,713,2026-05-01,0,0,0,0,0,0
11947,713,2026-06-01,0,0,0,0,0,0
11948,714,2025-10-01,0,48725,0,0,0,48725
11949,714,2025-11-01,48725,0,0,0,0,48725
11950,714,2025-12-01,48725,0,0,0,0,48725
11951,714,2026-01-01,48725,0,0,0,0,48725
11952,714,2026-02-01,48725,0,0,0,0,48725
11953,714,2026-03-01,48725,0,0,0,0,48725
11954,714,2026-04-01,48725,0,0,0,0,48725
11955,714,2026-05-01,48725,0,0,0,0,48725
11956,714,2026-06-01,48725,0,0,8768,0,39957
11957,715,2024-01-01,0,4427,0,0,0,4427
11958,715,2024-02-01,4427,0,0,0,0,4427
11959,715,2024-03-01,4427,0,0,0,0,4427
11960,715,2024-04-01,4427,0,0,0,0,4427
11961,715,2024-05-01,4427,0,0,0,0,4427
11962,715,2024-06-01,4427,0,0,0,0,4427
11963,715,2024-07-01,4427,0,0,0,0,4427
11964,715,2024-08-01,4427,0,0,0,0,4427
11965,715,2024-09-01,4427,0,761,0,0,5188
11966,715,2024-10-01,5188,0,1449,0,0,6637
11967,715,2024-11-01,6637,0,0,0,0,6637
11968,715,2024-12-01,6637,0,0,0,0,6637
11969,715,2025-01-01,6637,0,1145,0,0,7782
11970,715,2025-02-01,7782,0,0,0,0,7782
11971,715,2025-03-01,7782,0,0,0,0,7782
11972,715,2025-04-01,7782,0,1757,0,0,9539
11973,715,2025-05-01,9539,0,0,0,0,9539
11974,715,2025-06-01,9539,0,0,0,9539,0
11975,715,2025-07-01,0,0,0,0,0,0
11976,715,2025-08-01,0,0,0,0,0,0
11977,715,2025-09-01,0,0,0,0,0,0
11978,715,2025-10-01,0,0,0,0,0,0
11979,715,2025-11-01,0,0,0,0,0,0
11980,715,2025-12-01,0,0,0,0,0,0
11981,715,2026-01-01,0,0,0,0,0,0
11982,715,2026-02-01,0,0,0,0,0,0
11983,715,2026-03-01,0,0,0,0,0,0
11984,715,2026-04-01,0,0,0,0,0,0
11985,715,2026-05-01,0,0,0,0,0,0
11986,715,2026-06-01,0,0,0,0,0,0
11987,716,2025-10-01,0,23915,0,0,0,23915
11988,716,2025-11-01,23915,0,0,0,0,23915
11989,716,2025-12-01,23915,0,0,0,0,23915
11990,716,2026-01-01,23915,0,0,0,0,23915
11991,716,2026-02-01,23915,0,0,0,0,23915
11992,716,2026-03-01,23915,0,0,0,0,23915
11993,716,2026-04-01,23915,0,0,0,0,23915
11994,716,2026-05-01,23915,0,0,0,0,23915
11995,716,2026-06-01,23915,0,0,0,0,23915
11996,717,2024-06-01,0,5667,0,0,0,5667
11997,717,2024-07-01,5667,0,610,0,0,6277
11998,717,2024-08-01,6277,0,0,0,0,6277
11999,717,2024-09-01,6277,0,0,0,0,6277
12000,717,2024-10-01,6277,0,0,0,0,6277
12001,717,2024-11-01,6277,0,0,0,0,6277
12002,717,2024-12-01,6277,0,0,0,0,6277
12003,717,2025-01-01,6277,0,0,0,6277,0
12004,717,2025-02-01,0,0,0,0,0,0
12005,717,2025-03-01,0,0,0,0,0,0
12006,717,2025-04-01,0,0,0,0,0,0
12007,717,2025-05-01,0,0,0,0,0,0
12008,717,2025-06-01,0,0,0,0,0,0
12009,717,2025-07-01,0,0,0,0,0,0
12010,717,2025-08-01,0,0,0,0,0,0
12011,717,2025-09-01,0,0,0,0,0,0
12012,717,2025-10-01,0,0,0,0,0,0
12013,717,2025-11-01,0,0,0,0,0,0
12014,717,2025-12-01,0,0,0,0,0,0
12015,717,2026-01-01,0,0,0,0,0,0
12016,717,2026-02-01,0,0,0,0,0,0
12017,717,2026-03-01,0,0,0,0,0,0
12018,717,2026-04-01,0,0,0,0,0,0
12019,717,2026-05-01,0,0,0,0,0,0
12020,717,2026-06-01,0,0,0,0,0,0
12021,718,2024-05-01,0,7178,0,0,0,7178
12022,718,2024-06-01,7178,0,0,0,0,7178
12023,718,2024-07-01,7178,0,0,0,0,7178
12024,718,2024-08-01,7178,0,0,0,0,7178
12025,718,2024-09-01,7178,0,0,0,0,7178
12026,718,2024-10-01,7178,0,0,0,0,7178
12027,718,2024-11-01,7178,0,0,0,0,7178
12028,718,2024-12-01,7178,0,0,0,0,7178
12029,718,2025-01-01,7178,0,0,0,0,7178
12030,718,2025-02-01,7178,0,0,0,0,7178
12031,718,2025-03-01,7178,0,0,0,0,7178
12032,718,2025-04-01,7178,0,0,0,0,7178
12033,718,2025-05-01,7178,0,1980,0,0,9158
12034,718,2025-06-01,9158,0,0,0,0,9158
12035,718,2025-07-01,9158,0,0,0,0,9158
12036,718,2025-08-01,9158,0,0,0,0,9158
12037,718,2025-09-01,9158,0,0,0,9158,0
12038,718,2025-10-01,0,0,0,0,0,0
12039,718,2025-11-01,0,0,0,0,0,0
12040,718,2025-12-01,0,0,0,0,0,0
12041,718,2026-01-01,0,0,0,0,0,0
12042,718,2026-02-01,0,0,0,0,0,0
12043,718,2026-03-01,0,0,0,0,0,0
12044,718,2026-04-01,0,0,0,0,0,0
12045,718,2026-05-01,0,0,0,0,0,0
12046,718,2026-06-01,0,0,0,0,0,0
12047,719,2025-02-01,0,4812,0,0,0,4812
12048,719,2025-03-01,4812,0,0,0,0,4812
12049,719,2025-04-01,4812,0,0,0,0,4812
12050,719,2025-05-01,4812,0,0,0,0,4812
12051,719,2025-06-01,4812,0,0,0,0,4812
12052,719,2025-07-01,4812,0,0,0,0,4812
12053,719,2025-08-01,4812,0,0,0,0,4812
12054,719,2025-09-01,4812,0,0,0,0,4812
12055,719,2025-10-01,4812,0,0,0,0,4812
12056,719,2025-11-01,4812,0,0,0,0,4812
12057,719,2025-12-01,4812,0,0,0,0,4812
12058,719,2026-01-01,4812,0,0,0,0,4812
12059,719,2026-02-01,4812,0,0,0,0,4812
12060,719,2026-03-01,4812,0,0,0,0,4812
12061,719,2026-04-01,4812,0,0,0,0,4812
12062,719,2026-05-01,4812,0,0,0,0,4812
12063,719,2026-06-01,4812,0,489,0,0,5301
12064,720,2024-11-01,0,21174,0,0,0,21174
12065,720,2024-12-01,21174,0,0,0,21174,0
12066,720,2025-01-01,0,0,0,0,0,0
12067,720,2025-02-01,0,0,0,0,0,0
12068,720,2025-03-01,0,0,0,0,0,0
12069,720,2025-04-01,0,0,0,0,0,0
12070,720,2025-05-01,0,0,0,0,0,0
12071,720,2025-06-01,0,0,0,0,0,0
12072,720,2025-07-01,0,0,0,0,0,0
12073,720,2025-08-01,0,0,0,0,0,0
12074,720,2025-09-01,0,0,0,0,0,0
12075,720,2025-10-01,0,0,0,0,0,0
12076,720,2025-11-01,0,0,0,0,0,0
12077,720,2025-12-01,0,0,0,0,0,0
12078,720,2026-01-01,0,0,0,0,0,0
12079,720,2026-02-01,0,0,0,0,0,0
12080,720,2026-03-01,0,0,0,0,0,0
12081,720,2026-04-01,0,0,0,0,0,0
12082,720,2026-05-01,0,0,0,0,0,0
12083,720,2026-06-01,0,0,0,0,0,0
12084,721,2025-07-01,0,5110,0,0,0,5110
12085,721,2025-08-01,5110,0,0,0,0,5110
12086,721,2025-09-01,5110,0,0,0,0,5110
12087,721,2025-10-01,5110,0,0,0,0,5110
12088,721,2025-11-01,5110,0,0,0,0,5110
12089,721,2025-12-01,5110,0,0,0,0,5110
12090,721,2026-01-01,5110,0,0,0,0,5110
12091,721,2026-02-01,5110,0,0,0,0,5110
12092,721,2026-03-01,5110,0,0,0,0,5110
12093,721,2026-04-01,5110,0,0,1174,0,3936
12094,721,2026-05-01,3936,0,0,0,0,3936
12095,721,2026-06-01,3936,0,0,0,0,3936
12096,722,2025-07-01,0,7996,0,0,0,7996
12097,722,2025-08-01,7996,0,0,0,0,7996
12098,722,2025-09-01,7996,0,926,0,0,8922
12099,722,2025-10-01,8922,0,0,0,0,8922
12100,722,2025-11-01,8922,0,0,0,0,8922
12101,722,2025-12-01,8922,0,0,1593,0,7329
12102,722,2026-01-01,7329,0,0,0,0,7329
12103,722,2026-02-01,7329,0,0,0,0,7329
12104,722,2026-03-01,7329,0,0,0,0,7329
12105,722,2026-04-01,7329,0,0,0,0,7329
12106,722,2026-05-01,7329,0,0,0,0,7329
12107,722,2026-06-01,7329,0,0,0,0,7329
12108,723,2025-04-01,0,13443,0,0,0,13443
12109,723,2025-05-01,13443,0,0,0,0,13443
12110,723,2025-06-01,13443,0,0,0,0,13443
12111,723,2025-07-01,13443,0,0,0,0,13443
12112,723,2025-08-01,13443,0,0,2533,0,10910
12113,723,2025-09-01,10910,0,0,0,0,10910
12114,723,2025-10-01,10910,0,0,0,0,10910
12115,723,2025-11-01,10910,0,2147,0,0,13057
12116,723,2025-12-01,13057,0,0,0,0,13057
12117,723,2026-01-01,13057,0,0,0,0,13057
12118,723,2026-02-01,13057,0,0,0,0,13057
12119,723,2026-03-01,13057,0,0,0,0,13057
12120,723,2026-04-01,13057,0,0,0,0,13057
12121,723,2026-05-01,13057,0,0,0,0,13057
12122,723,2026-06-01,13057,0,0,0,0,13057
12123,724,2025-09-01,0,11279,0,0,0,11279
12124,724,2025-10-01,11279,0,0,0,0,11279
12125,724,2025-11-01,11279,0,0,0,0,11279
12126,724,2025-12-01,11279,0,0,1452,0,9827
12127,724,2026-01-01,9827,0,0,0,0,9827
12128,724,2026-02-01,9827,0,0,1347,0,8480
12129,724,2026-03-01,8480,0,0,0,0,8480
12130,724,2026-04-01,8480,0,1561,0,0,10041
12131,724,2026-05-01,10041,0,0,0,0,10041
12132,724,2026-06-01,10041,0,1082,0,0,11123
12133,725,2024-12-01,0,5572,0,0,0,5572
12134,725,2025-01-01,5572,0,0,0,0,5572
12135,725,2025-02-01,5572,0,0,0,0,5572
12136,725,2025-03-01,5572,0,0,0,0,5572
12137,725,2025-04-01,5572,0,0,0,0,5572
12138,725,2025-05-01,5572,0,0,0,0,5572
12139,725,2025-06-01,5572,0,0,0,0,5572
12140,725,2025-07-01,5572,0,0,0,0,5572
12141,725,2025-08-01,5572,0,0,0,0,5572
12142,725,2025-09-01,5572,0,609,0,0,6181
12143,725,2025-10-01,6181,0,0,0,0,6181
12144,725,2025-11-01,6181,0,0,0,0,6181
12145,725,2025-12-01,6181,0,0,0,0,6181
12146,725,2026-01-01,6181,0,0,0,0,6181
12147,725,2026-02-01,6181,0,0,0,0,6181
12148,725,2026-03-01,6181,0,0,0,0,6181
12149,725,2026-04-01,6181,0,1433,0,0,7614
12150,725,2026-05-01,7614,0,0,0,0,7614
12151,725,2026-06-01,7614,0,0,0,0,7614
12152,726,2025-08-01,0,9665,0,0,0,9665
12153,726,2025-09-01,9665,0,0,0,0,9665
12154,726,2025-10-01,9665,0,0,0,0,9665
12155,726,2025-11-01,9665,0,0,0,0,9665
12156,726,2025-12-01,9665,0,0,0,0,9665
12157,726,2026-01-01,9665,0,0,0,0,9665
12158,726,2026-02-01,9665,0,0,0,0,9665
12159,726,2026-03-01,9665,0,0,0,0,9665
12160,726,2026-04-01,9665,0,2712,0,0,12377
12161,726,2026-05-01,12377,0,0,0,0,12377
12162,726,2026-06-01,12377,0,0,0,0,12377
12163,727,2024-05-01,0,23881,0,0,0,23881
12164,727,2024-06-01,23881,0,0,0,0,23881
12165,727,2024-07-01,23881,0,0,0,0,23881
12166,727,2024-08-01,23881,0,0,0,0,23881
12167,727,2024-09-01,23881,0,0,0,0,23881
12168,727,2024-10-01,23881,0,0,5842,0,18039
12169,727,2024-11-01,18039,0,0,0,0,18039
12170,727,2024-12-01,18039,0,0,0,0,18039
12171,727,2025-01-01,18039,0,0,0,0,18039
12172,727,2025-02-01,18039,0,0,0,0,18039
12173,727,2025-03-01,18039,0,0,0,0,18039
12174,727,2025-04-01,18039,0,4594,0,0,22633
12175,727,2025-05-01,22633,0,0,0,0,22633
12176,727,2025-06-01,22633,0,2359,0,0,24992
12177,727,2025-07-01,24992,0,0,0,0,24992
12178,727,2025-08-01,24992,0,0,0,0,24992
12179,727,2025-09-01,24992,0,0,0,0,24992
12180,727,2025-10-01,24992,0,0,0,24992,0
12181,727,2025-11-01,0,0,0,0,0,0
12182,727,2025-12-01,0,0,0,0,0,0
12183,727,2026-01-01,0,0,0,0,0,0
12184,727,2026-02-01,0,0,0,0,0,0
12185,727,2026-03-01,0,0,0,0,0,0
12186,727,2026-04-01,0,0,0,0,0,0
12187,727,2026-05-01,0,0,0,0,0,0
12188,727,2026-06-01,0,0,0,0,0,0
12189,728,2025-01-01,0,8148,0,0,0,8148
12190,728,2025-02-01,8148,0,0,1453,0,6695
12191,728,2025-03-01,6695,0,0,0,0,6695
12192,728,2025-04-01,6695,0,0,0,0,6695
12193,728,2025-05-01,6695,0,0,0,0,6695
12194,728,2025-06-01,6695,0,0,0,0,6695
12195,728,2025-07-01,6695,0,0,0,0,6695
12196,728,2025-08-01,6695,0,0,0,0,6695
12197,728,2025-09-01,6695,0,0,0,0,6695
12198,728,2025-10-01,6695,0,0,0,0,6695
12199,728,2025-11-01,6695,0,0,0,0,6695
12200,728,2025-12-01,6695,0,0,0,0,6695
12201,728,2026-01-01,6695,0,0,0,0,6695
12202,728,2026-02-01,6695,0,0,0,6695,0
12203,728,2026-03-01,0,0,0,0,0,0
12204,728,2026-04-01,0,0,0,0,0,0
12205,728,2026-05-01,0,0,0,0,0,0
12206,728,2026-06-01,0,0,0,0,0,0
12207,729,2025-01-01,0,21675,0,0,0,21675
12208,729,2025-02-01,21675,0,0,0,0,21675
12209,729,2025-03-01,21675,0,0,0,0,21675
12210,729,2025-04-01,21675,0,0,0,0,21675
12211,729,2025-05-01,21675,0,0,0,0,21675
12212,729,2025-06-01,21675,0,0,0,0,21675
12213,729,2025-07-01,21675,0,0,0,0,21675
12214,729,2025-08-01,21675,0,0,0,0,21675
12215,729,2025-09-01,21675,0,0,0,0,21675
12216,729,2025-10-01,21675,0,0,0,0,21675
12217,729,2025-11-01,21675,0,0,0,0,21675
12218,729,2025-12-01,21675,0,0,0,0,21675
12219,729,2026-01-01,21675,0,0,0,0,21675
12220,729,2026-02-01,21675,0,0,0,0,21675
12221,729,2026-03-01,21675,0,0,0,0,21675
12222,729,2026-04-01,21675,0,0,0,0,21675
12223,729,2026-05-01,21675,0,0,0,0,21675
12224,729,2026-06-01,21675,0,0,0,0,21675
12225,730,2025-07-01,0,5828,0,0,0,5828
12226,730,2025-08-01,5828,0,0,0,0,5828
12227,730,2025-09-01,5828,0,0,0,0,5828
12228,730,2025-10-01,5828,0,0,0,0,5828
12229,730,2025-11-01,5828,0,0,0,0,5828
12230,730,2025-12-01,5828,0,0,0,0,5828
12231,730,2026-01-01,5828,0,0,0,0,5828
12232,730,2026-02-01,5828,0,0,0,0,5828
12233,730,2026-03-01,5828,0,0,0,0,5828
12234,730,2026-04-01,5828,0,0,0,0,5828
12235,730,2026-05-01,5828,0,0,0,0,5828
12236,730,2026-06-01,5828,0,0,0,0,5828
12237,731,2024-11-01,0,15620,0,0,0,15620
12238,731,2024-12-01,15620,0,3758,0,0,19378
12239,731,2025-01-01,19378,0,0,0,0,19378
12240,731,2025-02-01,19378,0,0,0,0,19378
12241,731,2025-03-01,19378,0,0,0,19378,0
12242,731,2025-04-01,0,0,0,0,0,0
12243,731,2025-05-01,0,0,0,0,0,0
12244,731,2025-06-01,0,0,0,0,0,0
12245,731,2025-07-01,0,0,0,0,0,0
12246,731,2025-08-01,0,0,0,0,0,0
12247,731,2025-09-01,0,0,0,0,0,0
12248,731,2025-10-01,0,0,0,0,0,0
12249,731,2025-11-01,0,0,0,0,0,0
12250,731,2025-12-01,0,0,0,0,0,0
12251,731,2026-01-01,0,0,0,0,0,0
12252,731,2026-02-01,0,0,0,0,0,0
12253,731,2026-03-01,0,0,0,0,0,0
12254,731,2026-04-01,0,0,0,0,0,0
12255,731,2026-05-01,0,0,0,0,0,0
12256,731,2026-06-01,0,0,0,0,0,0
12257,732,2024-12-01,0,28140,0,0,0,28140
12258,732,2025-01-01,28140,0,0,0,0,28140
12259,732,2025-02-01,28140,0,0,0,0,28140
12260,732,2025-03-01,28140,0,0,5707,0,22433
12261,732,2025-04-01,22433,0,0,0,0,22433
12262,732,2025-05-01,22433,0,0,0,0,22433
12263,732,2025-06-01,22433,0,0,0,0,22433
12264,732,2025-07-01,22433,0,4659,0,0,27092
12265,732,2025-08-01,27092,0,0,0,0,27092
12266,732,2025-09-01,27092,0,0,0,0,27092
12267,732,2025-10-01,27092,0,0,0,0,27092
12268,732,2025-11-01,27092,0,0,0,0,27092
12269,732,2025-12-01,27092,0,0,0,27092,0
12270,732,2026-01-01,0,0,0,0,0,0
12271,732,2026-02-01,0,0,0,0,0,0
12272,732,2026-03-01,0,0,0,0,0,0
12273,732,2026-04-01,0,0,0,0,0,0
12274,732,2026-05-01,0,0,0,0,0,0
12275,732,2026-06-01,0,0,0,0,0,0
12276,733,2025-12-01,0,34609,0,0,0,34609
12277,733,2026-01-01,34609,0,0,0,0,34609
12278,733,2026-02-01,34609,0,5747,0,0,40356
12279,733,2026-03-01,40356,0,0,0,40356,0
12280,733,2026-04-01,0,0,0,0,0,0
12281,733,2026-05-01,0,0,0,0,0,0
12282,733,2026-06-01,0,0,0,0,0,0
12283,734,2025-02-01,0,22525,0,0,0,22525
12284,734,2025-03-01,22525,0,4895,0,0,27420
12285,734,2025-04-01,27420,0,0,0,0,27420
12286,734,2025-05-01,27420,0,0,0,0,27420
12287,734,2025-06-01,27420,0,0,0,0,27420
12288,734,2025-07-01,27420,0,4144,0,0,31564
12289,734,2025-08-01,31564,0,0,0,0,31564
12290,734,2025-09-01,31564,0,0,0,0,31564
12291,734,2025-10-01,31564,0,0,0,31564,0
12292,734,2025-11-01,0,0,0,0,0,0
12293,734,2025-12-01,0,0,0,0,0,0
12294,734,2026-01-01,0,0,0,0,0,0
12295,734,2026-02-01,0,0,0,0,0,0
12296,734,2026-03-01,0,0,0,0,0,0
12297,734,2026-04-01,0,0,0,0,0,0
12298,734,2026-05-01,0,0,0,0,0,0
12299,734,2026-06-01,0,0,0,0,0,0
12300,735,2025-09-01,0,7569,0,0,0,7569
12301,735,2025-10-01,7569,0,0,0,0,7569
12302,735,2025-11-01,7569,0,2215,0,0,9784
12303,735,2025-12-01,9784,0,0,0,0,9784
12304,735,2026-01-01,9784,0,0,0,0,9784
12305,735,2026-02-01,9784,0,1140,0,0,10924
12306,735,2026-03-01,10924,0,0,0,0,10924
12307,735,2026-04-01,10924,0,0,0,0,10924
12308,735,2026-05-01,10924,0,0,0,0,10924
12309,735,2026-06-01,10924,0,0,0,0,10924
12310,736,2025-04-01,0,21440,0,0,0,21440
12311,736,2025-05-01,21440,0,0,0,0,21440
12312,736,2025-06-01,21440,0,2479,0,0,23919
12313,736,2025-07-01,23919,0,0,0,0,23919
12314,736,2025-08-01,23919,0,0,0,0,23919
12315,736,2025-09-01,23919,0,0,0,0,23919
12316,736,2025-10-01,23919,0,0,0,0,23919
12317,736,2025-11-01,23919,0,0,0,0,23919
12318,736,2025-12-01,23919,0,0,0,0,23919
12319,736,2026-01-01,23919,0,0,0,0,23919
12320,736,2026-02-01,23919,0,0,0,0,23919
12321,736,2026-03-01,23919,0,2908,0,0,26827
12322,736,2026-04-01,26827,0,0,0,0,26827
12323,736,2026-05-01,26827,0,0,0,0,26827
12324,736,2026-06-01,26827,0,0,0,0,26827
12325,737,2025-05-01,0,7655,0,0,0,7655
12326,737,2025-06-01,7655,0,0,0,0,7655
12327,737,2025-07-01,7655,0,0,0,7655,0
12328,737,2025-08-01,0,0,0,0,0,0
12329,737,2025-09-01,0,0,0,0,0,0
12330,737,2025-10-01,0,0,0,0,0,0
12331,737,2025-11-01,0,0,0,0,0,0
12332,737,2025-12-01,0,0,0,0,0,0
12333,737,2026-01-01,0,0,0,0,0,0
12334,737,2026-02-01,0,0,0,0,0,0
12335,737,2026-03-01,0,0,0,0,0,0
12336,737,2026-04-01,0,0,0,0,0,0
12337,737,2026-05-01,0,0,0,0,0,0
12338,737,2026-06-01,0,0,0,0,0,0
12339,738,2026-03-01,0,36299,0,0,0,36299
12340,738,2026-04-01,36299,0,0,0,0,36299
12341,738,2026-05-01,36299,0,0,0,0,36299
12342,738,2026-06-01,36299,0,0,0,0,36299
12343,739,2024-07-01,0,28049,0,0,0,28049
12344,739,2024-08-01,28049,0,0,0,0,28049
12345,739,2024-09-01,28049,0,0,0,0,28049
12346,739,2024-10-01,28049,0,0,0,0,28049
12347,739,2024-11-01,28049,0,0,0,0,28049
12348,739,2024-12-01,28049,0,0,0,0,28049
12349,739,2025-01-01,28049,0,0,0,0,28049
12350,739,2025-02-01,28049,0,0,0,0,28049
12351,739,2025-03-01,28049,0,0,0,0,28049
12352,739,2025-04-01,28049,0,0,0,0,28049
12353,739,2025-05-01,28049,0,0,0,28049,0
12354,739,2025-06-01,0,0,0,0,0,0
12355,739,2025-07-01,0,0,0,0,0,0
12356,739,2025-08-01,0,0,0,0,0,0
12357,739,2025-09-01,0,0,0,0,0,0
12358,739,2025-10-01,0,0,0,0,0,0
12359,739,2025-11-01,0,0,0,0,0,0
12360,739,2025-12-01,0,0,0,0,0,0
12361,739,2026-01-01,0,0,0,0,0,0
12362,739,2026-02-01,0,0,0,0,0,0
12363,739,2026-03-01,0,0,0,0,0,0
12364,739,2026-04-01,0,0,0,0,0,0
12365,739,2026-05-01,0,0,0,0,0,0
12366,739,2026-06-01,0,0,0,0,0,0
12367,740,2024-06-01,0,16269,0,0,0,16269
12368,740,2024-07-01,16269,0,0,0,0,16269
12369,740,2024-08-01,16269,0,0,0,0,16269
12370,740,2024-09-01,16269,0,0,0,0,16269
12371,740,2024-10-01,16269,0,0,0,16269,0
12372,740,2024-11-01,0,0,0,0,0,0
12373,740,2024-12-01,0,0,0,0,0,0
12374,740,2025-01-01,0,0,0,0,0,0
12375,740,2025-02-01,0,0,0,0,0,0
12376,740,2025-03-01,0,0,0,0,0,0
12377,740,2025-04-01,0,0,0,0,0,0
12378,740,2025-05-01,0,0,0,0,0,0
12379,740,2025-06-01,0,0,0,0,0,0
12380,740,2025-07-01,0,0,0,0,0,0
12381,740,2025-08-01,0,0,0,0,0,0
12382,740,2025-09-01,0,0,0,0,0,0
12383,740,2025-10-01,0,0,0,0,0,0
12384,740,2025-11-01,0,0,0,0,0,0
12385,740,2025-12-01,0,0,0,0,0,0
12386,740,2026-01-01,0,0,0,0,0,0
12387,740,2026-02-01,0,0,0,0,0,0
12388,740,2026-03-01,0,0,0,0,0,0
12389,740,2026-04-01,0,0,0,0,0,0
12390,740,2026-05-01,0,0,0,0,0,0
12391,740,2026-06-01,0,0,0,0,0,0
12392,741,2025-07-01,0,10405,0,0,0,10405
12393,741,2025-08-01,10405,0,0,0,0,10405
12394,741,2025-09-01,10405,0,1770,0,0,12175
12395,741,2025-10-01,12175,0,0,0,0,12175
12396,741,2025-11-01,12175,0,0,0,0,12175
12397,741,2025-12-01,12175,0,1959,0,0,14134
12398,741,2026-01-01,14134,0,0,0,0,14134
12399,741,2026-02-01,14134,0,0,0,0,14134
12400,741,2026-03-01,14134,0,0,0,14134,0
12401,741,2026-04-01,0,0,0,0,0,0
12402,741,2026-05-01,0,0,0,0,0,0
12403,741,2026-06-01,0,0,0,0,0,0
12404,742,2025-02-01,0,21613,0,0,0,21613
12405,742,2025-03-01,21613,0,0,0,0,21613
12406,742,2025-04-01,21613,0,0,0,0,21613
12407,742,2025-05-01,21613,0,3593,0,0,25206
12408,742,2025-06-01,25206,0,0,0,25206,0
12409,742,2025-07-01,0,0,0,0,0,0
12410,742,2025-08-01,0,0,0,0,0,0
12411,742,2025-09-01,0,0,0,0,0,0
12412,742,2025-10-01,0,0,0,0,0,0
12413,742,2025-11-01,0,0,0,0,0,0
12414,742,2025-12-01,0,0,0,0,0,0
12415,742,2026-01-01,0,0,0,0,0,0
12416,742,2026-02-01,0,0,0,0,0,0
12417,742,2026-03-01,0,0,0,0,0,0
12418,742,2026-04-01,0,0,0,0,0,0
12419,742,2026-05-01,0,0,0,0,0,0
12420,742,2026-06-01,0,0,0,0,0,0
12421,743,2024-01-01,0,3086,0,0,0,3086
12422,743,2024-02-01,3086,0,0,0,0,3086
12423,743,2024-03-01,3086,0,0,0,0,3086
12424,743,2024-04-01,3086,0,0,0,0,3086
12425,743,2024-05-01,3086,0,0,0,0,3086
12426,743,2024-06-01,3086,0,0,0,0,3086
12427,743,2024-07-01,3086,0,0,0,0,3086
12428,743,2024-08-01,3086,0,0,0,0,3086
12429,743,2024-09-01,3086,0,0,0,0,3086
12430,743,2024-10-01,3086,0,0,0,0,3086
12431,743,2024-11-01,3086,0,0,0,0,3086
12432,743,2024-12-01,3086,0,0,0,0,3086
12433,743,2025-01-01,3086,0,0,0,0,3086
12434,743,2025-02-01,3086,0,0,693,0,2393
12435,743,2025-03-01,2393,0,0,0,0,2393
12436,743,2025-04-01,2393,0,0,0,2393,0
12437,743,2025-05-01,0,0,0,0,0,0
12438,743,2025-06-01,0,0,0,0,0,0
12439,743,2025-07-01,0,0,0,0,0,0
12440,743,2025-08-01,0,0,0,0,0,0
12441,743,2025-09-01,0,0,0,0,0,0
12442,743,2025-10-01,0,0,0,0,0,0
12443,743,2025-11-01,0,0,0,0,0,0
12444,743,2025-12-01,0,0,0,0,0,0
12445,743,2026-01-01,0,0,0,0,0,0
12446,743,2026-02-01,0,0,0,0,0,0
12447,743,2026-03-01,0,0,0,0,0,0
12448,743,2026-04-01,0,0,0,0,0,0
12449,743,2026-05-01,0,0,0,0,0,0
12450,743,2026-06-01,0,0,0,0,0,0
12451,744,2025-06-01,0,7250,0,0,0,7250
12452,744,2025-07-01,7250,0,0,0,0,7250
12453,744,2025-08-01,7250,0,1381,0,0,8631
12454,744,2025-09-01,8631,0,1777,0,0,10408
12455,744,2025-10-01,10408,0,0,0,0,10408
12456,744,2025-11-01,10408,0,0,0,0,10408
12457,744,2025-12-01,10408,0,0,0,0,10408
12458,744,2026-01-01,10408,0,0,0,0,10408
12459,744,2026-02-01,10408,0,0,0,10408,0
12460,744,2026-03-01,0,0,0,0,0,0
12461,744,2026-04-01,0,0,0,0,0,0
12462,744,2026-05-01,0,0,0,0,0,0
12463,744,2026-06-01,0,0,0,0,0,0
12464,745,2024-04-01,0,56807,0,0,0,56807
12465,745,2024-05-01,56807,0,0,0,0,56807
12466,745,2024-06-01,56807,0,0,0,0,56807
12467,745,2024-07-01,56807,0,0,0,56807,0
12468,745,2024-08-01,0,0,0,0,0,0
12469,745,2024-09-01,0,0,0,0,0,0
12470,745,2024-10-01,0,0,0,0,0,0
12471,745,2024-11-01,0,0,0,0,0,0
12472,745,2024-12-01,0,0,0,0,0,0
12473,745,2025-01-01,0,0,0,0,0,0
12474,745,2025-02-01,0,0,0,0,0,0
12475,745,2025-03-01,0,0,0,0,0,0
12476,745,2025-04-01,0,0,0,0,0,0
12477,745,2025-05-01,0,0,0,0,0,0
12478,745,2025-06-01,0,0,0,0,0,0
12479,745,2025-07-01,0,0,0,0,0,0
12480,745,2025-08-01,0,0,0,0,0,0
12481,745,2025-09-01,0,0,0,0,0,0
12482,745,2025-10-01,0,0,0,0,0,0
12483,745,2025-11-01,0,0,0,0,0,0
12484,745,2025-12-01,0,0,0,0,0,0
12485,745,2026-01-01,0,0,0,0,0,0
12486,745,2026-02-01,0,0,0,0,0,0
12487,745,2026-03-01,0,0,0,0,0,0
12488,745,2026-04-01,0,0,0,0,0,0
12489,745,2026-05-01,0,0,0,0,0,0
12490,745,2026-06-01,0,0,0,0,0,0
12491,746,2024-06-01,0,74530,0,0,0,74530
12492,746,2024-07-01,74530,0,0,0,0,74530
12493,746,2024-08-01,74530,0,0,0,0,74530
12494,746,2024-09-01,74530,0,0,0,0,74530
12495,746,2024-10-01,74530,0,0,0,0,74530
12496,746,2024-11-01,74530,0,0,0,0,74530
12497,746,2024-12-01,74530,0,0,0,0,74530
12498,746,2025-01-01,74530,0,0,14353,0,60177
12499,746,2025-02-01,60177,0,0,0,0,60177
12500,746,2025-03-01,60177,0,0,0,0,60177
12501,746,2025-04-01,60177,0,0,0,0,60177
12502,746,2025-05-01,60177,0,0,0,0,60177
12503,746,2025-06-01,60177,0,0,0,0,60177
12504,746,2025-07-01,60177,0,0,0,0,60177
12505,746,2025-08-01,60177,0,0,0,0,60177
12506,746,2025-09-01,60177,0,6512,0,0,66689
12507,746,2025-10-01,66689,0,0,0,0,66689
12508,746,2025-11-01,66689,0,0,10949,0,55740
12509,746,2025-12-01,55740,0,0,0,0,55740
12510,746,2026-01-01,55740,0,12913,0,0,68653
12511,746,2026-02-01,68653,0,0,0,0,68653
12512,746,2026-03-01,68653,0,0,0,0,68653
12513,746,2026-04-01,68653,0,0,0,0,68653
12514,746,2026-05-01,68653,0,0,0,0,68653
12515,746,2026-06-01,68653,0,0,0,0,68653
12516,747,2024-02-01,0,4378,0,0,0,4378
12517,747,2024-03-01,4378,0,0,0,0,4378
12518,747,2024-04-01,4378,0,0,0,0,4378
12519,747,2024-05-01,4378,0,0,0,0,4378
12520,747,2024-06-01,4378,0,1180,0,0,5558
12521,747,2024-07-01,5558,0,0,0,0,5558
12522,747,2024-08-01,5558,0,0,0,0,5558
12523,747,2024-09-01,5558,0,0,0,0,5558
12524,747,2024-10-01,5558,0,0,0,0,5558
12525,747,2024-11-01,5558,0,0,0,0,5558
12526,747,2024-12-01,5558,0,0,0,5558,0
12527,747,2025-01-01,0,0,0,0,0,0
12528,747,2025-02-01,0,0,0,0,0,0
12529,747,2025-03-01,0,0,0,0,0,0
12530,747,2025-04-01,0,0,0,0,0,0
12531,747,2025-05-01,0,0,0,0,0,0
12532,747,2025-06-01,0,0,0,0,0,0
12533,747,2025-07-01,0,0,0,0,0,0
12534,747,2025-08-01,0,0,0,0,0,0
12535,747,2025-09-01,0,0,0,0,0,0
12536,747,2025-10-01,0,0,0,0,0,0
12537,747,2025-11-01,0,0,0,0,0,0
12538,747,2025-12-01,0,0,0,0,0,0
12539,747,2026-01-01,0,0,0,0,0,0
12540,747,2026-02-01,0,0,0,0,0,0
12541,747,2026-03-01,0,0,0,0,0,0
12542,747,2026-04-01,0,0,0,0,0,0
12543,747,2026-05-01,0,0,0,0,0,0
12544,747,2026-06-01,0,0,0,0,0,0
12545,748,2025-07-01,0,5169,0,0,0,5169
12546,748,2025-08-01,5169,0,0,0,0,5169
12547,748,2025-09-01,5169,0,1026,0,0,6195
12548,748,2025-10-01,6195,0,0,0,0,6195
12549,748,2025-11-01,6195,0,0,0,0,6195
12550,748,2025-12-01,6195,0,0,0,0,6195
12551,748,2026-01-01,6195,0,0,0,0,6195
12552,748,2026-02-01,6195,0,0,0,0,6195
12553,748,2026-03-01,6195,0,0,0,0,6195
12554,748,2026-04-01,6195,0,0,0,0,6195
12555,748,2026-05-01,6195,0,0,0,0,6195
12556,748,2026-06-01,6195,0,0,0,0,6195
12557,749,2025-05-01,0,7574,0,0,0,7574
12558,749,2025-06-01,7574,0,0,1299,0,6275
12559,749,2025-07-01,6275,0,0,0,0,6275
12560,749,2025-08-01,6275,0,0,0,0,6275
12561,749,2025-09-01,6275,0,0,0,0,6275
12562,749,2025-10-01,6275,0,0,0,0,6275
12563,749,2025-11-01,6275,0,0,0,0,6275
12564,749,2025-12-01,6275,0,0,0,0,6275
12565,749,2026-01-01,6275,0,0,0,6275,0
12566,749,2026-02-01,0,0,0,0,0,0
12567,749,2026-03-01,0,0,0,0,0,0
12568,749,2026-04-01,0,0,0,0,0,0
12569,749,2026-05-01,0,0,0,0,0,0
12570,749,2026-06-01,0,0,0,0,0,0
12571,750,2025-07-01,0,23113,0,0,0,23113
12572,750,2025-08-01,23113,0,6449,0,0,29562
12573,750,2025-09-01,29562,0,0,0,0,29562
12574,750,2025-10-01,29562,0,0,0,0,29562
12575,750,2025-11-01,29562,0,0,0,0,29562
12576,750,2025-12-01,29562,0,0,0,0,29562
12577,750,2026-01-01,29562,0,0,0,0,29562
12578,750,2026-02-01,29562,0,8786,0,0,38348
12579,750,2026-03-01,38348,0,0,0,0,38348
12580,750,2026-04-01,38348,0,0,0,0,38348
12581,750,2026-05-01,38348,0,0,0,0,38348
12582,750,2026-06-01,38348,0,7630,0,0,45978
12583,751,2024-06-01,0,16939,0,0,0,16939
12584,751,2024-07-01,16939,0,0,0,0,16939
12585,751,2024-08-01,16939,0,0,0,0,16939
12586,751,2024-09-01,16939,0,0,0,0,16939
12587,751,2024-10-01,16939,0,0,0,0,16939
12588,751,2024-11-01,16939,0,0,0,0,16939
12589,751,2024-12-01,16939,0,0,0,0,16939
12590,751,2025-01-01,16939,0,0,0,0,16939
12591,751,2025-02-01,16939,0,0,0,0,16939
12592,751,2025-03-01,16939,0,0,0,0,16939
12593,751,2025-04-01,16939,0,0,0,0,16939
12594,751,2025-05-01,16939,0,0,0,0,16939
12595,751,2025-06-01,16939,0,4045,0,0,20984
12596,751,2025-07-01,20984,0,0,0,0,20984
12597,751,2025-08-01,20984,0,5886,0,0,26870
12598,751,2025-09-01,26870,0,0,0,0,26870
12599,751,2025-10-01,26870,0,0,0,0,26870
12600,751,2025-11-01,26870,0,0,0,0,26870
12601,751,2025-12-01,26870,0,0,0,0,26870
12602,751,2026-01-01,26870,0,0,0,0,26870
12603,751,2026-02-01,26870,0,0,0,0,26870
12604,751,2026-03-01,26870,0,0,0,0,26870
12605,751,2026-04-01,26870,0,0,0,0,26870
12606,751,2026-05-01,26870,0,0,0,0,26870
12607,751,2026-06-01,26870,0,0,0,0,26870
12608,752,2025-06-01,0,3469,0,0,0,3469
12609,752,2025-07-01,3469,0,0,0,0,3469
12610,752,2025-08-01,3469,0,0,0,0,3469
12611,752,2025-09-01,3469,0,0,0,0,3469
12612,752,2025-10-01,3469,0,0,0,0,3469
12613,752,2025-11-01,3469,0,0,0,0,3469
12614,752,2025-12-01,3469,0,0,0,0,3469
12615,752,2026-01-01,3469,0,0,0,0,3469
12616,752,2026-02-01,3469,0,0,0,0,3469
12617,752,2026-03-01,3469,0,0,0,0,3469
12618,752,2026-04-01,3469,0,0,0,3469,0
12619,752,2026-05-01,0,0,0,0,0,0
12620,752,2026-06-01,0,0,0,0,0,0
12621,753,2024-12-01,0,20115,0,0,0,20115
12622,753,2025-01-01,20115,0,0,0,0,20115
12623,753,2025-02-01,20115,0,0,0,0,20115
12624,753,2025-03-01,20115,0,0,0,0,20115
12625,753,2025-04-01,20115,0,0,0,0,20115
12626,753,2025-05-01,20115,0,0,0,0,20115
12627,753,2025-06-01,20115,0,0,0,0,20115
12628,753,2025-07-01,20115,0,0,0,0,20115
12629,753,2025-08-01,20115,0,3139,0,0,23254
12630,753,2025-09-01,23254,0,0,0,0,23254
12631,753,2025-10-01,23254,0,0,0,0,23254
12632,753,2025-11-01,23254,0,0,0,0,23254
12633,753,2025-12-01,23254,0,5770,0,0,29024
12634,753,2026-01-01,29024,0,0,0,0,29024
12635,753,2026-02-01,29024,0,0,0,0,29024
12636,753,2026-03-01,29024,0,3350,0,0,32374
12637,753,2026-04-01,32374,0,0,0,0,32374
12638,753,2026-05-01,32374,0,0,0,0,32374
12639,753,2026-06-01,32374,0,0,0,0,32374
12640,754,2025-07-01,0,5439,0,0,0,5439
12641,754,2025-08-01,5439,0,0,0,0,5439
12642,754,2025-09-01,5439,0,0,0,0,5439
12643,754,2025-10-01,5439,0,0,0,0,5439
12644,754,2025-11-01,5439,0,0,0,0,5439
12645,754,2025-12-01,5439,0,0,0,0,5439
12646,754,2026-01-01,5439,0,0,0,0,5439
12647,754,2026-02-01,5439,0,0,0,5439,0
12648,754,2026-03-01,0,0,0,0,0,0
12649,754,2026-04-01,0,0,0,0,0,0
12650,754,2026-05-01,0,0,0,0,0,0
12651,754,2026-06-01,0,0,0,0,0,0
12652,755,2024-09-01,0,5158,0,0,0,5158
12653,755,2024-10-01,5158,0,0,0,0,5158
12654,755,2024-11-01,5158,0,0,0,0,5158
12655,755,2024-12-01,5158,0,0,0,0,5158
12656,755,2025-01-01,5158,0,0,0,0,5158
12657,755,2025-02-01,5158,0,0,0,0,5158
12658,755,2025-03-01,5158,0,0,909,0,4249
12659,755,2025-04-01,4249,0,0,0,0,4249
12660,755,2025-05-01,4249,0,0,0,0,4249
12661,755,2025-06-01,4249,0,0,0,0,4249
12662,755,2025-07-01,4249,0,0,0,0,4249
12663,755,2025-08-01,4249,0,0,0,0,4249
12664,755,2025-09-01,4249,0,0,0,0,4249
12665,755,2025-10-01,4249,0,0,0,0,4249
12666,755,2025-11-01,4249,0,0,0,0,4249
12667,755,2025-12-01,4249,0,0,0,0,4249
12668,755,2026-01-01,4249,0,0,0,4249,0
12669,755,2026-02-01,0,0,0,0,0,0
12670,755,2026-03-01,0,0,0,0,0,0
12671,755,2026-04-01,0,0,0,0,0,0
12672,755,2026-05-01,0,0,0,0,0,0
12673,755,2026-06-01,0,0,0,0,0,0
12674,756,2025-02-01,0,55552,0,0,0,55552
12675,756,2025-03-01,55552,0,0,0,0,55552
12676,756,2025-04-01,55552,0,0,0,0,55552
12677,756,2025-05-01,55552,0,0,0,0,55552
12678,756,2025-06-01,55552,0,0,0,0,55552
12679,756,2025-07-01,55552,0,0,0,0,55552
12680,756,2025-08-01,55552,0,0,0,0,55552
12681,756,2025-09-01,55552,0,0,0,0,55552
12682,756,2025-10-01,55552,0,0,0,0,55552
12683,756,2025-11-01,55552,0,0,0,0,55552
12684,756,2025-12-01,55552,0,9945,0,0,65497
12685,756,2026-01-01,65497,0,0,0,0,65497
12686,756,2026-02-01,65497,0,0,0,0,65497
12687,756,2026-03-01,65497,0,0,0,0,65497
12688,756,2026-04-01,65497,0,0,0,0,65497
12689,756,2026-05-01,65497,0,0,0,0,65497
12690,756,2026-06-01,65497,0,0,0,65497,0
12691,757,2024-08-01,0,9176,0,0,0,9176
12692,757,2024-09-01,9176,0,0,0,0,9176
12693,757,2024-10-01,9176,0,0,0,0,9176
12694,757,2024-11-01,9176,0,0,0,0,9176
12695,757,2024-12-01,9176,0,0,0,0,9176
12696,757,2025-01-01,9176,0,0,0,0,9176
12697,757,2025-02-01,9176,0,0,0,0,9176
12698,757,2025-03-01,9176,0,0,0,0,9176
12699,757,2025-04-01,9176,0,0,0,0,9176
12700,757,2025-05-01,9176,0,0,0,0,9176
12701,757,2025-06-01,9176,0,0,0,0,9176
12702,757,2025-07-01,9176,0,0,0,0,9176
12703,757,2025-08-01,9176,0,0,0,0,9176
12704,757,2025-09-01,9176,0,0,0,0,9176
12705,757,2025-10-01,9176,0,0,0,0,9176
12706,757,2025-11-01,9176,0,0,0,9176,0
12707,757,2025-12-01,0,0,0,0,0,0
12708,757,2026-01-01,0,0,0,0,0,0
12709,757,2026-02-01,0,0,0,0,0,0
12710,757,2026-03-01,0,0,0,0,0,0
12711,757,2026-04-01,0,0,0,0,0,0
12712,757,2026-05-01,0,0,0,0,0,0
12713,757,2026-06-01,0,0,0,0,0,0
12714,758,2024-11-01,0,4771,0,0,0,4771
12715,758,2024-12-01,4771,0,0,0,0,4771
12716,758,2025-01-01,4771,0,0,789,0,3982
12717,758,2025-02-01,3982,0,0,0,0,3982
12718,758,2025-03-01,3982,0,0,0,0,3982
12719,758,2025-04-01,3982,0,0,528,0,3454
12720,758,2025-05-01,3454,0,0,0,0,3454
12721,758,2025-06-01,3454,0,0,0,0,3454
12722,758,2025-07-01,3454,0,0,0,0,3454
12723,758,2025-08-01,3454,0,0,0,0,3454
12724,758,2025-09-01,3454,0,362,0,0,3816
12725,758,2025-10-01,3816,0,0,473,0,3343
12726,758,2025-11-01,3343,0,0,0,3343,0
12727,758,2025-12-01,0,0,0,0,0,0
12728,758,2026-01-01,0,0,0,0,0,0
12729,758,2026-02-01,0,0,0,0,0,0
12730,758,2026-03-01,0,0,0,0,0,0
12731,758,2026-04-01,0,0,0,0,0,0
12732,758,2026-05-01,0,0,0,0,0,0
12733,758,2026-06-01,0,0,0,0,0,0
12734,759,2024-10-01,0,19301,0,0,0,19301
12735,759,2024-11-01,19301,0,0,0,0,19301
12736,759,2024-12-01,19301,0,0,0,0,19301
12737,759,2025-01-01,19301,0,0,0,0,19301
12738,759,2025-02-01,19301,0,0,0,19301,0
12739,759,2025-03-01,0,0,0,0,0,0
12740,759,2025-04-01,0,0,0,0,0,0
12741,759,2025-05-01,0,0,0,0,0,0
12742,759,2025-06-01,0,0,0,0,0,0
12743,759,2025-07-01,0,0,0,0,0,0
12744,759,2025-08-01,0,0,0,0,0,0
12745,759,2025-09-01,0,0,0,0,0,0
12746,759,2025-10-01,0,0,0,0,0,0
12747,759,2025-11-01,0,0,0,0,0,0
12748,759,2025-12-01,0,0,0,0,0,0
12749,759,2026-01-01,0,0,0,0,0,0
12750,759,2026-02-01,0,0,0,0,0,0
12751,759,2026-03-01,0,0,0,0,0,0
12752,759,2026-04-01,0,0,0,0,0,0
12753,759,2026-05-01,0,0,0,0,0,0
12754,759,2026-06-01,0,0,0,0,0,0
12755,760,2024-05-01,0,7701,0,0,0,7701
12756,760,2024-06-01,7701,0,0,0,0,7701
12757,760,2024-07-01,7701,0,0,0,0,7701
12758,760,2024-08-01,7701,0,0,0,0,7701
12759,760,2024-09-01,7701,0,0,0,0,7701
12760,760,2024-10-01,7701,0,0,990,0,6711
12761,760,2024-11-01,6711,0,0,0,0,6711
12762,760,2024-12-01,6711,0,0,0,0,6711
12763,760,2025-01-01,6711,0,1318,0,0,8029
12764,760,2025-02-01,8029,0,0,0,0,8029
12765,760,2025-03-01,8029,0,0,0,0,8029
12766,760,2025-04-01,8029,0,0,0,0,8029
12767,760,2025-05-01,8029,0,0,0,0,8029
12768,760,2025-06-01,8029,0,0,0,0,8029
12769,760,2025-07-01,8029,0,0,0,0,8029
12770,760,2025-08-01,8029,0,0,1625,0,6404
12771,760,2025-09-01,6404,0,740,0,0,7144
12772,760,2025-10-01,7144,0,0,0,0,7144
12773,760,2025-11-01,7144,0,0,0,7144,0
12774,760,2025-12-01,0,0,0,0,0,0
12775,760,2026-01-01,0,0,0,0,0,0
12776,760,2026-02-01,0,0,0,0,0,0
12777,760,2026-03-01,0,0,0,0,0,0
12778,760,2026-04-01,0,0,0,0,0,0
12779,760,2026-05-01,0,0,0,0,0,0
12780,760,2026-06-01,0,0,0,0,0,0
12781,761,2025-04-01,0,7297,0,0,0,7297
12782,761,2025-05-01,7297,0,0,0,7297,0
12783,761,2025-06-01,0,0,0,0,0,0
12784,761,2025-07-01,0,0,0,0,0,0
12785,761,2025-08-01,0,0,0,0,0,0
12786,761,2025-09-01,0,0,0,0,0,0
12787,761,2025-10-01,0,0,0,0,0,0
12788,761,2025-11-01,0,0,0,0,0,0
12789,761,2025-12-01,0,0,0,0,0,0
12790,761,2026-01-01,0,0,0,0,0,0
12791,761,2026-02-01,0,0,0,0,0,0
12792,761,2026-03-01,0,0,0,0,0,0
12793,761,2026-04-01,0,0,0,0,0,0
12794,761,2026-05-01,0,0,0,0,0,0
12795,761,2026-06-01,0,0,0,0,0,0
12796,762,2024-08-01,0,10854,0,0,0,10854
12797,762,2024-09-01,10854,0,0,0,0,10854
12798,762,2024-10-01,10854,0,0,2494,0,8360
12799,762,2024-11-01,8360,0,0,0,0,8360
12800,762,2024-12-01,8360,0,0,0,0,8360
12801,762,2025-01-01,8360,0,0,0,0,8360
12802,762,2025-02-01,8360,0,0,0,0,8360
12803,762,2025-03-01,8360,0,0,0,0,8360
12804,762,2025-04-01,8360,0,0,0,0,8360
12805,762,2025-05-01,8360,0,0,0,0,8360
12806,762,2025-06-01,8360,0,2017,0,0,10377
12807,762,2025-07-01,10377,0,0,0,0,10377
12808,762,2025-08-01,10377,0,0,0,0,10377
12809,762,2025-09-01,10377,0,0,0,0,10377
12810,762,2025-10-01,10377,0,0,0,0,10377
12811,762,2025-11-01,10377,0,0,0,0,10377
12812,762,2025-12-01,10377,0,0,0,0,10377
12813,762,2026-01-01,10377,0,0,0,0,10377
12814,762,2026-02-01,10377,0,0,0,0,10377
12815,762,2026-03-01,10377,0,0,0,0,10377
12816,762,2026-04-01,10377,0,0,0,0,10377
12817,762,2026-05-01,10377,0,0,0,0,10377
12818,762,2026-06-01,10377,0,0,0,0,10377
12819,763,2024-09-01,0,14120,0,0,0,14120
12820,763,2024-10-01,14120,0,0,0,0,14120
12821,763,2024-11-01,14120,0,0,0,0,14120
12822,763,2024-12-01,14120,0,0,0,14120,0
12823,763,2025-01-01,0,0,0,0,0,0
12824,763,2025-02-01,0,0,0,0,0,0
12825,763,2025-03-01,0,0,0,0,0,0
12826,763,2025-04-01,0,0,0,0,0,0
12827,763,2025-05-01,0,0,0,0,0,0
12828,763,2025-06-01,0,0,0,0,0,0
12829,763,2025-07-01,0,0,0,0,0,0
12830,763,2025-08-01,0,0,0,0,0,0
12831,763,2025-09-01,0,0,0,0,0,0
12832,763,2025-10-01,0,0,0,0,0,0
12833,763,2025-11-01,0,0,0,0,0,0
12834,763,2025-12-01,0,0,0,0,0,0
12835,763,2026-01-01,0,0,0,0,0,0
12836,763,2026-02-01,0,0,0,0,0,0
12837,763,2026-03-01,0,0,0,0,0,0
12838,763,2026-04-01,0,0,0,0,0,0
12839,763,2026-05-01,0,0,0,0,0,0
12840,763,2026-06-01,0,0,0,0,0,0
12841,764,2025-05-01,0,11923,0,0,0,11923
12842,764,2025-06-01,11923,0,0,1737,0,10186
12843,764,2025-07-01,10186,0,0,0,0,10186
12844,764,2025-08-01,10186,0,0,0,0,10186
12845,764,2025-09-01,10186,0,0,0,0,10186
12846,764,2025-10-01,10186,0,0,0,0,10186
12847,764,2025-11-01,10186,0,0,0,0,10186
12848,764,2025-12-01,10186,0,0,0,0,10186
12849,764,2026-01-01,10186,0,0,0,0,10186
12850,764,2026-02-01,10186,0,0,1448,0,8738
12851,764,2026-03-01,8738,0,0,0,0,8738
12852,764,2026-04-01,8738,0,0,0,0,8738
12853,764,2026-05-01,8738,0,1684,0,0,10422
12854,764,2026-06-01,10422,0,0,0,0,10422
12855,765,2025-01-01,0,4662,0,0,0,4662
12856,765,2025-02-01,4662,0,0,0,0,4662
12857,765,2025-03-01,4662,0,0,0,0,4662
12858,765,2025-04-01,4662,0,0,0,0,4662
12859,765,2025-05-01,4662,0,0,0,0,4662
12860,765,2025-06-01,4662,0,0,0,0,4662
12861,765,2025-07-01,4662,0,0,0,0,4662
12862,765,2025-08-01,4662,0,0,0,0,4662
12863,765,2025-09-01,4662,0,0,0,0,4662
12864,765,2025-10-01,4662,0,0,0,0,4662
12865,765,2025-11-01,4662,0,0,0,0,4662
12866,765,2025-12-01,4662,0,0,0,0,4662
12867,765,2026-01-01,4662,0,0,0,0,4662
12868,765,2026-02-01,4662,0,0,0,4662,0
12869,765,2026-03-01,0,0,0,0,0,0
12870,765,2026-04-01,0,0,0,0,0,0
12871,765,2026-05-01,0,0,0,0,0,0
12872,765,2026-06-01,0,0,0,0,0,0
12873,766,2024-04-01,0,6747,0,0,0,6747
12874,766,2024-05-01,6747,0,0,0,0,6747
12875,766,2024-06-01,6747,0,0,0,0,6747
12876,766,2024-07-01,6747,0,0,0,0,6747
12877,766,2024-08-01,6747,0,0,0,0,6747
12878,766,2024-09-01,6747,0,0,0,0,6747
12879,766,2024-10-01,6747,0,0,0,0,6747
12880,766,2024-11-01,6747,0,0,0,0,6747
12881,766,2024-12-01,6747,0,0,1096,0,5651
12882,766,2025-01-01,5651,0,0,0,5651,0
12883,766,2025-02-01,0,0,0,0,0,0
12884,766,2025-03-01,0,0,0,0,0,0
12885,766,2025-04-01,0,0,0,0,0,0
12886,766,2025-05-01,0,0,0,0,0,0
12887,766,2025-06-01,0,0,0,0,0,0
12888,766,2025-07-01,0,0,0,0,0,0
12889,766,2025-08-01,0,0,0,0,0,0
12890,766,2025-09-01,0,0,0,0,0,0
12891,766,2025-10-01,0,0,0,0,0,0
12892,766,2025-11-01,0,0,0,0,0,0
12893,766,2025-12-01,0,0,0,0,0,0
12894,766,2026-01-01,0,0,0,0,0,0
12895,766,2026-02-01,0,0,0,0,0,0
12896,766,2026-03-01,0,0,0,0,0,0
12897,766,2026-04-01,0,0,0,0,0,0
12898,766,2026-05-01,0,0,0,0,0,0
12899,766,2026-06-01,0,0,0,0,0,0
12900,767,2024-11-01,0,5030,0,0,0,5030
12901,767,2024-12-01,5030,0,0,0,0,5030
12902,767,2025-01-01,5030,0,0,0,0,5030
12903,767,2025-02-01,5030,0,0,0,0,5030
12904,767,2025-03-01,5030,0,0,0,0,5030
12905,767,2025-04-01,5030,0,0,761,0,4269
12906,767,2025-05-01,4269,0,0,0,0,4269
12907,767,2025-06-01,4269,0,0,0,0,4269
12908,767,2025-07-01,4269,0,0,0,0,4269
12909,767,2025-08-01,4269,0,0,0,0,4269
12910,767,2025-09-01,4269,0,0,0,0,4269
12911,767,2025-10-01,4269,0,0,0,0,4269
12912,767,2025-11-01,4269,0,824,0,0,5093
12913,767,2025-12-01,5093,0,0,0,0,5093
12914,767,2026-01-01,5093,0,0,0,0,5093
12915,767,2026-02-01,5093,0,1317,0,0,6410
12916,767,2026-03-01,6410,0,0,0,0,6410
12917,767,2026-04-01,6410,0,0,0,0,6410
12918,767,2026-05-01,6410,0,0,0,0,6410
12919,767,2026-06-01,6410,0,0,0,0,6410
12920,768,2024-03-01,0,15586,0,0,0,15586
12921,768,2024-04-01,15586,0,4404,0,0,19990
12922,768,2024-05-01,19990,0,0,2044,0,17946
12923,768,2024-06-01,17946,0,0,0,0,17946
12924,768,2024-07-01,17946,0,0,0,0,17946
12925,768,2024-08-01,17946,0,0,0,0,17946
12926,768,2024-09-01,17946,0,0,0,0,17946
12927,768,2024-10-01,17946,0,0,0,0,17946
12928,768,2024-11-01,17946,0,2132,0,0,20078
12929,768,2024-12-01,20078,0,0,0,0,20078
12930,768,2025-01-01,20078,0,0,0,0,20078
12931,768,2025-02-01,20078,0,0,0,0,20078
12932,768,2025-03-01,20078,0,0,0,0,20078
12933,768,2025-04-01,20078,0,0,0,20078,0
12934,768,2025-05-01,0,0,0,0,0,0
12935,768,2025-06-01,0,0,0,0,0,0
12936,768,2025-07-01,0,0,0,0,0,0
12937,768,2025-08-01,0,0,0,0,0,0
12938,768,2025-09-01,0,0,0,0,0,0
12939,768,2025-10-01,0,0,0,0,0,0
12940,768,2025-11-01,0,0,0,0,0,0
12941,768,2025-12-01,0,0,0,0,0,0
12942,768,2026-01-01,0,0,0,0,0,0
12943,768,2026-02-01,0,0,0,0,0,0
12944,768,2026-03-01,0,0,0,0,0,0
12945,768,2026-04-01,0,0,0,0,0,0
12946,768,2026-05-01,0,0,0,0,0,0
12947,768,2026-06-01,0,0,0,0,0,0
12948,769,2025-10-01,0,17242,0,0,0,17242
12949,769,2025-11-01,17242,0,0,0,0,17242
12950,769,2025-12-01,17242,0,0,0,0,17242
12951,769,2026-01-01,17242,0,0,0,0,17242
12952,769,2026-02-01,17242,0,0,0,0,17242
12953,769,2026-03-01,17242,0,0,0,0,17242
12954,769,2026-04-01,17242,0,0,0,0,17242
12955,769,2026-05-01,17242,0,0,0,0,17242
12956,769,2026-06-01,17242,0,0,0,0,17242
12957,770,2024-03-01,0,21439,0,0,0,21439
12958,770,2024-04-01,21439,0,0,0,0,21439
12959,770,2024-05-01,21439,0,0,0,0,21439
12960,770,2024-06-01,21439,0,3792,0,0,25231
12961,770,2024-07-01,25231,0,0,0,0,25231
12962,770,2024-08-01,25231,0,0,0,0,25231
12963,770,2024-09-01,25231,0,0,0,25231,0
12964,770,2024-10-01,0,0,0,0,0,0
12965,770,2024-11-01,0,0,0,0,0,0
12966,770,2024-12-01,0,0,0,0,0,0
12967,770,2025-01-01,0,0,0,0,0,0
12968,770,2025-02-01,0,0,0,0,0,0
12969,770,2025-03-01,0,0,0,0,0,0
12970,770,2025-04-01,0,0,0,0,0,0
12971,770,2025-05-01,0,0,0,0,0,0
12972,770,2025-06-01,0,0,0,0,0,0
12973,770,2025-07-01,0,0,0,0,0,0
12974,770,2025-08-01,0,0,0,0,0,0
12975,770,2025-09-01,0,0,0,0,0,0
12976,770,2025-10-01,0,0,0,0,0,0
12977,770,2025-11-01,0,0,0,0,0,0
12978,770,2025-12-01,0,0,0,0,0,0
12979,770,2026-01-01,0,0,0,0,0,0
12980,770,2026-02-01,0,0,0,0,0,0
12981,770,2026-03-01,0,0,0,0,0,0
12982,770,2026-04-01,0,0,0,0,0,0
12983,770,2026-05-01,0,0,0,0,0,0
12984,770,2026-06-01,0,0,0,0,0,0
12985,771,2025-04-01,0,31183,0,0,0,31183
12986,771,2025-05-01,31183,0,0,0,0,31183
12987,771,2025-06-01,31183,0,6758,0,0,37941
12988,771,2025-07-01,37941,0,8894,0,0,46835
12989,771,2025-08-01,46835,0,0,0,0,46835
12990,771,2025-09-01,46835,0,0,0,0,46835
12991,771,2025-10-01,46835,0,0,0,0,46835
12992,771,2025-11-01,46835,0,0,0,0,46835
12993,771,2025-12-01,46835,0,0,0,0,46835
12994,771,2026-01-01,46835,0,0,0,0,46835
12995,771,2026-02-01,46835,0,0,0,0,46835
12996,771,2026-03-01,46835,0,0,9084,0,37751
12997,771,2026-04-01,37751,0,0,0,0,37751
12998,771,2026-05-01,37751,0,0,0,0,37751
12999,771,2026-06-01,37751,0,0,0,0,37751
13000,772,2024-06-01,0,34224,0,0,0,34224
13001,772,2024-07-01,34224,0,0,7695,0,26529
13002,772,2024-08-01,26529,0,0,0,0,26529
13003,772,2024-09-01,26529,0,0,0,0,26529
13004,772,2024-10-01,26529,0,0,0,0,26529
13005,772,2024-11-01,26529,0,0,0,0,26529
13006,772,2024-12-01,26529,0,0,6009,0,20520
13007,772,2025-01-01,20520,0,0,0,0,20520
13008,772,2025-02-01,20520,0,5001,0,0,25521
13009,772,2025-03-01,25521,0,0,0,0,25521
13010,772,2025-04-01,25521,0,0,0,25521,0
13011,772,2025-05-01,0,0,0,0,0,0
13012,772,2025-06-01,0,0,0,0,0,0
13013,772,2025-07-01,0,0,0,0,0,0
13014,772,2025-08-01,0,0,0,0,0,0
13015,772,2025-09-01,0,0,0,0,0,0
13016,772,2025-10-01,0,0,0,0,0,0
13017,772,2025-11-01,0,0,0,0,0,0
13018,772,2025-12-01,0,0,0,0,0,0
13019,772,2026-01-01,0,0,0,0,0,0
13020,772,2026-02-01,0,0,0,0,0,0
13021,772,2026-03-01,0,0,0,0,0,0
13022,772,2026-04-01,0,0,0,0,0,0
13023,772,2026-05-01,0,0,0,0,0,0
13024,772,2026-06-01,0,0,0,0,0,0
13025,773,2024-08-01,0,3856,0,0,0,3856
13026,773,2024-09-01,3856,0,767,0,0,4623
13027,773,2024-10-01,4623,0,0,0,0,4623
13028,773,2024-11-01,4623,0,749,0,0,5372
13029,773,2024-12-01,5372,0,0,0,0,5372
13030,773,2025-01-01,5372,0,0,0,0,5372
13031,773,2025-02-01,5372,0,0,0,0,5372
13032,773,2025-03-01,5372,0,0,0,0,5372
13033,773,2025-04-01,5372,0,0,0,0,5372
13034,773,2025-05-01,5372,0,0,0,0,5372
13035,773,2025-06-01,5372,0,0,0,0,5372
13036,773,2025-07-01,5372,0,0,0,0,5372
13037,773,2025-08-01,5372,0,0,0,0,5372
13038,773,2025-09-01,5372,0,0,0,0,5372
13039,773,2025-10-01,5372,0,0,0,0,5372
13040,773,2025-11-01,5372,0,0,0,0,5372
13041,773,2025-12-01,5372,0,0,0,0,5372
13042,773,2026-01-01,5372,0,0,0,0,5372
13043,773,2026-02-01,5372,0,0,0,0,5372
13044,773,2026-03-01,5372,0,0,0,0,5372
13045,773,2026-04-01,5372,0,0,0,0,5372
13046,773,2026-05-01,5372,0,0,0,0,5372
13047,773,2026-06-01,5372,0,0,0,0,5372
13048,774,2025-03-01,0,21350,0,0,0,21350
13049,774,2025-04-01,21350,0,0,0,0,21350
13050,774,2025-05-01,21350,0,0,0,0,21350
13051,774,2025-06-01,21350,0,0,0,21350,0
13052,774,2025-07-01,0,0,0,0,0,0
13053,774,2025-08-01,0,0,0,0,0,0
13054,774,2025-09-01,0,0,0,0,0,0
13055,774,2025-10-01,0,0,0,0,0,0
13056,774,2025-11-01,0,0,0,0,0,0
13057,774,2025-12-01,0,0,0,0,0,0
13058,774,2026-01-01,0,0,0,0,0,0
13059,774,2026-02-01,0,0,0,0,0,0
13060,774,2026-03-01,0,0,0,0,0,0
13061,774,2026-04-01,0,0,0,0,0,0
13062,774,2026-05-01,0,0,0,0,0,0
13063,774,2026-06-01,0,0,0,0,0,0
13064,775,2024-11-01,0,21023,0,0,0,21023
13065,775,2024-12-01,21023,0,0,0,0,21023
13066,775,2025-01-01,21023,0,0,0,0,21023
13067,775,2025-02-01,21023,0,0,0,0,21023
13068,775,2025-03-01,21023,0,0,0,0,21023
13069,775,2025-04-01,21023,0,5473,0,0,26496
13070,775,2025-05-01,26496,0,0,0,0,26496
13071,775,2025-06-01,26496,0,0,0,0,26496
13072,775,2025-07-01,26496,0,0,0,0,26496
13073,775,2025-08-01,26496,0,0,0,0,26496
13074,775,2025-09-01,26496,0,3439,0,0,29935
13075,775,2025-10-01,29935,0,0,0,0,29935
13076,775,2025-11-01,29935,0,0,0,0,29935
13077,775,2025-12-01,29935,0,0,0,0,29935
13078,775,2026-01-01,29935,0,0,0,0,29935
13079,775,2026-02-01,29935,0,0,0,0,29935
13080,775,2026-03-01,29935,0,0,0,0,29935
13081,775,2026-04-01,29935,0,0,0,0,29935
13082,775,2026-05-01,29935,0,0,0,0,29935
13083,775,2026-06-01,29935,0,0,0,0,29935
13084,776,2025-09-01,0,68675,0,0,0,68675
13085,776,2025-10-01,68675,0,0,0,0,68675
13086,776,2025-11-01,68675,0,0,0,0,68675
13087,776,2025-12-01,68675,0,0,0,0,68675
13088,776,2026-01-01,68675,0,0,0,0,68675
13089,776,2026-02-01,68675,0,0,0,0,68675
13090,776,2026-03-01,68675,0,0,0,0,68675
13091,776,2026-04-01,68675,0,0,0,0,68675
13092,776,2026-05-01,68675,0,0,0,68675,0
13093,776,2026-06-01,0,0,0,0,0,0
13094,777,2025-09-01,0,41342,0,0,0,41342
13095,777,2025-10-01,41342,0,0,0,0,41342
13096,777,2025-11-01,41342,0,0,0,0,41342
13097,777,2025-12-01,41342,0,0,0,0,41342
13098,777,2026-01-01,41342,0,0,0,0,41342
13099,777,2026-02-01,41342,0,0,0,0,41342
13100,777,2026-03-01,41342,0,0,0,0,41342
13101,777,2026-04-01,41342,0,0,0,0,41342
13102,777,2026-05-01,41342,0,0,0,0,41342
13103,777,2026-06-01,41342,0,0,0,0,41342
13104,778,2024-06-01,0,49857,0,0,0,49857
13105,778,2024-07-01,49857,0,0,0,0,49857
13106,778,2024-08-01,49857,0,0,0,0,49857
13107,778,2024-09-01,49857,0,0,0,0,49857
13108,778,2024-10-01,49857,0,0,0,0,49857
13109,778,2024-11-01,49857,0,0,0,0,49857
13110,778,2024-12-01,49857,0,0,0,0,49857
13111,778,2025-01-01,49857,0,0,0,0,49857
13112,778,2025-02-01,49857,0,0,0,0,49857
13113,778,2025-03-01,49857,0,0,0,0,49857
13114,778,2025-04-01,49857,0,0,0,0,49857
13115,778,2025-05-01,49857,0,0,0,0,49857
13116,778,2025-06-01,49857,0,0,0,0,49857
13117,778,2025-07-01,49857,0,0,0,0,49857
13118,778,2025-08-01,49857,0,0,0,0,49857
13119,778,2025-09-01,49857,0,0,0,0,49857
13120,778,2025-10-01,49857,0,0,0,0,49857
13121,778,2025-11-01,49857,0,0,0,0,49857
13122,778,2025-12-01,49857,0,0,0,0,49857
13123,778,2026-01-01,49857,0,0,0,0,49857
13124,778,2026-02-01,49857,0,0,0,0,49857
13125,778,2026-03-01,49857,0,0,0,0,49857
13126,778,2026-04-01,49857,0,7514,0,0,57371
13127,778,2026-05-01,57371,0,0,0,0,57371
13128,778,2026-06-01,57371,0,0,0,0,57371
13129,779,2024-07-01,0,13451,0,0,0,13451
13130,779,2024-08-01,13451,0,0,0,0,13451
13131,779,2024-09-01,13451,0,0,0,0,13451
13132,779,2024-10-01,13451,0,0,0,13451,0
13133,779,2024-11-01,0,0,0,0,0,0
13134,779,2024-12-01,0,0,0,0,0,0
13135,779,2025-01-01,0,0,0,0,0,0
13136,779,2025-02-01,0,0,0,0,0,0
13137,779,2025-03-01,0,0,0,0,0,0
13138,779,2025-04-01,0,0,0,0,0,0
13139,779,2025-05-01,0,0,0,0,0,0
13140,779,2025-06-01,0,0,0,0,0,0
13141,779,2025-07-01,0,0,0,0,0,0
13142,779,2025-08-01,0,0,0,0,0,0
13143,779,2025-09-01,0,0,0,0,0,0
13144,779,2025-10-01,0,0,0,0,0,0
13145,779,2025-11-01,0,0,0,0,0,0
13146,779,2025-12-01,0,0,0,0,0,0
13147,779,2026-01-01,0,0,0,0,0,0
13148,779,2026-02-01,0,0,0,0,0,0
13149,779,2026-03-01,0,0,0,0,0,0
13150,779,2026-04-01,0,0,0,0,0,0
13151,779,2026-05-01,0,0,0,0,0,0
13152,779,2026-06-01,0,0,0,0,0,0
13153,780,2025-09-01,0,6658,0,0,0,6658
13154,780,2025-10-01,6658,0,0,0,0,6658
13155,780,2025-11-01,6658,0,0,0,0,6658
13156,780,2025-12-01,6658,0,0,0,0,6658
13157,780,2026-01-01,6658,0,0,0,0,6658
13158,780,2026-02-01,6658,0,0,0,0,6658
13159,780,2026-03-01,6658,0,0,0,0,6658
13160,780,2026-04-01,6658,0,0,0,0,6658
13161,780,2026-05-01,6658,0,0,0,0,6658
13162,780,2026-06-01,6658,0,0,0,0,6658
13163,781,2025-06-01,0,7755,0,0,0,7755
13164,781,2025-07-01,7755,0,0,0,0,7755
13165,781,2025-08-01,7755,0,0,0,0,7755
13166,781,2025-09-01,7755,0,0,0,0,7755
13167,781,2025-10-01,7755,0,0,0,0,7755
13168,781,2025-11-01,7755,0,0,0,0,7755
13169,781,2025-12-01,7755,0,0,0,0,7755
13170,781,2026-01-01,7755,0,0,0,0,7755
13171,781,2026-02-01,7755,0,2119,0,0,9874
13172,781,2026-03-01,9874,0,0,0,0,9874
13173,781,2026-04-01,9874,0,0,0,0,9874
13174,781,2026-05-01,9874,0,0,0,0,9874
13175,781,2026-06-01,9874,0,0,0,0,9874
13176,782,2025-08-01,0,56832,0,0,0,56832
13177,782,2025-09-01,56832,0,0,0,0,56832
13178,782,2025-10-01,56832,0,0,0,0,56832
13179,782,2025-11-01,56832,0,0,0,0,56832
13180,782,2025-12-01,56832,0,0,0,0,56832
13181,782,2026-01-01,56832,0,0,0,0,56832
13182,782,2026-02-01,56832,0,0,0,0,56832
13183,782,2026-03-01,56832,0,0,0,56832,0
13184,782,2026-04-01,0,0,0,0,0,0
13185,782,2026-05-01,0,0,0,0,0,0
13186,782,2026-06-01,0,0,0,0,0,0
13187,783,2024-07-01,0,18232,0,0,0,18232
13188,783,2024-08-01,18232,0,0,0,0,18232
13189,783,2024-09-01,18232,0,0,0,0,18232
13190,783,2024-10-01,18232,0,0,0,18232,0
13191,783,2024-11-01,0,0,0,0,0,0
13192,783,2024-12-01,0,0,0,0,0,0
13193,783,2025-01-01,0,0,0,0,0,0
13194,783,2025-02-01,0,0,0,0,0,0
13195,783,2025-03-01,0,0,0,0,0,0
13196,783,2025-04-01,0,0,0,0,0,0
13197,783,2025-05-01,0,0,0,0,0,0
13198,783,2025-06-01,0,0,0,0,0,0
13199,783,2025-07-01,0,0,0,0,0,0
13200,783,2025-08-01,0,0,0,0,0,0
13201,783,2025-09-01,0,0,0,0,0,0
13202,783,2025-10-01,0,0,0,0,0,0
13203,783,2025-11-01,0,0,0,0,0,0
13204,783,2025-12-01,0,0,0,0,0,0
13205,783,2026-01-01,0,0,0,0,0,0
13206,783,2026-02-01,0,0,0,0,0,0
13207,783,2026-03-01,0,0,0,0,0,0
13208,783,2026-04-01,0,0,0,0,0,0
13209,783,2026-05-01,0,0,0,0,0,0
13210,783,2026-06-01,0,0,0,0,0,0
13211,784,2025-09-01,0,58142,0,0,0,58142
13212,784,2025-10-01,58142,0,15593,0,0,73735
13213,784,2025-11-01,73735,0,0,0,0,73735
13214,784,2025-12-01,73735,0,0,0,0,73735
13215,784,2026-01-01,73735,0,0,0,0,73735
13216,784,2026-02-01,73735,0,0,0,0,73735
13217,784,2026-03-01,73735,0,0,0,0,73735
13218,784,2026-04-01,73735,0,0,0,0,73735
13219,784,2026-05-01,73735,0,0,0,0,73735
13220,784,2026-06-01,73735,0,0,0,0,73735
13221,785,2025-09-01,0,22344,0,0,0,22344
13222,785,2025-10-01,22344,0,0,0,0,22344
13223,785,2025-11-01,22344,0,0,0,22344,0
13224,785,2025-12-01,0,0,0,0,0,0
13225,785,2026-01-01,0,0,0,0,0,0
13226,785,2026-02-01,0,0,0,0,0,0
13227,785,2026-03-01,0,0,0,0,0,0
13228,785,2026-04-01,0,0,0,0,0,0
13229,785,2026-05-01,0,0,0,0,0,0
13230,785,2026-06-01,0,0,0,0,0,0
13231,786,2025-08-01,0,22170,0,0,0,22170
13232,786,2025-09-01,22170,0,0,0,0,22170
13233,786,2025-10-01,22170,0,0,0,0,22170
13234,786,2025-11-01,22170,0,0,0,0,22170
13235,786,2025-12-01,22170,0,0,0,0,22170
13236,786,2026-01-01,22170,0,0,0,22170,0
13237,786,2026-02-01,0,0,0,0,0,0
13238,786,2026-03-01,0,0,0,0,0,0
13239,786,2026-04-01,0,0,0,0,0,0
13240,786,2026-05-01,0,0,0,0,0,0
13241,786,2026-06-01,0,0,0,0,0,0
13242,787,2024-11-01,0,5123,0,0,0,5123
13243,787,2024-12-01,5123,0,0,0,0,5123
13244,787,2025-01-01,5123,0,0,0,0,5123
13245,787,2025-02-01,5123,0,0,0,5123,0
13246,787,2025-03-01,0,0,0,0,0,0
13247,787,2025-04-01,0,0,0,0,0,0
13248,787,2025-05-01,0,0,0,0,0,0
13249,787,2025-06-01,0,0,0,0,0,0
13250,787,2025-07-01,0,0,0,0,0,0
13251,787,2025-08-01,0,0,0,0,0,0
13252,787,2025-09-01,0,0,0,0,0,0
13253,787,2025-10-01,0,0,0,0,0,0
13254,787,2025-11-01,0,0,0,0,0,0
13255,787,2025-12-01,0,0,0,0,0,0
13256,787,2026-01-01,0,0,0,0,0,0
13257,787,2026-02-01,0,0,0,0,0,0
13258,787,2026-03-01,0,0,0,0,0,0
13259,787,2026-04-01,0,0,0,0,0,0
13260,787,2026-05-01,0,0,0,0,0,0
13261,787,2026-06-01,0,0,0,0,0,0
13262,788,2024-03-01,0,20687,0,0,0,20687
13263,788,2024-04-01,20687,0,0,0,0,20687
13264,788,2024-05-01,20687,0,0,0,0,20687
13265,788,2024-06-01,20687,0,5147,0,0,25834
13266,788,2024-07-01,25834,0,0,0,0,25834
13267,788,2024-08-01,25834,0,0,0,0,25834
13268,788,2024-09-01,25834,0,0,0,0,25834
13269,788,2024-10-01,25834,0,0,0,0,25834
13270,788,2024-11-01,25834,0,0,0,0,25834
13271,788,2024-12-01,25834,0,0,0,0,25834
13272,788,2025-01-01,25834,0,0,0,0,25834
13273,788,2025-02-01,25834,0,0,0,0,25834
13274,788,2025-03-01,25834,0,2898,0,0,28732
13275,788,2025-04-01,28732,0,0,0,0,28732
13276,788,2025-05-01,28732,0,0,0,0,28732
13277,788,2025-06-01,28732,0,0,0,0,28732
13278,788,2025-07-01,28732,0,0,0,0,28732
13279,788,2025-08-01,28732,0,0,0,28732,0
13280,788,2025-09-01,0,0,0,0,0,0
13281,788,2025-10-01,0,0,0,0,0,0
13282,788,2025-11-01,0,0,0,0,0,0
13283,788,2025-12-01,0,0,0,0,0,0
13284,788,2026-01-01,0,0,0,0,0,0
13285,788,2026-02-01,0,0,0,0,0,0
13286,788,2026-03-01,0,0,0,0,0,0
13287,788,2026-04-01,0,0,0,0,0,0
13288,788,2026-05-01,0,0,0,0,0,0
13289,788,2026-06-01,0,0,0,0,0,0
13290,789,2025-09-01,0,3156,0,0,0,3156
13291,789,2025-10-01,3156,0,0,0,0,3156
13292,789,2025-11-01,3156,0,0,0,0,3156
13293,789,2025-12-01,3156,0,0,572,0,2584
13294,789,2026-01-01,2584,0,0,0,0,2584
13295,789,2026-02-01,2584,0,0,0,0,2584
13296,789,2026-03-01,2584,0,0,0,0,2584
13297,789,2026-04-01,2584,0,0,0,0,2584
13298,789,2026-05-01,2584,0,434,0,0,3018
13299,789,2026-06-01,3018,0,0,0,0,3018
13300,790,2025-08-01,0,78328,0,0,0,78328
13301,790,2025-09-01,78328,0,0,0,0,78328
13302,790,2025-10-01,78328,0,0,0,0,78328
13303,790,2025-11-01,78328,0,0,0,0,78328
13304,790,2025-12-01,78328,0,0,0,0,78328
13305,790,2026-01-01,78328,0,0,0,0,78328
13306,790,2026-02-01,78328,0,0,0,0,78328
13307,790,2026-03-01,78328,0,0,0,0,78328
13308,790,2026-04-01,78328,0,0,0,0,78328
13309,790,2026-05-01,78328,0,9977,0,0,88305
13310,790,2026-06-01,88305,0,0,0,0,88305
13311,791,2026-02-01,0,3595,0,0,0,3595
13312,791,2026-03-01,3595,0,0,0,0,3595
13313,791,2026-04-01,3595,0,0,0,0,3595
13314,791,2026-05-01,3595,0,0,0,0,3595
13315,791,2026-06-01,3595,0,0,0,0,3595
13316,792,2025-01-01,0,3745,0,0,0,3745
13317,792,2025-02-01,3745,0,0,0,0,3745
13318,792,2025-03-01,3745,0,0,0,0,3745
13319,792,2025-04-01,3745,0,0,442,0,3303
13320,792,2025-05-01,3303,0,0,0,3303,0
13321,792,2025-06-01,0,0,0,0,0,0
13322,792,2025-07-01,0,0,0,0,0,0
13323,792,2025-08-01,0,0,0,0,0,0
13324,792,2025-09-01,0,0,0,0,0,0
13325,792,2025-10-01,0,0,0,0,0,0
13326,792,2025-11-01,0,0,0,0,0,0
13327,792,2025-12-01,0,0,0,0,0,0
13328,792,2026-01-01,0,0,0,0,0,0
13329,792,2026-02-01,0,0,0,0,0,0
13330,792,2026-03-01,0,0,0,0,0,0
13331,792,2026-04-01,0,0,0,0,0,0
13332,792,2026-05-01,0,0,0,0,0,0
13333,792,2026-06-01,0,0,0,0,0,0
13334,793,2024-05-01,0,7395,0,0,0,7395
13335,793,2024-06-01,7395,0,0,0,7395,0
13336,793,2024-07-01,0,0,0,0,0,0
13337,793,2024-08-01,0,0,0,0,0,0
13338,793,2024-09-01,0,0,0,0,0,0
13339,793,2024-10-01,0,0,0,0,0,0
13340,793,2024-11-01,0,0,0,0,0,0
13341,793,2024-12-01,0,0,0,0,0,0
13342,793,2025-01-01,0,0,0,0,0,0
13343,793,2025-02-01,0,0,0,0,0,0
13344,793,2025-03-01,0,0,0,0,0,0
13345,793,2025-04-01,0,0,0,0,0,0
13346,793,2025-05-01,0,0,0,0,0,0
13347,793,2025-06-01,0,0,0,0,0,0
13348,793,2025-07-01,0,0,0,0,0,0
13349,793,2025-08-01,0,0,0,0,0,0
13350,793,2025-09-01,0,0,0,0,0,0
13351,793,2025-10-01,0,0,0,0,0,0
13352,793,2025-11-01,0,0,0,0,0,0
13353,793,2025-12-01,0,0,0,0,0,0
13354,793,2026-01-01,0,0,0,0,0,0
13355,793,2026-02-01,0,0,0,0,0,0
13356,793,2026-03-01,0,0,0,0,0,0
13357,793,2026-04-01,0,0,0,0,0,0
13358,793,2026-05-01,0,0,0,0,0,0
13359,793,2026-06-01,0,0,0,0,0,0
13360,794,2024-03-01,0,6657,0,0,0,6657
13361,794,2024-04-01,6657,0,0,0,0,6657
13362,794,2024-05-01,6657,0,0,0,0,6657
13363,794,2024-06-01,6657,0,0,0,0,6657
13364,794,2024-07-01,6657,0,0,0,0,6657
13365,794,2024-08-01,6657,0,0,1466,0,5191
13366,794,2024-09-01,5191,0,0,0,0,5191
13367,794,2024-10-01,5191,0,0,0,0,5191
13368,794,2024-11-01,5191,0,0,0,0,5191
13369,794,2024-12-01,5191,0,0,0,0,5191
13370,794,2025-01-01,5191,0,0,0,0,5191
13371,794,2025-02-01,5191,0,0,0,5191,0
13372,794,2025-03-01,0,0,0,0,0,0
13373,794,2025-04-01,0,0,0,0,0,0
13374,794,2025-05-01,0,0,0,0,0,0
13375,794,2025-06-01,0,0,0,0,0,0
13376,794,2025-07-01,0,0,0,0,0,0
13377,794,2025-08-01,0,0,0,0,0,0
13378,794,2025-09-01,0,0,0,0,0,0
13379,794,2025-10-01,0,0,0,0,0,0
13380,794,2025-11-01,0,0,0,0,0,0
13381,794,2025-12-01,0,0,0,0,0,0
13382,794,2026-01-01,0,0,0,0,0,0
13383,794,2026-02-01,0,0,0,0,0,0
13384,794,2026-03-01,0,0,0,0,0,0
13385,794,2026-04-01,0,0,0,0,0,0
13386,794,2026-05-01,0,0,0,0,0,0
13387,794,2026-06-01,0,0,0,0,0,0
13388,795,2024-06-01,0,16524,0,0,0,16524
13389,795,2024-07-01,16524,0,0,0,0,16524
13390,795,2024-08-01,16524,0,0,0,0,16524
13391,795,2024-09-01,16524,0,0,0,0,16524
13392,795,2024-10-01,16524,0,0,0,0,16524
13393,795,2024-11-01,16524,0,0,0,0,16524
13394,795,2024-12-01,16524,0,4528,0,0,21052
13395,795,2025-01-01,21052,0,0,0,0,21052
13396,795,2025-02-01,21052,0,0,0,0,21052
13397,795,2025-03-01,21052,0,0,0,0,21052
13398,795,2025-04-01,21052,0,0,0,0,21052
13399,795,2025-05-01,21052,0,0,0,0,21052
13400,795,2025-06-01,21052,0,0,0,0,21052
13401,795,2025-07-01,21052,0,0,0,0,21052
13402,795,2025-08-01,21052,0,0,0,0,21052
13403,795,2025-09-01,21052,0,0,0,0,21052
13404,795,2025-10-01,21052,0,0,0,0,21052
13405,795,2025-11-01,21052,0,0,0,0,21052
13406,795,2025-12-01,21052,0,0,0,0,21052
13407,795,2026-01-01,21052,0,3395,0,0,24447
13408,795,2026-02-01,24447,0,0,0,0,24447
13409,795,2026-03-01,24447,0,0,0,24447,0
13410,795,2026-04-01,0,0,0,0,0,0
13411,795,2026-05-01,0,0,0,0,0,0
13412,795,2026-06-01,0,0,0,0,0,0
13413,796,2025-12-01,0,16386,0,0,0,16386
13414,796,2026-01-01,16386,0,0,0,0,16386
13415,796,2026-02-01,16386,0,0,0,0,16386
13416,796,2026-03-01,16386,0,0,0,0,16386
13417,796,2026-04-01,16386,0,0,0,0,16386
13418,796,2026-05-01,16386,0,4238,0,0,20624
13419,796,2026-06-01,20624,0,0,0,0,20624
13420,797,2024-12-01,0,21608,0,0,0,21608
13421,797,2025-01-01,21608,0,0,0,0,21608
13422,797,2025-02-01,21608,0,0,0,0,21608
13423,797,2025-03-01,21608,0,0,0,0,21608
13424,797,2025-04-01,21608,0,0,0,0,21608
13425,797,2025-05-01,21608,0,5512,0,0,27120
13426,797,2025-06-01,27120,0,0,0,0,27120
13427,797,2025-07-01,27120,0,0,0,0,27120
13428,797,2025-08-01,27120,0,0,0,0,27120
13429,797,2025-09-01,27120,0,0,0,0,27120
13430,797,2025-10-01,27120,0,0,0,0,27120
13431,797,2025-11-01,27120,0,0,0,27120,0
13432,797,2025-12-01,0,0,0,0,0,0
13433,797,2026-01-01,0,0,0,0,0,0
13434,797,2026-02-01,0,0,0,0,0,0
13435,797,2026-03-01,0,0,0,0,0,0
13436,797,2026-04-01,0,0,0,0,0,0
13437,797,2026-05-01,0,0,0,0,0,0
13438,797,2026-06-01,0,0,0,0,0,0
13439,798,2024-12-01,0,11395,0,0,0,11395
13440,798,2025-01-01,11395,0,0,0,0,11395
13441,798,2025-02-01,11395,0,0,0,0,11395
13442,798,2025-03-01,11395,0,0,0,0,11395
13443,798,2025-04-01,11395,0,0,0,0,11395
13444,798,2025-05-01,11395,0,0,0,11395,0
13445,798,2025-06-01,0,0,0,0,0,0
13446,798,2025-07-01,0,0,0,0,0,0
13447,798,2025-08-01,0,0,0,0,0,0
13448,798,2025-09-01,0,0,0,0,0,0
13449,798,2025-10-01,0,0,0,0,0,0
13450,798,2025-11-01,0,0,0,0,0,0
13451,798,2025-12-01,0,0,0,0,0,0
13452,798,2026-01-01,0,0,0,0,0,0
13453,798,2026-02-01,0,0,0,0,0,0
13454,798,2026-03-01,0,0,0,0,0,0
13455,798,2026-04-01,0,0,0,0,0,0
13456,798,2026-05-01,0,0,0,0,0,0
13457,798,2026-06-01,0,0,0,0,0,0
13458,799,2025-06-01,0,58025,0,0,0,58025
13459,799,2025-07-01,58025,0,0,0,0,58025
13460,799,2025-08-01,58025,0,0,0,0,58025
13461,799,2025-09-01,58025,0,0,0,0,58025
13462,799,2025-10-01,58025,0,0,0,0,58025
13463,799,2025-11-01,58025,0,0,0,0,58025
13464,799,2025-12-01,58025,0,0,7747,0,50278
13465,799,2026-01-01,50278,0,0,0,0,50278
13466,799,2026-02-01,50278,0,0,0,0,50278
13467,799,2026-03-01,50278,0,0,0,0,50278
13468,799,2026-04-01,50278,0,0,0,0,50278
13469,799,2026-05-01,50278,0,0,0,0,50278
13470,799,2026-06-01,50278,0,0,0,0,50278
13471,800,2026-02-01,0,4483,0,0,0,4483
13472,800,2026-03-01,4483,0,599,0,0,5082
13473,800,2026-04-01,5082,0,0,0,0,5082
13474,800,2026-05-01,5082,0,0,0,0,5082
13475,800,2026-06-01,5082,0,0,0,0,5082
13476,801,2024-09-01,0,4363,0,0,0,4363
13477,801,2024-10-01,4363,0,483,0,0,4846
13478,801,2024-11-01,4846,0,0,0,0,4846
13479,801,2024-12-01,4846,0,0,0,0,4846
13480,801,2025-01-01,4846,0,0,0,0,4846
13481,801,2025-02-01,4846,0,0,0,0,4846
13482,801,2025-03-01,4846,0,0,0,0,4846
13483,801,2025-04-01,4846,0,0,0,4846,0
13484,801,2025-05-01,0,0,0,0,0,0
13485,801,2025-06-01,0,0,0,0,0,0
13486,801,2025-07-01,0,0,0,0,0,0
13487,801,2025-08-01,0,0,0,0,0,0
13488,801,2025-09-01,0,0,0,0,0,0
13489,801,2025-10-01,0,0,0,0,0,0
13490,801,2025-11-01,0,0,0,0,0,0
13491,801,2025-12-01,0,0,0,0,0,0
13492,801,2026-01-01,0,0,0,0,0,0
13493,801,2026-02-01,0,0,0,0,0,0
13494,801,2026-03-01,0,0,0,0,0,0
13495,801,2026-04-01,0,0,0,0,0,0
13496,801,2026-05-01,0,0,0,0,0,0
13497,801,2026-06-01,0,0,0,0,0,0
13498,802,2026-01-01,0,8428,0,0,0,8428
13499,802,2026-02-01,8428,0,0,0,0,8428
13500,802,2026-03-01,8428,0,0,0,0,8428
13501,802,2026-04-01,8428,0,0,0,0,8428
13502,802,2026-05-01,8428,0,0,0,0,8428
13503,802,2026-06-01,8428,0,0,0,0,8428
13504,803,2025-01-01,0,4279,0,0,0,4279
13505,803,2025-02-01,4279,0,0,0,0,4279
13506,803,2025-03-01,4279,0,0,0,0,4279
13507,803,2025-04-01,4279,0,0,0,0,4279
13508,803,2025-05-01,4279,0,0,0,0,4279
13509,803,2025-06-01,4279,0,0,0,0,4279
13510,803,2025-07-01,4279,0,0,1037,0,3242
13511,803,2025-08-01,3242,0,0,0,0,3242
13512,803,2025-09-01,3242,0,0,0,0,3242
13513,803,2025-10-01,3242,0,0,0,0,3242
13514,803,2025-11-01,3242,0,0,0,0,3242
13515,803,2025-12-01,3242,0,0,0,3242,0
13516,803,2026-01-01,0,0,0,0,0,0
13517,803,2026-02-01,0,0,0,0,0,0
13518,803,2026-03-01,0,0,0,0,0,0
13519,803,2026-04-01,0,0,0,0,0,0
13520,803,2026-05-01,0,0,0,0,0,0
13521,803,2026-06-01,0,0,0,0,0,0
13522,804,2025-06-01,0,3505,0,0,0,3505
13523,804,2025-07-01,3505,0,0,0,0,3505
13524,804,2025-08-01,3505,0,0,0,0,3505
13525,804,2025-09-01,3505,0,0,0,0,3505
13526,804,2025-10-01,3505,0,0,0,0,3505
13527,804,2025-11-01,3505,0,0,0,0,3505
13528,804,2025-12-01,3505,0,0,0,0,3505
13529,804,2026-01-01,3505,0,0,0,0,3505
13530,804,2026-02-01,3505,0,0,0,0,3505
13531,804,2026-03-01,3505,0,0,0,0,3505
13532,804,2026-04-01,3505,0,0,0,0,3505
13533,804,2026-05-01,3505,0,0,0,0,3505
13534,804,2026-06-01,3505,0,0,0,0,3505
13535,805,2024-04-01,0,5437,0,0,0,5437
13536,805,2024-05-01,5437,0,0,0,0,5437
13537,805,2024-06-01,5437,0,0,0,0,5437
13538,805,2024-07-01,5437,0,0,0,0,5437
13539,805,2024-08-01,5437,0,0,0,0,5437
13540,805,2024-09-01,5437,0,0,0,0,5437
13541,805,2024-10-01,5437,0,651,0,0,6088
13542,805,2024-11-01,6088,0,0,0,0,6088
13543,805,2024-12-01,6088,0,0,0,0,6088
13544,805,2025-01-01,6088,0,1138,0,0,7226
13545,805,2025-02-01,7226,0,0,0,7226,0
13546,805,2025-03-01,0,0,0,0,0,0
13547,805,2025-04-01,0,0,0,0,0,0
13548,805,2025-05-01,0,0,0,0,0,0
13549,805,2025-06-01,0,0,0,0,0,0
13550,805,2025-07-01,0,0,0,0,0,0
13551,805,2025-08-01,0,0,0,0,0,0
13552,805,2025-09-01,0,0,0,0,0,0
13553,805,2025-10-01,0,0,0,0,0,0
13554,805,2025-11-01,0,0,0,0,0,0
13555,805,2025-12-01,0,0,0,0,0,0
13556,805,2026-01-01,0,0,0,0,0,0
13557,805,2026-02-01,0,0,0,0,0,0
13558,805,2026-03-01,0,0,0,0,0,0
13559,805,2026-04-01,0,0,0,0,0,0
13560,805,2026-05-01,0,0,0,0,0,0
13561,805,2026-06-01,0,0,0,0,0,0
13562,806,2025-04-01,0,7871,0,0,0,7871
13563,806,2025-05-01,7871,0,0,0,0,7871
13564,806,2025-06-01,7871,0,0,1269,0,6602
13565,806,2025-07-01,6602,0,0,0,0,6602
13566,806,2025-08-01,6602,0,0,0,0,6602
13567,806,2025-09-01,6602,0,0,0,0,6602
13568,806,2025-10-01,6602,0,0,0,6602,0
13569,806,2025-11-01,0,0,0,0,0,0
13570,806,2025-12-01,0,0,0,0,0,0
13571,806,2026-01-01,0,0,0,0,0,0
13572,806,2026-02-01,0,0,0,0,0,0
13573,806,2026-03-01,0,0,0,0,0,0
13574,806,2026-04-01,0,0,0,0,0,0
13575,806,2026-05-01,0,0,0,0,0,0
13576,806,2026-06-01,0,0,0,0,0,0
13577,807,2025-04-01,0,9768,0,0,0,9768
13578,807,2025-05-01,9768,0,0,0,0,9768
13579,807,2025-06-01,9768,0,0,0,0,9768
13580,807,2025-07-01,9768,0,0,0,0,9768
13581,807,2025-08-01,9768,0,0,0,0,9768
13582,807,2025-09-01,9768,0,0,0,0,9768
13583,807,2025-10-01,9768,0,0,0,0,9768
13584,807,2025-11-01,9768,0,0,0,0,9768
13585,807,2025-12-01,9768,0,0,0,0,9768
13586,807,2026-01-01,9768,0,0,0,0,9768
13587,807,2026-02-01,9768,0,0,0,0,9768
13588,807,2026-03-01,9768,0,0,0,0,9768
13589,807,2026-04-01,9768,0,0,0,0,9768
13590,807,2026-05-01,9768,0,0,0,9768,0
13591,807,2026-06-01,0,0,0,0,0,0
13592,808,2025-09-01,0,6954,0,0,0,6954
13593,808,2025-10-01,6954,0,2081,0,0,9035
13594,808,2025-11-01,9035,0,0,0,0,9035
13595,808,2025-12-01,9035,0,2701,0,0,11736
13596,808,2026-01-01,11736,0,0,0,0,11736
13597,808,2026-02-01,11736,0,0,0,0,11736
13598,808,2026-03-01,11736,0,0,0,0,11736
13599,808,2026-04-01,11736,0,0,0,0,11736
13600,808,2026-05-01,11736,0,0,2087,0,9649
13601,808,2026-06-01,9649,0,0,0,0,9649
13602,809,2025-09-01,0,11388,0,0,0,11388
13603,809,2025-10-01,11388,0,0,0,0,11388
13604,809,2025-11-01,11388,0,2276,0,0,13664
13605,809,2025-12-01,13664,0,0,0,0,13664
13606,809,2026-01-01,13664,0,0,0,0,13664
13607,809,2026-02-01,13664,0,0,0,0,13664
13608,809,2026-03-01,13664,0,0,0,0,13664
13609,809,2026-04-01,13664,0,0,0,0,13664
13610,809,2026-05-01,13664,0,0,0,0,13664
13611,809,2026-06-01,13664,0,0,0,13664,0
13612,810,2024-11-01,0,5512,0,0,0,5512
13613,810,2024-12-01,5512,0,0,0,0,5512
13614,810,2025-01-01,5512,0,0,0,0,5512
13615,810,2025-02-01,5512,0,0,0,0,5512
13616,810,2025-03-01,5512,0,0,1070,0,4442
13617,810,2025-04-01,4442,0,0,0,4442,0
13618,810,2025-05-01,0,0,0,0,0,0
13619,810,2025-06-01,0,0,0,0,0,0
13620,810,2025-07-01,0,0,0,0,0,0
13621,810,2025-08-01,0,0,0,0,0,0
13622,810,2025-09-01,0,0,0,0,0,0
13623,810,2025-10-01,0,0,0,0,0,0
13624,810,2025-11-01,0,0,0,0,0,0
13625,810,2025-12-01,0,0,0,0,0,0
13626,810,2026-01-01,0,0,0,0,0,0
13627,810,2026-02-01,0,0,0,0,0,0
13628,810,2026-03-01,0,0,0,0,0,0
13629,810,2026-04-01,0,0,0,0,0,0
13630,810,2026-05-01,0,0,0,0,0,0
13631,810,2026-06-01,0,0,0,0,0,0
13632,811,2024-07-01,0,4493,0,0,0,4493
13633,811,2024-08-01,4493,0,0,0,0,4493
13634,811,2024-09-01,4493,0,0,0,0,4493
13635,811,2024-10-01,4493,0,0,0,0,4493
13636,811,2024-11-01,4493,0,0,0,0,4493
13637,811,2024-12-01,4493,0,0,0,0,4493
13638,811,2025-01-01,4493,0,947,0,0,5440
13639,811,2025-02-01,5440,0,0,0,0,5440
13640,811,2025-03-01,5440,0,0,0,0,5440
13641,811,2025-04-01,5440,0,0,1355,0,4085
13642,811,2025-05-01,4085,0,0,0,0,4085
13643,811,2025-06-01,4085,0,0,0,0,4085
13644,811,2025-07-01,4085,0,0,0,0,4085
13645,811,2025-08-01,4085,0,0,0,0,4085
13646,811,2025-09-01,4085,0,0,0,0,4085
13647,811,2025-10-01,4085,0,0,553,0,3532
13648,811,2025-11-01,3532,0,0,582,0,2950
13649,811,2025-12-01,2950,0,0,0,0,2950
13650,811,2026-01-01,2950,0,0,313,0,2637
13651,811,2026-02-01,2637,0,0,0,0,2637
13652,811,2026-03-01,2637,0,0,355,0,2282
13653,811,2026-04-01,2282,0,0,0,0,2282
13654,811,2026-05-01,2282,0,0,0,0,2282
13655,811,2026-06-01,2282,0,0,0,0,2282
13656,812,2025-03-01,0,17443,0,0,0,17443
13657,812,2025-04-01,17443,0,0,0,0,17443
13658,812,2025-05-01,17443,0,0,0,0,17443
13659,812,2025-06-01,17443,0,0,0,0,17443
13660,812,2025-07-01,17443,0,0,0,0,17443
13661,812,2025-08-01,17443,0,0,0,0,17443
13662,812,2025-09-01,17443,0,0,0,0,17443
13663,812,2025-10-01,17443,0,0,0,0,17443
13664,812,2025-11-01,17443,0,0,0,0,17443
13665,812,2025-12-01,17443,0,0,0,0,17443
13666,812,2026-01-01,17443,0,0,0,0,17443
13667,812,2026-02-01,17443,0,0,0,0,17443
13668,812,2026-03-01,17443,0,0,0,0,17443
13669,812,2026-04-01,17443,0,0,0,0,17443
13670,812,2026-05-01,17443,0,0,0,0,17443
13671,812,2026-06-01,17443,0,0,0,0,17443
13672,813,2025-06-01,0,15414,0,0,0,15414
13673,813,2025-07-01,15414,0,0,0,0,15414
13674,813,2025-08-01,15414,0,0,0,0,15414
13675,813,2025-09-01,15414,0,0,0,0,15414
13676,813,2025-10-01,15414,0,0,0,0,15414
13677,813,2025-11-01,15414,0,0,0,0,15414
13678,813,2025-12-01,15414,0,2251,0,0,17665
13679,813,2026-01-01,17665,0,0,0,0,17665
13680,813,2026-02-01,17665,0,0,0,0,17665
13681,813,2026-03-01,17665,0,5157,0,0,22822
13682,813,2026-04-01,22822,0,0,0,0,22822
13683,813,2026-05-01,22822,0,0,0,0,22822
13684,813,2026-06-01,22822,0,0,0,0,22822
13685,814,2024-04-01,0,21829,0,0,0,21829
13686,814,2024-05-01,21829,0,0,0,0,21829
13687,814,2024-06-01,21829,0,0,0,0,21829
13688,814,2024-07-01,21829,0,0,0,21829,0
13689,814,2024-08-01,0,0,0,0,0,0
13690,814,2024-09-01,0,0,0,0,0,0
13691,814,2024-10-01,0,0,0,0,0,0
13692,814,2024-11-01,0,0,0,0,0,0
13693,814,2024-12-01,0,0,0,0,0,0
13694,814,2025-01-01,0,0,0,0,0,0
13695,814,2025-02-01,0,0,0,0,0,0
13696,814,2025-03-01,0,0,0,0,0,0
13697,814,2025-04-01,0,0,0,0,0,0
13698,814,2025-05-01,0,0,0,0,0,0
13699,814,2025-06-01,0,0,0,0,0,0
13700,814,2025-07-01,0,0,0,0,0,0
13701,814,2025-08-01,0,0,0,0,0,0
13702,814,2025-09-01,0,0,0,0,0,0
13703,814,2025-10-01,0,0,0,0,0,0
13704,814,2025-11-01,0,0,0,0,0,0
13705,814,2025-12-01,0,0,0,0,0,0
13706,814,2026-01-01,0,0,0,0,0,0
13707,814,2026-02-01,0,0,0,0,0,0
13708,814,2026-03-01,0,0,0,0,0,0
13709,814,2026-04-01,0,0,0,0,0,0
13710,814,2026-05-01,0,0,0,0,0,0
13711,814,2026-06-01,0,0,0,0,0,0
13712,815,2026-01-01,0,16546,0,0,0,16546
13713,815,2026-02-01,16546,0,0,0,0,16546
13714,815,2026-03-01,16546,0,0,1925,0,14621
13715,815,2026-04-01,14621,0,0,0,0,14621
13716,815,2026-05-01,14621,0,0,0,0,14621
13717,815,2026-06-01,14621,0,0,0,0,14621
13718,816,2025-04-01,0,19945,0,0,0,19945
13719,816,2025-05-01,19945,0,3996,0,0,23941
13720,816,2025-06-01,23941,0,0,0,0,23941
13721,816,2025-07-01,23941,0,0,0,0,23941
13722,816,2025-08-01,23941,0,0,0,0,23941
13723,816,2025-09-01,23941,0,3535,0,0,27476
13724,816,2025-10-01,27476,0,0,0,0,27476
13725,816,2025-11-01,27476,0,0,0,0,27476
13726,816,2025-12-01,27476,0,0,0,0,27476
13727,816,2026-01-01,27476,0,0,0,0,27476
13728,816,2026-02-01,27476,0,0,0,0,27476
13729,816,2026-03-01,27476,0,0,0,0,27476
13730,816,2026-04-01,27476,0,0,0,0,27476
13731,816,2026-05-01,27476,0,0,0,0,27476
13732,816,2026-06-01,27476,0,0,0,0,27476
13733,817,2025-01-01,0,6870,0,0,0,6870
13734,817,2025-02-01,6870,0,0,0,0,6870
13735,817,2025-03-01,6870,0,0,0,0,6870
13736,817,2025-04-01,6870,0,0,0,0,6870
13737,817,2025-05-01,6870,0,0,0,0,6870
13738,817,2025-06-01,6870,0,0,0,0,6870
13739,817,2025-07-01,6870,0,0,0,0,6870
13740,817,2025-08-01,6870,0,0,0,0,6870
13741,817,2025-09-01,6870,0,0,0,0,6870
13742,817,2025-10-01,6870,0,0,0,0,6870
13743,817,2025-11-01,6870,0,0,0,0,6870
13744,817,2025-12-01,6870,0,0,0,0,6870
13745,817,2026-01-01,6870,0,0,0,0,6870
13746,817,2026-02-01,6870,0,997,0,0,7867
13747,817,2026-03-01,7867,0,0,0,0,7867
13748,817,2026-04-01,7867,0,0,0,0,7867
13749,817,2026-05-01,7867,0,0,0,0,7867
13750,817,2026-06-01,7867,0,0,0,7867,0
13751,818,2024-06-01,0,22308,0,0,0,22308
13752,818,2024-07-01,22308,0,0,0,0,22308
13753,818,2024-08-01,22308,0,5051,0,0,27359
13754,818,2024-09-01,27359,0,0,0,0,27359
13755,818,2024-10-01,27359,0,0,0,0,27359
13756,818,2024-11-01,27359,0,0,0,0,27359
13757,818,2024-12-01,27359,0,0,0,0,27359
13758,818,2025-01-01,27359,0,0,0,0,27359
13759,818,2025-02-01,27359,0,7082,0,0,34441
13760,818,2025-03-01,34441,0,0,0,0,34441
13761,818,2025-04-01,34441,0,0,0,0,34441
13762,818,2025-05-01,34441,0,0,0,0,34441
13763,818,2025-06-01,34441,0,0,0,0,34441
13764,818,2025-07-01,34441,0,0,0,0,34441
13765,818,2025-08-01,34441,0,0,0,0,34441
13766,818,2025-09-01,34441,0,0,0,0,34441
13767,818,2025-10-01,34441,0,0,0,0,34441
13768,818,2025-11-01,34441,0,0,0,0,34441
13769,818,2025-12-01,34441,0,0,0,0,34441
13770,818,2026-01-01,34441,0,0,0,0,34441
13771,818,2026-02-01,34441,0,0,0,0,34441
13772,818,2026-03-01,34441,0,0,0,0,34441
13773,818,2026-04-01,34441,0,0,0,0,34441
13774,818,2026-05-01,34441,0,3735,0,0,38176
13775,818,2026-06-01,38176,0,0,0,0,38176
13776,819,2025-06-01,0,4521,0,0,0,4521
13777,819,2025-07-01,4521,0,0,0,0,4521
13778,819,2025-08-01,4521,0,0,0,0,4521
13779,819,2025-09-01,4521,0,0,0,0,4521
13780,819,2025-10-01,4521,0,0,0,4521,0
13781,819,2025-11-01,0,0,0,0,0,0
13782,819,2025-12-01,0,0,0,0,0,0
13783,819,2026-01-01,0,0,0,0,0,0
13784,819,2026-02-01,0,0,0,0,0,0
13785,819,2026-03-01,0,0,0,0,0,0
13786,819,2026-04-01,0,0,0,0,0,0
13787,819,2026-05-01,0,0,0,0,0,0
13788,819,2026-06-01,0,0,0,0,0,0
13789,820,2024-08-01,0,6376,0,0,0,6376
13790,820,2024-09-01,6376,0,0,0,0,6376
13791,820,2024-10-01,6376,0,0,0,0,6376
13792,820,2024-11-01,6376,0,0,0,0,6376
13793,820,2024-12-01,6376,0,0,0,0,6376
13794,820,2025-01-01,6376,0,0,0,0,6376
13795,820,2025-02-01,6376,0,0,0,0,6376
13796,820,2025-03-01,6376,0,0,0,6376,0
13797,820,2025-04-01,0,0,0,0,0,0
13798,820,2025-05-01,0,0,0,0,0,0
13799,820,2025-06-01,0,0,0,0,0,0
13800,820,2025-07-01,0,0,0,0,0,0
13801,820,2025-08-01,0,0,0,0,0,0
13802,820,2025-09-01,0,0,0,0,0,0
13803,820,2025-10-01,0,0,0,0,0,0
13804,820,2025-11-01,0,0,0,0,0,0
13805,820,2025-12-01,0,0,0,0,0,0
13806,820,2026-01-01,0,0,0,0,0,0
13807,820,2026-02-01,0,0,0,0,0,0
13808,820,2026-03-01,0,0,0,0,0,0
13809,820,2026-04-01,0,0,0,0,0,0
13810,820,2026-05-01,0,0,0,0,0,0
13811,820,2026-06-01,0,0,0,0,0,0
13812,821,2026-02-01,0,42836,0,0,0,42836
13813,821,2026-03-01,42836,0,0,0,0,42836
13814,821,2026-04-01,42836,0,0,0,0,42836
13815,821,2026-05-01,42836,0,5472,0,0,48308
13816,821,2026-06-01,48308,0,0,0,0,48308
13817,822,2024-07-01,0,4553,0,0,0,4553
13818,822,2024-08-01,4553,0,0,0,4553,0
13819,822,2024-09-01,0,0,0,0,0,0
13820,822,2024-10-01,0,0,0,0,0,0
13821,822,2024-11-01,0,0,0,0,0,0
13822,822,2024-12-01,0,0,0,0,0,0
13823,822,2025-01-01,0,0,0,0,0,0
13824,822,2025-02-01,0,0,0,0,0,0
13825,822,2025-03-01,0,0,0,0,0,0
13826,822,2025-04-01,0,0,0,0,0,0
13827,822,2025-05-01,0,0,0,0,0,0
13828,822,2025-06-01,0,0,0,0,0,0
13829,822,2025-07-01,0,0,0,0,0,0
13830,822,2025-08-01,0,0,0,0,0,0
13831,822,2025-09-01,0,0,0,0,0,0
13832,822,2025-10-01,0,0,0,0,0,0
13833,822,2025-11-01,0,0,0,0,0,0
13834,822,2025-12-01,0,0,0,0,0,0
13835,822,2026-01-01,0,0,0,0,0,0
13836,822,2026-02-01,0,0,0,0,0,0
13837,822,2026-03-01,0,0,0,0,0,0
13838,822,2026-04-01,0,0,0,0,0,0
13839,822,2026-05-01,0,0,0,0,0,0
13840,822,2026-06-01,0,0,0,0,0,0
13841,823,2026-01-01,0,8830,0,0,0,8830
13842,823,2026-02-01,8830,0,0,0,0,8830
13843,823,2026-03-01,8830,0,0,0,0,8830
13844,823,2026-04-01,8830,0,0,0,0,8830
13845,823,2026-05-01,8830,0,0,0,0,8830
13846,823,2026-06-01,8830,0,0,1081,0,7749
13847,824,2025-09-01,0,20582,0,0,0,20582
13848,824,2025-10-01,20582,0,0,0,0,20582
13849,824,2025-11-01,20582,0,0,0,0,20582
13850,824,2025-12-01,20582,0,0,0,0,20582
13851,824,2026-01-01,20582,0,0,0,0,20582
13852,824,2026-02-01,20582,0,0,0,0,20582
13853,824,2026-03-01,20582,0,0,0,0,20582
13854,824,2026-04-01,20582,0,0,0,0,20582
13855,824,2026-05-01,20582,0,0,0,0,20582
13856,824,2026-06-01,20582,0,0,5036,0,15546
13857,825,2025-02-01,0,3043,0,0,0,3043
13858,825,2025-03-01,3043,0,0,0,0,3043
13859,825,2025-04-01,3043,0,0,0,0,3043
13860,825,2025-05-01,3043,0,0,0,0,3043
13861,825,2025-06-01,3043,0,0,0,0,3043
13862,825,2025-07-01,3043,0,0,0,0,3043
13863,825,2025-08-01,3043,0,0,0,0,3043
13864,825,2025-09-01,3043,0,0,0,0,3043
13865,825,2025-10-01,3043,0,0,0,0,3043
13866,825,2025-11-01,3043,0,0,0,0,3043
13867,825,2025-12-01,3043,0,0,0,0,3043
13868,825,2026-01-01,3043,0,0,0,0,3043
13869,825,2026-02-01,3043,0,0,0,0,3043
13870,825,2026-03-01,3043,0,0,0,0,3043
13871,825,2026-04-01,3043,0,0,0,0,3043
13872,825,2026-05-01,3043,0,475,0,0,3518
13873,825,2026-06-01,3518,0,0,0,0,3518
13874,826,2025-01-01,0,7252,0,0,0,7252
13875,826,2025-02-01,7252,0,0,0,0,7252
13876,826,2025-03-01,7252,0,0,0,0,7252
13877,826,2025-04-01,7252,0,0,0,0,7252
13878,826,2025-05-01,7252,0,0,0,0,7252
13879,826,2025-06-01,7252,0,0,0,0,7252
13880,826,2025-07-01,7252,0,0,0,0,7252
13881,826,2025-08-01,7252,0,0,0,0,7252
13882,826,2025-09-01,7252,0,0,0,0,7252
13883,826,2025-10-01,7252,0,0,0,0,7252
13884,826,2025-11-01,7252,0,0,0,0,7252
13885,826,2025-12-01,7252,0,0,0,0,7252
13886,826,2026-01-01,7252,0,0,0,0,7252
13887,826,2026-02-01,7252,0,0,0,0,7252
13888,826,2026-03-01,7252,0,0,0,0,7252
13889,826,2026-04-01,7252,0,0,0,0,7252
13890,826,2026-05-01,7252,0,0,0,0,7252
13891,826,2026-06-01,7252,0,0,0,0,7252
13892,827,2024-07-01,0,23211,0,0,0,23211
13893,827,2024-08-01,23211,0,0,0,0,23211
13894,827,2024-09-01,23211,0,0,0,0,23211
13895,827,2024-10-01,23211,0,0,0,23211,0
13896,827,2024-11-01,0,0,0,0,0,0
13897,827,2024-12-01,0,0,0,0,0,0
13898,827,2025-01-01,0,0,0,0,0,0
13899,827,2025-02-01,0,0,0,0,0,0
13900,827,2025-03-01,0,0,0,0,0,0
13901,827,2025-04-01,0,0,0,0,0,0
13902,827,2025-05-01,0,0,0,0,0,0
13903,827,2025-06-01,0,0,0,0,0,0
13904,827,2025-07-01,0,0,0,0,0,0
13905,827,2025-08-01,0,0,0,0,0,0
13906,827,2025-09-01,0,0,0,0,0,0
13907,827,2025-10-01,0,0,0,0,0,0
13908,827,2025-11-01,0,0,0,0,0,0
13909,827,2025-12-01,0,0,0,0,0,0
13910,827,2026-01-01,0,0,0,0,0,0
13911,827,2026-02-01,0,0,0,0,0,0
13912,827,2026-03-01,0,0,0,0,0,0
13913,827,2026-04-01,0,0,0,0,0,0
13914,827,2026-05-01,0,0,0,0,0,0
13915,827,2026-06-01,0,0,0,0,0,0
13916,828,2024-03-01,0,52952,0,0,0,52952
13917,828,2024-04-01,52952,0,0,0,0,52952
13918,828,2024-05-01,52952,0,0,0,0,52952
13919,828,2024-06-01,52952,0,0,0,0,52952
13920,828,2024-07-01,52952,0,0,0,0,52952
13921,828,2024-08-01,52952,0,0,0,0,52952
13922,828,2024-09-01,52952,0,0,0,0,52952
13923,828,2024-10-01,52952,0,0,9731,0,43221
13924,828,2024-11-01,43221,0,0,0,0,43221
13925,828,2024-12-01,43221,0,0,0,0,43221
13926,828,2025-01-01,43221,0,0,5946,0,37275
13927,828,2025-02-01,37275,0,0,0,0,37275
13928,828,2025-03-01,37275,0,0,0,0,37275
13929,828,2025-04-01,37275,0,0,0,0,37275
13930,828,2025-05-01,37275,0,0,0,0,37275
13931,828,2025-06-01,37275,0,7018,0,0,44293
13932,828,2025-07-01,44293,0,0,0,0,44293
13933,828,2025-08-01,44293,0,0,0,0,44293
13934,828,2025-09-01,44293,0,0,0,0,44293
13935,828,2025-10-01,44293,0,0,8995,0,35298
13936,828,2025-11-01,35298,0,0,0,0,35298
13937,828,2025-12-01,35298,0,0,0,0,35298
13938,828,2026-01-01,35298,0,0,0,0,35298
13939,828,2026-02-01,35298,0,0,0,0,35298
13940,828,2026-03-01,35298,0,0,0,0,35298
13941,828,2026-04-01,35298,0,0,0,0,35298
13942,828,2026-05-01,35298,0,0,0,35298,0
13943,828,2026-06-01,0,0,0,0,0,0
13944,829,2025-04-01,0,19982,0,0,0,19982
13945,829,2025-05-01,19982,0,0,0,19982,0
13946,829,2025-06-01,0,0,0,0,0,0
13947,829,2025-07-01,0,0,0,0,0,0
13948,829,2025-08-01,0,0,0,0,0,0
13949,829,2025-09-01,0,0,0,0,0,0
13950,829,2025-10-01,0,0,0,0,0,0
13951,829,2025-11-01,0,0,0,0,0,0
13952,829,2025-12-01,0,0,0,0,0,0
13953,829,2026-01-01,0,0,0,0,0,0
13954,829,2026-02-01,0,0,0,0,0,0
13955,829,2026-03-01,0,0,0,0,0,0
13956,829,2026-04-01,0,0,0,0,0,0
13957,829,2026-05-01,0,0,0,0,0,0
13958,829,2026-06-01,0,0,0,0,0,0
13959,830,2024-03-01,0,3192,0,0,0,3192
13960,830,2024-04-01,3192,0,0,0,0,3192
13961,830,2024-05-01,3192,0,0,0,0,3192
13962,830,2024-06-01,3192,0,0,0,0,3192
13963,830,2024-07-01,3192,0,0,0,0,3192
13964,830,2024-08-01,3192,0,0,0,0,3192
13965,830,2024-09-01,3192,0,0,0,3192,0
13966,830,2024-10-01,0,0,0,0,0,0
13967,830,2024-11-01,0,0,0,0,0,0
13968,830,2024-12-01,0,0,0,0,0,0
13969,830,2025-01-01,0,0,0,0,0,0
13970,830,2025-02-01,0,0,0,0,0,0
13971,830,2025-03-01,0,0,0,0,0,0
13972,830,2025-04-01,0,0,0,0,0,0
13973,830,2025-05-01,0,0,0,0,0,0
13974,830,2025-06-01,0,0,0,0,0,0
13975,830,2025-07-01,0,0,0,0,0,0
13976,830,2025-08-01,0,0,0,0,0,0
13977,830,2025-09-01,0,0,0,0,0,0
13978,830,2025-10-01,0,0,0,0,0,0
13979,830,2025-11-01,0,0,0,0,0,0
13980,830,2025-12-01,0,0,0,0,0,0
13981,830,2026-01-01,0,0,0,0,0,0
13982,830,2026-02-01,0,0,0,0,0,0
13983,830,2026-03-01,0,0,0,0,0,0
13984,830,2026-04-01,0,0,0,0,0,0
13985,830,2026-05-01,0,0,0,0,0,0
13986,830,2026-06-01,0,0,0,0,0,0
13987,831,2025-05-01,0,5241,0,0,0,5241
13988,831,2025-06-01,5241,0,0,628,0,4613
13989,831,2025-07-01,4613,0,0,0,0,4613
13990,831,2025-08-01,4613,0,0,0,0,4613
13991,831,2025-09-01,4613,0,0,0,0,4613
13992,831,2025-10-01,4613,0,0,0,0,4613
13993,831,2025-11-01,4613,0,0,0,0,4613
13994,831,2025-12-01,4613,0,0,0,0,4613
13995,831,2026-01-01,4613,0,0,0,0,4613
13996,831,2026-02-01,4613,0,0,0,0,4613
13997,831,2026-03-01,4613,0,0,0,0,4613
13998,831,2026-04-01,4613,0,901,0,0,5514
13999,831,2026-05-01,5514,0,0,0,0,5514
14000,831,2026-06-01,5514,0,1052,0,0,6566
14001,832,2024-08-01,0,9751,0,0,0,9751
14002,832,2024-09-01,9751,0,2697,0,0,12448
14003,832,2024-10-01,12448,0,0,0,0,12448
14004,832,2024-11-01,12448,0,0,0,0,12448
14005,832,2024-12-01,12448,0,0,0,0,12448
14006,832,2025-01-01,12448,0,0,0,0,12448
14007,832,2025-02-01,12448,0,0,0,0,12448
14008,832,2025-03-01,12448,0,0,0,0,12448
14009,832,2025-04-01,12448,0,2778,0,0,15226
14010,832,2025-05-01,15226,0,0,0,0,15226
14011,832,2025-06-01,15226,0,0,0,0,15226
14012,832,2025-07-01,15226,0,0,0,0,15226
14013,832,2025-08-01,15226,0,0,0,0,15226
14014,832,2025-09-01,15226,0,0,0,0,15226
14015,832,2025-10-01,15226,0,0,2781,0,12445
14016,832,2025-11-01,12445,0,0,0,0,12445
14017,832,2025-12-01,12445,0,0,0,0,12445
14018,832,2026-01-01,12445,0,0,0,0,12445
14019,832,2026-02-01,12445,0,0,0,0,12445
14020,832,2026-03-01,12445,0,0,0,0,12445
14021,832,2026-04-01,12445,0,0,2741,0,9704
14022,832,2026-05-01,9704,0,0,0,0,9704
14023,832,2026-06-01,9704,0,0,0,9704,0
14024,833,2025-07-01,0,6888,0,0,0,6888
14025,833,2025-08-01,6888,0,0,0,0,6888
14026,833,2025-09-01,6888,0,0,1006,0,5882
14027,833,2025-10-01,5882,0,0,0,0,5882
14028,833,2025-11-01,5882,0,0,0,0,5882
14029,833,2025-12-01,5882,0,0,0,0,5882
14030,833,2026-01-01,5882,0,0,0,0,5882
14031,833,2026-02-01,5882,0,1603,0,0,7485
14032,833,2026-03-01,7485,0,0,0,0,7485
14033,833,2026-04-01,7485,0,0,0,0,7485
14034,833,2026-05-01,7485,0,0,0,0,7485
14035,833,2026-06-01,7485,0,0,0,0,7485
14036,834,2025-09-01,0,8948,0,0,0,8948
14037,834,2025-10-01,8948,0,0,0,0,8948
14038,834,2025-11-01,8948,0,0,0,0,8948
14039,834,2025-12-01,8948,0,0,0,0,8948
14040,834,2026-01-01,8948,0,0,1098,0,7850
14041,834,2026-02-01,7850,0,0,0,7850,0
14042,834,2026-03-01,0,0,0,0,0,0
14043,834,2026-04-01,0,0,0,0,0,0
14044,834,2026-05-01,0,0,0,0,0,0
14045,834,2026-06-01,0,0,0,0,0,0
14046,835,2025-03-01,0,36411,0,0,0,36411
14047,835,2025-04-01,36411,0,0,0,0,36411
14048,835,2025-05-01,36411,0,0,0,0,36411
14049,835,2025-06-01,36411,0,0,0,0,36411
14050,835,2025-07-01,36411,0,0,0,0,36411
14051,835,2025-08-01,36411,0,0,0,0,36411
14052,835,2025-09-01,36411,0,0,0,0,36411
14053,835,2025-10-01,36411,0,0,0,0,36411
14054,835,2025-11-01,36411,0,0,0,36411,0
14055,835,2025-12-01,0,0,0,0,0,0
14056,835,2026-01-01,0,0,0,0,0,0
14057,835,2026-02-01,0,0,0,0,0,0
14058,835,2026-03-01,0,0,0,0,0,0
14059,835,2026-04-01,0,0,0,0,0,0
14060,835,2026-05-01,0,0,0,0,0,0
14061,835,2026-06-01,0,0,0,0,0,0
14062,836,2025-09-01,0,22879,0,0,0,22879
14063,836,2025-10-01,22879,0,0,0,0,22879
14064,836,2025-11-01,22879,0,0,0,0,22879
14065,836,2025-12-01,22879,0,0,0,0,22879
14066,836,2026-01-01,22879,0,0,0,0,22879
14067,836,2026-02-01,22879,0,0,0,0,22879
14068,836,2026-03-01,22879,0,0,0,22879,0
14069,836,2026-04-01,0,0,0,0,0,0
14070,836,2026-05-01,0,0,0,0,0,0
14071,836,2026-06-01,0,0,0,0,0,0
14072,837,2025-03-01,0,7224,0,0,0,7224
14073,837,2025-04-01,7224,0,0,0,0,7224
14074,837,2025-05-01,7224,0,0,0,0,7224
14075,837,2025-06-01,7224,0,0,0,0,7224
14076,837,2025-07-01,7224,0,0,0,7224,0
14077,837,2025-08-01,0,0,0,0,0,0
14078,837,2025-09-01,0,0,0,0,0,0
14079,837,2025-10-01,0,0,0,0,0,0
14080,837,2025-11-01,0,0,0,0,0,0
14081,837,2025-12-01,0,0,0,0,0,0
14082,837,2026-01-01,0,0,0,0,0,0
14083,837,2026-02-01,0,0,0,0,0,0
14084,837,2026-03-01,0,0,0,0,0,0
14085,837,2026-04-01,0,0,0,0,0,0
14086,837,2026-05-01,0,0,0,0,0,0
14087,837,2026-06-01,0,0,0,0,0,0
14088,838,2025-01-01,0,17532,0,0,0,17532
14089,838,2025-02-01,17532,0,0,0,0,17532
14090,838,2025-03-01,17532,0,0,0,0,17532
14091,838,2025-04-01,17532,0,0,0,17532,0
14092,838,2025-05-01,0,0,0,0,0,0
14093,838,2025-06-01,0,0,0,0,0,0
14094,838,2025-07-01,0,0,0,0,0,0
14095,838,2025-08-01,0,0,0,0,0,0
14096,838,2025-09-01,0,0,0,0,0,0
14097,838,2025-10-01,0,0,0,0,0,0
14098,838,2025-11-01,0,0,0,0,0,0
14099,838,2025-12-01,0,0,0,0,0,0
14100,838,2026-01-01,0,0,0,0,0,0
14101,838,2026-02-01,0,0,0,0,0,0
14102,838,2026-03-01,0,0,0,0,0,0
14103,838,2026-04-01,0,0,0,0,0,0
14104,838,2026-05-01,0,0,0,0,0,0
14105,838,2026-06-01,0,0,0,0,0,0
14106,839,2025-11-01,0,3845,0,0,0,3845
14107,839,2025-12-01,3845,0,0,0,0,3845
14108,839,2026-01-01,3845,0,0,0,0,3845
14109,839,2026-02-01,3845,0,0,0,0,3845
14110,839,2026-03-01,3845,0,0,0,0,3845
14111,839,2026-04-01,3845,0,956,0,0,4801
14112,839,2026-05-01,4801,0,0,1188,0,3613
14113,839,2026-06-01,3613,0,0,0,0,3613
14114,840,2025-01-01,0,18388,0,0,0,18388
14115,840,2025-02-01,18388,0,0,0,0,18388
14116,840,2025-03-01,18388,0,0,0,0,18388
14117,840,2025-04-01,18388,0,0,0,0,18388
14118,840,2025-05-01,18388,0,0,0,0,18388
14119,840,2025-06-01,18388,0,0,0,0,18388
14120,840,2025-07-01,18388,0,0,0,0,18388
14121,840,2025-08-01,18388,0,0,0,0,18388
14122,840,2025-09-01,18388,0,0,0,0,18388
14123,840,2025-10-01,18388,0,0,0,0,18388
14124,840,2025-11-01,18388,0,0,0,0,18388
14125,840,2025-12-01,18388,0,0,0,0,18388
14126,840,2026-01-01,18388,0,4579,0,0,22967
14127,840,2026-02-01,22967,0,6393,0,0,29360
14128,840,2026-03-01,29360,0,0,0,29360,0
14129,840,2026-04-01,0,0,0,0,0,0
14130,840,2026-05-01,0,0,0,0,0,0
14131,840,2026-06-01,0,0,0,0,0,0
14132,841,2025-09-01,0,9965,0,0,0,9965
14133,841,2025-10-01,9965,0,0,0,0,9965
14134,841,2025-11-01,9965,0,0,0,0,9965
14135,841,2025-12-01,9965,0,0,0,0,9965
14136,841,2026-01-01,9965,0,0,0,0,9965
14137,841,2026-02-01,9965,0,0,0,0,9965
14138,841,2026-03-01,9965,0,0,0,9965,0
14139,841,2026-04-01,0,0,0,0,0,0
14140,841,2026-05-01,0,0,0,0,0,0
14141,841,2026-06-01,0,0,0,0,0,0
14142,842,2025-08-01,0,8857,0,0,0,8857
14143,842,2025-09-01,8857,0,0,0,0,8857
14144,842,2025-10-01,8857,0,0,0,0,8857
14145,842,2025-11-01,8857,0,0,0,0,8857
14146,842,2025-12-01,8857,0,0,0,0,8857
14147,842,2026-01-01,8857,0,0,0,0,8857
14148,842,2026-02-01,8857,0,0,0,0,8857
14149,842,2026-03-01,8857,0,0,0,0,8857
14150,842,2026-04-01,8857,0,0,0,0,8857
14151,842,2026-05-01,8857,0,0,0,0,8857
14152,842,2026-06-01,8857,0,0,0,0,8857
14153,843,2024-08-01,0,23062,0,0,0,23062
14154,843,2024-09-01,23062,0,0,0,0,23062
14155,843,2024-10-01,23062,0,0,0,0,23062
14156,843,2024-11-01,23062,0,4315,0,0,27377
14157,843,2024-12-01,27377,0,0,0,0,27377
14158,843,2025-01-01,27377,0,0,0,0,27377
14159,843,2025-02-01,27377,0,0,0,0,27377
14160,843,2025-03-01,27377,0,0,0,0,27377
14161,843,2025-04-01,27377,0,0,0,0,27377
14162,843,2025-05-01,27377,0,0,0,0,27377
14163,843,2025-06-01,27377,0,0,0,0,27377
14164,843,2025-07-01,27377,0,3351,0,0,30728
14165,843,2025-08-01,30728,0,0,0,0,30728
14166,843,2025-09-01,30728,0,0,0,0,30728
14167,843,2025-10-01,30728,0,0,0,0,30728
14168,843,2025-11-01,30728,0,0,0,30728,0
14169,843,2025-12-01,0,0,0,0,0,0
14170,843,2026-01-01,0,0,0,0,0,0
14171,843,2026-02-01,0,0,0,0,0,0
14172,843,2026-03-01,0,0,0,0,0,0
14173,843,2026-04-01,0,0,0,0,0,0
14174,843,2026-05-01,0,0,0,0,0,0
14175,843,2026-06-01,0,0,0,0,0,0
14176,844,2024-04-01,0,5753,0,0,0,5753
14177,844,2024-05-01,5753,0,0,0,0,5753
14178,844,2024-06-01,5753,0,939,0,0,6692
14179,844,2024-07-01,6692,0,0,0,0,6692
14180,844,2024-08-01,6692,0,0,0,0,6692
14181,844,2024-09-01,6692,0,0,0,0,6692
14182,844,2024-10-01,6692,0,0,1520,0,5172
14183,844,2024-11-01,5172,0,0,0,0,5172
14184,844,2024-12-01,5172,0,0,0,5172,0
14185,844,2025-01-01,0,0,0,0,0,0
14186,844,2025-02-01,0,0,0,0,0,0
14187,844,2025-03-01,0,0,0,0,0,0
14188,844,2025-04-01,0,0,0,0,0,0
14189,844,2025-05-01,0,0,0,0,0,0
14190,844,2025-06-01,0,0,0,0,0,0
14191,844,2025-07-01,0,0,0,0,0,0
14192,844,2025-08-01,0,0,0,0,0,0
14193,844,2025-09-01,0,0,0,0,0,0
14194,844,2025-10-01,0,0,0,0,0,0
14195,844,2025-11-01,0,0,0,0,0,0
14196,844,2025-12-01,0,0,0,0,0,0
14197,844,2026-01-01,0,0,0,0,0,0
14198,844,2026-02-01,0,0,0,0,0,0
14199,844,2026-03-01,0,0,0,0,0,0
14200,844,2026-04-01,0,0,0,0,0,0
14201,844,2026-05-01,0,0,0,0,0,0
14202,844,2026-06-01,0,0,0,0,0,0
14203,845,2024-07-01,0,13273,0,0,0,13273
14204,845,2024-08-01,13273,0,0,0,0,13273
14205,845,2024-09-01,13273,0,0,0,0,13273
14206,845,2024-10-01,13273,0,0,0,0,13273
14207,845,2024-11-01,13273,0,2132,0,0,15405
14208,845,2024-12-01,15405,0,0,0,0,15405
14209,845,2025-01-01,15405,0,0,0,0,15405
14210,845,2025-02-01,15405,0,0,0,0,15405
14211,845,2025-03-01,15405,0,0,0,0,15405
14212,845,2025-04-01,15405,0,0,0,0,15405
14213,845,2025-05-01,15405,0,0,0,0,15405
14214,845,2025-06-01,15405,0,0,3062,0,12343
14215,845,2025-07-01,12343,0,0,0,0,12343
14216,845,2025-08-01,12343,0,0,0,0,12343
14217,845,2025-09-01,12343,0,0,0,0,12343
14218,845,2025-10-01,12343,0,0,0,0,12343
14219,845,2025-11-01,12343,0,0,0,0,12343
14220,845,2025-12-01,12343,0,0,0,0,12343
14221,845,2026-01-01,12343,0,0,0,0,12343
14222,845,2026-02-01,12343,0,0,0,0,12343
14223,845,2026-03-01,12343,0,0,0,0,12343
14224,845,2026-04-01,12343,0,0,0,0,12343
14225,845,2026-05-01,12343,0,0,0,0,12343
14226,845,2026-06-01,12343,0,0,0,0,12343
14227,846,2025-11-01,0,3073,0,0,0,3073
14228,846,2025-12-01,3073,0,0,0,0,3073
14229,846,2026-01-01,3073,0,0,0,0,3073
14230,846,2026-02-01,3073,0,0,0,0,3073
14231,846,2026-03-01,3073,0,396,0,0,3469
14232,846,2026-04-01,3469,0,0,0,0,3469
14233,846,2026-05-01,3469,0,716,0,0,4185
14234,846,2026-06-01,4185,0,0,699,0,3486
14235,847,2025-04-01,0,5492,0,0,0,5492
14236,847,2025-05-01,5492,0,0,0,0,5492
14237,847,2025-06-01,5492,0,0,0,0,5492
14238,847,2025-07-01,5492,0,0,0,0,5492
14239,847,2025-08-01,5492,0,0,0,5492,0
14240,847,2025-09-01,0,0,0,0,0,0
14241,847,2025-10-01,0,0,0,0,0,0
14242,847,2025-11-01,0,0,0,0,0,0
14243,847,2025-12-01,0,0,0,0,0,0
14244,847,2026-01-01,0,0,0,0,0,0
14245,847,2026-02-01,0,0,0,0,0,0
14246,847,2026-03-01,0,0,0,0,0,0
14247,847,2026-04-01,0,0,0,0,0,0
14248,847,2026-05-01,0,0,0,0,0,0
14249,847,2026-06-01,0,0,0,0,0,0
14250,848,2025-08-01,0,14555,0,0,0,14555
14251,848,2025-09-01,14555,0,3799,0,0,18354
14252,848,2025-10-01,18354,0,0,0,18354,0
14253,848,2025-11-01,0,0,0,0,0,0
14254,848,2025-12-01,0,0,0,0,0,0
14255,848,2026-01-01,0,0,0,0,0,0
14256,848,2026-02-01,0,0,0,0,0,0
14257,848,2026-03-01,0,0,0,0,0,0
14258,848,2026-04-01,0,0,0,0,0,0
14259,848,2026-05-01,0,0,0,0,0,0
14260,848,2026-06-01,0,0,0,0,0,0
14261,849,2024-08-01,0,51137,0,0,0,51137
14262,849,2024-09-01,51137,0,0,0,0,51137
14263,849,2024-10-01,51137,0,0,0,0,51137
14264,849,2024-11-01,51137,0,7980,0,0,59117
14265,849,2024-12-01,59117,0,0,0,0,59117
14266,849,2025-01-01,59117,0,0,0,0,59117
14267,849,2025-02-01,59117,0,0,0,0,59117
14268,849,2025-03-01,59117,0,0,0,0,59117
14269,849,2025-04-01,59117,0,0,0,0,59117
14270,849,2025-05-01,59117,0,0,0,0,59117
14271,849,2025-06-01,59117,0,0,0,0,59117
14272,849,2025-07-01,59117,0,0,0,0,59117
14273,849,2025-08-01,59117,0,0,10410,0,48707
14274,849,2025-09-01,48707,0,9805,0,0,58512
14275,849,2025-10-01,58512,0,6657,0,0,65169
14276,849,2025-11-01,65169,0,0,0,0,65169
14277,849,2025-12-01,65169,0,0,0,0,65169
14278,849,2026-01-01,65169,0,0,0,0,65169
14279,849,2026-02-01,65169,0,0,0,0,65169
14280,849,2026-03-01,65169,0,0,0,0,65169
14281,849,2026-04-01,65169,0,0,0,0,65169
14282,849,2026-05-01,65169,0,0,0,0,65169
14283,849,2026-06-01,65169,0,0,0,0,65169
14284,850,2026-02-01,0,22116,0,0,0,22116
14285,850,2026-03-01,22116,0,0,4348,0,17768
14286,850,2026-04-01,17768,0,0,0,0,17768
14287,850,2026-05-01,17768,0,0,0,0,17768
14288,850,2026-06-01,17768,0,0,0,0,17768
14289,851,2024-08-01,0,12109,0,0,0,12109
14290,851,2024-09-01,12109,0,0,0,0,12109
14291,851,2024-10-01,12109,0,0,0,12109,0
14292,851,2024-11-01,0,0,0,0,0,0
14293,851,2024-12-01,0,0,0,0,0,0
14294,851,2025-01-01,0,0,0,0,0,0
14295,851,2025-02-01,0,0,0,0,0,0
14296,851,2025-03-01,0,0,0,0,0,0
14297,851,2025-04-01,0,0,0,0,0,0
14298,851,2025-05-01,0,0,0,0,0,0
14299,851,2025-06-01,0,0,0,0,0,0
14300,851,2025-07-01,0,0,0,0,0,0
14301,851,2025-08-01,0,0,0,0,0,0
14302,851,2025-09-01,0,0,0,0,0,0
14303,851,2025-10-01,0,0,0,0,0,0
14304,851,2025-11-01,0,0,0,0,0,0
14305,851,2025-12-01,0,0,0,0,0,0
14306,851,2026-01-01,0,0,0,0,0,0
14307,851,2026-02-01,0,0,0,0,0,0
14308,851,2026-03-01,0,0,0,0,0,0
14309,851,2026-04-01,0,0,0,0,0,0
14310,851,2026-05-01,0,0,0,0,0,0
14311,851,2026-06-01,0,0,0,0,0,0
14312,852,2024-04-01,0,15910,0,0,0,15910
14313,852,2024-05-01,15910,0,0,0,0,15910
14314,852,2024-06-01,15910,0,0,0,0,15910
14315,852,2024-07-01,15910,0,0,0,0,15910
14316,852,2024-08-01,15910,0,0,0,0,15910
14317,852,2024-09-01,15910,0,0,0,0,15910
14318,852,2024-10-01,15910,0,0,0,0,15910
14319,852,2024-11-01,15910,0,0,0,0,15910
14320,852,2024-12-01,15910,0,0,0,0,15910
14321,852,2025-01-01,15910,0,0,0,0,15910
14322,852,2025-02-01,15910,0,0,0,0,15910
14323,852,2025-03-01,15910,0,0,0,0,15910
14324,852,2025-04-01,15910,0,0,0,0,15910
14325,852,2025-05-01,15910,0,0,0,0,15910
14326,852,2025-06-01,15910,0,0,0,0,15910
14327,852,2025-07-01,15910,0,2144,0,0,18054
14328,852,2025-08-01,18054,0,0,0,18054,0
14329,852,2025-09-01,0,0,0,0,0,0
14330,852,2025-10-01,0,0,0,0,0,0
14331,852,2025-11-01,0,0,0,0,0,0
14332,852,2025-12-01,0,0,0,0,0,0
14333,852,2026-01-01,0,0,0,0,0,0
14334,852,2026-02-01,0,0,0,0,0,0
14335,852,2026-03-01,0,0,0,0,0,0
14336,852,2026-04-01,0,0,0,0,0,0
14337,852,2026-05-01,0,0,0,0,0,0
14338,852,2026-06-01,0,0,0,0,0,0
14339,853,2024-12-01,0,11101,0,0,0,11101
14340,853,2025-01-01,11101,0,2676,0,0,13777
14341,853,2025-02-01,13777,0,0,0,0,13777
14342,853,2025-03-01,13777,0,0,0,0,13777
14343,853,2025-04-01,13777,0,0,0,0,13777
14344,853,2025-05-01,13777,0,0,0,0,13777
14345,853,2025-06-01,13777,0,0,0,0,13777
14346,853,2025-07-01,13777,0,0,0,0,13777
14347,853,2025-08-01,13777,0,0,3087,0,10690
14348,853,2025-09-01,10690,0,0,0,0,10690
14349,853,2025-10-01,10690,0,0,0,0,10690
14350,853,2025-11-01,10690,0,0,0,0,10690
14351,853,2025-12-01,10690,0,0,0,0,10690
14352,853,2026-01-01,10690,0,0,1619,0,9071
14353,853,2026-02-01,9071,0,0,1715,0,7356
14354,853,2026-03-01,7356,0,0,0,0,7356
14355,853,2026-04-01,7356,0,0,0,0,7356
14356,853,2026-05-01,7356,0,0,0,0,7356
14357,853,2026-06-01,7356,0,0,0,0,7356
14358,854,2025-10-01,0,22271,0,0,0,22271
14359,854,2025-11-01,22271,0,0,0,0,22271
14360,854,2025-12-01,22271,0,0,0,0,22271
14361,854,2026-01-01,22271,0,0,0,0,22271
14362,854,2026-02-01,22271,0,0,0,0,22271
14363,854,2026-03-01,22271,0,0,0,0,22271
14364,854,2026-04-01,22271,0,0,0,0,22271
14365,854,2026-05-01,22271,0,0,0,0,22271
14366,854,2026-06-01,22271,0,0,0,0,22271
14367,855,2025-07-01,0,4185,0,0,0,4185
14368,855,2025-08-01,4185,0,0,0,0,4185
14369,855,2025-09-01,4185,0,0,0,0,4185
14370,855,2025-10-01,4185,0,0,0,0,4185
14371,855,2025-11-01,4185,0,0,0,0,4185
14372,855,2025-12-01,4185,0,0,0,0,4185
14373,855,2026-01-01,4185,0,0,0,0,4185
14374,855,2026-02-01,4185,0,1250,0,0,5435
14375,855,2026-03-01,5435,0,1424,0,0,6859
14376,855,2026-04-01,6859,0,0,0,0,6859
14377,855,2026-05-01,6859,0,0,0,0,6859
14378,855,2026-06-01,6859,0,0,0,0,6859
14379,856,2025-06-01,0,11683,0,0,0,11683
14380,856,2025-07-01,11683,0,0,0,0,11683
14381,856,2025-08-01,11683,0,0,0,0,11683
14382,856,2025-09-01,11683,0,0,0,0,11683
14383,856,2025-10-01,11683,0,0,0,0,11683
14384,856,2025-11-01,11683,0,0,0,0,11683
14385,856,2025-12-01,11683,0,0,0,0,11683
14386,856,2026-01-01,11683,0,0,0,0,11683
14387,856,2026-02-01,11683,0,0,0,0,11683
14388,856,2026-03-01,11683,0,0,0,0,11683
14389,856,2026-04-01,11683,0,0,0,0,11683
14390,856,2026-05-01,11683,0,3210,0,0,14893
14391,856,2026-06-01,14893,0,0,0,0,14893
14392,857,2024-11-01,0,41752,0,0,0,41752
14393,857,2024-12-01,41752,0,0,0,0,41752
14394,857,2025-01-01,41752,0,0,0,0,41752
14395,857,2025-02-01,41752,0,6201,0,0,47953
14396,857,2025-03-01,47953,0,0,0,0,47953
14397,857,2025-04-01,47953,0,0,0,0,47953
14398,857,2025-05-01,47953,0,0,0,0,47953
14399,857,2025-06-01,47953,0,0,0,0,47953
14400,857,2025-07-01,47953,0,0,0,0,47953
14401,857,2025-08-01,47953,0,7859,0,0,55812
14402,857,2025-09-01,55812,0,0,0,0,55812
14403,857,2025-10-01,55812,0,0,0,0,55812
14404,857,2025-11-01,55812,0,0,0,0,55812
14405,857,2025-12-01,55812,0,0,0,0,55812
14406,857,2026-01-01,55812,0,0,0,0,55812
14407,857,2026-02-01,55812,0,0,0,0,55812
14408,857,2026-03-01,55812,0,0,0,0,55812
14409,857,2026-04-01,55812,0,0,0,0,55812
14410,857,2026-05-01,55812,0,0,0,0,55812
14411,857,2026-06-01,55812,0,0,0,0,55812
14412,858,2025-11-01,0,23203,0,0,0,23203
14413,858,2025-12-01,23203,0,0,0,0,23203
14414,858,2026-01-01,23203,0,6594,0,0,29797
14415,858,2026-02-01,29797,0,0,6865,0,22932
14416,858,2026-03-01,22932,0,0,0,0,22932
14417,858,2026-04-01,22932,0,0,0,0,22932
14418,858,2026-05-01,22932,0,0,0,0,22932
14419,858,2026-06-01,22932,0,0,0,22932,0
14420,859,2024-10-01,0,15772,0,0,0,15772
14421,859,2024-11-01,15772,0,0,0,0,15772
14422,859,2024-12-01,15772,0,0,0,0,15772
14423,859,2025-01-01,15772,0,0,0,0,15772
14424,859,2025-02-01,15772,0,0,0,0,15772
14425,859,2025-03-01,15772,0,0,0,0,15772
14426,859,2025-04-01,15772,0,0,0,0,15772
14427,859,2025-05-01,15772,0,3551,0,0,19323
14428,859,2025-06-01,19323,0,0,0,0,19323
14429,859,2025-07-01,19323,0,0,0,19323,0
14430,859,2025-08-01,0,0,0,0,0,0
14431,859,2025-09-01,0,0,0,0,0,0
14432,859,2025-10-01,0,0,0,0,0,0
14433,859,2025-11-01,0,0,0,0,0,0
14434,859,2025-12-01,0,0,0,0,0,0
14435,859,2026-01-01,0,0,0,0,0,0
14436,859,2026-02-01,0,0,0,0,0,0
14437,859,2026-03-01,0,0,0,0,0,0
14438,859,2026-04-01,0,0,0,0,0,0
14439,859,2026-05-01,0,0,0,0,0,0
14440,859,2026-06-01,0,0,0,0,0,0
14441,860,2024-08-01,0,7000,0,0,0,7000
14442,860,2024-09-01,7000,0,0,0,0,7000
14443,860,2024-10-01,7000,0,0,786,0,6214
14444,860,2024-11-01,6214,0,0,0,0,6214
14445,860,2024-12-01,6214,0,0,0,0,6214
14446,860,2025-01-01,6214,0,0,0,0,6214
14447,860,2025-02-01,6214,0,0,0,0,6214
14448,860,2025-03-01,6214,0,0,0,0,6214
14449,860,2025-04-01,6214,0,0,0,0,6214
14450,860,2025-05-01,6214,0,0,0,0,6214
14451,860,2025-06-01,6214,0,0,0,0,6214
14452,860,2025-07-01,6214,0,0,0,0,6214
14453,860,2025-08-01,6214,0,0,0,0,6214
14454,860,2025-09-01,6214,0,728,0,0,6942
14455,860,2025-10-01,6942,0,1209,0,0,8151
14456,860,2025-11-01,8151,0,0,0,8151,0
14457,860,2025-12-01,0,0,0,0,0,0
14458,860,2026-01-01,0,0,0,0,0,0
14459,860,2026-02-01,0,0,0,0,0,0
14460,860,2026-03-01,0,0,0,0,0,0
14461,860,2026-04-01,0,0,0,0,0,0
14462,860,2026-05-01,0,0,0,0,0,0
14463,860,2026-06-01,0,0,0,0,0,0
14464,861,2024-10-01,0,17483,0,0,0,17483
14465,861,2024-11-01,17483,0,0,0,0,17483
14466,861,2024-12-01,17483,0,0,0,0,17483
14467,861,2025-01-01,17483,0,0,0,0,17483
14468,861,2025-02-01,17483,0,0,0,17483,0
14469,861,2025-03-01,0,0,0,0,0,0
14470,861,2025-04-01,0,0,0,0,0,0
14471,861,2025-05-01,0,0,0,0,0,0
14472,861,2025-06-01,0,0,0,0,0,0
14473,861,2025-07-01,0,0,0,0,0,0
14474,861,2025-08-01,0,0,0,0,0,0
14475,861,2025-09-01,0,0,0,0,0,0
14476,861,2025-10-01,0,0,0,0,0,0
14477,861,2025-11-01,0,0,0,0,0,0
14478,861,2025-12-01,0,0,0,0,0,0
14479,861,2026-01-01,0,0,0,0,0,0
14480,861,2026-02-01,0,0,0,0,0,0
14481,861,2026-03-01,0,0,0,0,0,0
14482,861,2026-04-01,0,0,0,0,0,0
14483,861,2026-05-01,0,0,0,0,0,0
14484,861,2026-06-01,0,0,0,0,0,0
14485,862,2025-09-01,0,6786,0,0,0,6786
14486,862,2025-10-01,6786,0,1655,0,0,8441
14487,862,2025-11-01,8441,0,0,0,0,8441
14488,862,2025-12-01,8441,0,0,0,0,8441
14489,862,2026-01-01,8441,0,0,0,0,8441
14490,862,2026-02-01,8441,0,0,0,0,8441
14491,862,2026-03-01,8441,0,0,0,0,8441
14492,862,2026-04-01,8441,0,0,0,0,8441
14493,862,2026-05-01,8441,0,0,0,8441,0
14494,862,2026-06-01,0,0,0,0,0,0
14495,863,2024-02-01,0,6334,0,0,0,6334
14496,863,2024-03-01,6334,0,0,0,0,6334
14497,863,2024-04-01,6334,0,0,0,0,6334
14498,863,2024-05-01,6334,0,0,1542,0,4792
14499,863,2024-06-01,4792,0,0,1054,0,3738
14500,863,2024-07-01,3738,0,0,0,0,3738
14501,863,2024-08-01,3738,0,588,0,0,4326
14502,863,2024-09-01,4326,0,444,0,0,4770
14503,863,2024-10-01,4770,0,0,0,0,4770
14504,863,2024-11-01,4770,0,0,0,0,4770
14505,863,2024-12-01,4770,0,0,575,0,4195
14506,863,2025-01-01,4195,0,876,0,0,5071
14507,863,2025-02-01,5071,0,0,0,0,5071
14508,863,2025-03-01,5071,0,0,0,0,5071
14509,863,2025-04-01,5071,0,0,0,0,5071
14510,863,2025-05-01,5071,0,0,0,0,5071
14511,863,2025-06-01,5071,0,0,0,0,5071
14512,863,2025-07-01,5071,0,0,0,0,5071
14513,863,2025-08-01,5071,0,1463,0,0,6534
14514,863,2025-09-01,6534,0,0,0,0,6534
14515,863,2025-10-01,6534,0,0,0,0,6534
14516,863,2025-11-01,6534,0,0,0,0,6534
14517,863,2025-12-01,6534,0,0,0,0,6534
14518,863,2026-01-01,6534,0,0,0,0,6534
14519,863,2026-02-01,6534,0,0,0,0,6534
14520,863,2026-03-01,6534,0,0,0,6534,0
14521,863,2026-04-01,0,0,0,0,0,0
14522,863,2026-05-01,0,0,0,0,0,0
14523,863,2026-06-01,0,0,0,0,0,0
14524,864,2025-07-01,0,12053,0,0,0,12053
14525,864,2025-08-01,12053,0,0,0,0,12053
14526,864,2025-09-01,12053,0,1282,0,0,13335
14527,864,2025-10-01,13335,0,0,0,0,13335
14528,864,2025-11-01,13335,0,0,3083,0,10252
14529,864,2025-12-01,10252,0,0,0,0,10252
14530,864,2026-01-01,10252,0,0,0,0,10252
14531,864,2026-02-01,10252,0,0,0,0,10252
14532,864,2026-03-01,10252,0,0,0,0,10252
14533,864,2026-04-01,10252,0,0,0,0,10252
14534,864,2026-05-01,10252,0,0,0,0,10252
14535,864,2026-06-01,10252,0,0,0,0,10252
14536,865,2024-08-01,0,16374,0,0,0,16374
14537,865,2024-09-01,16374,0,3514,0,0,19888
14538,865,2024-10-01,19888,0,0,0,0,19888
14539,865,2024-11-01,19888,0,0,0,19888,0
14540,865,2024-12-01,0,0,0,0,0,0
14541,865,2025-01-01,0,0,0,0,0,0
14542,865,2025-02-01,0,0,0,0,0,0
14543,865,2025-03-01,0,0,0,0,0,0
14544,865,2025-04-01,0,0,0,0,0,0
14545,865,2025-05-01,0,0,0,0,0,0
14546,865,2025-06-01,0,0,0,0,0,0
14547,865,2025-07-01,0,0,0,0,0,0
14548,865,2025-08-01,0,0,0,0,0,0
14549,865,2025-09-01,0,0,0,0,0,0
14550,865,2025-10-01,0,0,0,0,0,0
14551,865,2025-11-01,0,0,0,0,0,0
14552,865,2025-12-01,0,0,0,0,0,0
14553,865,2026-01-01,0,0,0,0,0,0
14554,865,2026-02-01,0,0,0,0,0,0
14555,865,2026-03-01,0,0,0,0,0,0
14556,865,2026-04-01,0,0,0,0,0,0
14557,865,2026-05-01,0,0,0,0,0,0
14558,865,2026-06-01,0,0,0,0,0,0
14559,866,2026-01-01,0,62920,0,0,0,62920
14560,866,2026-02-01,62920,0,0,0,0,62920
14561,866,2026-03-01,62920,0,0,0,0,62920
14562,866,2026-04-01,62920,0,0,0,0,62920
14563,866,2026-05-01,62920,0,0,0,0,62920
14564,866,2026-06-01,62920,0,14930,0,0,77850
14565,867,2025-01-01,0,4820,0,0,0,4820
14566,867,2025-02-01,4820,0,0,0,0,4820
14567,867,2025-03-01,4820,0,0,0,0,4820
14568,867,2025-04-01,4820,0,0,0,0,4820
14569,867,2025-05-01,4820,0,527,0,0,5347
14570,867,2025-06-01,5347,0,0,0,0,5347
14571,867,2025-07-01,5347,0,0,0,0,5347
14572,867,2025-08-01,5347,0,0,0,0,5347
14573,867,2025-09-01,5347,0,1292,0,0,6639
14574,867,2025-10-01,6639,0,0,0,0,6639
14575,867,2025-11-01,6639,0,0,0,0,6639
14576,867,2025-12-01,6639,0,0,0,0,6639
14577,867,2026-01-01,6639,0,0,0,0,6639
14578,867,2026-02-01,6639,0,0,0,0,6639
14579,867,2026-03-01,6639,0,0,1338,0,5301
14580,867,2026-04-01,5301,0,0,0,0,5301
14581,867,2026-05-01,5301,0,0,0,0,5301
14582,867,2026-06-01,5301,0,0,0,0,5301
14583,868,2025-08-01,0,12756,0,0,0,12756
14584,868,2025-09-01,12756,0,0,0,0,12756
14585,868,2025-10-01,12756,0,0,0,0,12756
14586,868,2025-11-01,12756,0,0,0,0,12756
14587,868,2025-12-01,12756,0,0,0,0,12756
14588,868,2026-01-01,12756,0,0,0,0,12756
14589,868,2026-02-01,12756,0,0,0,0,12756
14590,868,2026-03-01,12756,0,3650,0,0,16406
14591,868,2026-04-01,16406,0,0,0,0,16406
14592,868,2026-05-01,16406,0,0,0,0,16406
14593,868,2026-06-01,16406,0,0,0,0,16406
14594,869,2024-12-01,0,4370,0,0,0,4370
14595,869,2025-01-01,4370,0,0,0,0,4370
14596,869,2025-02-01,4370,0,0,0,0,4370
14597,869,2025-03-01,4370,0,0,0,0,4370
14598,869,2025-04-01,4370,0,0,0,0,4370
14599,869,2025-05-01,4370,0,0,675,0,3695
14600,869,2025-06-01,3695,0,0,0,0,3695
14601,869,2025-07-01,3695,0,0,0,0,3695
14602,869,2025-08-01,3695,0,0,0,0,3695
14603,869,2025-09-01,3695,0,0,0,0,3695
14604,869,2025-10-01,3695,0,0,0,0,3695
14605,869,2025-11-01,3695,0,0,698,0,2997
14606,869,2025-12-01,2997,0,463,0,0,3460
14607,869,2026-01-01,3460,0,0,0,0,3460
14608,869,2026-02-01,3460,0,0,0,0,3460
14609,869,2026-03-01,3460,0,0,708,0,2752
14610,869,2026-04-01,2752,0,0,0,0,2752
14611,869,2026-05-01,2752,0,0,0,0,2752
14612,869,2026-06-01,2752,0,0,0,0,2752
14613,870,2024-10-01,0,58464,0,0,0,58464
14614,870,2024-11-01,58464,0,0,0,0,58464
14615,870,2024-12-01,58464,0,0,0,0,58464
14616,870,2025-01-01,58464,0,0,0,0,58464
14617,870,2025-02-01,58464,0,0,0,0,58464
14618,870,2025-03-01,58464,0,0,0,0,58464
14619,870,2025-04-01,58464,0,0,0,0,58464
14620,870,2025-05-01,58464,0,0,0,0,58464
14621,870,2025-06-01,58464,0,0,0,0,58464
14622,870,2025-07-01,58464,0,0,0,0,58464
14623,870,2025-08-01,58464,0,0,0,0,58464
14624,870,2025-09-01,58464,0,0,8504,0,49960
14625,870,2025-10-01,49960,0,0,0,0,49960
14626,870,2025-11-01,49960,0,0,0,0,49960
14627,870,2025-12-01,49960,0,0,0,0,49960
14628,870,2026-01-01,49960,0,0,0,0,49960
14629,870,2026-02-01,49960,0,0,0,0,49960
14630,870,2026-03-01,49960,0,0,0,0,49960
14631,870,2026-04-01,49960,0,0,0,0,49960
14632,870,2026-05-01,49960,0,0,0,0,49960
14633,870,2026-06-01,49960,0,0,0,0,49960
14634,871,2025-04-01,0,29789,0,0,0,29789
14635,871,2025-05-01,29789,0,0,0,0,29789
14636,871,2025-06-01,29789,0,0,0,0,29789
14637,871,2025-07-01,29789,0,0,0,0,29789
14638,871,2025-08-01,29789,0,0,0,0,29789
14639,871,2025-09-01,29789,0,0,0,29789,0
14640,871,2025-10-01,0,0,0,0,0,0
14641,871,2025-11-01,0,0,0,0,0,0
14642,871,2025-12-01,0,0,0,0,0,0
14643,871,2026-01-01,0,0,0,0,0,0
14644,871,2026-02-01,0,0,0,0,0,0
14645,871,2026-03-01,0,0,0,0,0,0
14646,871,2026-04-01,0,0,0,0,0,0
14647,871,2026-05-01,0,0,0,0,0,0
14648,871,2026-06-01,0,0,0,0,0,0
14649,872,2026-01-01,0,4236,0,0,0,4236
14650,872,2026-02-01,4236,0,0,0,0,4236
14651,872,2026-03-01,4236,0,0,0,0,4236
14652,872,2026-04-01,4236,0,0,0,0,4236
14653,872,2026-05-01,4236,0,0,0,0,4236
14654,872,2026-06-01,4236,0,0,0,0,4236
14655,873,2025-03-01,0,7626,0,0,0,7626
14656,873,2025-04-01,7626,0,0,0,0,7626
14657,873,2025-05-01,7626,0,0,0,0,7626
14658,873,2025-06-01,7626,0,0,0,0,7626
14659,873,2025-07-01,7626,0,0,0,0,7626
14660,873,2025-08-01,7626,0,0,1711,0,5915
14661,873,2025-09-01,5915,0,0,0,0,5915
14662,873,2025-10-01,5915,0,0,0,0,5915
14663,873,2025-11-01,5915,0,0,0,0,5915
14664,873,2025-12-01,5915,0,0,0,0,5915
14665,873,2026-01-01,5915,0,0,0,0,5915
14666,873,2026-02-01,5915,0,0,0,0,5915
14667,873,2026-03-01,5915,0,0,0,5915,0
14668,873,2026-04-01,0,0,0,0,0,0
14669,873,2026-05-01,0,0,0,0,0,0
14670,873,2026-06-01,0,0,0,0,0,0
14671,874,2025-06-01,0,60272,0,0,0,60272
14672,874,2025-07-01,60272,0,0,0,0,60272
14673,874,2025-08-01,60272,0,0,9409,0,50863
14674,874,2025-09-01,50863,0,0,0,0,50863
14675,874,2025-10-01,50863,0,0,0,0,50863
14676,874,2025-11-01,50863,0,0,0,0,50863
14677,874,2025-12-01,50863,0,0,0,0,50863
14678,874,2026-01-01,50863,0,0,0,0,50863
14679,874,2026-02-01,50863,0,0,0,0,50863
14680,874,2026-03-01,50863,0,0,0,0,50863
14681,874,2026-04-01,50863,0,0,0,0,50863
14682,874,2026-05-01,50863,0,0,0,0,50863
14683,874,2026-06-01,50863,0,10495,0,0,61358
14684,875,2025-01-01,0,6955,0,0,0,6955
14685,875,2025-02-01,6955,0,0,0,0,6955
14686,875,2025-03-01,6955,0,0,0,0,6955
14687,875,2025-04-01,6955,0,0,0,0,6955
14688,875,2025-05-01,6955,0,0,0,6955,0
14689,875,2025-06-01,0,0,0,0,0,0
14690,875,2025-07-01,0,0,0,0,0,0
14691,875,2025-08-01,0,0,0,0,0,0
14692,875,2025-09-01,0,0,0,0,0,0
14693,875,2025-10-01,0,0,0,0,0,0
14694,875,2025-11-01,0,0,0,0,0,0
14695,875,2025-12-01,0,0,0,0,0,0
14696,875,2026-01-01,0,0,0,0,0,0
14697,875,2026-02-01,0,0,0,0,0,0
14698,875,2026-03-01,0,0,0,0,0,0
14699,875,2026-04-01,0,0,0,0,0,0
14700,875,2026-05-01,0,0,0,0,0,0
14701,875,2026-06-01,0,0,0,0,0,0
14702,876,2025-12-01,0,6066,0,0,0,6066
14703,876,2026-01-01,6066,0,615,0,0,6681
14704,876,2026-02-01,6681,0,0,0,0,6681
14705,876,2026-03-01,6681,0,0,0,0,6681
14706,876,2026-04-01,6681,0,0,0,0,6681
14707,876,2026-05-01,6681,0,0,0,0,6681
14708,876,2026-06-01,6681,0,731,0,0,7412
14709,877,2025-12-01,0,22986,0,0,0,22986
14710,877,2026-01-01,22986,0,0,0,0,22986
14711,877,2026-02-01,22986,0,0,0,0,22986
14712,877,2026-03-01,22986,0,0,0,0,22986
14713,877,2026-04-01,22986,0,4876,0,0,27862
14714,877,2026-05-01,27862,0,0,0,0,27862
14715,877,2026-06-01,27862,0,0,0,0,27862
14716,878,2024-05-01,0,13671,0,0,0,13671
14717,878,2024-06-01,13671,0,0,0,0,13671
14718,878,2024-07-01,13671,0,0,0,0,13671
14719,878,2024-08-01,13671,0,2060,0,0,15731
14720,878,2024-09-01,15731,0,0,0,0,15731
14721,878,2024-10-01,15731,0,0,3854,0,11877
14722,878,2024-11-01,11877,0,3406,0,0,15283
14723,878,2024-12-01,15283,0,0,0,0,15283
14724,878,2025-01-01,15283,0,0,0,0,15283
14725,878,2025-02-01,15283,0,0,0,0,15283
14726,878,2025-03-01,15283,0,0,0,0,15283
14727,878,2025-04-01,15283,0,0,0,0,15283
14728,878,2025-05-01,15283,0,0,0,0,15283
14729,878,2025-06-01,15283,0,0,0,0,15283
14730,878,2025-07-01,15283,0,0,0,15283,0
14731,878,2025-08-01,0,0,0,0,0,0
14732,878,2025-09-01,0,0,0,0,0,0
14733,878,2025-10-01,0,0,0,0,0,0
14734,878,2025-11-01,0,0,0,0,0,0
14735,878,2025-12-01,0,0,0,0,0,0
14736,878,2026-01-01,0,0,0,0,0,0
14737,878,2026-02-01,0,0,0,0,0,0
14738,878,2026-03-01,0,0,0,0,0,0
14739,878,2026-04-01,0,0,0,0,0,0
14740,878,2026-05-01,0,0,0,0,0,0
14741,878,2026-06-01,0,0,0,0,0,0
14742,879,2024-04-01,0,7878,0,0,0,7878
14743,879,2024-05-01,7878,0,0,0,0,7878
14744,879,2024-06-01,7878,0,0,0,0,7878
14745,879,2024-07-01,7878,0,1232,0,0,9110
14746,879,2024-08-01,9110,0,0,0,0,9110
14747,879,2024-09-01,9110,0,0,0,0,9110
14748,879,2024-10-01,9110,0,0,0,0,9110
14749,879,2024-11-01,9110,0,0,0,0,9110
14750,879,2024-12-01,9110,0,0,0,0,9110
14751,879,2025-01-01,9110,0,0,0,0,9110
14752,879,2025-02-01,9110,0,0,0,0,9110
14753,879,2025-03-01,9110,0,0,0,0,9110
14754,879,2025-04-01,9110,0,0,0,0,9110
14755,879,2025-05-01,9110,0,1520,0,0,10630
14756,879,2025-06-01,10630,0,0,0,0,10630
14757,879,2025-07-01,10630,0,0,0,0,10630
14758,879,2025-08-01,10630,0,0,0,0,10630
14759,879,2025-09-01,10630,0,0,0,0,10630
14760,879,2025-10-01,10630,0,0,0,0,10630
14761,879,2025-11-01,10630,0,0,0,10630,0
14762,879,2025-12-01,0,0,0,0,0,0
14763,879,2026-01-01,0,0,0,0,0,0
14764,879,2026-02-01,0,0,0,0,0,0
14765,879,2026-03-01,0,0,0,0,0,0
14766,879,2026-04-01,0,0,0,0,0,0
14767,879,2026-05-01,0,0,0,0,0,0
14768,879,2026-06-01,0,0,0,0,0,0
14769,880,2025-07-01,0,15760,0,0,0,15760
14770,880,2025-08-01,15760,0,0,0,15760,0
14771,880,2025-09-01,0,0,0,0,0,0
14772,880,2025-10-01,0,0,0,0,0,0
14773,880,2025-11-01,0,0,0,0,0,0
14774,880,2025-12-01,0,0,0,0,0,0
14775,880,2026-01-01,0,0,0,0,0,0
14776,880,2026-02-01,0,0,0,0,0,0
14777,880,2026-03-01,0,0,0,0,0,0
14778,880,2026-04-01,0,0,0,0,0,0
14779,880,2026-05-01,0,0,0,0,0,0
14780,880,2026-06-01,0,0,0,0,0,0
14781,881,2024-09-01,0,45922,0,0,0,45922
14782,881,2024-10-01,45922,0,0,0,0,45922
14783,881,2024-11-01,45922,0,0,0,0,45922
14784,881,2024-12-01,45922,0,0,0,0,45922
14785,881,2025-01-01,45922,0,0,0,45922,0
14786,881,2025-02-01,0,0,0,0,0,0
14787,881,2025-03-01,0,0,0,0,0,0
14788,881,2025-04-01,0,0,0,0,0,0
14789,881,2025-05-01,0,0,0,0,0,0
14790,881,2025-06-01,0,0,0,0,0,0
14791,881,2025-07-01,0,0,0,0,0,0
14792,881,2025-08-01,0,0,0,0,0,0
14793,881,2025-09-01,0,0,0,0,0,0
14794,881,2025-10-01,0,0,0,0,0,0
14795,881,2025-11-01,0,0,0,0,0,0
14796,881,2025-12-01,0,0,0,0,0,0
14797,881,2026-01-01,0,0,0,0,0,0
14798,881,2026-02-01,0,0,0,0,0,0
14799,881,2026-03-01,0,0,0,0,0,0
14800,881,2026-04-01,0,0,0,0,0,0
14801,881,2026-05-01,0,0,0,0,0,0
14802,881,2026-06-01,0,0,0,0,0,0
14803,882,2025-01-01,0,15192,0,0,0,15192
14804,882,2025-02-01,15192,0,0,0,0,15192
14805,882,2025-03-01,15192,0,0,0,0,15192
14806,882,2025-04-01,15192,0,0,0,15192,0
14807,882,2025-05-01,0,0,0,0,0,0
14808,882,2025-06-01,0,0,0,0,0,0
14809,882,2025-07-01,0,0,0,0,0,0
14810,882,2025-08-01,0,0,0,0,0,0
14811,882,2025-09-01,0,0,0,0,0,0
14812,882,2025-10-01,0,0,0,0,0,0
14813,882,2025-11-01,0,0,0,0,0,0
14814,882,2025-12-01,0,0,0,0,0,0
14815,882,2026-01-01,0,0,0,0,0,0
14816,882,2026-02-01,0,0,0,0,0,0
14817,882,2026-03-01,0,0,0,0,0,0
14818,882,2026-04-01,0,0,0,0,0,0
14819,882,2026-05-01,0,0,0,0,0,0
14820,882,2026-06-01,0,0,0,0,0,0
14821,883,2025-03-01,0,14291,0,0,0,14291
14822,883,2025-04-01,14291,0,0,0,0,14291
14823,883,2025-05-01,14291,0,0,2826,0,11465
14824,883,2025-06-01,11465,0,0,2363,0,9102
14825,883,2025-07-01,9102,0,0,0,0,9102
14826,883,2025-08-01,9102,0,0,1098,0,8004
14827,883,2025-09-01,8004,0,0,0,0,8004
14828,883,2025-10-01,8004,0,0,0,8004,0
14829,883,2025-11-01,0,0,0,0,0,0
14830,883,2025-12-01,0,0,0,0,0,0
14831,883,2026-01-01,0,0,0,0,0,0
14832,883,2026-02-01,0,0,0,0,0,0
14833,883,2026-03-01,0,0,0,0,0,0
14834,883,2026-04-01,0,0,0,0,0,0
14835,883,2026-05-01,0,0,0,0,0,0
14836,883,2026-06-01,0,0,0,0,0,0
14837,884,2025-01-01,0,9211,0,0,0,9211
14838,884,2025-02-01,9211,0,2336,0,0,11547
14839,884,2025-03-01,11547,0,0,0,0,11547
14840,884,2025-04-01,11547,0,0,0,0,11547
14841,884,2025-05-01,11547,0,0,0,0,11547
14842,884,2025-06-01,11547,0,0,0,0,11547
14843,884,2025-07-01,11547,0,0,0,0,11547
14844,884,2025-08-01,11547,0,0,0,0,11547
14845,884,2025-09-01,11547,0,0,0,0,11547
14846,884,2025-10-01,11547,0,0,0,11547,0
14847,884,2025-11-01,0,0,0,0,0,0
14848,884,2025-12-01,0,0,0,0,0,0
14849,884,2026-01-01,0,0,0,0,0,0
14850,884,2026-02-01,0,0,0,0,0,0
14851,884,2026-03-01,0,0,0,0,0,0
14852,884,2026-04-01,0,0,0,0,0,0
14853,884,2026-05-01,0,0,0,0,0,0
14854,884,2026-06-01,0,0,0,0,0,0
14855,885,2025-04-01,0,7012,0,0,0,7012
14856,885,2025-05-01,7012,0,0,0,0,7012
14857,885,2025-06-01,7012,0,0,1623,0,5389
14858,885,2025-07-01,5389,0,0,0,0,5389
14859,885,2025-08-01,5389,0,0,0,0,5389
14860,885,2025-09-01,5389,0,0,0,0,5389
14861,885,2025-10-01,5389,0,0,0,0,5389
14862,885,2025-11-01,5389,0,0,0,0,5389
14863,885,2025-12-01,5389,0,0,0,0,5389
14864,885,2026-01-01,5389,0,752,0,0,6141
14865,885,2026-02-01,6141,0,0,0,0,6141
14866,885,2026-03-01,6141,0,982,0,0,7123
14867,885,2026-04-01,7123,0,0,0,0,7123
14868,885,2026-05-01,7123,0,0,0,0,7123
14869,885,2026-06-01,7123,0,0,0,0,7123
14870,886,2026-02-01,0,30430,0,0,0,30430
14871,886,2026-03-01,30430,0,0,0,0,30430
14872,886,2026-04-01,30430,0,0,0,0,30430
14873,886,2026-05-01,30430,0,0,0,0,30430
14874,886,2026-06-01,30430,0,0,0,0,30430
14875,887,2025-08-01,0,7595,0,0,0,7595
14876,887,2025-09-01,7595,0,0,0,0,7595
14877,887,2025-10-01,7595,0,0,0,0,7595
14878,887,2025-11-01,7595,0,0,1018,0,6577
14879,887,2025-12-01,6577,0,0,0,0,6577
14880,887,2026-01-01,6577,0,1147,0,0,7724
14881,887,2026-02-01,7724,0,0,0,0,7724
14882,887,2026-03-01,7724,0,952,0,0,8676
14883,887,2026-04-01,8676,0,0,1087,0,7589
14884,887,2026-05-01,7589,0,0,0,0,7589
14885,887,2026-06-01,7589,0,0,0,0,7589
14886,888,2025-04-01,0,14029,0,0,0,14029
14887,888,2025-05-01,14029,0,0,0,0,14029
14888,888,2025-06-01,14029,0,0,0,0,14029
14889,888,2025-07-01,14029,0,0,0,0,14029
14890,888,2025-08-01,14029,0,0,0,0,14029
14891,888,2025-09-01,14029,0,0,0,0,14029
14892,888,2025-10-01,14029,0,0,0,0,14029
14893,888,2025-11-01,14029,0,0,0,0,14029
14894,888,2025-12-01,14029,0,0,0,0,14029
14895,888,2026-01-01,14029,0,0,0,0,14029
14896,888,2026-02-01,14029,0,0,0,14029,0
14897,888,2026-03-01,0,0,0,0,0,0
14898,888,2026-04-01,0,0,0,0,0,0
14899,888,2026-05-01,0,0,0,0,0,0
14900,888,2026-06-01,0,0,0,0,0,0
14901,889,2024-05-01,0,4304,0,0,0,4304
14902,889,2024-06-01,4304,0,0,0,0,4304
14903,889,2024-07-01,4304,0,0,0,0,4304
14904,889,2024-08-01,4304,0,0,774,0,3530
14905,889,2024-09-01,3530,0,0,615,0,2915
14906,889,2024-10-01,2915,0,0,0,0,2915
14907,889,2024-11-01,2915,0,0,0,0,2915
14908,889,2024-12-01,2915,0,0,0,0,2915
14909,889,2025-01-01,2915,0,0,0,0,2915
14910,889,2025-02-01,2915,0,0,0,0,2915
14911,889,2025-03-01,2915,0,0,0,0,2915
14912,889,2025-04-01,2915,0,0,0,0,2915
14913,889,2025-05-01,2915,0,0,0,0,2915
14914,889,2025-06-01,2915,0,0,0,0,2915
14915,889,2025-07-01,2915,0,0,0,2915,0
14916,889,2025-08-01,0,0,0,0,0,0
14917,889,2025-09-01,0,0,0,0,0,0
14918,889,2025-10-01,0,0,0,0,0,0
14919,889,2025-11-01,0,0,0,0,0,0
14920,889,2025-12-01,0,0,0,0,0,0
14921,889,2026-01-01,0,0,0,0,0,0
14922,889,2026-02-01,0,0,0,0,0,0
14923,889,2026-03-01,0,0,0,0,0,0
14924,889,2026-04-01,0,0,0,0,0,0
14925,889,2026-05-01,0,0,0,0,0,0
14926,889,2026-06-01,0,0,0,0,0,0
14927,890,2025-05-01,0,24571,0,0,0,24571
14928,890,2025-06-01,24571,0,0,0,0,24571
14929,890,2025-07-01,24571,0,0,0,0,24571
14930,890,2025-08-01,24571,0,0,0,0,24571
14931,890,2025-09-01,24571,0,0,0,0,24571
14932,890,2025-10-01,24571,0,0,0,0,24571
14933,890,2025-11-01,24571,0,0,0,0,24571
14934,890,2025-12-01,24571,0,0,0,0,24571
14935,890,2026-01-01,24571,0,2833,0,0,27404
14936,890,2026-02-01,27404,0,0,0,0,27404
14937,890,2026-03-01,27404,0,0,0,0,27404
14938,890,2026-04-01,27404,0,0,0,0,27404
14939,890,2026-05-01,27404,0,0,0,27404,0
14940,890,2026-06-01,0,0,0,0,0,0
14941,891,2025-05-01,0,3319,0,0,0,3319
14942,891,2025-06-01,3319,0,600,0,0,3919
14943,891,2025-07-01,3919,0,0,0,0,3919
14944,891,2025-08-01,3919,0,0,0,0,3919
14945,891,2025-09-01,3919,0,782,0,0,4701
14946,891,2025-10-01,4701,0,0,0,0,4701
14947,891,2025-11-01,4701,0,0,0,0,4701
14948,891,2025-12-01,4701,0,1203,0,0,5904
14949,891,2026-01-01,5904,0,0,0,0,5904
14950,891,2026-02-01,5904,0,0,0,0,5904
14951,891,2026-03-01,5904,0,0,0,0,5904
14952,891,2026-04-01,5904,0,0,0,0,5904
14953,891,2026-05-01,5904,0,0,0,0,5904
14954,891,2026-06-01,5904,0,0,0,0,5904
14955,892,2025-07-01,0,5193,0,0,0,5193
14956,892,2025-08-01,5193,0,0,0,0,5193
14957,892,2025-09-01,5193,0,0,0,5193,0
14958,892,2025-10-01,0,0,0,0,0,0
14959,892,2025-11-01,0,0,0,0,0,0
14960,892,2025-12-01,0,0,0,0,0,0
14961,892,2026-01-01,0,0,0,0,0,0
14962,892,2026-02-01,0,0,0,0,0,0
14963,892,2026-03-01,0,0,0,0,0,0
14964,892,2026-04-01,0,0,0,0,0,0
14965,892,2026-05-01,0,0,0,0,0,0
14966,892,2026-06-01,0,0,0,0,0,0
14967,893,2024-04-01,0,6236,0,0,0,6236
14968,893,2024-05-01,6236,0,0,0,0,6236
14969,893,2024-06-01,6236,0,0,0,0,6236
14970,893,2024-07-01,6236,0,0,0,0,6236
14971,893,2024-08-01,6236,0,0,0,0,6236
14972,893,2024-09-01,6236,0,0,0,0,6236
14973,893,2024-10-01,6236,0,0,0,0,6236
14974,893,2024-11-01,6236,0,1355,0,0,7591
14975,893,2024-12-01,7591,0,0,0,0,7591
14976,893,2025-01-01,7591,0,0,0,0,7591
14977,893,2025-02-01,7591,0,0,0,0,7591
14978,893,2025-03-01,7591,0,0,0,7591,0
14979,893,2025-04-01,0,0,0,0,0,0
14980,893,2025-05-01,0,0,0,0,0,0
14981,893,2025-06-01,0,0,0,0,0,0
14982,893,2025-07-01,0,0,0,0,0,0
14983,893,2025-08-01,0,0,0,0,0,0
14984,893,2025-09-01,0,0,0,0,0,0
14985,893,2025-10-01,0,0,0,0,0,0
14986,893,2025-11-01,0,0,0,0,0,0
14987,893,2025-12-01,0,0,0,0,0,0
14988,893,2026-01-01,0,0,0,0,0,0
14989,893,2026-02-01,0,0,0,0,0,0
14990,893,2026-03-01,0,0,0,0,0,0
14991,893,2026-04-01,0,0,0,0,0,0
14992,893,2026-05-01,0,0,0,0,0,0
14993,893,2026-06-01,0,0,0,0,0,0
14994,894,2024-04-01,0,72532,0,0,0,72532
14995,894,2024-05-01,72532,0,0,0,0,72532
14996,894,2024-06-01,72532,0,0,0,0,72532
14997,894,2024-07-01,72532,0,0,0,0,72532
14998,894,2024-08-01,72532,0,20497,0,0,93029
14999,894,2024-09-01,93029,0,0,0,0,93029
15000,894,2024-10-01,93029,0,11312,0,0,104341
15001,894,2024-11-01,104341,0,0,0,0,104341
15002,894,2024-12-01,104341,0,0,0,0,104341
15003,894,2025-01-01,104341,0,0,0,104341,0
15004,894,2025-02-01,0,0,0,0,0,0
15005,894,2025-03-01,0,0,0,0,0,0
15006,894,2025-04-01,0,0,0,0,0,0
15007,894,2025-05-01,0,0,0,0,0,0
15008,894,2025-06-01,0,0,0,0,0,0
15009,894,2025-07-01,0,0,0,0,0,0
15010,894,2025-08-01,0,0,0,0,0,0
15011,894,2025-09-01,0,0,0,0,0,0
15012,894,2025-10-01,0,0,0,0,0,0
15013,894,2025-11-01,0,0,0,0,0,0
15014,894,2025-12-01,0,0,0,0,0,0
15015,894,2026-01-01,0,0,0,0,0,0
15016,894,2026-02-01,0,0,0,0,0,0
15017,894,2026-03-01,0,0,0,0,0,0
15018,894,2026-04-01,0,0,0,0,0,0
15019,894,2026-05-01,0,0,0,0,0,0
15020,894,2026-06-01,0,0,0,0,0,0
15021,895,2024-10-01,0,8583,0,0,0,8583
15022,895,2024-11-01,8583,0,0,0,0,8583
15023,895,2024-12-01,8583,0,0,0,0,8583
15024,895,2025-01-01,8583,0,0,0,0,8583
15025,895,2025-02-01,8583,0,0,0,0,8583
15026,895,2025-03-01,8583,0,1605,0,0,10188
15027,895,2025-04-01,10188,0,0,0,0,10188
15028,895,2025-05-01,10188,0,0,0,0,10188
15029,895,2025-06-01,10188,0,0,0,0,10188
15030,895,2025-07-01,10188,0,0,0,0,10188
15031,895,2025-08-01,10188,0,0,0,0,10188
15032,895,2025-09-01,10188,0,0,0,0,10188
15033,895,2025-10-01,10188,0,0,0,0,10188
15034,895,2025-11-01,10188,0,0,0,0,10188
15035,895,2025-12-01,10188,0,0,0,0,10188
15036,895,2026-01-01,10188,0,1502,0,0,11690
15037,895,2026-02-01,11690,0,0,0,0,11690
15038,895,2026-03-01,11690,0,0,0,0,11690
15039,895,2026-04-01,11690,0,0,0,0,11690
15040,895,2026-05-01,11690,0,0,0,0,11690
15041,895,2026-06-01,11690,0,0,0,0,11690
15042,896,2025-02-01,0,12268,0,0,0,12268
15043,896,2025-03-01,12268,0,0,0,0,12268
15044,896,2025-04-01,12268,0,0,0,0,12268
15045,896,2025-05-01,12268,0,0,0,0,12268
15046,896,2025-06-01,12268,0,0,0,0,12268
15047,896,2025-07-01,12268,0,0,0,0,12268
15048,896,2025-08-01,12268,0,0,0,0,12268
15049,896,2025-09-01,12268,0,0,0,0,12268
15050,896,2025-10-01,12268,0,0,0,0,12268
15051,896,2025-11-01,12268,0,0,0,0,12268
15052,896,2025-12-01,12268,0,0,0,0,12268
15053,896,2026-01-01,12268,0,0,0,0,12268
15054,896,2026-02-01,12268,0,0,0,12268,0
15055,896,2026-03-01,0,0,0,0,0,0
15056,896,2026-04-01,0,0,0,0,0,0
15057,896,2026-05-01,0,0,0,0,0,0
15058,896,2026-06-01,0,0,0,0,0,0
15059,897,2024-04-01,0,76530,0,0,0,76530
15060,897,2024-05-01,76530,0,0,0,0,76530
15061,897,2024-06-01,76530,0,0,0,0,76530
15062,897,2024-07-01,76530,0,0,0,0,76530
15063,897,2024-08-01,76530,0,0,0,0,76530
15064,897,2024-09-01,76530,0,0,0,0,76530
15065,897,2024-10-01,76530,0,0,0,0,76530
15066,897,2024-11-01,76530,0,0,0,0,76530
15067,897,2024-12-01,76530,0,0,0,0,76530
15068,897,2025-01-01,76530,0,0,0,0,76530
15069,897,2025-02-01,76530,0,0,0,0,76530
15070,897,2025-03-01,76530,0,0,11773,0,64757
15071,897,2025-04-01,64757,0,0,0,0,64757
15072,897,2025-05-01,64757,0,0,0,0,64757
15073,897,2025-06-01,64757,0,0,7323,0,57434
15074,897,2025-07-01,57434,0,0,0,0,57434
15075,897,2025-08-01,57434,0,12082,0,0,69516
15076,897,2025-09-01,69516,0,0,0,0,69516
15077,897,2025-10-01,69516,0,0,0,0,69516
15078,897,2025-11-01,69516,0,0,0,0,69516
15079,897,2025-12-01,69516,0,0,0,0,69516
15080,897,2026-01-01,69516,0,0,0,0,69516
15081,897,2026-02-01,69516,0,0,0,0,69516
15082,897,2026-03-01,69516,0,0,0,0,69516
15083,897,2026-04-01,69516,0,0,8271,0,61245
15084,897,2026-05-01,61245,0,0,0,0,61245
15085,897,2026-06-01,61245,0,0,0,0,61245
15086,898,2025-07-01,0,13147,0,0,0,13147
15087,898,2025-08-01,13147,0,0,0,0,13147
15088,898,2025-09-01,13147,0,0,0,0,13147
15089,898,2025-10-01,13147,0,0,0,0,13147
15090,898,2025-11-01,13147,0,0,0,0,13147
15091,898,2025-12-01,13147,0,0,0,0,13147
15092,898,2026-01-01,13147,0,0,0,13147,0
15093,898,2026-02-01,0,0,0,0,0,0
15094,898,2026-03-01,0,0,0,0,0,0
15095,898,2026-04-01,0,0,0,0,0,0
15096,898,2026-05-01,0,0,0,0,0,0
15097,898,2026-06-01,0,0,0,0,0,0
15098,899,2024-12-01,0,44879,0,0,0,44879
15099,899,2025-01-01,44879,0,0,0,0,44879
15100,899,2025-02-01,44879,0,0,0,0,44879
15101,899,2025-03-01,44879,0,0,0,44879,0
15102,899,2025-04-01,0,0,0,0,0,0
15103,899,2025-05-01,0,0,0,0,0,0
15104,899,2025-06-01,0,0,0,0,0,0
15105,899,2025-07-01,0,0,0,0,0,0
15106,899,2025-08-01,0,0,0,0,0,0
15107,899,2025-09-01,0,0,0,0,0,0
15108,899,2025-10-01,0,0,0,0,0,0
15109,899,2025-11-01,0,0,0,0,0,0
15110,899,2025-12-01,0,0,0,0,0,0
15111,899,2026-01-01,0,0,0,0,0,0
15112,899,2026-02-01,0,0,0,0,0,0
15113,899,2026-03-01,0,0,0,0,0,0
15114,899,2026-04-01,0,0,0,0,0,0
15115,899,2026-05-01,0,0,0,0,0,0
15116,899,2026-06-01,0,0,0,0,0,0
15117,900,2025-12-01,0,4523,0,0,0,4523
15118,900,2026-01-01,4523,0,0,0,0,4523
15119,900,2026-02-01,4523,0,0,0,0,4523
15120,900,2026-03-01,4523,0,0,0,0,4523
15121,900,2026-04-01,4523,0,0,0,0,4523
15122,900,2026-05-01,4523,0,0,0,0,4523
15123,900,2026-06-01,4523,0,0,0,0,4523
15124,901,2025-01-01,0,3427,0,0,0,3427
15125,901,2025-02-01,3427,0,0,0,0,3427
15126,901,2025-03-01,3427,0,0,511,0,2916
15127,901,2025-04-01,2916,0,381,0,0,3297
15128,901,2025-05-01,3297,0,0,0,0,3297
15129,901,2025-06-01,3297,0,335,0,0,3632
15130,901,2025-07-01,3632,0,0,0,0,3632
15131,901,2025-08-01,3632,0,0,0,0,3632
15132,901,2025-09-01,3632,0,0,0,3632,0
15133,901,2025-10-01,0,0,0,0,0,0
15134,901,2025-11-01,0,0,0,0,0,0
15135,901,2025-12-01,0,0,0,0,0,0
15136,901,2026-01-01,0,0,0,0,0,0
15137,901,2026-02-01,0,0,0,0,0,0
15138,901,2026-03-01,0,0,0,0,0,0
15139,901,2026-04-01,0,0,0,0,0,0
15140,901,2026-05-01,0,0,0,0,0,0
15141,901,2026-06-01,0,0,0,0,0,0
15142,902,2025-03-01,0,41706,0,0,0,41706
15143,902,2025-04-01,41706,0,0,0,0,41706
15144,902,2025-05-01,41706,0,7924,0,0,49630
15145,902,2025-06-01,49630,0,0,0,0,49630
15146,902,2025-07-01,49630,0,0,0,0,49630
15147,902,2025-08-01,49630,0,0,0,0,49630
15148,902,2025-09-01,49630,0,0,0,0,49630
15149,902,2025-10-01,49630,0,0,11188,0,38442
15150,902,2025-11-01,38442,0,7714,0,0,46156
15151,902,2025-12-01,46156,0,0,0,0,46156
15152,902,2026-01-01,46156,0,0,0,0,46156
15153,902,2026-02-01,46156,0,7425,0,0,53581
15154,902,2026-03-01,53581,0,0,0,53581,0
15155,902,2026-04-01,0,0,0,0,0,0
15156,902,2026-05-01,0,0,0,0,0,0
15157,902,2026-06-01,0,0,0,0,0,0
15158,903,2025-01-01,0,18310,0,0,0,18310
15159,903,2025-02-01,18310,0,0,0,0,18310
15160,903,2025-03-01,18310,0,0,0,18310,0
15161,903,2025-04-01,0,0,0,0,0,0
15162,903,2025-05-01,0,0,0,0,0,0
15163,903,2025-06-01,0,0,0,0,0,0
15164,903,2025-07-01,0,0,0,0,0,0
15165,903,2025-08-01,0,0,0,0,0,0
15166,903,2025-09-01,0,0,0,0,0,0
15167,903,2025-10-01,0,0,0,0,0,0
15168,903,2025-11-01,0,0,0,0,0,0
15169,903,2025-12-01,0,0,0,0,0,0
15170,903,2026-01-01,0,0,0,0,0,0
15171,903,2026-02-01,0,0,0,0,0,0
15172,903,2026-03-01,0,0,0,0,0,0
15173,903,2026-04-01,0,0,0,0,0,0
15174,903,2026-05-01,0,0,0,0,0,0
15175,903,2026-06-01,0,0,0,0,0,0
15176,904,2024-04-01,0,20546,0,0,0,20546
15177,904,2024-05-01,20546,0,0,0,0,20546
15178,904,2024-06-01,20546,0,5925,0,0,26471
15179,904,2024-07-01,26471,0,0,0,0,26471
15180,904,2024-08-01,26471,0,4183,0,0,30654
15181,904,2024-09-01,30654,0,0,0,0,30654
15182,904,2024-10-01,30654,0,5391,0,0,36045
15183,904,2024-11-01,36045,0,0,0,0,36045
15184,904,2024-12-01,36045,0,0,0,0,36045
15185,904,2025-01-01,36045,0,0,0,0,36045
15186,904,2025-02-01,36045,0,0,0,0,36045
15187,904,2025-03-01,36045,0,0,0,0,36045
15188,904,2025-04-01,36045,0,0,0,0,36045
15189,904,2025-05-01,36045,0,0,0,0,36045
15190,904,2025-06-01,36045,0,0,0,0,36045
15191,904,2025-07-01,36045,0,0,0,0,36045
15192,904,2025-08-01,36045,0,0,0,0,36045
15193,904,2025-09-01,36045,0,0,0,0,36045
15194,904,2025-10-01,36045,0,0,0,0,36045
15195,904,2025-11-01,36045,0,0,0,0,36045
15196,904,2025-12-01,36045,0,0,0,0,36045
15197,904,2026-01-01,36045,0,0,0,0,36045
15198,904,2026-02-01,36045,0,0,0,36045,0
15199,904,2026-03-01,0,0,0,0,0,0
15200,904,2026-04-01,0,0,0,0,0,0
15201,904,2026-05-01,0,0,0,0,0,0
15202,904,2026-06-01,0,0,0,0,0,0
15203,905,2024-12-01,0,10338,0,0,0,10338
15204,905,2025-01-01,10338,0,0,0,0,10338
15205,905,2025-02-01,10338,0,0,0,0,10338
15206,905,2025-03-01,10338,0,2962,0,0,13300
15207,905,2025-04-01,13300,0,2011,0,0,15311
15208,905,2025-05-01,15311,0,0,0,0,15311
15209,905,2025-06-01,15311,0,0,0,15311,0
15210,905,2025-07-01,0,0,0,0,0,0
15211,905,2025-08-01,0,0,0,0,0,0
15212,905,2025-09-01,0,0,0,0,0,0
15213,905,2025-10-01,0,0,0,0,0,0
15214,905,2025-11-01,0,0,0,0,0,0
15215,905,2025-12-01,0,0,0,0,0,0
15216,905,2026-01-01,0,0,0,0,0,0
15217,905,2026-02-01,0,0,0,0,0,0
15218,905,2026-03-01,0,0,0,0,0,0
15219,905,2026-04-01,0,0,0,0,0,0
15220,905,2026-05-01,0,0,0,0,0,0
15221,905,2026-06-01,0,0,0,0,0,0
15222,906,2025-11-01,0,6799,0,0,0,6799
15223,906,2025-12-01,6799,0,0,0,0,6799
15224,906,2026-01-01,6799,0,0,0,0,6799
15225,906,2026-02-01,6799,0,0,0,6799,0
15226,906,2026-03-01,0,0,0,0,0,0
15227,906,2026-04-01,0,0,0,0,0,0
15228,906,2026-05-01,0,0,0,0,0,0
15229,906,2026-06-01,0,0,0,0,0,0
15230,907,2025-12-01,0,3907,0,0,0,3907
15231,907,2026-01-01,3907,0,0,514,0,3393
15232,907,2026-02-01,3393,0,0,341,0,3052
15233,907,2026-03-01,3052,0,0,0,0,3052
15234,907,2026-04-01,3052,0,0,0,3052,0
15235,907,2026-05-01,0,0,0,0,0,0
15236,907,2026-06-01,0,0,0,0,0,0
15237,908,2024-09-01,0,3899,0,0,0,3899
15238,908,2024-10-01,3899,0,0,0,0,3899
15239,908,2024-11-01,3899,0,1009,0,0,4908
15240,908,2024-12-01,4908,0,0,0,0,4908
15241,908,2025-01-01,4908,0,0,0,0,4908
15242,908,2025-02-01,4908,0,498,0,0,5406
15243,908,2025-03-01,5406,0,0,0,0,5406
15244,908,2025-04-01,5406,0,0,0,0,5406
15245,908,2025-05-01,5406,0,0,0,0,5406
15246,908,2025-06-01,5406,0,0,0,0,5406
15247,908,2025-07-01,5406,0,0,0,0,5406
15248,908,2025-08-01,5406,0,0,0,0,5406
15249,908,2025-09-01,5406,0,0,0,0,5406
15250,908,2025-10-01,5406,0,0,0,0,5406
15251,908,2025-11-01,5406,0,0,0,0,5406
15252,908,2025-12-01,5406,0,0,0,0,5406
15253,908,2026-01-01,5406,0,0,0,0,5406
15254,908,2026-02-01,5406,0,0,0,0,5406
15255,908,2026-03-01,5406,0,0,0,0,5406
15256,908,2026-04-01,5406,0,0,0,0,5406
15257,908,2026-05-01,5406,0,0,0,0,5406
15258,908,2026-06-01,5406,0,0,0,0,5406
15259,909,2025-03-01,0,22398,0,0,0,22398
15260,909,2025-04-01,22398,0,0,0,0,22398
15261,909,2025-05-01,22398,0,0,0,0,22398
15262,909,2025-06-01,22398,0,0,0,0,22398
15263,909,2025-07-01,22398,0,0,2691,0,19707
15264,909,2025-08-01,19707,0,0,0,0,19707
15265,909,2025-09-01,19707,0,0,0,0,19707
15266,909,2025-10-01,19707,0,0,0,0,19707
15267,909,2025-11-01,19707,0,0,0,19707,0
15268,909,2025-12-01,0,0,0,0,0,0
15269,909,2026-01-01,0,0,0,0,0,0
15270,909,2026-02-01,0,0,0,0,0,0
15271,909,2026-03-01,0,0,0,0,0,0
15272,909,2026-04-01,0,0,0,0,0,0
15273,909,2026-05-01,0,0,0,0,0,0
15274,909,2026-06-01,0,0,0,0,0,0
15275,910,2024-10-01,0,4335,0,0,0,4335
15276,910,2024-11-01,4335,0,0,0,0,4335
15277,910,2024-12-01,4335,0,0,0,0,4335
15278,910,2025-01-01,4335,0,0,0,0,4335
15279,910,2025-02-01,4335,0,0,0,0,4335
15280,910,2025-03-01,4335,0,0,0,0,4335
15281,910,2025-04-01,4335,0,0,0,0,4335
15282,910,2025-05-01,4335,0,0,0,0,4335
15283,910,2025-06-01,4335,0,0,0,0,4335
15284,910,2025-07-01,4335,0,0,0,0,4335
15285,910,2025-08-01,4335,0,0,0,0,4335
15286,910,2025-09-01,4335,0,0,0,4335,0
15287,910,2025-10-01,0,0,0,0,0,0
15288,910,2025-11-01,0,0,0,0,0,0
15289,910,2025-12-01,0,0,0,0,0,0
15290,910,2026-01-01,0,0,0,0,0,0
15291,910,2026-02-01,0,0,0,0,0,0
15292,910,2026-03-01,0,0,0,0,0,0
15293,910,2026-04-01,0,0,0,0,0,0
15294,910,2026-05-01,0,0,0,0,0,0
15295,910,2026-06-01,0,0,0,0,0,0
15296,911,2024-10-01,0,3842,0,0,0,3842
15297,911,2024-11-01,3842,0,0,779,0,3063
15298,911,2024-12-01,3063,0,0,0,0,3063
15299,911,2025-01-01,3063,0,0,0,0,3063
15300,911,2025-02-01,3063,0,0,0,0,3063
15301,911,2025-03-01,3063,0,0,0,3063,0
15302,911,2025-04-01,0,0,0,0,0,0
15303,911,2025-05-01,0,0,0,0,0,0
15304,911,2025-06-01,0,0,0,0,0,0
15305,911,2025-07-01,0,0,0,0,0,0
15306,911,2025-08-01,0,0,0,0,0,0
15307,911,2025-09-01,0,0,0,0,0,0
15308,911,2025-10-01,0,0,0,0,0,0
15309,911,2025-11-01,0,0,0,0,0,0
15310,911,2025-12-01,0,0,0,0,0,0
15311,911,2026-01-01,0,0,0,0,0,0
15312,911,2026-02-01,0,0,0,0,0,0
15313,911,2026-03-01,0,0,0,0,0,0
15314,911,2026-04-01,0,0,0,0,0,0
15315,911,2026-05-01,0,0,0,0,0,0
15316,911,2026-06-01,0,0,0,0,0,0
15317,912,2025-10-01,0,46594,0,0,0,46594
15318,912,2025-11-01,46594,0,0,0,0,46594
15319,912,2025-12-01,46594,0,0,0,0,46594
15320,912,2026-01-01,46594,0,0,0,0,46594
15321,912,2026-02-01,46594,0,0,0,0,46594
15322,912,2026-03-01,46594,0,0,0,46594,0
15323,912,2026-04-01,0,0,0,0,0,0
15324,912,2026-05-01,0,0,0,0,0,0
15325,912,2026-06-01,0,0,0,0,0,0
15326,913,2024-02-01,0,16483,0,0,0,16483
15327,913,2024-03-01,16483,0,0,0,16483,0
15328,913,2024-04-01,0,0,0,0,0,0
15329,913,2024-05-01,0,0,0,0,0,0
15330,913,2024-06-01,0,0,0,0,0,0
15331,913,2024-07-01,0,0,0,0,0,0
15332,913,2024-08-01,0,0,0,0,0,0
15333,913,2024-09-01,0,0,0,0,0,0
15334,913,2024-10-01,0,0,0,0,0,0
15335,913,2024-11-01,0,0,0,0,0,0
15336,913,2024-12-01,0,0,0,0,0,0
15337,913,2025-01-01,0,0,0,0,0,0
15338,913,2025-02-01,0,0,0,0,0,0
15339,913,2025-03-01,0,0,0,0,0,0
15340,913,2025-04-01,0,0,0,0,0,0
15341,913,2025-05-01,0,0,0,0,0,0
15342,913,2025-06-01,0,0,0,0,0,0
15343,913,2025-07-01,0,0,0,0,0,0
15344,913,2025-08-01,0,0,0,0,0,0
15345,913,2025-09-01,0,0,0,0,0,0
15346,913,2025-10-01,0,0,0,0,0,0
15347,913,2025-11-01,0,0,0,0,0,0
15348,913,2025-12-01,0,0,0,0,0,0
15349,913,2026-01-01,0,0,0,0,0,0
15350,913,2026-02-01,0,0,0,0,0,0
15351,913,2026-03-01,0,0,0,0,0,0
15352,913,2026-04-01,0,0,0,0,0,0
15353,913,2026-05-01,0,0,0,0,0,0
15354,913,2026-06-01,0,0,0,0,0,0
15355,914,2024-03-01,0,6804,0,0,0,6804
15356,914,2024-04-01,6804,0,0,0,0,6804
15357,914,2024-05-01,6804,0,0,0,0,6804
15358,914,2024-06-01,6804,0,0,0,0,6804
15359,914,2024-07-01,6804,0,0,0,0,6804
15360,914,2024-08-01,6804,0,0,0,0,6804
15361,914,2024-09-01,6804,0,0,0,0,6804
15362,914,2024-10-01,6804,0,0,0,0,6804
15363,914,2024-11-01,6804,0,1931,0,0,8735
15364,914,2024-12-01,8735,0,0,0,0,8735
15365,914,2025-01-01,8735,0,0,0,0,8735
15366,914,2025-02-01,8735,0,0,0,0,8735
15367,914,2025-03-01,8735,0,0,0,0,8735
15368,914,2025-04-01,8735,0,0,0,0,8735
15369,914,2025-05-01,8735,0,0,0,0,8735
15370,914,2025-06-01,8735,0,0,0,0,8735
15371,914,2025-07-01,8735,0,0,0,0,8735
15372,914,2025-08-01,8735,0,0,0,0,8735
15373,914,2025-09-01,8735,0,0,0,0,8735
15374,914,2025-10-01,8735,0,1546,0,0,10281
15375,914,2025-11-01,10281,0,0,0,10281,0
15376,914,2025-12-01,0,0,0,0,0,0
15377,914,2026-01-01,0,0,0,0,0,0
15378,914,2026-02-01,0,0,0,0,0,0
15379,914,2026-03-01,0,0,0,0,0,0
15380,914,2026-04-01,0,0,0,0,0,0
15381,914,2026-05-01,0,0,0,0,0,0
15382,914,2026-06-01,0,0,0,0,0,0
15383,915,2025-02-01,0,6587,0,0,0,6587
15384,915,2025-03-01,6587,0,0,0,6587,0
15385,915,2025-04-01,0,0,0,0,0,0
15386,915,2025-05-01,0,0,0,0,0,0
15387,915,2025-06-01,0,0,0,0,0,0
15388,915,2025-07-01,0,0,0,0,0,0
15389,915,2025-08-01,0,0,0,0,0,0
15390,915,2025-09-01,0,0,0,0,0,0
15391,915,2025-10-01,0,0,0,0,0,0
15392,915,2025-11-01,0,0,0,0,0,0
15393,915,2025-12-01,0,0,0,0,0,0
15394,915,2026-01-01,0,0,0,0,0,0
15395,915,2026-02-01,0,0,0,0,0,0
15396,915,2026-03-01,0,0,0,0,0,0
15397,915,2026-04-01,0,0,0,0,0,0
15398,915,2026-05-01,0,0,0,0,0,0
15399,915,2026-06-01,0,0,0,0,0,0
15400,916,2025-11-01,0,7543,0,0,0,7543
15401,916,2025-12-01,7543,0,0,0,0,7543
15402,916,2026-01-01,7543,0,0,0,7543,0
15403,916,2026-02-01,0,0,0,0,0,0
15404,916,2026-03-01,0,0,0,0,0,0
15405,916,2026-04-01,0,0,0,0,0,0
15406,916,2026-05-01,0,0,0,0,0,0
15407,916,2026-06-01,0,0,0,0,0,0
15408,917,2024-11-01,0,4088,0,0,0,4088
15409,917,2024-12-01,4088,0,0,0,0,4088
15410,917,2025-01-01,4088,0,0,0,0,4088
15411,917,2025-02-01,4088,0,0,0,0,4088
15412,917,2025-03-01,4088,0,0,0,0,4088
15413,917,2025-04-01,4088,0,0,0,0,4088
15414,917,2025-05-01,4088,0,0,0,0,4088
15415,917,2025-06-01,4088,0,0,966,0,3122
15416,917,2025-07-01,3122,0,688,0,0,3810
15417,917,2025-08-01,3810,0,0,0,0,3810
15418,917,2025-09-01,3810,0,0,0,0,3810
15419,917,2025-10-01,3810,0,0,0,0,3810
15420,917,2025-11-01,3810,0,0,0,3810,0
15421,917,2025-12-01,0,0,0,0,0,0
15422,917,2026-01-01,0,0,0,0,0,0
15423,917,2026-02-01,0,0,0,0,0,0
15424,917,2026-03-01,0,0,0,0,0,0
15425,917,2026-04-01,0,0,0,0,0,0
15426,917,2026-05-01,0,0,0,0,0,0
15427,917,2026-06-01,0,0,0,0,0,0
15428,918,2025-12-01,0,7243,0,0,0,7243
15429,918,2026-01-01,7243,0,0,1262,0,5981
15430,918,2026-02-01,5981,0,0,0,5981,0
15431,918,2026-03-01,0,0,0,0,0,0
15432,918,2026-04-01,0,0,0,0,0,0
15433,918,2026-05-01,0,0,0,0,0,0
15434,918,2026-06-01,0,0,0,0,0,0
15435,919,2024-07-01,0,36004,0,0,0,36004
15436,919,2024-08-01,36004,0,0,0,0,36004
15437,919,2024-09-01,36004,0,0,0,0,36004
15438,919,2024-10-01,36004,0,9247,0,0,45251
15439,919,2024-11-01,45251,0,0,0,0,45251
15440,919,2024-12-01,45251,0,0,0,0,45251
15441,919,2025-01-01,45251,0,0,0,45251,0
15442,919,2025-02-01,0,0,0,0,0,0
15443,919,2025-03-01,0,0,0,0,0,0
15444,919,2025-04-01,0,0,0,0,0,0
15445,919,2025-05-01,0,0,0,0,0,0
15446,919,2025-06-01,0,0,0,0,0,0
15447,919,2025-07-01,0,0,0,0,0,0
15448,919,2025-08-01,0,0,0,0,0,0
15449,919,2025-09-01,0,0,0,0,0,0
15450,919,2025-10-01,0,0,0,0,0,0
15451,919,2025-11-01,0,0,0,0,0,0
15452,919,2025-12-01,0,0,0,0,0,0
15453,919,2026-01-01,0,0,0,0,0,0
15454,919,2026-02-01,0,0,0,0,0,0
15455,919,2026-03-01,0,0,0,0,0,0
15456,919,2026-04-01,0,0,0,0,0,0
15457,919,2026-05-01,0,0,0,0,0,0
15458,919,2026-06-01,0,0,0,0,0,0
15459,920,2025-12-01,0,4474,0,0,0,4474
15460,920,2026-01-01,4474,0,0,0,0,4474
15461,920,2026-02-01,4474,0,0,0,0,4474
15462,920,2026-03-01,4474,0,0,683,0,3791
15463,920,2026-04-01,3791,0,0,0,0,3791
15464,920,2026-05-01,3791,0,0,0,0,3791
15465,920,2026-06-01,3791,0,0,0,0,3791
15466,921,2026-02-01,0,20489,0,0,0,20489
15467,921,2026-03-01,20489,0,0,0,0,20489
15468,921,2026-04-01,20489,0,0,0,0,20489
15469,921,2026-05-01,20489,0,0,0,0,20489
15470,921,2026-06-01,20489,0,0,0,0,20489
15471,922,2024-05-01,0,46082,0,0,0,46082
15472,922,2024-06-01,46082,0,0,0,0,46082
15473,922,2024-07-01,46082,0,0,0,0,46082
15474,922,2024-08-01,46082,0,0,0,0,46082
15475,922,2024-09-01,46082,0,0,0,0,46082
15476,922,2024-10-01,46082,0,0,0,0,46082
15477,922,2024-11-01,46082,0,0,0,0,46082
15478,922,2024-12-01,46082,0,0,0,0,46082
15479,922,2025-01-01,46082,0,0,0,0,46082
15480,922,2025-02-01,46082,0,0,0,0,46082
15481,922,2025-03-01,46082,0,0,0,0,46082
15482,922,2025-04-01,46082,0,0,0,0,46082
15483,922,2025-05-01,46082,0,0,0,0,46082
15484,922,2025-06-01,46082,0,0,0,0,46082
15485,922,2025-07-01,46082,0,12541,0,0,58623
15486,922,2025-08-01,58623,0,0,0,0,58623
15487,922,2025-09-01,58623,0,0,0,0,58623
15488,922,2025-10-01,58623,0,0,0,0,58623
15489,922,2025-11-01,58623,0,0,0,0,58623
15490,922,2025-12-01,58623,0,0,0,0,58623
15491,922,2026-01-01,58623,0,13294,0,0,71917
15492,922,2026-02-01,71917,0,0,0,0,71917
15493,922,2026-03-01,71917,0,0,0,0,71917
15494,922,2026-04-01,71917,0,0,0,0,71917
15495,922,2026-05-01,71917,0,0,0,0,71917
15496,922,2026-06-01,71917,0,0,0,0,71917
15497,923,2024-06-01,0,11954,0,0,0,11954
15498,923,2024-07-01,11954,0,0,0,0,11954
15499,923,2024-08-01,11954,0,0,0,0,11954
15500,923,2024-09-01,11954,0,0,1878,0,10076
15501,923,2024-10-01,10076,0,0,0,0,10076
15502,923,2024-11-01,10076,0,0,0,0,10076
15503,923,2024-12-01,10076,0,0,0,0,10076
15504,923,2025-01-01,10076,0,0,0,0,10076
15505,923,2025-02-01,10076,0,0,1037,0,9039
15506,923,2025-03-01,9039,0,0,0,0,9039
15507,923,2025-04-01,9039,0,0,0,0,9039
15508,923,2025-05-01,9039,0,1336,0,0,10375
15509,923,2025-06-01,10375,0,0,0,0,10375
15510,923,2025-07-01,10375,0,0,0,0,10375
15511,923,2025-08-01,10375,0,0,0,0,10375
15512,923,2025-09-01,10375,0,0,0,0,10375
15513,923,2025-10-01,10375,0,0,0,0,10375
15514,923,2025-11-01,10375,0,0,0,0,10375
15515,923,2025-12-01,10375,0,0,0,0,10375
15516,923,2026-01-01,10375,0,0,0,0,10375
15517,923,2026-02-01,10375,0,0,0,0,10375
15518,923,2026-03-01,10375,0,2936,0,0,13311
15519,923,2026-04-01,13311,0,0,0,0,13311
15520,923,2026-05-01,13311,0,0,0,13311,0
15521,923,2026-06-01,0,0,0,0,0,0
15522,924,2024-12-01,0,5829,0,0,0,5829
15523,924,2025-01-01,5829,0,0,0,0,5829
15524,924,2025-02-01,5829,0,681,0,0,6510
15525,924,2025-03-01,6510,0,0,0,0,6510
15526,924,2025-04-01,6510,0,0,710,0,5800
15527,924,2025-05-01,5800,0,0,0,0,5800
15528,924,2025-06-01,5800,0,1076,0,0,6876
15529,924,2025-07-01,6876,0,0,0,0,6876
15530,924,2025-08-01,6876,0,0,0,0,6876
15531,924,2025-09-01,6876,0,0,0,0,6876
15532,924,2025-10-01,6876,0,0,0,0,6876
15533,924,2025-11-01,6876,0,1595,0,0,8471
15534,924,2025-12-01,8471,0,0,0,0,8471
15535,924,2026-01-01,8471,0,0,0,0,8471
15536,924,2026-02-01,8471,0,0,0,0,8471
15537,924,2026-03-01,8471,0,0,0,0,8471
15538,924,2026-04-01,8471,0,922,0,0,9393
15539,924,2026-05-01,9393,0,0,0,0,9393
15540,924,2026-06-01,9393,0,0,0,0,9393
15541,925,2025-02-01,0,51134,0,0,0,51134
15542,925,2025-03-01,51134,0,0,0,0,51134
15543,925,2025-04-01,51134,0,0,0,0,51134
15544,925,2025-05-01,51134,0,8973,0,0,60107
15545,925,2025-06-01,60107,0,0,0,0,60107
15546,925,2025-07-01,60107,0,0,0,0,60107
15547,925,2025-08-01,60107,0,0,6966,0,53141
15548,925,2025-09-01,53141,0,0,0,0,53141
15549,925,2025-10-01,53141,0,0,0,0,53141
15550,925,2025-11-01,53141,0,0,0,0,53141
15551,925,2025-12-01,53141,0,0,0,0,53141
15552,925,2026-01-01,53141,0,0,0,0,53141
15553,925,2026-02-01,53141,0,0,0,0,53141
15554,925,2026-03-01,53141,0,0,0,0,53141
15555,925,2026-04-01,53141,0,0,0,0,53141
15556,925,2026-05-01,53141,0,0,0,0,53141
15557,925,2026-06-01,53141,0,0,0,0,53141
15558,926,2026-01-01,0,3238,0,0,0,3238
15559,926,2026-02-01,3238,0,614,0,0,3852
15560,926,2026-03-01,3852,0,0,0,0,3852
15561,926,2026-04-01,3852,0,0,0,0,3852
15562,926,2026-05-01,3852,0,0,0,0,3852
15563,926,2026-06-01,3852,0,0,0,0,3852
15564,927,2025-09-01,0,11372,0,0,0,11372
15565,927,2025-10-01,11372,0,0,0,0,11372
15566,927,2025-11-01,11372,0,0,0,0,11372
15567,927,2025-12-01,11372,0,0,0,0,11372
15568,927,2026-01-01,11372,0,1371,0,0,12743
15569,927,2026-02-01,12743,0,0,0,0,12743
15570,927,2026-03-01,12743,0,0,0,0,12743
15571,927,2026-04-01,12743,0,0,0,0,12743
15572,927,2026-05-01,12743,0,0,0,0,12743
15573,927,2026-06-01,12743,0,0,0,0,12743
15574,928,2025-12-01,0,3457,0,0,0,3457
15575,928,2026-01-01,3457,0,0,0,0,3457
15576,928,2026-02-01,3457,0,0,346,0,3111
15577,928,2026-03-01,3111,0,0,0,0,3111
15578,928,2026-04-01,3111,0,0,0,0,3111
15579,928,2026-05-01,3111,0,0,0,0,3111
15580,928,2026-06-01,3111,0,0,0,0,3111
15581,929,2025-07-01,0,9679,0,0,0,9679
15582,929,2025-08-01,9679,0,0,0,0,9679
15583,929,2025-09-01,9679,0,0,2138,0,7541
15584,929,2025-10-01,7541,0,0,0,0,7541
15585,929,2025-11-01,7541,0,0,0,0,7541
15586,929,2025-12-01,7541,0,1379,0,0,8920
15587,929,2026-01-01,8920,0,0,0,8920,0
15588,929,2026-02-01,0,0,0,0,0,0
15589,929,2026-03-01,0,0,0,0,0,0
15590,929,2026-04-01,0,0,0,0,0,0
15591,929,2026-05-01,0,0,0,0,0,0
15592,929,2026-06-01,0,0,0,0,0,0
15593,930,2025-01-01,0,5912,0,0,0,5912
15594,930,2025-02-01,5912,0,0,0,0,5912
15595,930,2025-03-01,5912,0,0,0,0,5912
15596,930,2025-04-01,5912,0,0,0,0,5912
15597,930,2025-05-01,5912,0,0,0,5912,0
15598,930,2025-06-01,0,0,0,0,0,0
15599,930,2025-07-01,0,0,0,0,0,0
15600,930,2025-08-01,0,0,0,0,0,0
15601,930,2025-09-01,0,0,0,0,0,0
15602,930,2025-10-01,0,0,0,0,0,0
15603,930,2025-11-01,0,0,0,0,0,0
15604,930,2025-12-01,0,0,0,0,0,0
15605,930,2026-01-01,0,0,0,0,0,0
15606,930,2026-02-01,0,0,0,0,0,0
15607,930,2026-03-01,0,0,0,0,0,0
15608,930,2026-04-01,0,0,0,0,0,0
15609,930,2026-05-01,0,0,0,0,0,0
15610,930,2026-06-01,0,0,0,0,0,0
15611,931,2025-08-01,0,74918,0,0,0,74918
15612,931,2025-09-01,74918,0,0,0,0,74918
15613,931,2025-10-01,74918,0,0,0,0,74918
15614,931,2025-11-01,74918,0,9314,0,0,84232
15615,931,2025-12-01,84232,0,0,0,0,84232
15616,931,2026-01-01,84232,0,0,0,0,84232
15617,931,2026-02-01,84232,0,14282,0,0,98514
15618,931,2026-03-01,98514,0,0,0,0,98514
15619,931,2026-04-01,98514,0,0,0,0,98514
15620,931,2026-05-01,98514,0,0,0,0,98514
15621,931,2026-06-01,98514,0,0,0,0,98514
15622,932,2025-02-01,0,4521,0,0,0,4521
15623,932,2025-03-01,4521,0,0,0,0,4521
15624,932,2025-04-01,4521,0,0,0,0,4521
15625,932,2025-05-01,4521,0,0,0,0,4521
15626,932,2025-06-01,4521,0,0,0,0,4521
15627,932,2025-07-01,4521,0,0,0,0,4521
15628,932,2025-08-01,4521,0,0,0,0,4521
15629,932,2025-09-01,4521,0,0,0,0,4521
15630,932,2025-10-01,4521,0,0,0,0,4521
15631,932,2025-11-01,4521,0,0,0,0,4521
15632,932,2025-12-01,4521,0,0,0,0,4521
15633,932,2026-01-01,4521,0,0,0,0,4521
15634,932,2026-02-01,4521,0,0,0,4521,0
15635,932,2026-03-01,0,0,0,0,0,0
15636,932,2026-04-01,0,0,0,0,0,0
15637,932,2026-05-01,0,0,0,0,0,0
15638,932,2026-06-01,0,0,0,0,0,0
15639,933,2024-09-01,0,6574,0,0,0,6574
15640,933,2024-10-01,6574,0,0,0,0,6574
15641,933,2024-11-01,6574,0,0,0,0,6574
15642,933,2024-12-01,6574,0,0,0,0,6574
15643,933,2025-01-01,6574,0,0,0,0,6574
15644,933,2025-02-01,6574,0,0,0,0,6574
15645,933,2025-03-01,6574,0,0,0,0,6574
15646,933,2025-04-01,6574,0,0,0,0,6574
15647,933,2025-05-01,6574,0,0,0,0,6574
15648,933,2025-06-01,6574,0,0,0,0,6574
15649,933,2025-07-01,6574,0,0,0,0,6574
15650,933,2025-08-01,6574,0,0,0,0,6574
15651,933,2025-09-01,6574,0,0,0,0,6574
15652,933,2025-10-01,6574,0,0,0,0,6574
15653,933,2025-11-01,6574,0,0,0,0,6574
15654,933,2025-12-01,6574,0,0,0,0,6574
15655,933,2026-01-01,6574,0,0,0,0,6574
15656,933,2026-02-01,6574,0,0,0,0,6574
15657,933,2026-03-01,6574,0,0,0,0,6574
15658,933,2026-04-01,6574,0,0,0,0,6574
15659,933,2026-05-01,6574,0,0,0,0,6574
15660,933,2026-06-01,6574,0,0,0,6574,0
15661,934,2025-01-01,0,5239,0,0,0,5239
15662,934,2025-02-01,5239,0,600,0,0,5839
15663,934,2025-03-01,5839,0,0,0,0,5839
15664,934,2025-04-01,5839,0,0,0,0,5839
15665,934,2025-05-01,5839,0,1141,0,0,6980
15666,934,2025-06-01,6980,0,0,0,0,6980
15667,934,2025-07-01,6980,0,0,0,0,6980
15668,934,2025-08-01,6980,0,0,0,0,6980
15669,934,2025-09-01,6980,0,0,0,0,6980
15670,934,2025-10-01,6980,0,0,0,0,6980
15671,934,2025-11-01,6980,0,0,0,0,6980
15672,934,2025-12-01,6980,0,0,1266,0,5714
15673,934,2026-01-01,5714,0,0,0,0,5714
15674,934,2026-02-01,5714,0,0,0,0,5714
15675,934,2026-03-01,5714,0,0,0,0,5714
15676,934,2026-04-01,5714,0,0,0,0,5714
15677,934,2026-05-01,5714,0,0,0,0,5714
15678,934,2026-06-01,5714,0,0,0,0,5714
15679,935,2024-10-01,0,60385,0,0,0,60385
15680,935,2024-11-01,60385,0,0,0,0,60385
15681,935,2024-12-01,60385,0,0,0,0,60385
15682,935,2025-01-01,60385,0,0,0,0,60385
15683,935,2025-02-01,60385,0,0,0,0,60385
15684,935,2025-03-01,60385,0,0,0,0,60385
15685,935,2025-04-01,60385,0,0,0,0,60385
15686,935,2025-05-01,60385,0,0,0,0,60385
15687,935,2025-06-01,60385,0,0,0,0,60385
15688,935,2025-07-01,60385,0,0,0,0,60385
15689,935,2025-08-01,60385,0,0,0,0,60385
15690,935,2025-09-01,60385,0,0,0,0,60385
15691,935,2025-10-01,60385,0,0,0,0,60385
15692,935,2025-11-01,60385,0,0,0,0,60385
15693,935,2025-12-01,60385,0,0,6809,0,53576
15694,935,2026-01-01,53576,0,0,0,0,53576
15695,935,2026-02-01,53576,0,0,0,0,53576
15696,935,2026-03-01,53576,0,0,0,0,53576
15697,935,2026-04-01,53576,0,0,0,0,53576
15698,935,2026-05-01,53576,0,13887,0,0,67463
15699,935,2026-06-01,67463,0,7910,0,0,75373
15700,936,2024-02-01,0,6482,0,0,0,6482
15701,936,2024-03-01,6482,0,0,0,0,6482
15702,936,2024-04-01,6482,0,0,0,0,6482
15703,936,2024-05-01,6482,0,1936,0,0,8418
15704,936,2024-06-01,8418,0,0,0,0,8418
15705,936,2024-07-01,8418,0,0,0,0,8418
15706,936,2024-08-01,8418,0,0,0,0,8418
15707,936,2024-09-01,8418,0,1019,0,0,9437
15708,936,2024-10-01,9437,0,0,0,0,9437
15709,936,2024-11-01,9437,0,0,0,0,9437
15710,936,2024-12-01,9437,0,0,0,0,9437
15711,936,2025-01-01,9437,0,0,0,0,9437
15712,936,2025-02-01,9437,0,1485,0,0,10922
15713,936,2025-03-01,10922,0,0,0,0,10922
15714,936,2025-04-01,10922,0,0,0,0,10922
15715,936,2025-05-01,10922,0,0,0,0,10922
15716,936,2025-06-01,10922,0,0,0,0,10922
15717,936,2025-07-01,10922,0,0,0,0,10922
15718,936,2025-08-01,10922,0,0,0,0,10922
15719,936,2025-09-01,10922,0,0,0,0,10922
15720,936,2025-10-01,10922,0,0,0,0,10922
15721,936,2025-11-01,10922,0,2400,0,0,13322
15722,936,2025-12-01,13322,0,3324,0,0,16646
15723,936,2026-01-01,16646,0,0,0,0,16646
15724,936,2026-02-01,16646,0,2000,0,0,18646
15725,936,2026-03-01,18646,0,0,0,0,18646
15726,936,2026-04-01,18646,0,0,2777,0,15869
15727,936,2026-05-01,15869,0,0,0,0,15869
15728,936,2026-06-01,15869,0,0,0,0,15869
15729,937,2025-08-01,0,15666,0,0,0,15666
15730,937,2025-09-01,15666,0,0,0,0,15666
15731,937,2025-10-01,15666,0,0,0,15666,0
15732,937,2025-11-01,0,0,0,0,0,0
15733,937,2025-12-01,0,0,0,0,0,0
15734,937,2026-01-01,0,0,0,0,0,0
15735,937,2026-02-01,0,0,0,0,0,0
15736,937,2026-03-01,0,0,0,0,0,0
15737,937,2026-04-01,0,0,0,0,0,0
15738,937,2026-05-01,0,0,0,0,0,0
15739,937,2026-06-01,0,0,0,0,0,0
15740,938,2024-10-01,0,15989,0,0,0,15989
15741,938,2024-11-01,15989,0,0,0,0,15989
15742,938,2024-12-01,15989,0,0,0,0,15989
15743,938,2025-01-01,15989,0,0,0,15989,0
15744,938,2025-02-01,0,0,0,0,0,0
15745,938,2025-03-01,0,0,0,0,0,0
15746,938,2025-04-01,0,0,0,0,0,0
15747,938,2025-05-01,0,0,0,0,0,0
15748,938,2025-06-01,0,0,0,0,0,0
15749,938,2025-07-01,0,0,0,0,0,0
15750,938,2025-08-01,0,0,0,0,0,0
15751,938,2025-09-01,0,0,0,0,0,0
15752,938,2025-10-01,0,0,0,0,0,0
15753,938,2025-11-01,0,0,0,0,0,0
15754,938,2025-12-01,0,0,0,0,0,0
15755,938,2026-01-01,0,0,0,0,0,0
15756,938,2026-02-01,0,0,0,0,0,0
15757,938,2026-03-01,0,0,0,0,0,0
15758,938,2026-04-01,0,0,0,0,0,0
15759,938,2026-05-01,0,0,0,0,0,0
15760,938,2026-06-01,0,0,0,0,0,0
15761,939,2025-09-01,0,11737,0,0,0,11737
15762,939,2025-10-01,11737,0,0,0,0,11737
15763,939,2025-11-01,11737,0,0,0,0,11737
15764,939,2025-12-01,11737,0,0,0,0,11737
15765,939,2026-01-01,11737,0,1327,0,0,13064
15766,939,2026-02-01,13064,0,0,1532,0,11532
15767,939,2026-03-01,11532,0,0,0,0,11532
15768,939,2026-04-01,11532,0,0,0,0,11532
15769,939,2026-05-01,11532,0,0,0,0,11532
15770,939,2026-06-01,11532,0,0,0,11532,0
15771,940,2024-10-01,0,7091,0,0,0,7091
15772,940,2024-11-01,7091,0,0,0,0,7091
15773,940,2024-12-01,7091,0,0,0,0,7091
15774,940,2025-01-01,7091,0,0,0,7091,0
15775,940,2025-02-01,0,0,0,0,0,0
15776,940,2025-03-01,0,0,0,0,0,0
15777,940,2025-04-01,0,0,0,0,0,0
15778,940,2025-05-01,0,0,0,0,0,0
15779,940,2025-06-01,0,0,0,0,0,0
15780,940,2025-07-01,0,0,0,0,0,0
15781,940,2025-08-01,0,0,0,0,0,0
15782,940,2025-09-01,0,0,0,0,0,0
15783,940,2025-10-01,0,0,0,0,0,0
15784,940,2025-11-01,0,0,0,0,0,0
15785,940,2025-12-01,0,0,0,0,0,0
15786,940,2026-01-01,0,0,0,0,0,0
15787,940,2026-02-01,0,0,0,0,0,0
15788,940,2026-03-01,0,0,0,0,0,0
15789,940,2026-04-01,0,0,0,0,0,0
15790,940,2026-05-01,0,0,0,0,0,0
15791,940,2026-06-01,0,0,0,0,0,0
15792,941,2025-12-01,0,10124,0,0,0,10124
15793,941,2026-01-01,10124,0,0,0,0,10124
15794,941,2026-02-01,10124,0,0,0,0,10124
15795,941,2026-03-01,10124,0,0,0,0,10124
15796,941,2026-04-01,10124,0,0,0,0,10124
15797,941,2026-05-01,10124,0,0,0,0,10124
15798,941,2026-06-01,10124,0,0,0,0,10124
15799,942,2025-10-01,0,14485,0,0,0,14485
15800,942,2025-11-01,14485,0,0,0,0,14485
15801,942,2025-12-01,14485,0,0,0,0,14485
15802,942,2026-01-01,14485,0,0,0,0,14485
15803,942,2026-02-01,14485,0,0,0,0,14485
15804,942,2026-03-01,14485,0,0,0,0,14485
15805,942,2026-04-01,14485,0,0,0,0,14485
15806,942,2026-05-01,14485,0,0,0,0,14485
15807,942,2026-06-01,14485,0,0,0,0,14485
15808,943,2024-02-01,0,3902,0,0,0,3902
15809,943,2024-03-01,3902,0,0,464,0,3438
15810,943,2024-04-01,3438,0,0,0,0,3438
15811,943,2024-05-01,3438,0,0,0,0,3438
15812,943,2024-06-01,3438,0,0,0,0,3438
15813,943,2024-07-01,3438,0,0,0,0,3438
15814,943,2024-08-01,3438,0,0,0,0,3438
15815,943,2024-09-01,3438,0,0,0,0,3438
15816,943,2024-10-01,3438,0,0,0,0,3438
15817,943,2024-11-01,3438,0,0,695,0,2743
15818,943,2024-12-01,2743,0,0,457,0,2286
15819,943,2025-01-01,2286,0,0,0,0,2286
15820,943,2025-02-01,2286,0,0,0,0,2286
15821,943,2025-03-01,2286,0,0,0,0,2286
15822,943,2025-04-01,2286,0,0,0,0,2286
15823,943,2025-05-01,2286,0,0,0,0,2286
15824,943,2025-06-01,2286,0,0,232,0,2054
15825,943,2025-07-01,2054,0,0,0,0,2054
15826,943,2025-08-01,2054,0,0,0,0,2054
15827,943,2025-09-01,2054,0,0,0,0,2054
15828,943,2025-10-01,2054,0,0,0,0,2054
15829,943,2025-11-01,2054,0,0,0,0,2054
15830,943,2025-12-01,2054,0,0,0,2054,0
15831,943,2026-01-01,0,0,0,0,0,0
15832,943,2026-02-01,0,0,0,0,0,0
15833,943,2026-03-01,0,0,0,0,0,0
15834,943,2026-04-01,0,0,0,0,0,0
15835,943,2026-05-01,0,0,0,0,0,0
15836,943,2026-06-01,0,0,0,0,0,0
15837,944,2025-05-01,0,7452,0,0,0,7452
15838,944,2025-06-01,7452,0,0,0,0,7452
15839,944,2025-07-01,7452,0,0,0,0,7452
15840,944,2025-08-01,7452,0,1424,0,0,8876
15841,944,2025-09-01,8876,0,0,0,0,8876
15842,944,2025-10-01,8876,0,1099,0,0,9975
15843,944,2025-11-01,9975,0,0,0,0,9975
15844,944,2025-12-01,9975,0,0,0,0,9975
15845,944,2026-01-01,9975,0,0,0,0,9975
15846,944,2026-02-01,9975,0,0,0,0,9975
15847,944,2026-03-01,9975,0,0,0,0,9975
15848,944,2026-04-01,9975,0,0,0,0,9975
15849,944,2026-05-01,9975,0,0,0,0,9975
15850,944,2026-06-01,9975,0,0,1765,0,8210
15851,945,2025-02-01,0,6944,0,0,0,6944
15852,945,2025-03-01,6944,0,0,0,0,6944
15853,945,2025-04-01,6944,0,0,0,0,6944
15854,945,2025-05-01,6944,0,0,0,0,6944
15855,945,2025-06-01,6944,0,0,0,0,6944
15856,945,2025-07-01,6944,0,0,0,0,6944
15857,945,2025-08-01,6944,0,0,0,0,6944
15858,945,2025-09-01,6944,0,0,0,0,6944
15859,945,2025-10-01,6944,0,0,0,0,6944
15860,945,2025-11-01,6944,0,0,0,0,6944
15861,945,2025-12-01,6944,0,0,0,0,6944
15862,945,2026-01-01,6944,0,0,0,0,6944
15863,945,2026-02-01,6944,0,0,0,0,6944
15864,945,2026-03-01,6944,0,0,0,0,6944
15865,945,2026-04-01,6944,0,0,1282,0,5662
15866,945,2026-05-01,5662,0,1510,0,0,7172
15867,945,2026-06-01,7172,0,0,0,0,7172
15868,946,2024-10-01,0,18828,0,0,0,18828
15869,946,2024-11-01,18828,0,0,0,0,18828
15870,946,2024-12-01,18828,0,2378,0,0,21206
15871,946,2025-01-01,21206,0,0,0,21206,0
15872,946,2025-02-01,0,0,0,0,0,0
15873,946,2025-03-01,0,0,0,0,0,0
15874,946,2025-04-01,0,0,0,0,0,0
15875,946,2025-05-01,0,0,0,0,0,0
15876,946,2025-06-01,0,0,0,0,0,0
15877,946,2025-07-01,0,0,0,0,0,0
15878,946,2025-08-01,0,0,0,0,0,0
15879,946,2025-09-01,0,0,0,0,0,0
15880,946,2025-10-01,0,0,0,0,0,0
15881,946,2025-11-01,0,0,0,0,0,0
15882,946,2025-12-01,0,0,0,0,0,0
15883,946,2026-01-01,0,0,0,0,0,0
15884,946,2026-02-01,0,0,0,0,0,0
15885,946,2026-03-01,0,0,0,0,0,0
15886,946,2026-04-01,0,0,0,0,0,0
15887,946,2026-05-01,0,0,0,0,0,0
15888,946,2026-06-01,0,0,0,0,0,0
15889,947,2025-06-01,0,26336,0,0,0,26336
15890,947,2025-07-01,26336,0,0,0,26336,0
15891,947,2025-08-01,0,0,0,0,0,0
15892,947,2025-09-01,0,0,0,0,0,0
15893,947,2025-10-01,0,0,0,0,0,0
15894,947,2025-11-01,0,0,0,0,0,0
15895,947,2025-12-01,0,0,0,0,0,0
15896,947,2026-01-01,0,0,0,0,0,0
15897,947,2026-02-01,0,0,0,0,0,0
15898,947,2026-03-01,0,0,0,0,0,0
15899,947,2026-04-01,0,0,0,0,0,0
15900,947,2026-05-01,0,0,0,0,0,0
15901,947,2026-06-01,0,0,0,0,0,0
15902,948,2025-03-01,0,6686,0,0,0,6686
15903,948,2025-04-01,6686,0,0,1509,0,5177
15904,948,2025-05-01,5177,0,567,0,0,5744
15905,948,2025-06-01,5744,0,0,0,0,5744
15906,948,2025-07-01,5744,0,0,0,0,5744
15907,948,2025-08-01,5744,0,828,0,0,6572
15908,948,2025-09-01,6572,0,0,0,0,6572
15909,948,2025-10-01,6572,0,0,0,0,6572
15910,948,2025-11-01,6572,0,0,0,0,6572
15911,948,2025-12-01,6572,0,0,0,0,6572
15912,948,2026-01-01,6572,0,0,0,0,6572
15913,948,2026-02-01,6572,0,1104,0,0,7676
15914,948,2026-03-01,7676,0,0,0,0,7676
15915,948,2026-04-01,7676,0,0,0,7676,0
15916,948,2026-05-01,0,0,0,0,0,0
15917,948,2026-06-01,0,0,0,0,0,0
15918,949,2026-02-01,0,28843,0,0,0,28843
15919,949,2026-03-01,28843,0,0,0,28843,0
15920,949,2026-04-01,0,0,0,0,0,0
15921,949,2026-05-01,0,0,0,0,0,0
15922,949,2026-06-01,0,0,0,0,0,0
15923,950,2024-06-01,0,5878,0,0,0,5878
15924,950,2024-07-01,5878,0,0,0,0,5878
15925,950,2024-08-01,5878,0,0,0,0,5878
15926,950,2024-09-01,5878,0,0,0,0,5878
15927,950,2024-10-01,5878,0,0,0,0,5878
15928,950,2024-11-01,5878,0,0,720,0,5158
15929,950,2024-12-01,5158,0,0,0,0,5158
15930,950,2025-01-01,5158,0,0,0,0,5158
15931,950,2025-02-01,5158,0,0,0,0,5158
15932,950,2025-03-01,5158,0,0,0,0,5158
15933,950,2025-04-01,5158,0,0,0,0,5158
15934,950,2025-05-01,5158,0,0,0,0,5158
15935,950,2025-06-01,5158,0,0,0,0,5158
15936,950,2025-07-01,5158,0,0,0,0,5158
15937,950,2025-08-01,5158,0,0,0,0,5158
15938,950,2025-09-01,5158,0,0,0,0,5158
15939,950,2025-10-01,5158,0,0,0,0,5158
15940,950,2025-11-01,5158,0,0,0,0,5158
15941,950,2025-12-01,5158,0,0,0,0,5158
15942,950,2026-01-01,5158,0,0,0,0,5158
15943,950,2026-02-01,5158,0,0,0,0,5158
15944,950,2026-03-01,5158,0,1373,0,0,6531
15945,950,2026-04-01,6531,0,0,0,0,6531
15946,950,2026-05-01,6531,0,0,0,0,6531
15947,950,2026-06-01,6531,0,0,0,0,6531
15948,951,2025-05-01,0,19954,0,0,0,19954
15949,951,2025-06-01,19954,0,0,0,0,19954
15950,951,2025-07-01,19954,0,0,0,0,19954
15951,951,2025-08-01,19954,0,0,0,0,19954
15952,951,2025-09-01,19954,0,0,0,0,19954
15953,951,2025-10-01,19954,0,0,0,0,19954
15954,951,2025-11-01,19954,0,0,0,0,19954
15955,951,2025-12-01,19954,0,0,0,0,19954
15956,951,2026-01-01,19954,0,0,0,0,19954
15957,951,2026-02-01,19954,0,0,0,0,19954
15958,951,2026-03-01,19954,0,0,0,0,19954
15959,951,2026-04-01,19954,0,0,0,0,19954
15960,951,2026-05-01,19954,0,0,0,0,19954
15961,951,2026-06-01,19954,0,0,0,0,19954
15962,952,2025-05-01,0,22782,0,0,0,22782
15963,952,2025-06-01,22782,0,0,0,0,22782
15964,952,2025-07-01,22782,0,0,0,0,22782
15965,952,2025-08-01,22782,0,0,0,0,22782
15966,952,2025-09-01,22782,0,0,0,0,22782
15967,952,2025-10-01,22782,0,0,0,0,22782
15968,952,2025-11-01,22782,0,0,0,0,22782
15969,952,2025-12-01,22782,0,0,0,0,22782
15970,952,2026-01-01,22782,0,0,0,0,22782
15971,952,2026-02-01,22782,0,6332,0,0,29114
15972,952,2026-03-01,29114,0,0,0,0,29114
15973,952,2026-04-01,29114,0,0,0,0,29114
15974,952,2026-05-01,29114,0,0,3559,0,25555
15975,952,2026-06-01,25555,0,0,0,0,25555
15976,953,2024-12-01,0,3466,0,0,0,3466
15977,953,2025-01-01,3466,0,0,0,0,3466
15978,953,2025-02-01,3466,0,0,0,0,3466
15979,953,2025-03-01,3466,0,0,0,0,3466
15980,953,2025-04-01,3466,0,0,0,0,3466
15981,953,2025-05-01,3466,0,0,0,0,3466
15982,953,2025-06-01,3466,0,937,0,0,4403
15983,953,2025-07-01,4403,0,0,0,0,4403
15984,953,2025-08-01,4403,0,0,0,0,4403
15985,953,2025-09-01,4403,0,0,0,0,4403
15986,953,2025-10-01,4403,0,0,0,0,4403
15987,953,2025-11-01,4403,0,0,0,0,4403
15988,953,2025-12-01,4403,0,0,0,0,4403
15989,953,2026-01-01,4403,0,1068,0,0,5471
15990,953,2026-02-01,5471,0,0,0,0,5471
15991,953,2026-03-01,5471,0,0,0,0,5471
15992,953,2026-04-01,5471,0,0,0,5471,0
15993,953,2026-05-01,0,0,0,0,0,0
15994,953,2026-06-01,0,0,0,0,0,0
15995,954,2025-05-01,0,16634,0,0,0,16634
15996,954,2025-06-01,16634,0,0,0,0,16634
15997,954,2025-07-01,16634,0,0,0,0,16634
15998,954,2025-08-01,16634,0,0,0,0,16634
15999,954,2025-09-01,16634,0,0,0,0,16634
16000,954,2025-10-01,16634,0,0,0,0,16634
16001,954,2025-11-01,16634,0,0,0,0,16634
16002,954,2025-12-01,16634,0,0,0,0,16634
16003,954,2026-01-01,16634,0,0,0,0,16634
16004,954,2026-02-01,16634,0,0,0,0,16634
16005,954,2026-03-01,16634,0,2495,0,0,19129
16006,954,2026-04-01,19129,0,2093,0,0,21222
16007,954,2026-05-01,21222,0,0,0,0,21222
16008,954,2026-06-01,21222,0,0,0,0,21222
16009,955,2024-02-01,0,5835,0,0,0,5835
16010,955,2024-03-01,5835,0,0,0,0,5835
16011,955,2024-04-01,5835,0,0,0,0,5835
16012,955,2024-05-01,5835,0,0,0,0,5835
16013,955,2024-06-01,5835,0,0,0,0,5835
16014,955,2024-07-01,5835,0,0,0,0,5835
16015,955,2024-08-01,5835,0,0,0,5835,0
16016,955,2024-09-01,0,0,0,0,0,0
16017,955,2024-10-01,0,0,0,0,0,0
16018,955,2024-11-01,0,0,0,0,0,0
16019,955,2024-12-01,0,0,0,0,0,0
16020,955,2025-01-01,0,0,0,0,0,0
16021,955,2025-02-01,0,0,0,0,0,0
16022,955,2025-03-01,0,0,0,0,0,0
16023,955,2025-04-01,0,0,0,0,0,0
16024,955,2025-05-01,0,0,0,0,0,0
16025,955,2025-06-01,0,0,0,0,0,0
16026,955,2025-07-01,0,0,0,0,0,0
16027,955,2025-08-01,0,0,0,0,0,0
16028,955,2025-09-01,0,0,0,0,0,0
16029,955,2025-10-01,0,0,0,0,0,0
16030,955,2025-11-01,0,0,0,0,0,0
16031,955,2025-12-01,0,0,0,0,0,0
16032,955,2026-01-01,0,0,0,0,0,0
16033,955,2026-02-01,0,0,0,0,0,0
16034,955,2026-03-01,0,0,0,0,0,0
16035,955,2026-04-01,0,0,0,0,0,0
16036,955,2026-05-01,0,0,0,0,0,0
16037,955,2026-06-01,0,0,0,0,0,0
16038,956,2024-09-01,0,14618,0,0,0,14618
16039,956,2024-10-01,14618,0,0,0,0,14618
16040,956,2024-11-01,14618,0,0,0,0,14618
16041,956,2024-12-01,14618,0,0,0,0,14618
16042,956,2025-01-01,14618,0,0,0,0,14618
16043,956,2025-02-01,14618,0,0,0,0,14618
16044,956,2025-03-01,14618,0,0,0,0,14618
16045,956,2025-04-01,14618,0,0,0,0,14618
16046,956,2025-05-01,14618,0,0,0,0,14618
16047,956,2025-06-01,14618,0,0,0,0,14618
16048,956,2025-07-01,14618,0,0,2279,0,12339
16049,956,2025-08-01,12339,0,0,0,0,12339
16050,956,2025-09-01,12339,0,0,0,0,12339
16051,956,2025-10-01,12339,0,0,0,0,12339
16052,956,2025-11-01,12339,0,0,0,0,12339
16053,956,2025-12-01,12339,0,0,0,0,12339
16054,956,2026-01-01,12339,0,0,0,0,12339
16055,956,2026-02-01,12339,0,0,0,0,12339
16056,956,2026-03-01,12339,0,0,0,0,12339
16057,956,2026-04-01,12339,0,0,0,0,12339
16058,956,2026-05-01,12339,0,0,0,12339,0
16059,956,2026-06-01,0,0,0,0,0,0
16060,957,2024-07-01,0,13607,0,0,0,13607
16061,957,2024-08-01,13607,0,0,0,0,13607
16062,957,2024-09-01,13607,0,2800,0,0,16407
16063,957,2024-10-01,16407,0,0,0,0,16407
16064,957,2024-11-01,16407,0,0,0,0,16407
16065,957,2024-12-01,16407,0,0,0,0,16407
16066,957,2025-01-01,16407,0,0,0,0,16407
16067,957,2025-02-01,16407,0,0,0,0,16407
16068,957,2025-03-01,16407,0,0,0,16407,0
16069,957,2025-04-01,0,0,0,0,0,0
16070,957,2025-05-01,0,0,0,0,0,0
16071,957,2025-06-01,0,0,0,0,0,0
16072,957,2025-07-01,0,0,0,0,0,0
16073,957,2025-08-01,0,0,0,0,0,0
16074,957,2025-09-01,0,0,0,0,0,0
16075,957,2025-10-01,0,0,0,0,0,0
16076,957,2025-11-01,0,0,0,0,0,0
16077,957,2025-12-01,0,0,0,0,0,0
16078,957,2026-01-01,0,0,0,0,0,0
16079,957,2026-02-01,0,0,0,0,0,0
16080,957,2026-03-01,0,0,0,0,0,0
16081,957,2026-04-01,0,0,0,0,0,0
16082,957,2026-05-01,0,0,0,0,0,0
16083,957,2026-06-01,0,0,0,0,0,0
16084,958,2024-03-01,0,3686,0,0,0,3686
16085,958,2024-04-01,3686,0,0,0,0,3686
16086,958,2024-05-01,3686,0,0,0,0,3686
16087,958,2024-06-01,3686,0,0,0,0,3686
16088,958,2024-07-01,3686,0,0,0,0,3686
16089,958,2024-08-01,3686,0,0,0,0,3686
16090,958,2024-09-01,3686,0,0,0,0,3686
16091,958,2024-10-01,3686,0,0,0,0,3686
16092,958,2024-11-01,3686,0,0,0,0,3686
16093,958,2024-12-01,3686,0,0,0,0,3686
16094,958,2025-01-01,3686,0,0,0,0,3686
16095,958,2025-02-01,3686,0,0,0,0,3686
16096,958,2025-03-01,3686,0,505,0,0,4191
16097,958,2025-04-01,4191,0,0,0,0,4191
16098,958,2025-05-01,4191,0,0,0,4191,0
16099,958,2025-06-01,0,0,0,0,0,0
16100,958,2025-07-01,0,0,0,0,0,0
16101,958,2025-08-01,0,0,0,0,0,0
16102,958,2025-09-01,0,0,0,0,0,0
16103,958,2025-10-01,0,0,0,0,0,0
16104,958,2025-11-01,0,0,0,0,0,0
16105,958,2025-12-01,0,0,0,0,0,0
16106,958,2026-01-01,0,0,0,0,0,0
16107,958,2026-02-01,0,0,0,0,0,0
16108,958,2026-03-01,0,0,0,0,0,0
16109,958,2026-04-01,0,0,0,0,0,0
16110,958,2026-05-01,0,0,0,0,0,0
16111,958,2026-06-01,0,0,0,0,0,0
16112,959,2025-06-01,0,4631,0,0,0,4631
16113,959,2025-07-01,4631,0,0,0,0,4631
16114,959,2025-08-01,4631,0,0,0,0,4631
16115,959,2025-09-01,4631,0,0,0,0,4631
16116,959,2025-10-01,4631,0,0,0,0,4631
16117,959,2025-11-01,4631,0,0,0,0,4631
16118,959,2025-12-01,4631,0,0,0,0,4631
16119,959,2026-01-01,4631,0,0,0,4631,0
16120,959,2026-02-01,0,0,0,0,0,0
16121,959,2026-03-01,0,0,0,0,0,0
16122,959,2026-04-01,0,0,0,0,0,0
16123,959,2026-05-01,0,0,0,0,0,0
16124,959,2026-06-01,0,0,0,0,0,0
16125,960,2024-04-01,0,7221,0,0,0,7221
16126,960,2024-05-01,7221,0,0,0,0,7221
16127,960,2024-06-01,7221,0,0,0,0,7221
16128,960,2024-07-01,7221,0,0,0,7221,0
16129,960,2024-08-01,0,0,0,0,0,0
16130,960,2024-09-01,0,0,0,0,0,0
16131,960,2024-10-01,0,0,0,0,0,0
16132,960,2024-11-01,0,0,0,0,0,0
16133,960,2024-12-01,0,0,0,0,0,0
16134,960,2025-01-01,0,0,0,0,0,0
16135,960,2025-02-01,0,0,0,0,0,0
16136,960,2025-03-01,0,0,0,0,0,0
16137,960,2025-04-01,0,0,0,0,0,0
16138,960,2025-05-01,0,0,0,0,0,0
16139,960,2025-06-01,0,0,0,0,0,0
16140,960,2025-07-01,0,0,0,0,0,0
16141,960,2025-08-01,0,0,0,0,0,0
16142,960,2025-09-01,0,0,0,0,0,0
16143,960,2025-10-01,0,0,0,0,0,0
16144,960,2025-11-01,0,0,0,0,0,0
16145,960,2025-12-01,0,0,0,0,0,0
16146,960,2026-01-01,0,0,0,0,0,0
16147,960,2026-02-01,0,0,0,0,0,0
16148,960,2026-03-01,0,0,0,0,0,0
16149,960,2026-04-01,0,0,0,0,0,0
16150,960,2026-05-01,0,0,0,0,0,0
16151,960,2026-06-01,0,0,0,0,0,0
16152,961,2024-11-01,0,41131,0,0,0,41131
16153,961,2024-12-01,41131,0,0,0,0,41131
16154,961,2025-01-01,41131,0,0,0,0,41131
16155,961,2025-02-01,41131,0,0,0,0,41131
16156,961,2025-03-01,41131,0,0,0,0,41131
16157,961,2025-04-01,41131,0,0,0,0,41131
16158,961,2025-05-01,41131,0,0,0,0,41131
16159,961,2025-06-01,41131,0,0,0,0,41131
16160,961,2025-07-01,41131,0,0,0,0,41131
16161,961,2025-08-01,41131,0,0,0,0,41131
16162,961,2025-09-01,41131,0,0,0,0,41131
16163,961,2025-10-01,41131,0,0,0,0,41131
16164,961,2025-11-01,41131,0,0,0,0,41131
16165,961,2025-12-01,41131,0,0,0,0,41131
16166,961,2026-01-01,41131,0,0,4569,0,36562
16167,961,2026-02-01,36562,0,0,0,0,36562
16168,961,2026-03-01,36562,0,0,0,36562,0
16169,961,2026-04-01,0,0,0,0,0,0
16170,961,2026-05-01,0,0,0,0,0,0
16171,961,2026-06-01,0,0,0,0,0,0
16172,962,2026-02-01,0,10392,0,0,0,10392
16173,962,2026-03-01,10392,0,0,0,0,10392
16174,962,2026-04-01,10392,0,0,0,0,10392
16175,962,2026-05-01,10392,0,0,0,0,10392
16176,962,2026-06-01,10392,0,0,0,0,10392
16177,963,2025-04-01,0,7024,0,0,0,7024
16178,963,2025-05-01,7024,0,0,0,0,7024
16179,963,2025-06-01,7024,0,0,0,0,7024
16180,963,2025-07-01,7024,0,0,0,0,7024
16181,963,2025-08-01,7024,0,0,0,7024,0
16182,963,2025-09-01,0,0,0,0,0,0
16183,963,2025-10-01,0,0,0,0,0,0
16184,963,2025-11-01,0,0,0,0,0,0
16185,963,2025-12-01,0,0,0,0,0,0
16186,963,2026-01-01,0,0,0,0,0,0
16187,963,2026-02-01,0,0,0,0,0,0
16188,963,2026-03-01,0,0,0,0,0,0
16189,963,2026-04-01,0,0,0,0,0,0
16190,963,2026-05-01,0,0,0,0,0,0
16191,963,2026-06-01,0,0,0,0,0,0
16192,964,2024-11-01,0,8480,0,0,0,8480
16193,964,2024-12-01,8480,0,0,0,8480,0
16194,964,2025-01-01,0,0,0,0,0,0
16195,964,2025-02-01,0,0,0,0,0,0
16196,964,2025-03-01,0,0,0,0,0,0
16197,964,2025-04-01,0,0,0,0,0,0
16198,964,2025-05-01,0,0,0,0,0,0
16199,964,2025-06-01,0,0,0,0,0,0
16200,964,2025-07-01,0,0,0,0,0,0
16201,964,2025-08-01,0,0,0,0,0,0
16202,964,2025-09-01,0,0,0,0,0,0
16203,964,2025-10-01,0,0,0,0,0,0
16204,964,2025-11-01,0,0,0,0,0,0
16205,964,2025-12-01,0,0,0,0,0,0
16206,964,2026-01-01,0,0,0,0,0,0
16207,964,2026-02-01,0,0,0,0,0,0
16208,964,2026-03-01,0,0,0,0,0,0
16209,964,2026-04-01,0,0,0,0,0,0
16210,964,2026-05-01,0,0,0,0,0,0
16211,964,2026-06-01,0,0,0,0,0,0
16212,965,2025-05-01,0,23844,0,0,0,23844
16213,965,2025-06-01,23844,0,0,0,0,23844
16214,965,2025-07-01,23844,0,0,0,0,23844
16215,965,2025-08-01,23844,0,0,0,0,23844
16216,965,2025-09-01,23844,0,0,0,0,23844
16217,965,2025-10-01,23844,0,0,0,0,23844
16218,965,2025-11-01,23844,0,0,0,0,23844
16219,965,2025-12-01,23844,0,0,0,0,23844
16220,965,2026-01-01,23844,0,0,0,0,23844
16221,965,2026-02-01,23844,0,0,0,0,23844
16222,965,2026-03-01,23844,0,0,4810,0,19034
16223,965,2026-04-01,19034,0,0,0,0,19034
16224,965,2026-05-01,19034,0,0,0,0,19034
16225,965,2026-06-01,19034,0,0,0,0,19034
16226,966,2025-10-01,0,7067,0,0,0,7067
16227,966,2025-11-01,7067,0,0,0,0,7067
16228,966,2025-12-01,7067,0,0,0,0,7067
16229,966,2026-01-01,7067,0,0,0,0,7067
16230,966,2026-02-01,7067,0,0,0,0,7067
16231,966,2026-03-01,7067,0,0,0,0,7067
16232,966,2026-04-01,7067,0,0,0,0,7067
16233,966,2026-05-01,7067,0,0,0,0,7067
16234,966,2026-06-01,7067,0,0,0,0,7067
16235,967,2024-08-01,0,8391,0,0,0,8391
16236,967,2024-09-01,8391,0,0,0,0,8391
16237,967,2024-10-01,8391,0,0,0,0,8391
16238,967,2024-11-01,8391,0,0,0,0,8391
16239,967,2024-12-01,8391,0,0,1847,0,6544
16240,967,2025-01-01,6544,0,1624,0,0,8168
16241,967,2025-02-01,8168,0,0,0,0,8168
16242,967,2025-03-01,8168,0,0,0,0,8168
16243,967,2025-04-01,8168,0,0,0,0,8168
16244,967,2025-05-01,8168,0,0,0,0,8168
16245,967,2025-06-01,8168,0,0,0,0,8168
16246,967,2025-07-01,8168,0,0,0,0,8168
16247,967,2025-08-01,8168,0,0,0,0,8168
16248,967,2025-09-01,8168,0,905,0,0,9073
16249,967,2025-10-01,9073,0,1539,0,0,10612
16250,967,2025-11-01,10612,0,0,1619,0,8993
16251,967,2025-12-01,8993,0,0,0,0,8993
16252,967,2026-01-01,8993,0,0,1026,0,7967
16253,967,2026-02-01,7967,0,0,0,0,7967
16254,967,2026-03-01,7967,0,0,0,0,7967
16255,967,2026-04-01,7967,0,0,0,0,7967
16256,967,2026-05-01,7967,0,0,0,0,7967
16257,967,2026-06-01,7967,0,0,1904,0,6063
16258,968,2024-06-01,0,11339,0,0,0,11339
16259,968,2024-07-01,11339,0,0,0,0,11339
16260,968,2024-08-01,11339,0,0,0,0,11339
16261,968,2024-09-01,11339,0,0,0,11339,0
16262,968,2024-10-01,0,0,0,0,0,0
16263,968,2024-11-01,0,0,0,0,0,0
16264,968,2024-12-01,0,0,0,0,0,0
16265,968,2025-01-01,0,0,0,0,0,0
16266,968,2025-02-01,0,0,0,0,0,0
16267,968,2025-03-01,0,0,0,0,0,0
16268,968,2025-04-01,0,0,0,0,0,0
16269,968,2025-05-01,0,0,0,0,0,0
16270,968,2025-06-01,0,0,0,0,0,0
16271,968,2025-07-01,0,0,0,0,0,0
16272,968,2025-08-01,0,0,0,0,0,0
16273,968,2025-09-01,0,0,0,0,0,0
16274,968,2025-10-01,0,0,0,0,0,0
16275,968,2025-11-01,0,0,0,0,0,0
16276,968,2025-12-01,0,0,0,0,0,0
16277,968,2026-01-01,0,0,0,0,0,0
16278,968,2026-02-01,0,0,0,0,0,0
16279,968,2026-03-01,0,0,0,0,0,0
16280,968,2026-04-01,0,0,0,0,0,0
16281,968,2026-05-01,0,0,0,0,0,0
16282,968,2026-06-01,0,0,0,0,0,0
16283,969,2024-09-01,0,6644,0,0,0,6644
16284,969,2024-10-01,6644,0,0,0,0,6644
16285,969,2024-11-01,6644,0,0,0,0,6644
16286,969,2024-12-01,6644,0,0,0,0,6644
16287,969,2025-01-01,6644,0,0,0,0,6644
16288,969,2025-02-01,6644,0,0,0,0,6644
16289,969,2025-03-01,6644,0,0,0,0,6644
16290,969,2025-04-01,6644,0,0,0,0,6644
16291,969,2025-05-01,6644,0,0,0,0,6644
16292,969,2025-06-01,6644,0,0,0,0,6644
16293,969,2025-07-01,6644,0,0,0,0,6644
16294,969,2025-08-01,6644,0,0,0,0,6644
16295,969,2025-09-01,6644,0,0,0,0,6644
16296,969,2025-10-01,6644,0,0,829,0,5815
16297,969,2025-11-01,5815,0,0,0,0,5815
16298,969,2025-12-01,5815,0,0,0,0,5815
16299,969,2026-01-01,5815,0,0,0,0,5815
16300,969,2026-02-01,5815,0,0,0,0,5815
16301,969,2026-03-01,5815,0,0,0,0,5815
16302,969,2026-04-01,5815,0,1052,0,0,6867
16303,969,2026-05-01,6867,0,0,0,0,6867
16304,969,2026-06-01,6867,0,0,0,0,6867
16305,970,2025-08-01,0,25874,0,0,0,25874
16306,970,2025-09-01,25874,0,0,0,0,25874
16307,970,2025-10-01,25874,0,0,0,0,25874
16308,970,2025-11-01,25874,0,0,0,0,25874
16309,970,2025-12-01,25874,0,0,0,0,25874
16310,970,2026-01-01,25874,0,0,0,25874,0
16311,970,2026-02-01,0,0,0,0,0,0
16312,970,2026-03-01,0,0,0,0,0,0
16313,970,2026-04-01,0,0,0,0,0,0
16314,970,2026-05-01,0,0,0,0,0,0
16315,970,2026-06-01,0,0,0,0,0,0
16316,971,2024-04-01,0,56982,0,0,0,56982
16317,971,2024-05-01,56982,0,0,0,0,56982
16318,971,2024-06-01,56982,0,0,0,0,56982
16319,971,2024-07-01,56982,0,0,0,0,56982
16320,971,2024-08-01,56982,0,0,0,0,56982
16321,971,2024-09-01,56982,0,0,0,0,56982
16322,971,2024-10-01,56982,0,0,0,0,56982
16323,971,2024-11-01,56982,0,0,0,0,56982
16324,971,2024-12-01,56982,0,16461,0,0,73443
16325,971,2025-01-01,73443,0,0,0,73443,0
16326,971,2025-02-01,0,0,0,0,0,0
16327,971,2025-03-01,0,0,0,0,0,0
16328,971,2025-04-01,0,0,0,0,0,0
16329,971,2025-05-01,0,0,0,0,0,0
16330,971,2025-06-01,0,0,0,0,0,0
16331,971,2025-07-01,0,0,0,0,0,0
16332,971,2025-08-01,0,0,0,0,0,0
16333,971,2025-09-01,0,0,0,0,0,0
16334,971,2025-10-01,0,0,0,0,0,0
16335,971,2025-11-01,0,0,0,0,0,0
16336,971,2025-12-01,0,0,0,0,0,0
16337,971,2026-01-01,0,0,0,0,0,0
16338,971,2026-02-01,0,0,0,0,0,0
16339,971,2026-03-01,0,0,0,0,0,0
16340,971,2026-04-01,0,0,0,0,0,0
16341,971,2026-05-01,0,0,0,0,0,0
16342,971,2026-06-01,0,0,0,0,0,0
16343,972,2024-07-01,0,7322,0,0,0,7322
16344,972,2024-08-01,7322,0,0,0,0,7322
16345,972,2024-09-01,7322,0,864,0,0,8186
16346,972,2024-10-01,8186,0,0,0,0,8186
16347,972,2024-11-01,8186,0,0,0,0,8186
16348,972,2024-12-01,8186,0,0,0,0,8186
16349,972,2025-01-01,8186,0,0,0,0,8186
16350,972,2025-02-01,8186,0,0,0,0,8186
16351,972,2025-03-01,8186,0,0,0,0,8186
16352,972,2025-04-01,8186,0,0,0,0,8186
16353,972,2025-05-01,8186,0,0,0,0,8186
16354,972,2025-06-01,8186,0,0,0,0,8186
16355,972,2025-07-01,8186,0,0,0,0,8186
16356,972,2025-08-01,8186,0,0,0,0,8186
16357,972,2025-09-01,8186,0,0,0,0,8186
16358,972,2025-10-01,8186,0,0,0,0,8186
16359,972,2025-11-01,8186,0,0,0,0,8186
16360,972,2025-12-01,8186,0,0,0,0,8186
16361,972,2026-01-01,8186,0,0,0,0,8186
16362,972,2026-02-01,8186,0,0,0,0,8186
16363,972,2026-03-01,8186,0,0,1989,0,6197
16364,972,2026-04-01,6197,0,1259,0,0,7456
16365,972,2026-05-01,7456,0,0,0,0,7456
16366,972,2026-06-01,7456,0,0,0,0,7456
16367,973,2025-11-01,0,4622,0,0,0,4622
16368,973,2025-12-01,4622,0,0,0,0,4622
16369,973,2026-01-01,4622,0,0,0,0,4622
16370,973,2026-02-01,4622,0,0,0,0,4622
16371,973,2026-03-01,4622,0,0,0,0,4622
16372,973,2026-04-01,4622,0,0,0,0,4622
16373,973,2026-05-01,4622,0,0,0,0,4622
16374,973,2026-06-01,4622,0,0,0,0,4622
16375,974,2025-06-01,0,15943,0,0,0,15943
16376,974,2025-07-01,15943,0,0,0,0,15943
16377,974,2025-08-01,15943,0,3960,0,0,19903
16378,974,2025-09-01,19903,0,0,0,0,19903
16379,974,2025-10-01,19903,0,0,0,0,19903
16380,974,2025-11-01,19903,0,0,0,0,19903
16381,974,2025-12-01,19903,0,0,0,0,19903
16382,974,2026-01-01,19903,0,0,0,0,19903
16383,974,2026-02-01,19903,0,0,0,0,19903
16384,974,2026-03-01,19903,0,0,0,0,19903
16385,974,2026-04-01,19903,0,0,2503,0,17400
16386,974,2026-05-01,17400,0,0,0,0,17400
16387,974,2026-06-01,17400,0,0,0,0,17400
16388,975,2025-03-01,0,58576,0,0,0,58576
16389,975,2025-04-01,58576,0,0,0,0,58576
16390,975,2025-05-01,58576,0,0,0,0,58576
16391,975,2025-06-01,58576,0,6686,0,0,65262
16392,975,2025-07-01,65262,0,15104,0,0,80366
16393,975,2025-08-01,80366,0,0,0,0,80366
16394,975,2025-09-01,80366,0,0,0,0,80366
16395,975,2025-10-01,80366,0,0,0,0,80366
16396,975,2025-11-01,80366,0,0,0,0,80366
16397,975,2025-12-01,80366,0,0,0,0,80366
16398,975,2026-01-01,80366,0,18515,0,0,98881
16399,975,2026-02-01,98881,0,0,19796,0,79085
16400,975,2026-03-01,79085,0,0,0,0,79085
16401,975,2026-04-01,79085,0,0,0,0,79085
16402,975,2026-05-01,79085,0,0,0,0,79085
16403,975,2026-06-01,79085,0,0,0,0,79085
16404,976,2025-11-01,0,3571,0,0,0,3571
16405,976,2025-12-01,3571,0,0,0,0,3571
16406,976,2026-01-01,3571,0,0,0,0,3571
16407,976,2026-02-01,3571,0,0,0,0,3571
16408,976,2026-03-01,3571,0,0,0,0,3571
16409,976,2026-04-01,3571,0,0,0,0,3571
16410,976,2026-05-01,3571,0,0,0,0,3571
16411,976,2026-06-01,3571,0,0,0,0,3571
16412,977,2025-08-01,0,3375,0,0,0,3375
16413,977,2025-09-01,3375,0,0,0,0,3375
16414,977,2025-10-01,3375,0,0,0,0,3375
16415,977,2025-11-01,3375,0,0,0,0,3375
16416,977,2025-12-01,3375,0,0,0,0,3375
16417,977,2026-01-01,3375,0,0,0,0,3375
16418,977,2026-02-01,3375,0,0,0,0,3375
16419,977,2026-03-01,3375,0,0,0,0,3375
16420,977,2026-04-01,3375,0,0,0,3375,0
16421,977,2026-05-01,0,0,0,0,0,0
16422,977,2026-06-01,0,0,0,0,0,0
16423,978,2024-05-01,0,51131,0,0,0,51131
16424,978,2024-06-01,51131,0,0,0,0,51131
16425,978,2024-07-01,51131,0,0,0,51131,0
16426,978,2024-08-01,0,0,0,0,0,0
16427,978,2024-09-01,0,0,0,0,0,0
16428,978,2024-10-01,0,0,0,0,0,0
16429,978,2024-11-01,0,0,0,0,0,0
16430,978,2024-12-01,0,0,0,0,0,0
16431,978,2025-01-01,0,0,0,0,0,0
16432,978,2025-02-01,0,0,0,0,0,0
16433,978,2025-03-01,0,0,0,0,0,0
16434,978,2025-04-01,0,0,0,0,0,0
16435,978,2025-05-01,0,0,0,0,0,0
16436,978,2025-06-01,0,0,0,0,0,0
16437,978,2025-07-01,0,0,0,0,0,0
16438,978,2025-08-01,0,0,0,0,0,0
16439,978,2025-09-01,0,0,0,0,0,0
16440,978,2025-10-01,0,0,0,0,0,0
16441,978,2025-11-01,0,0,0,0,0,0
16442,978,2025-12-01,0,0,0,0,0,0
16443,978,2026-01-01,0,0,0,0,0,0
16444,978,2026-02-01,0,0,0,0,0,0
16445,978,2026-03-01,0,0,0,0,0,0
16446,978,2026-04-01,0,0,0,0,0,0
16447,978,2026-05-01,0,0,0,0,0,0
16448,978,2026-06-01,0,0,0,0,0,0
16449,979,2026-01-01,0,4741,0,0,0,4741
16450,979,2026-02-01,4741,0,857,0,0,5598
16451,979,2026-03-01,5598,0,0,0,0,5598
16452,979,2026-04-01,5598,0,0,0,0,5598
16453,979,2026-05-01,5598,0,0,1053,0,4545
16454,979,2026-06-01,4545,0,0,0,4545,0
16455,980,2025-08-01,0,26575,0,0,0,26575
16456,980,2025-09-01,26575,0,0,0,26575,0
16457,980,2025-10-01,0,0,0,0,0,0
16458,980,2025-11-01,0,0,0,0,0,0
16459,980,2025-12-01,0,0,0,0,0,0
16460,980,2026-01-01,0,0,0,0,0,0
16461,980,2026-02-01,0,0,0,0,0,0
16462,980,2026-03-01,0,0,0,0,0,0
16463,980,2026-04-01,0,0,0,0,0,0
16464,980,2026-05-01,0,0,0,0,0,0
16465,980,2026-06-01,0,0,0,0,0,0
16466,981,2024-08-01,0,15231,0,0,0,15231
16467,981,2024-09-01,15231,0,0,0,0,15231
16468,981,2024-10-01,15231,0,0,0,0,15231
16469,981,2024-11-01,15231,0,0,2711,0,12520
16470,981,2024-12-01,12520,0,0,0,0,12520
16471,981,2025-01-01,12520,0,0,0,0,12520
16472,981,2025-02-01,12520,0,0,0,0,12520
16473,981,2025-03-01,12520,0,0,0,0,12520
16474,981,2025-04-01,12520,0,0,0,0,12520
16475,981,2025-05-01,12520,0,0,0,0,12520
16476,981,2025-06-01,12520,0,0,0,0,12520
16477,981,2025-07-01,12520,0,0,0,0,12520
16478,981,2025-08-01,12520,0,0,0,0,12520
16479,981,2025-09-01,12520,0,0,0,0,12520
16480,981,2025-10-01,12520,0,2565,0,0,15085
16481,981,2025-11-01,15085,0,0,0,0,15085
16482,981,2025-12-01,15085,0,0,0,0,15085
16483,981,2026-01-01,15085,0,0,0,0,15085
16484,981,2026-02-01,15085,0,2812,0,0,17897
16485,981,2026-03-01,17897,0,0,0,0,17897
16486,981,2026-04-01,17897,0,0,0,0,17897
16487,981,2026-05-01,17897,0,0,4414,0,13483
16488,981,2026-06-01,13483,0,0,0,0,13483
16489,982,2026-02-01,0,20256,0,0,0,20256
16490,982,2026-03-01,20256,0,0,0,0,20256
16491,982,2026-04-01,20256,0,0,0,0,20256
16492,982,2026-05-01,20256,0,0,0,0,20256
16493,982,2026-06-01,20256,0,0,0,0,20256
16494,983,2024-06-01,0,11691,0,0,0,11691
16495,983,2024-07-01,11691,0,0,0,0,11691
16496,983,2024-08-01,11691,0,3142,0,0,14833
16497,983,2024-09-01,14833,0,0,0,0,14833
16498,983,2024-10-01,14833,0,0,0,0,14833
16499,983,2024-11-01,14833,0,0,0,0,14833
16500,983,2024-12-01,14833,0,0,0,0,14833
16501,983,2025-01-01,14833,0,0,0,0,14833
16502,983,2025-02-01,14833,0,0,0,0,14833
16503,983,2025-03-01,14833,0,0,0,0,14833
16504,983,2025-04-01,14833,0,0,0,0,14833
16505,983,2025-05-01,14833,0,0,0,0,14833
16506,983,2025-06-01,14833,0,3416,0,0,18249
16507,983,2025-07-01,18249,0,0,0,0,18249
16508,983,2025-08-01,18249,0,0,0,0,18249
16509,983,2025-09-01,18249,0,3590,0,0,21839
16510,983,2025-10-01,21839,0,0,0,0,21839
16511,983,2025-11-01,21839,0,3100,0,0,24939
16512,983,2025-12-01,24939,0,0,0,0,24939
16513,983,2026-01-01,24939,0,0,0,0,24939
16514,983,2026-02-01,24939,0,0,0,0,24939
16515,983,2026-03-01,24939,0,0,0,0,24939
16516,983,2026-04-01,24939,0,0,0,0,24939
16517,983,2026-05-01,24939,0,2720,0,0,27659
16518,983,2026-06-01,27659,0,0,0,27659,0
16519,984,2025-01-01,0,72651,0,0,0,72651
16520,984,2025-02-01,72651,0,0,0,72651,0
16521,984,2025-03-01,0,0,0,0,0,0
16522,984,2025-04-01,0,0,0,0,0,0
16523,984,2025-05-01,0,0,0,0,0,0
16524,984,2025-06-01,0,0,0,0,0,0
16525,984,2025-07-01,0,0,0,0,0,0
16526,984,2025-08-01,0,0,0,0,0,0
16527,984,2025-09-01,0,0,0,0,0,0
16528,984,2025-10-01,0,0,0,0,0,0
16529,984,2025-11-01,0,0,0,0,0,0
16530,984,2025-12-01,0,0,0,0,0,0
16531,984,2026-01-01,0,0,0,0,0,0
16532,984,2026-02-01,0,0,0,0,0,0
16533,984,2026-03-01,0,0,0,0,0,0
16534,984,2026-04-01,0,0,0,0,0,0
16535,984,2026-05-01,0,0,0,0,0,0
16536,984,2026-06-01,0,0,0,0,0,0
16537,985,2024-07-01,0,5356,0,0,0,5356
16538,985,2024-08-01,5356,0,0,0,0,5356
16539,985,2024-09-01,5356,0,0,0,0,5356
16540,985,2024-10-01,5356,0,1540,0,0,6896
16541,985,2024-11-01,6896,0,0,0,0,6896
16542,985,2024-12-01,6896,0,1200,0,0,8096
16543,985,2025-01-01,8096,0,0,0,0,8096
16544,985,2025-02-01,8096,0,0,0,0,8096
16545,985,2025-03-01,8096,0,0,0,0,8096
16546,985,2025-04-01,8096,0,0,0,0,8096
16547,985,2025-05-01,8096,0,1910,0,0,10006
16548,985,2025-06-01,10006,0,0,0,0,10006
16549,985,2025-07-01,10006,0,0,0,0,10006
16550,985,2025-08-01,10006,0,0,0,0,10006
16551,985,2025-09-01,10006,0,0,0,0,10006
16552,985,2025-10-01,10006,0,0,0,0,10006
16553,985,2025-11-01,10006,0,0,0,0,10006
16554,985,2025-12-01,10006,0,0,0,0,10006
16555,985,2026-01-01,10006,0,0,0,0,10006
16556,985,2026-02-01,10006,0,0,0,0,10006
16557,985,2026-03-01,10006,0,0,0,0,10006
16558,985,2026-04-01,10006,0,0,0,0,10006
16559,985,2026-05-01,10006,0,0,0,0,10006
16560,985,2026-06-01,10006,0,0,0,0,10006
16561,986,2025-04-01,0,22778,0,0,0,22778
16562,986,2025-05-01,22778,0,0,0,0,22778
16563,986,2025-06-01,22778,0,0,4506,0,18272
16564,986,2025-07-01,18272,0,0,0,18272,0
16565,986,2025-08-01,0,0,0,0,0,0
16566,986,2025-09-01,0,0,0,0,0,0
16567,986,2025-10-01,0,0,0,0,0,0
16568,986,2025-11-01,0,0,0,0,0,0
16569,986,2025-12-01,0,0,0,0,0,0
16570,986,2026-01-01,0,0,0,0,0,0
16571,986,2026-02-01,0,0,0,0,0,0
16572,986,2026-03-01,0,0,0,0,0,0
16573,986,2026-04-01,0,0,0,0,0,0
16574,986,2026-05-01,0,0,0,0,0,0
16575,986,2026-06-01,0,0,0,0,0,0
16576,987,2025-04-01,0,4376,0,0,0,4376
16577,987,2025-05-01,4376,0,0,0,0,4376
16578,987,2025-06-01,4376,0,0,701,0,3675
16579,987,2025-07-01,3675,0,0,0,0,3675
16580,987,2025-08-01,3675,0,0,0,0,3675
16581,987,2025-09-01,3675,0,0,917,0,2758
16582,987,2025-10-01,2758,0,0,0,0,2758
16583,987,2025-11-01,2758,0,0,0,0,2758
16584,987,2025-12-01,2758,0,0,0,0,2758
16585,987,2026-01-01,2758,0,0,0,0,2758
16586,987,2026-02-01,2758,0,0,0,0,2758
16587,987,2026-03-01,2758,0,0,0,0,2758
16588,987,2026-04-01,2758,0,0,0,0,2758
16589,987,2026-05-01,2758,0,0,0,0,2758
16590,987,2026-06-01,2758,0,635,0,0,3393
16591,988,2024-05-01,0,8420,0,0,0,8420
16592,988,2024-06-01,8420,0,0,0,0,8420
16593,988,2024-07-01,8420,0,0,0,0,8420
16594,988,2024-08-01,8420,0,0,0,0,8420
16595,988,2024-09-01,8420,0,0,0,0,8420
16596,988,2024-10-01,8420,0,0,0,0,8420
16597,988,2024-11-01,8420,0,0,0,0,8420
16598,988,2024-12-01,8420,0,0,0,0,8420
16599,988,2025-01-01,8420,0,0,0,0,8420
16600,988,2025-02-01,8420,0,0,0,0,8420
16601,988,2025-03-01,8420,0,1182,0,0,9602
16602,988,2025-04-01,9602,0,0,0,0,9602
16603,988,2025-05-01,9602,0,0,0,9602,0
16604,988,2025-06-01,0,0,0,0,0,0
16605,988,2025-07-01,0,0,0,0,0,0
16606,988,2025-08-01,0,0,0,0,0,0
16607,988,2025-09-01,0,0,0,0,0,0
16608,988,2025-10-01,0,0,0,0,0,0
16609,988,2025-11-01,0,0,0,0,0,0
16610,988,2025-12-01,0,0,0,0,0,0
16611,988,2026-01-01,0,0,0,0,0,0
16612,988,2026-02-01,0,0,0,0,0,0
16613,988,2026-03-01,0,0,0,0,0,0
16614,988,2026-04-01,0,0,0,0,0,0
16615,988,2026-05-01,0,0,0,0,0,0
16616,988,2026-06-01,0,0,0,0,0,0
16617,989,2024-10-01,0,4029,0,0,0,4029
16618,989,2024-11-01,4029,0,0,0,0,4029
16619,989,2024-12-01,4029,0,0,900,0,3129
16620,989,2025-01-01,3129,0,655,0,0,3784
16621,989,2025-02-01,3784,0,0,0,0,3784
16622,989,2025-03-01,3784,0,0,0,0,3784
16623,989,2025-04-01,3784,0,0,0,0,3784
16624,989,2025-05-01,3784,0,0,0,3784,0
16625,989,2025-06-01,0,0,0,0,0,0
16626,989,2025-07-01,0,0,0,0,0,0
16627,989,2025-08-01,0,0,0,0,0,0
16628,989,2025-09-01,0,0,0,0,0,0
16629,989,2025-10-01,0,0,0,0,0,0
16630,989,2025-11-01,0,0,0,0,0,0
16631,989,2025-12-01,0,0,0,0,0,0
16632,989,2026-01-01,0,0,0,0,0,0
16633,989,2026-02-01,0,0,0,0,0,0
16634,989,2026-03-01,0,0,0,0,0,0
16635,989,2026-04-01,0,0,0,0,0,0
16636,989,2026-05-01,0,0,0,0,0,0
16637,989,2026-06-01,0,0,0,0,0,0
16638,990,2025-11-01,0,8122,0,0,0,8122
16639,990,2025-12-01,8122,0,0,0,0,8122
16640,990,2026-01-01,8122,0,0,0,0,8122
16641,990,2026-02-01,8122,0,0,0,0,8122
16642,990,2026-03-01,8122,0,0,0,0,8122
16643,990,2026-04-01,8122,0,0,0,0,8122
16644,990,2026-05-01,8122,0,2165,0,0,10287
16645,990,2026-06-01,10287,0,0,0,0,10287
16646,991,2025-10-01,0,14112,0,0,0,14112
16647,991,2025-11-01,14112,0,0,0,0,14112
16648,991,2025-12-01,14112,0,0,0,0,14112
16649,991,2026-01-01,14112,0,2893,0,0,17005
16650,991,2026-02-01,17005,0,0,0,0,17005
16651,991,2026-03-01,17005,0,0,0,0,17005
16652,991,2026-04-01,17005,0,0,0,0,17005
16653,991,2026-05-01,17005,0,0,0,0,17005
16654,991,2026-06-01,17005,0,0,0,0,17005
16655,992,2024-03-01,0,7987,0,0,0,7987
16656,992,2024-04-01,7987,0,0,0,0,7987
16657,992,2024-05-01,7987,0,1649,0,0,9636
16658,992,2024-06-01,9636,0,0,0,0,9636
16659,992,2024-07-01,9636,0,0,0,0,9636
16660,992,2024-08-01,9636,0,0,0,0,9636
16661,992,2024-09-01,9636,0,0,0,0,9636
16662,992,2024-10-01,9636,0,0,0,9636,0
16663,992,2024-11-01,0,0,0,0,0,0
16664,992,2024-12-01,0,0,0,0,0,0
16665,992,2025-01-01,0,0,0,0,0,0
16666,992,2025-02-01,0,0,0,0,0,0
16667,992,2025-03-01,0,0,0,0,0,0
16668,992,2025-04-01,0,0,0,0,0,0
16669,992,2025-05-01,0,0,0,0,0,0
16670,992,2025-06-01,0,0,0,0,0,0
16671,992,2025-07-01,0,0,0,0,0,0
16672,992,2025-08-01,0,0,0,0,0,0
16673,992,2025-09-01,0,0,0,0,0,0
16674,992,2025-10-01,0,0,0,0,0,0
16675,992,2025-11-01,0,0,0,0,0,0
16676,992,2025-12-01,0,0,0,0,0,0
16677,992,2026-01-01,0,0,0,0,0,0
16678,992,2026-02-01,0,0,0,0,0,0
16679,992,2026-03-01,0,0,0,0,0,0
16680,992,2026-04-01,0,0,0,0,0,0
16681,992,2026-05-01,0,0,0,0,0,0
16682,992,2026-06-01,0,0,0,0,0,0
16683,993,2024-09-01,0,12422,0,0,0,12422
16684,993,2024-10-01,12422,0,0,0,0,12422
16685,993,2024-11-01,12422,0,0,1569,0,10853
16686,993,2024-12-01,10853,0,0,0,0,10853
16687,993,2025-01-01,10853,0,0,0,0,10853
16688,993,2025-02-01,10853,0,0,1414,0,9439
16689,993,2025-03-01,9439,0,0,0,0,9439
16690,993,2025-04-01,9439,0,0,0,9439,0
16691,993,2025-05-01,0,0,0,0,0,0
16692,993,2025-06-01,0,0,0,0,0,0
16693,993,2025-07-01,0,0,0,0,0,0
16694,993,2025-08-01,0,0,0,0,0,0
16695,993,2025-09-01,0,0,0,0,0,0
16696,993,2025-10-01,0,0,0,0,0,0
16697,993,2025-11-01,0,0,0,0,0,0
16698,993,2025-12-01,0,0,0,0,0,0
16699,993,2026-01-01,0,0,0,0,0,0
16700,993,2026-02-01,0,0,0,0,0,0
16701,993,2026-03-01,0,0,0,0,0,0
16702,993,2026-04-01,0,0,0,0,0,0
16703,993,2026-05-01,0,0,0,0,0,0
16704,993,2026-06-01,0,0,0,0,0,0
16705,994,2024-05-01,0,4065,0,0,0,4065
16706,994,2024-06-01,4065,0,0,0,0,4065
16707,994,2024-07-01,4065,0,0,0,0,4065
16708,994,2024-08-01,4065,0,0,0,0,4065
16709,994,2024-09-01,4065,0,0,444,0,3621
16710,994,2024-10-01,3621,0,617,0,0,4238
16711,994,2024-11-01,4238,0,0,0,0,4238
16712,994,2024-12-01,4238,0,561,0,0,4799
16713,994,2025-01-01,4799,0,0,0,0,4799
16714,994,2025-02-01,4799,0,0,0,0,4799
16715,994,2025-03-01,4799,0,0,0,0,4799
16716,994,2025-04-01,4799,0,0,0,0,4799
16717,994,2025-05-01,4799,0,0,0,0,4799
16718,994,2025-06-01,4799,0,0,1144,0,3655
16719,994,2025-07-01,3655,0,0,415,0,3240
16720,994,2025-08-01,3240,0,0,0,0,3240
16721,994,2025-09-01,3240,0,0,0,0,3240
16722,994,2025-10-01,3240,0,0,0,0,3240
16723,994,2025-11-01,3240,0,0,0,0,3240
16724,994,2025-12-01,3240,0,0,0,0,3240
16725,994,2026-01-01,3240,0,630,0,0,3870
16726,994,2026-02-01,3870,0,0,0,0,3870
16727,994,2026-03-01,3870,0,0,0,0,3870
16728,994,2026-04-01,3870,0,0,0,0,3870
16729,994,2026-05-01,3870,0,0,0,0,3870
16730,994,2026-06-01,3870,0,0,503,0,3367
16731,995,2024-09-01,0,3115,0,0,0,3115
16732,995,2024-10-01,3115,0,0,0,0,3115
16733,995,2024-11-01,3115,0,0,0,0,3115
16734,995,2024-12-01,3115,0,0,0,0,3115
16735,995,2025-01-01,3115,0,0,0,0,3115
16736,995,2025-02-01,3115,0,0,0,0,3115
16737,995,2025-03-01,3115,0,0,0,0,3115
16738,995,2025-04-01,3115,0,0,0,0,3115
16739,995,2025-05-01,3115,0,0,0,0,3115
16740,995,2025-06-01,3115,0,0,0,0,3115
16741,995,2025-07-01,3115,0,0,0,0,3115
16742,995,2025-08-01,3115,0,0,0,0,3115
16743,995,2025-09-01,3115,0,0,0,0,3115
16744,995,2025-10-01,3115,0,0,505,0,2610
16745,995,2025-11-01,2610,0,0,0,0,2610
16746,995,2025-12-01,2610,0,499,0,0,3109
16747,995,2026-01-01,3109,0,0,0,0,3109
16748,995,2026-02-01,3109,0,0,0,0,3109
16749,995,2026-03-01,3109,0,0,0,0,3109
16750,995,2026-04-01,3109,0,0,0,3109,0
16751,995,2026-05-01,0,0,0,0,0,0
16752,995,2026-06-01,0,0,0,0,0,0
16753,996,2024-05-01,0,46646,0,0,0,46646
16754,996,2024-06-01,46646,0,0,0,0,46646
16755,996,2024-07-01,46646,0,0,0,0,46646
16756,996,2024-08-01,46646,0,0,0,0,46646
16757,996,2024-09-01,46646,0,0,0,0,46646
16758,996,2024-10-01,46646,0,0,0,0,46646
16759,996,2024-11-01,46646,0,0,0,0,46646
16760,996,2024-12-01,46646,0,0,0,0,46646
16761,996,2025-01-01,46646,0,0,0,0,46646
16762,996,2025-02-01,46646,0,0,8864,0,37782
16763,996,2025-03-01,37782,0,0,0,0,37782
16764,996,2025-04-01,37782,0,0,0,0,37782
16765,996,2025-05-01,37782,0,0,4091,0,33691
16766,996,2025-06-01,33691,0,0,0,33691,0
16767,996,2025-07-01,0,0,0,0,0,0
16768,996,2025-08-01,0,0,0,0,0,0
16769,996,2025-09-01,0,0,0,0,0,0
16770,996,2025-10-01,0,0,0,0,0,0
16771,996,2025-11-01,0,0,0,0,0,0
16772,996,2025-12-01,0,0,0,0,0,0
16773,996,2026-01-01,0,0,0,0,0,0
16774,996,2026-02-01,0,0,0,0,0,0
16775,996,2026-03-01,0,0,0,0,0,0
16776,996,2026-04-01,0,0,0,0,0,0
16777,996,2026-05-01,0,0,0,0,0,0
16778,996,2026-06-01,0,0,0,0,0,0
16779,997,2024-12-01,0,25241,0,0,0,25241
16780,997,2025-01-01,25241,0,0,0,0,25241
16781,997,2025-02-01,25241,0,0,0,0,25241
16782,997,2025-03-01,25241,0,5966,0,0,31207
16783,997,2025-04-01,31207,0,0,0,0,31207
16784,997,2025-05-01,31207,0,0,0,0,31207
16785,997,2025-06-01,31207,0,0,0,0,31207
16786,997,2025-07-01,31207,0,0,0,0,31207
16787,997,2025-08-01,31207,0,0,0,0,31207
16788,997,2025-09-01,31207,0,0,0,0,31207
16789,997,2025-10-01,31207,0,0,0,0,31207
16790,997,2025-11-01,31207,0,0,0,0,31207
16791,997,2025-12-01,31207,0,0,0,0,31207
16792,997,2026-01-01,31207,0,0,0,0,31207
16793,997,2026-02-01,31207,0,4122,0,0,35329
16794,997,2026-03-01,35329,0,0,0,0,35329
16795,997,2026-04-01,35329,0,0,0,0,35329
16796,997,2026-05-01,35329,0,0,0,0,35329
16797,997,2026-06-01,35329,0,0,0,0,35329
16798,998,2025-02-01,0,7959,0,0,0,7959
16799,998,2025-03-01,7959,0,0,0,0,7959
16800,998,2025-04-01,7959,0,0,1133,0,6826
16801,998,2025-05-01,6826,0,0,0,6826,0
16802,998,2025-06-01,0,0,0,0,0,0
16803,998,2025-07-01,0,0,0,0,0,0
16804,998,2025-08-01,0,0,0,0,0,0
16805,998,2025-09-01,0,0,0,0,0,0
16806,998,2025-10-01,0,0,0,0,0,0
16807,998,2025-11-01,0,0,0,0,0,0
16808,998,2025-12-01,0,0,0,0,0,0
16809,998,2026-01-01,0,0,0,0,0,0
16810,998,2026-02-01,0,0,0,0,0,0
16811,998,2026-03-01,0,0,0,0,0,0
16812,998,2026-04-01,0,0,0,0,0,0
16813,998,2026-05-01,0,0,0,0,0,0
16814,998,2026-06-01,0,0,0,0,0,0
16815,999,2025-05-01,0,8370,0,0,0,8370
16816,999,2025-06-01,8370,0,0,0,0,8370
16817,999,2025-07-01,8370,0,0,0,0,8370
16818,999,2025-08-01,8370,0,0,0,0,8370
16819,999,2025-09-01,8370,0,0,0,0,8370
16820,999,2025-10-01,8370,0,0,0,0,8370
16821,999,2025-11-01,8370,0,0,0,0,8370
16822,999,2025-12-01,8370,0,0,0,0,8370
16823,999,2026-01-01,8370,0,0,0,0,8370
16824,999,2026-02-01,8370,0,0,0,0,8370
16825,999,2026-03-01,8370,0,0,0,0,8370
16826,999,2026-04-01,8370,0,0,0,0,8370
16827,999,2026-05-01,8370,0,0,0,0,8370
16828,999,2026-06-01,8370,0,0,0,0,8370
16829,1000,2024-07-01,0,21528,0,0,0,21528
16830,1000,2024-08-01,21528,0,0,0,0,21528
16831,1000,2024-09-01,21528,0,0,0,0,21528
16832,1000,2024-10-01,21528,0,5572,0,0,27100
16833,1000,2024-11-01,27100,0,0,0,0,27100
16834,1000,2024-12-01,27100,0,0,0,0,27100
16835,1000,2025-01-01,27100,0,0,0,0,27100
16836,1000,2025-02-01,27100,0,0,0,0,27100
16837,1000,2025-03-01,27100,0,0,0,0,27100
16838,1000,2025-04-01,27100,0,0,0,0,27100
16839,1000,2025-05-01,27100,0,0,0,27100,0
16840,1000,2025-06-01,0,0,0,0,0,0
16841,1000,2025-07-01,0,0,0,0,0,0
16842,1000,2025-08-01,0,0,0,0,0,0
16843,1000,2025-09-01,0,0,0,0,0,0
16844,1000,2025-10-01,0,0,0,0,0,0
16845,1000,2025-11-01,0,0,0,0,0,0
16846,1000,2025-12-01,0,0,0,0,0,0
16847,1000,2026-01-01,0,0,0,0,0,0
16848,1000,2026-02-01,0,0,0,0,0,0
16849,1000,2026-03-01,0,0,0,0,0,0
16850,1000,2026-04-01,0,0,0,0,0,0
16851,1000,2026-05-01,0,0,0,0,0,0
16852,1000,2026-06-01,0,0,0,0,0,0
16853,1001,2024-08-01,0,7567,0,0,0,7567
16854,1001,2024-09-01,7567,0,0,0,0,7567
16855,1001,2024-10-01,7567,0,0,0,0,7567
16856,1001,2024-11-01,7567,0,0,0,0,7567
16857,1001,2024-12-01,7567,0,0,0,0,7567
16858,1001,2025-01-01,7567,0,0,0,0,7567
16859,1001,2025-02-01,7567,0,0,1602,0,5965
16860,1001,2025-03-01,5965,0,0,0,0,5965
16861,1001,2025-04-01,5965,0,0,0,0,5965
16862,1001,2025-05-01,5965,0,672,0,0,6637
16863,1001,2025-06-01,6637,0,0,0,6637,0
16864,1001,2025-07-01,0,0,0,0,0,0
16865,1001,2025-08-01,0,0,0,0,0,0
16866,1001,2025-09-01,0,0,0,0,0,0
16867,1001,2025-10-01,0,0,0,0,0,0
16868,1001,2025-11-01,0,0,0,0,0,0
16869,1001,2025-12-01,0,0,0,0,0,0
16870,1001,2026-01-01,0,0,0,0,0,0
16871,1001,2026-02-01,0,0,0,0,0,0
16872,1001,2026-03-01,0,0,0,0,0,0
16873,1001,2026-04-01,0,0,0,0,0,0
16874,1001,2026-05-01,0,0,0,0,0,0
16875,1001,2026-06-01,0,0,0,0,0,0
16876,1002,2024-08-01,0,49892,0,0,0,49892
16877,1002,2024-09-01,49892,0,0,0,0,49892
16878,1002,2024-10-01,49892,0,0,0,0,49892
16879,1002,2024-11-01,49892,0,0,0,0,49892
16880,1002,2024-12-01,49892,0,0,0,0,49892
16881,1002,2025-01-01,49892,0,0,0,0,49892
16882,1002,2025-02-01,49892,0,0,0,0,49892
16883,1002,2025-03-01,49892,0,0,0,0,49892
16884,1002,2025-04-01,49892,0,0,0,0,49892
16885,1002,2025-05-01,49892,0,0,0,0,49892
16886,1002,2025-06-01,49892,0,0,0,0,49892
16887,1002,2025-07-01,49892,0,0,0,0,49892
16888,1002,2025-08-01,49892,0,0,0,0,49892
16889,1002,2025-09-01,49892,0,0,0,0,49892
16890,1002,2025-10-01,49892,0,0,0,0,49892
16891,1002,2025-11-01,49892,0,0,0,0,49892
16892,1002,2025-12-01,49892,0,0,0,0,49892
16893,1002,2026-01-01,49892,0,0,0,0,49892
16894,1002,2026-02-01,49892,0,0,0,0,49892
16895,1002,2026-03-01,49892,0,0,0,0,49892
16896,1002,2026-04-01,49892,0,9066,0,0,58958
16897,1002,2026-05-01,58958,0,17541,0,0,76499
16898,1002,2026-06-01,76499,0,0,0,0,76499
16899,1003,2025-06-01,0,64738,0,0,0,64738
16900,1003,2025-07-01,64738,0,0,0,0,64738
16901,1003,2025-08-01,64738,0,0,0,0,64738
16902,1003,2025-09-01,64738,0,0,0,0,64738
16903,1003,2025-10-01,64738,0,11733,0,0,76471
16904,1003,2025-11-01,76471,0,0,0,0,76471
16905,1003,2025-12-01,76471,0,0,0,0,76471
16906,1003,2026-01-01,76471,0,22296,0,0,98767
16907,1003,2026-02-01,98767,0,0,0,0,98767
16908,1003,2026-03-01,98767,0,0,0,0,98767
16909,1003,2026-04-01,98767,0,0,0,0,98767
16910,1003,2026-05-01,98767,0,0,0,0,98767
16911,1003,2026-06-01,98767,0,0,0,0,98767
16912,1004,2024-11-01,0,68209,0,0,0,68209
16913,1004,2024-12-01,68209,0,0,8398,0,59811
16914,1004,2025-01-01,59811,0,0,0,0,59811
16915,1004,2025-02-01,59811,0,0,0,0,59811
16916,1004,2025-03-01,59811,0,0,0,0,59811
16917,1004,2025-04-01,59811,0,9159,0,0,68970
16918,1004,2025-05-01,68970,0,0,0,0,68970
16919,1004,2025-06-01,68970,0,0,0,68970,0
16920,1004,2025-07-01,0,0,0,0,0,0
16921,1004,2025-08-01,0,0,0,0,0,0
16922,1004,2025-09-01,0,0,0,0,0,0
16923,1004,2025-10-01,0,0,0,0,0,0
16924,1004,2025-11-01,0,0,0,0,0,0
16925,1004,2025-12-01,0,0,0,0,0,0
16926,1004,2026-01-01,0,0,0,0,0,0
16927,1004,2026-02-01,0,0,0,0,0,0
16928,1004,2026-03-01,0,0,0,0,0,0
16929,1004,2026-04-01,0,0,0,0,0,0
16930,1004,2026-05-01,0,0,0,0,0,0
16931,1004,2026-06-01,0,0,0,0,0,0
16932,1005,2025-08-01,0,10098,0,0,0,10098
16933,1005,2025-09-01,10098,0,2186,0,0,12284
16934,1005,2025-10-01,12284,0,0,0,0,12284
16935,1005,2025-11-01,12284,0,0,0,12284,0
16936,1005,2025-12-01,0,0,0,0,0,0
16937,1005,2026-01-01,0,0,0,0,0,0
16938,1005,2026-02-01,0,0,0,0,0,0
16939,1005,2026-03-01,0,0,0,0,0,0
16940,1005,2026-04-01,0,0,0,0,0,0
16941,1005,2026-05-01,0,0,0,0,0,0
16942,1005,2026-06-01,0,0,0,0,0,0
16943,1006,2025-12-01,0,39562,0,0,0,39562
16944,1006,2026-01-01,39562,0,0,0,0,39562
16945,1006,2026-02-01,39562,0,0,0,0,39562
16946,1006,2026-03-01,39562,0,0,0,0,39562
16947,1006,2026-04-01,39562,0,8767,0,0,48329
16948,1006,2026-05-01,48329,0,0,0,0,48329
16949,1006,2026-06-01,48329,0,0,0,0,48329
16950,1007,2024-01-01,0,7594,0,0,0,7594
16951,1007,2024-02-01,7594,0,0,0,0,7594
16952,1007,2024-03-01,7594,0,0,0,0,7594
16953,1007,2024-04-01,7594,0,0,0,0,7594
16954,1007,2024-05-01,7594,0,0,0,0,7594
16955,1007,2024-06-01,7594,0,2197,0,0,9791
16956,1007,2024-07-01,9791,0,0,0,0,9791
16957,1007,2024-08-01,9791,0,0,0,0,9791
16958,1007,2024-09-01,9791,0,2916,0,0,12707
16959,1007,2024-10-01,12707,0,0,0,0,12707
16960,1007,2024-11-01,12707,0,0,0,0,12707
16961,1007,2024-12-01,12707,0,0,0,0,12707
16962,1007,2025-01-01,12707,0,0,0,0,12707
16963,1007,2025-02-01,12707,0,0,0,0,12707
16964,1007,2025-03-01,12707,0,0,0,0,12707
16965,1007,2025-04-01,12707,0,0,0,0,12707
16966,1007,2025-05-01,12707,0,0,0,0,12707
16967,1007,2025-06-01,12707,0,0,0,0,12707
16968,1007,2025-07-01,12707,0,1589,0,0,14296
16969,1007,2025-08-01,14296,0,0,0,0,14296
16970,1007,2025-09-01,14296,0,0,0,0,14296
16971,1007,2025-10-01,14296,0,0,0,0,14296
16972,1007,2025-11-01,14296,0,0,0,0,14296
16973,1007,2025-12-01,14296,0,0,0,0,14296
16974,1007,2026-01-01,14296,0,0,0,0,14296
16975,1007,2026-02-01,14296,0,0,1496,0,12800
16976,1007,2026-03-01,12800,0,0,0,0,12800
16977,1007,2026-04-01,12800,0,0,0,0,12800
16978,1007,2026-05-01,12800,0,0,0,0,12800
16979,1007,2026-06-01,12800,0,0,0,0,12800
16980,1008,2024-09-01,0,4365,0,0,0,4365
16981,1008,2024-10-01,4365,0,0,0,0,4365
16982,1008,2024-11-01,4365,0,0,0,4365,0
16983,1008,2024-12-01,0,0,0,0,0,0
16984,1008,2025-01-01,0,0,0,0,0,0
16985,1008,2025-02-01,0,0,0,0,0,0
16986,1008,2025-03-01,0,0,0,0,0,0
16987,1008,2025-04-01,0,0,0,0,0,0
16988,1008,2025-05-01,0,0,0,0,0,0
16989,1008,2025-06-01,0,0,0,0,0,0
16990,1008,2025-07-01,0,0,0,0,0,0
16991,1008,2025-08-01,0,0,0,0,0,0
16992,1008,2025-09-01,0,0,0,0,0,0
16993,1008,2025-10-01,0,0,0,0,0,0
16994,1008,2025-11-01,0,0,0,0,0,0
16995,1008,2025-12-01,0,0,0,0,0,0
16996,1008,2026-01-01,0,0,0,0,0,0
16997,1008,2026-02-01,0,0,0,0,0,0
16998,1008,2026-03-01,0,0,0,0,0,0
16999,1008,2026-04-01,0,0,0,0,0,0
17000,1008,2026-05-01,0,0,0,0,0,0
17001,1008,2026-06-01,0,0,0,0,0,0
17002,1009,2024-07-01,0,73262,0,0,0,73262
17003,1009,2024-08-01,73262,0,0,0,0,73262
17004,1009,2024-09-01,73262,0,0,0,0,73262
17005,1009,2024-10-01,73262,0,0,0,0,73262
17006,1009,2024-11-01,73262,0,0,0,0,73262
17007,1009,2024-12-01,73262,0,0,0,0,73262
17008,1009,2025-01-01,73262,0,0,0,0,73262
17009,1009,2025-02-01,73262,0,0,0,73262,0
17010,1009,2025-03-01,0,0,0,0,0,0
17011,1009,2025-04-01,0,0,0,0,0,0
17012,1009,2025-05-01,0,0,0,0,0,0
17013,1009,2025-06-01,0,0,0,0,0,0
17014,1009,2025-07-01,0,0,0,0,0,0
17015,1009,2025-08-01,0,0,0,0,0,0
17016,1009,2025-09-01,0,0,0,0,0,0
17017,1009,2025-10-01,0,0,0,0,0,0
17018,1009,2025-11-01,0,0,0,0,0,0
17019,1009,2025-12-01,0,0,0,0,0,0
17020,1009,2026-01-01,0,0,0,0,0,0
17021,1009,2026-02-01,0,0,0,0,0,0
17022,1009,2026-03-01,0,0,0,0,0,0
17023,1009,2026-04-01,0,0,0,0,0,0
17024,1009,2026-05-01,0,0,0,0,0,0
17025,1009,2026-06-01,0,0,0,0,0,0
17026,1010,2025-07-01,0,4989,0,0,0,4989
17027,1010,2025-08-01,4989,0,0,0,0,4989
17028,1010,2025-09-01,4989,0,0,0,4989,0
17029,1010,2025-10-01,0,0,0,0,0,0
17030,1010,2025-11-01,0,0,0,0,0,0
17031,1010,2025-12-01,0,0,0,0,0,0
17032,1010,2026-01-01,0,0,0,0,0,0
17033,1010,2026-02-01,0,0,0,0,0,0
17034,1010,2026-03-01,0,0,0,0,0,0
17035,1010,2026-04-01,0,0,0,0,0,0
17036,1010,2026-05-01,0,0,0,0,0,0
17037,1010,2026-06-01,0,0,0,0,0,0
17038,1011,2025-03-01,0,9222,0,0,0,9222
17039,1011,2025-04-01,9222,0,0,0,0,9222
17040,1011,2025-05-01,9222,0,0,0,0,9222
17041,1011,2025-06-01,9222,0,2231,0,0,11453
17042,1011,2025-07-01,11453,0,0,1361,0,10092
17043,1011,2025-08-01,10092,0,0,0,0,10092
17044,1011,2025-09-01,10092,0,0,0,0,10092
17045,1011,2025-10-01,10092,0,0,0,0,10092
17046,1011,2025-11-01,10092,0,0,0,0,10092
17047,1011,2025-12-01,10092,0,0,0,0,10092
17048,1011,2026-01-01,10092,0,0,0,0,10092
17049,1011,2026-02-01,10092,0,0,0,0,10092
17050,1011,2026-03-01,10092,0,0,0,0,10092
17051,1011,2026-04-01,10092,0,0,0,0,10092
17052,1011,2026-05-01,10092,0,0,0,0,10092
17053,1011,2026-06-01,10092,0,0,0,0,10092
17054,1012,2025-08-01,0,17480,0,0,0,17480
17055,1012,2025-09-01,17480,0,0,0,0,17480
17056,1012,2025-10-01,17480,0,0,0,17480,0
17057,1012,2025-11-01,0,0,0,0,0,0
17058,1012,2025-12-01,0,0,0,0,0,0
17059,1012,2026-01-01,0,0,0,0,0,0
17060,1012,2026-02-01,0,0,0,0,0,0
17061,1012,2026-03-01,0,0,0,0,0,0
17062,1012,2026-04-01,0,0,0,0,0,0
17063,1012,2026-05-01,0,0,0,0,0,0
17064,1012,2026-06-01,0,0,0,0,0,0
17065,1013,2025-06-01,0,5710,0,0,0,5710
17066,1013,2025-07-01,5710,0,0,0,5710,0
17067,1013,2025-08-01,0,0,0,0,0,0
17068,1013,2025-09-01,0,0,0,0,0,0
17069,1013,2025-10-01,0,0,0,0,0,0
17070,1013,2025-11-01,0,0,0,0,0,0
17071,1013,2025-12-01,0,0,0,0,0,0
17072,1013,2026-01-01,0,0,0,0,0,0
17073,1013,2026-02-01,0,0,0,0,0,0
17074,1013,2026-03-01,0,0,0,0,0,0
17075,1013,2026-04-01,0,0,0,0,0,0
17076,1013,2026-05-01,0,0,0,0,0,0
17077,1013,2026-06-01,0,0,0,0,0,0
17078,1014,2025-02-01,0,4057,0,0,0,4057
17079,1014,2025-03-01,4057,0,0,0,0,4057
17080,1014,2025-04-01,4057,0,0,0,0,4057
17081,1014,2025-05-01,4057,0,0,0,0,4057
17082,1014,2025-06-01,4057,0,0,0,0,4057
17083,1014,2025-07-01,4057,0,0,0,0,4057
17084,1014,2025-08-01,4057,0,0,0,0,4057
17085,1014,2025-09-01,4057,0,0,0,0,4057
17086,1014,2025-10-01,4057,0,0,0,0,4057
17087,1014,2025-11-01,4057,0,0,0,0,4057
17088,1014,2025-12-01,4057,0,0,0,0,4057
17089,1014,2026-01-01,4057,0,0,0,0,4057
17090,1014,2026-02-01,4057,0,0,0,0,4057
17091,1014,2026-03-01,4057,0,0,0,0,4057
17092,1014,2026-04-01,4057,0,847,0,0,4904
17093,1014,2026-05-01,4904,0,0,0,0,4904
17094,1014,2026-06-01,4904,0,0,0,0,4904
17095,1015,2025-11-01,0,7762,0,0,0,7762
17096,1015,2025-12-01,7762,0,0,0,0,7762
17097,1015,2026-01-01,7762,0,0,0,0,7762
17098,1015,2026-02-01,7762,0,0,0,0,7762
17099,1015,2026-03-01,7762,0,0,0,0,7762
17100,1015,2026-04-01,7762,0,0,0,0,7762
17101,1015,2026-05-01,7762,0,0,0,0,7762
17102,1015,2026-06-01,7762,0,0,0,0,7762
17103,1016,2024-10-01,0,4496,0,0,0,4496
17104,1016,2024-11-01,4496,0,0,0,0,4496
17105,1016,2024-12-01,4496,0,0,0,0,4496
17106,1016,2025-01-01,4496,0,0,0,0,4496
17107,1016,2025-02-01,4496,0,0,0,0,4496
17108,1016,2025-03-01,4496,0,0,0,0,4496
17109,1016,2025-04-01,4496,0,0,0,0,4496
17110,1016,2025-05-01,4496,0,0,0,0,4496
17111,1016,2025-06-01,4496,0,1192,0,0,5688
17112,1016,2025-07-01,5688,0,0,0,0,5688
17113,1016,2025-08-01,5688,0,0,0,0,5688
17114,1016,2025-09-01,5688,0,0,0,0,5688
17115,1016,2025-10-01,5688,0,1233,0,0,6921
17116,1016,2025-11-01,6921,0,0,0,0,6921
17117,1016,2025-12-01,6921,0,0,0,0,6921
17118,1016,2026-01-01,6921,0,0,819,0,6102
17119,1016,2026-02-01,6102,0,0,0,0,6102
17120,1016,2026-03-01,6102,0,0,0,0,6102
17121,1016,2026-04-01,6102,0,0,0,0,6102
17122,1016,2026-05-01,6102,0,0,0,0,6102
17123,1016,2026-06-01,6102,0,0,0,0,6102
17124,1017,2024-04-01,0,6711,0,0,0,6711
17125,1017,2024-05-01,6711,0,0,0,0,6711
17126,1017,2024-06-01,6711,0,0,0,6711,0
17127,1017,2024-07-01,0,0,0,0,0,0
17128,1017,2024-08-01,0,0,0,0,0,0
17129,1017,2024-09-01,0,0,0,0,0,0
17130,1017,2024-10-01,0,0,0,0,0,0
17131,1017,2024-11-01,0,0,0,0,0,0
17132,1017,2024-12-01,0,0,0,0,0,0
17133,1017,2025-01-01,0,0,0,0,0,0
17134,1017,2025-02-01,0,0,0,0,0,0
17135,1017,2025-03-01,0,0,0,0,0,0
17136,1017,2025-04-01,0,0,0,0,0,0
17137,1017,2025-05-01,0,0,0,0,0,0
17138,1017,2025-06-01,0,0,0,0,0,0
17139,1017,2025-07-01,0,0,0,0,0,0
17140,1017,2025-08-01,0,0,0,0,0,0
17141,1017,2025-09-01,0,0,0,0,0,0
17142,1017,2025-10-01,0,0,0,0,0,0
17143,1017,2025-11-01,0,0,0,0,0,0
17144,1017,2025-12-01,0,0,0,0,0,0
17145,1017,2026-01-01,0,0,0,0,0,0
17146,1017,2026-02-01,0,0,0,0,0,0
17147,1017,2026-03-01,0,0,0,0,0,0
17148,1017,2026-04-01,0,0,0,0,0,0
17149,1017,2026-05-01,0,0,0,0,0,0
17150,1017,2026-06-01,0,0,0,0,0,0
17151,1018,2025-04-01,0,4410,0,0,0,4410
17152,1018,2025-05-01,4410,0,0,0,0,4410
17153,1018,2025-06-01,4410,0,0,0,0,4410
17154,1018,2025-07-01,4410,0,0,0,0,4410
17155,1018,2025-08-01,4410,0,0,0,0,4410
17156,1018,2025-09-01,4410,0,0,0,0,4410
17157,1018,2025-10-01,4410,0,0,0,0,4410
17158,1018,2025-11-01,4410,0,0,0,0,4410
17159,1018,2025-12-01,4410,0,0,0,0,4410
17160,1018,2026-01-01,4410,0,0,0,0,4410
17161,1018,2026-02-01,4410,0,0,0,0,4410
17162,1018,2026-03-01,4410,0,0,0,0,4410
17163,1018,2026-04-01,4410,0,0,0,0,4410
17164,1018,2026-05-01,4410,0,0,0,0,4410
17165,1018,2026-06-01,4410,0,0,0,0,4410
17166,1019,2024-06-01,0,4735,0,0,0,4735
17167,1019,2024-07-01,4735,0,0,0,0,4735
17168,1019,2024-08-01,4735,0,0,0,0,4735
17169,1019,2024-09-01,4735,0,813,0,0,5548
17170,1019,2024-10-01,5548,0,0,0,0,5548
17171,1019,2024-11-01,5548,0,0,0,0,5548
17172,1019,2024-12-01,5548,0,0,0,0,5548
17173,1019,2025-01-01,5548,0,0,0,0,5548
17174,1019,2025-02-01,5548,0,0,0,0,5548
17175,1019,2025-03-01,5548,0,0,0,0,5548
17176,1019,2025-04-01,5548,0,0,0,0,5548
17177,1019,2025-05-01,5548,0,0,0,0,5548
17178,1019,2025-06-01,5548,0,0,0,0,5548
17179,1019,2025-07-01,5548,0,0,0,0,5548
17180,1019,2025-08-01,5548,0,0,0,0,5548
17181,1019,2025-09-01,5548,0,0,0,0,5548
17182,1019,2025-10-01,5548,0,0,0,0,5548
17183,1019,2025-11-01,5548,0,0,0,0,5548
17184,1019,2025-12-01,5548,0,0,0,0,5548
17185,1019,2026-01-01,5548,0,0,0,0,5548
17186,1019,2026-02-01,5548,0,0,0,0,5548
17187,1019,2026-03-01,5548,0,0,0,0,5548
17188,1019,2026-04-01,5548,0,0,0,0,5548
17189,1019,2026-05-01,5548,0,0,0,0,5548
17190,1019,2026-06-01,5548,0,0,0,0,5548
17191,1020,2024-06-01,0,25462,0,0,0,25462
17192,1020,2024-07-01,25462,0,0,0,0,25462
17193,1020,2024-08-01,25462,0,0,0,0,25462
17194,1020,2024-09-01,25462,0,5834,0,0,31296
17195,1020,2024-10-01,31296,0,0,0,0,31296
17196,1020,2024-11-01,31296,0,7878,0,0,39174
17197,1020,2024-12-01,39174,0,0,0,0,39174
17198,1020,2025-01-01,39174,0,0,0,0,39174
17199,1020,2025-02-01,39174,0,0,6524,0,32650
17200,1020,2025-03-01,32650,0,0,0,0,32650
17201,1020,2025-04-01,32650,0,0,0,0,32650
17202,1020,2025-05-01,32650,0,0,0,32650,0
17203,1020,2025-06-01,0,0,0,0,0,0
17204,1020,2025-07-01,0,0,0,0,0,0
17205,1020,2025-08-01,0,0,0,0,0,0
17206,1020,2025-09-01,0,0,0,0,0,0
17207,1020,2025-10-01,0,0,0,0,0,0
17208,1020,2025-11-01,0,0,0,0,0,0
17209,1020,2025-12-01,0,0,0,0,0,0
17210,1020,2026-01-01,0,0,0,0,0,0
17211,1020,2026-02-01,0,0,0,0,0,0
17212,1020,2026-03-01,0,0,0,0,0,0
17213,1020,2026-04-01,0,0,0,0,0,0
17214,1020,2026-05-01,0,0,0,0,0,0
17215,1020,2026-06-01,0,0,0,0,0,0
17216,1021,2024-12-01,0,3959,0,0,0,3959
17217,1021,2025-01-01,3959,0,0,0,0,3959
17218,1021,2025-02-01,3959,0,0,0,0,3959
17219,1021,2025-03-01,3959,0,0,0,0,3959
17220,1021,2025-04-01,3959,0,0,0,0,3959
17221,1021,2025-05-01,3959,0,0,0,0,3959
17222,1021,2025-06-01,3959,0,0,0,0,3959
17223,1021,2025-07-01,3959,0,0,0,0,3959
17224,1021,2025-08-01,3959,0,0,0,0,3959
17225,1021,2025-09-01,3959,0,0,0,0,3959
17226,1021,2025-10-01,3959,0,0,0,0,3959
17227,1021,2025-11-01,3959,0,0,0,0,3959
17228,1021,2025-12-01,3959,0,0,0,0,3959
17229,1021,2026-01-01,3959,0,0,0,0,3959
17230,1021,2026-02-01,3959,0,0,0,0,3959
17231,1021,2026-03-01,3959,0,0,0,0,3959
17232,1021,2026-04-01,3959,0,0,0,0,3959
17233,1021,2026-05-01,3959,0,0,0,0,3959
17234,1021,2026-06-01,3959,0,515,0,0,4474
17235,1022,2025-12-01,0,17223,0,0,0,17223
17236,1022,2026-01-01,17223,0,0,0,0,17223
17237,1022,2026-02-01,17223,0,0,0,0,17223
17238,1022,2026-03-01,17223,0,0,3816,0,13407
17239,1022,2026-04-01,13407,0,0,0,0,13407
17240,1022,2026-05-01,13407,0,0,2758,0,10649
17241,1022,2026-06-01,10649,0,0,0,0,10649
17242,1023,2025-12-01,0,5011,0,0,0,5011
17243,1023,2026-01-01,5011,0,0,0,0,5011
17244,1023,2026-02-01,5011,0,0,0,0,5011
17245,1023,2026-03-01,5011,0,0,0,0,5011
17246,1023,2026-04-01,5011,0,0,0,0,5011
17247,1023,2026-05-01,5011,0,866,0,0,5877
17248,1023,2026-06-01,5877,0,0,0,0,5877
17249,1024,2025-06-01,0,5884,0,0,0,5884
17250,1024,2025-07-01,5884,0,0,0,0,5884
17251,1024,2025-08-01,5884,0,0,0,0,5884
17252,1024,2025-09-01,5884,0,0,0,0,5884
17253,1024,2025-10-01,5884,0,0,1155,0,4729
17254,1024,2025-11-01,4729,0,0,590,0,4139
17255,1024,2025-12-01,4139,0,0,0,0,4139
17256,1024,2026-01-01,4139,0,0,0,0,4139
17257,1024,2026-02-01,4139,0,0,0,0,4139
17258,1024,2026-03-01,4139,0,0,0,0,4139
17259,1024,2026-04-01,4139,0,0,0,0,4139
17260,1024,2026-05-01,4139,0,0,0,0,4139
17261,1024,2026-06-01,4139,0,493,0,0,4632
17262,1025,2024-10-01,0,6997,0,0,0,6997
17263,1025,2024-11-01,6997,0,0,0,0,6997
17264,1025,2024-12-01,6997,0,0,0,0,6997
17265,1025,2025-01-01,6997,0,0,0,0,6997
17266,1025,2025-02-01,6997,0,0,0,0,6997
17267,1025,2025-03-01,6997,0,0,0,0,6997
17268,1025,2025-04-01,6997,0,0,0,0,6997
17269,1025,2025-05-01,6997,0,0,0,0,6997
17270,1025,2025-06-01,6997,0,1242,0,0,8239
17271,1025,2025-07-01,8239,0,0,0,0,8239
17272,1025,2025-08-01,8239,0,0,0,0,8239
17273,1025,2025-09-01,8239,0,0,0,0,8239
17274,1025,2025-10-01,8239,0,0,0,0,8239
17275,1025,2025-11-01,8239,0,0,0,0,8239
17276,1025,2025-12-01,8239,0,0,0,0,8239
17277,1025,2026-01-01,8239,0,0,0,0,8239
17278,1025,2026-02-01,8239,0,0,0,0,8239
17279,1025,2026-03-01,8239,0,0,0,0,8239
17280,1025,2026-04-01,8239,0,0,0,0,8239
17281,1025,2026-05-01,8239,0,0,0,0,8239
17282,1025,2026-06-01,8239,0,1329,0,0,9568
17283,1026,2024-02-01,0,7806,0,0,0,7806
17284,1026,2024-03-01,7806,0,0,0,0,7806
17285,1026,2024-04-01,7806,0,0,0,0,7806
17286,1026,2024-05-01,7806,0,1158,0,0,8964
17287,1026,2024-06-01,8964,0,0,0,0,8964
17288,1026,2024-07-01,8964,0,0,0,0,8964
17289,1026,2024-08-01,8964,0,0,0,0,8964
17290,1026,2024-09-01,8964,0,0,0,0,8964
17291,1026,2024-10-01,8964,0,0,0,0,8964
17292,1026,2024-11-01,8964,0,0,0,0,8964
17293,1026,2024-12-01,8964,0,0,0,0,8964
17294,1026,2025-01-01,8964,0,0,0,0,8964
17295,1026,2025-02-01,8964,0,2171,0,0,11135
17296,1026,2025-03-01,11135,0,0,0,0,11135
17297,1026,2025-04-01,11135,0,0,0,0,11135
17298,1026,2025-05-01,11135,0,0,0,0,11135
17299,1026,2025-06-01,11135,0,0,0,0,11135
17300,1026,2025-07-01,11135,0,0,0,0,11135
17301,1026,2025-08-01,11135,0,0,0,0,11135
17302,1026,2025-09-01,11135,0,0,0,0,11135
17303,1026,2025-10-01,11135,0,1900,0,0,13035
17304,1026,2025-11-01,13035,0,0,0,0,13035
17305,1026,2025-12-01,13035,0,0,0,0,13035
17306,1026,2026-01-01,13035,0,0,0,0,13035
17307,1026,2026-02-01,13035,0,0,0,0,13035
17308,1026,2026-03-01,13035,0,0,0,0,13035
17309,1026,2026-04-01,13035,0,2315,0,0,15350
17310,1026,2026-05-01,15350,0,0,0,0,15350
17311,1026,2026-06-01,15350,0,0,0,0,15350
17312,1027,2025-04-01,0,15515,0,0,0,15515
17313,1027,2025-05-01,15515,0,0,0,0,15515
17314,1027,2025-06-01,15515,0,0,0,0,15515
17315,1027,2025-07-01,15515,0,0,0,0,15515
17316,1027,2025-08-01,15515,0,0,0,0,15515
17317,1027,2025-09-01,15515,0,0,0,15515,0
17318,1027,2025-10-01,0,0,0,0,0,0
17319,1027,2025-11-01,0,0,0,0,0,0
17320,1027,2025-12-01,0,0,0,0,0,0
17321,1027,2026-01-01,0,0,0,0,0,0
17322,1027,2026-02-01,0,0,0,0,0,0
17323,1027,2026-03-01,0,0,0,0,0,0
17324,1027,2026-04-01,0,0,0,0,0,0
17325,1027,2026-05-01,0,0,0,0,0,0
17326,1027,2026-06-01,0,0,0,0,0,0
17327,1028,2025-11-01,0,18659,0,0,0,18659
17328,1028,2025-12-01,18659,0,0,4065,0,14594
17329,1028,2026-01-01,14594,0,0,0,0,14594
17330,1028,2026-02-01,14594,0,0,0,0,14594
17331,1028,2026-03-01,14594,0,3858,0,0,18452
17332,1028,2026-04-01,18452,0,0,0,0,18452
17333,1028,2026-05-01,18452,0,0,0,0,18452
17334,1028,2026-06-01,18452,0,0,0,0,18452
17335,1029,2025-01-01,0,22414,0,0,0,22414
17336,1029,2025-02-01,22414,0,0,0,0,22414
17337,1029,2025-03-01,22414,0,0,0,22414,0
17338,1029,2025-04-01,0,0,0,0,0,0
17339,1029,2025-05-01,0,0,0,0,0,0
17340,1029,2025-06-01,0,0,0,0,0,0
17341,1029,2025-07-01,0,0,0,0,0,0
17342,1029,2025-08-01,0,0,0,0,0,0
17343,1029,2025-09-01,0,0,0,0,0,0
17344,1029,2025-10-01,0,0,0,0,0,0
17345,1029,2025-11-01,0,0,0,0,0,0
17346,1029,2025-12-01,0,0,0,0,0,0
17347,1029,2026-01-01,0,0,0,0,0,0
17348,1029,2026-02-01,0,0,0,0,0,0
17349,1029,2026-03-01,0,0,0,0,0,0
17350,1029,2026-04-01,0,0,0,0,0,0
17351,1029,2026-05-01,0,0,0,0,0,0
17352,1029,2026-06-01,0,0,0,0,0,0
17353,1030,2025-03-01,0,5119,0,0,0,5119
17354,1030,2025-04-01,5119,0,0,0,0,5119
17355,1030,2025-05-01,5119,0,0,0,0,5119
17356,1030,2025-06-01,5119,0,0,0,0,5119
17357,1030,2025-07-01,5119,0,0,946,0,4173
17358,1030,2025-08-01,4173,0,0,0,0,4173
17359,1030,2025-09-01,4173,0,0,456,0,3717
17360,1030,2025-10-01,3717,0,0,0,0,3717
17361,1030,2025-11-01,3717,0,0,0,0,3717
17362,1030,2025-12-01,3717,0,395,0,0,4112
17363,1030,2026-01-01,4112,0,0,0,0,4112
17364,1030,2026-02-01,4112,0,0,0,0,4112
17365,1030,2026-03-01,4112,0,0,0,0,4112
17366,1030,2026-04-01,4112,0,0,0,0,4112
17367,1030,2026-05-01,4112,0,0,0,4112,0
17368,1030,2026-06-01,0,0,0,0,0,0
17369,1031,2025-05-01,0,7736,0,0,0,7736
17370,1031,2025-06-01,7736,0,0,0,0,7736
17371,1031,2025-07-01,7736,0,0,0,0,7736
17372,1031,2025-08-01,7736,0,1780,0,0,9516
17373,1031,2025-09-01,9516,0,0,0,0,9516
17374,1031,2025-10-01,9516,0,0,0,9516,0
17375,1031,2025-11-01,0,0,0,0,0,0
17376,1031,2025-12-01,0,0,0,0,0,0
17377,1031,2026-01-01,0,0,0,0,0,0
17378,1031,2026-02-01,0,0,0,0,0,0
17379,1031,2026-03-01,0,0,0,0,0,0
17380,1031,2026-04-01,0,0,0,0,0,0
17381,1031,2026-05-01,0,0,0,0,0,0
17382,1031,2026-06-01,0,0,0,0,0,0
17383,1032,2025-03-01,0,3064,0,0,0,3064
17384,1032,2025-04-01,3064,0,0,0,3064,0
17385,1032,2025-05-01,0,0,0,0,0,0
17386,1032,2025-06-01,0,0,0,0,0,0
17387,1032,2025-07-01,0,0,0,0,0,0
17388,1032,2025-08-01,0,0,0,0,0,0
17389,1032,2025-09-01,0,0,0,0,0,0
17390,1032,2025-10-01,0,0,0,0,0,0
17391,1032,2025-11-01,0,0,0,0,0,0
17392,1032,2025-12-01,0,0,0,0,0,0
17393,1032,2026-01-01,0,0,0,0,0,0
17394,1032,2026-02-01,0,0,0,0,0,0
17395,1032,2026-03-01,0,0,0,0,0,0
17396,1032,2026-04-01,0,0,0,0,0,0
17397,1032,2026-05-01,0,0,0,0,0,0
17398,1032,2026-06-01,0,0,0,0,0,0
17399,1033,2025-07-01,0,6219,0,0,0,6219
17400,1033,2025-08-01,6219,0,1016,0,0,7235
17401,1033,2025-09-01,7235,0,0,0,0,7235
17402,1033,2025-10-01,7235,0,0,0,0,7235
17403,1033,2025-11-01,7235,0,0,0,0,7235
17404,1033,2025-12-01,7235,0,0,0,0,7235
17405,1033,2026-01-01,7235,0,0,0,0,7235
17406,1033,2026-02-01,7235,0,0,0,0,7235
17407,1033,2026-03-01,7235,0,0,1087,0,6148
17408,1033,2026-04-01,6148,0,0,0,0,6148
17409,1033,2026-05-01,6148,0,0,0,0,6148
17410,1033,2026-06-01,6148,0,0,0,6148,0
17411,1034,2024-05-01,0,5533,0,0,0,5533
17412,1034,2024-06-01,5533,0,0,0,0,5533
17413,1034,2024-07-01,5533,0,0,0,0,5533
17414,1034,2024-08-01,5533,0,0,0,0,5533
17415,1034,2024-09-01,5533,0,0,0,5533,0
17416,1034,2024-10-01,0,0,0,0,0,0
17417,1034,2024-11-01,0,0,0,0,0,0
17418,1034,2024-12-01,0,0,0,0,0,0
17419,1034,2025-01-01,0,0,0,0,0,0
17420,1034,2025-02-01,0,0,0,0,0,0
17421,1034,2025-03-01,0,0,0,0,0,0
17422,1034,2025-04-01,0,0,0,0,0,0
17423,1034,2025-05-01,0,0,0,0,0,0
17424,1034,2025-06-01,0,0,0,0,0,0
17425,1034,2025-07-01,0,0,0,0,0,0
17426,1034,2025-08-01,0,0,0,0,0,0
17427,1034,2025-09-01,0,0,0,0,0,0
17428,1034,2025-10-01,0,0,0,0,0,0
17429,1034,2025-11-01,0,0,0,0,0,0
17430,1034,2025-12-01,0,0,0,0,0,0
17431,1034,2026-01-01,0,0,0,0,0,0
17432,1034,2026-02-01,0,0,0,0,0,0
17433,1034,2026-03-01,0,0,0,0,0,0
17434,1034,2026-04-01,0,0,0,0,0,0
17435,1034,2026-05-01,0,0,0,0,0,0
17436,1034,2026-06-01,0,0,0,0,0,0
17437,1035,2026-01-01,0,26901,0,0,0,26901
17438,1035,2026-02-01,26901,0,0,0,0,26901
17439,1035,2026-03-01,26901,0,0,0,0,26901
17440,1035,2026-04-01,26901,0,0,6402,0,20499
17441,1035,2026-05-01,20499,0,0,0,0,20499
17442,1035,2026-06-01,20499,0,0,0,0,20499
17443,1036,2024-11-01,0,7595,0,0,0,7595
17444,1036,2024-12-01,7595,0,0,0,0,7595
17445,1036,2025-01-01,7595,0,0,0,0,7595
17446,1036,2025-02-01,7595,0,0,0,0,7595
17447,1036,2025-03-01,7595,0,0,1192,0,6403
17448,1036,2025-04-01,6403,0,0,0,0,6403
17449,1036,2025-05-01,6403,0,0,0,0,6403
17450,1036,2025-06-01,6403,0,0,0,6403,0
17451,1036,2025-07-01,0,0,0,0,0,0
17452,1036,2025-08-01,0,0,0,0,0,0
17453,1036,2025-09-01,0,0,0,0,0,0
17454,1036,2025-10-01,0,0,0,0,0,0
17455,1036,2025-11-01,0,0,0,0,0,0
17456,1036,2025-12-01,0,0,0,0,0,0
17457,1036,2026-01-01,0,0,0,0,0,0
17458,1036,2026-02-01,0,0,0,0,0,0
17459,1036,2026-03-01,0,0,0,0,0,0
17460,1036,2026-04-01,0,0,0,0,0,0
17461,1036,2026-05-01,0,0,0,0,0,0
17462,1036,2026-06-01,0,0,0,0,0,0
17463,1037,2024-05-01,0,4325,0,0,0,4325
17464,1037,2024-06-01,4325,0,0,0,0,4325
17465,1037,2024-07-01,4325,0,0,0,0,4325
17466,1037,2024-08-01,4325,0,0,0,0,4325
17467,1037,2024-09-01,4325,0,0,0,0,4325
17468,1037,2024-10-01,4325,0,0,0,0,4325
17469,1037,2024-11-01,4325,0,0,0,0,4325
17470,1037,2024-12-01,4325,0,0,0,0,4325
17471,1037,2025-01-01,4325,0,0,0,0,4325
17472,1037,2025-02-01,4325,0,0,0,4325,0
17473,1037,2025-03-01,0,0,0,0,0,0
17474,1037,2025-04-01,0,0,0,0,0,0
17475,1037,2025-05-01,0,0,0,0,0,0
17476,1037,2025-06-01,0,0,0,0,0,0
17477,1037,2025-07-01,0,0,0,0,0,0
17478,1037,2025-08-01,0,0,0,0,0,0
17479,1037,2025-09-01,0,0,0,0,0,0
17480,1037,2025-10-01,0,0,0,0,0,0
17481,1037,2025-11-01,0,0,0,0,0,0
17482,1037,2025-12-01,0,0,0,0,0,0
17483,1037,2026-01-01,0,0,0,0,0,0
17484,1037,2026-02-01,0,0,0,0,0,0
17485,1037,2026-03-01,0,0,0,0,0,0
17486,1037,2026-04-01,0,0,0,0,0,0
17487,1037,2026-05-01,0,0,0,0,0,0
17488,1037,2026-06-01,0,0,0,0,0,0
17489,1038,2025-08-01,0,4655,0,0,0,4655
17490,1038,2025-09-01,4655,0,0,0,0,4655
17491,1038,2025-10-01,4655,0,0,0,0,4655
17492,1038,2025-11-01,4655,0,0,0,0,4655
17493,1038,2025-12-01,4655,0,0,0,0,4655
17494,1038,2026-01-01,4655,0,0,0,0,4655
17495,1038,2026-02-01,4655,0,0,0,0,4655
17496,1038,2026-03-01,4655,0,0,0,0,4655
17497,1038,2026-04-01,4655,0,0,0,0,4655
17498,1038,2026-05-01,4655,0,904,0,0,5559
17499,1038,2026-06-01,5559,0,0,0,5559,0
17500,1039,2025-10-01,0,7214,0,0,0,7214
17501,1039,2025-11-01,7214,0,0,0,0,7214
17502,1039,2025-12-01,7214,0,0,0,0,7214
17503,1039,2026-01-01,7214,0,0,0,0,7214
17504,1039,2026-02-01,7214,0,0,0,0,7214
17505,1039,2026-03-01,7214,0,0,0,0,7214
17506,1039,2026-04-01,7214,0,0,0,0,7214
17507,1039,2026-05-01,7214,0,0,0,7214,0
17508,1039,2026-06-01,0,0,0,0,0,0
17509,1040,2024-04-01,0,4535,0,0,0,4535
17510,1040,2024-05-01,4535,0,0,0,0,4535
17511,1040,2024-06-01,4535,0,0,0,0,4535
17512,1040,2024-07-01,4535,0,1066,0,0,5601
17513,1040,2024-08-01,5601,0,0,0,0,5601
17514,1040,2024-09-01,5601,0,0,0,0,5601
17515,1040,2024-10-01,5601,0,0,857,0,4744
17516,1040,2024-11-01,4744,0,793,0,0,5537
17517,1040,2024-12-01,5537,0,0,0,0,5537
17518,1040,2025-01-01,5537,0,0,0,0,5537
17519,1040,2025-02-01,5537,0,0,0,0,5537
17520,1040,2025-03-01,5537,0,0,0,0,5537
17521,1040,2025-04-01,5537,0,1096,0,0,6633
17522,1040,2025-05-01,6633,0,0,0,0,6633
17523,1040,2025-06-01,6633,0,0,0,0,6633
17524,1040,2025-07-01,6633,0,0,0,0,6633
17525,1040,2025-08-01,6633,0,0,0,0,6633
17526,1040,2025-09-01,6633,0,0,0,0,6633
17527,1040,2025-10-01,6633,0,0,0,0,6633
17528,1040,2025-11-01,6633,0,0,0,0,6633
17529,1040,2025-12-01,6633,0,0,0,0,6633
17530,1040,2026-01-01,6633,0,0,0,0,6633
17531,1040,2026-02-01,6633,0,0,0,0,6633
17532,1040,2026-03-01,6633,0,0,0,0,6633
17533,1040,2026-04-01,6633,0,0,0,6633,0
17534,1040,2026-05-01,0,0,0,0,0,0
17535,1040,2026-06-01,0,0,0,0,0,0
17536,1041,2025-08-01,0,24595,0,0,0,24595
17537,1041,2025-09-01,24595,0,0,0,0,24595
17538,1041,2025-10-01,24595,0,0,0,0,24595
17539,1041,2025-11-01,24595,0,0,0,0,24595
17540,1041,2025-12-01,24595,0,0,0,0,24595
17541,1041,2026-01-01,24595,0,0,0,0,24595
17542,1041,2026-02-01,24595,0,0,0,0,24595
17543,1041,2026-03-01,24595,0,4594,0,0,29189
17544,1041,2026-04-01,29189,0,0,0,0,29189
17545,1041,2026-05-01,29189,0,0,0,0,29189
17546,1041,2026-06-01,29189,0,0,0,0,29189
17547,1042,2025-06-01,0,24440,0,0,0,24440
17548,1042,2025-07-01,24440,0,4620,0,0,29060
17549,1042,2025-08-01,29060,0,0,0,0,29060
17550,1042,2025-09-01,29060,0,0,0,0,29060
17551,1042,2025-10-01,29060,0,0,0,0,29060
17552,1042,2025-11-01,29060,0,0,0,0,29060
17553,1042,2025-12-01,29060,0,0,0,0,29060
17554,1042,2026-01-01,29060,0,0,0,0,29060
17555,1042,2026-02-01,29060,0,4923,0,0,33983
17556,1042,2026-03-01,33983,0,0,0,0,33983
17557,1042,2026-04-01,33983,0,0,0,0,33983
17558,1042,2026-05-01,33983,0,6299,0,0,40282
17559,1042,2026-06-01,40282,0,0,0,0,40282
17560,1043,2025-11-01,0,5749,0,0,0,5749
17561,1043,2025-12-01,5749,0,668,0,0,6417
17562,1043,2026-01-01,6417,0,0,0,0,6417
17563,1043,2026-02-01,6417,0,1535,0,0,7952
17564,1043,2026-03-01,7952,0,0,0,0,7952
17565,1043,2026-04-01,7952,0,0,0,7952,0
17566,1043,2026-05-01,0,0,0,0,0,0
17567,1043,2026-06-01,0,0,0,0,0,0
17568,1044,2025-01-01,0,9673,0,0,0,9673
17569,1044,2025-02-01,9673,0,0,0,0,9673
17570,1044,2025-03-01,9673,0,0,0,9673,0
17571,1044,2025-04-01,0,0,0,0,0,0
17572,1044,2025-05-01,0,0,0,0,0,0
17573,1044,2025-06-01,0,0,0,0,0,0
17574,1044,2025-07-01,0,0,0,0,0,0
17575,1044,2025-08-01,0,0,0,0,0,0
17576,1044,2025-09-01,0,0,0,0,0,0
17577,1044,2025-10-01,0,0,0,0,0,0
17578,1044,2025-11-01,0,0,0,0,0,0
17579,1044,2025-12-01,0,0,0,0,0,0
17580,1044,2026-01-01,0,0,0,0,0,0
17581,1044,2026-02-01,0,0,0,0,0,0
17582,1044,2026-03-01,0,0,0,0,0,0
17583,1044,2026-04-01,0,0,0,0,0,0
17584,1044,2026-05-01,0,0,0,0,0,0
17585,1044,2026-06-01,0,0,0,0,0,0
17586,1045,2025-10-01,0,10970,0,0,0,10970
17587,1045,2025-11-01,10970,0,0,1222,0,9748
17588,1045,2025-12-01,9748,0,0,0,0,9748
17589,1045,2026-01-01,9748,0,2637,0,0,12385
17590,1045,2026-02-01,12385,0,0,0,0,12385
17591,1045,2026-03-01,12385,0,0,0,0,12385
17592,1045,2026-04-01,12385,0,0,0,0,12385
17593,1045,2026-05-01,12385,0,0,0,0,12385
17594,1045,2026-06-01,12385,0,0,2647,0,9738
17595,1046,2026-02-01,0,19785,0,0,0,19785
17596,1046,2026-03-01,19785,0,0,0,0,19785
17597,1046,2026-04-01,19785,0,0,0,0,19785
17598,1046,2026-05-01,19785,0,0,0,0,19785
17599,1046,2026-06-01,19785,0,0,0,0,19785
17600,1047,2024-08-01,0,20055,0,0,0,20055
17601,1047,2024-09-01,20055,0,0,0,0,20055
17602,1047,2024-10-01,20055,0,0,0,0,20055
17603,1047,2024-11-01,20055,0,0,0,0,20055
17604,1047,2024-12-01,20055,0,0,0,0,20055
17605,1047,2025-01-01,20055,0,0,0,0,20055
17606,1047,2025-02-01,20055,0,0,0,0,20055
17607,1047,2025-03-01,20055,0,0,0,20055,0
17608,1047,2025-04-01,0,0,0,0,0,0
17609,1047,2025-05-01,0,0,0,0,0,0
17610,1047,2025-06-01,0,0,0,0,0,0
17611,1047,2025-07-01,0,0,0,0,0,0
17612,1047,2025-08-01,0,0,0,0,0,0
17613,1047,2025-09-01,0,0,0,0,0,0
17614,1047,2025-10-01,0,0,0,0,0,0
17615,1047,2025-11-01,0,0,0,0,0,0
17616,1047,2025-12-01,0,0,0,0,0,0
17617,1047,2026-01-01,0,0,0,0,0,0
17618,1047,2026-02-01,0,0,0,0,0,0
17619,1047,2026-03-01,0,0,0,0,0,0
17620,1047,2026-04-01,0,0,0,0,0,0
17621,1047,2026-05-01,0,0,0,0,0,0
17622,1047,2026-06-01,0,0,0,0,0,0
17623,1048,2024-02-01,0,16574,0,0,0,16574
17624,1048,2024-03-01,16574,0,0,0,0,16574
17625,1048,2024-04-01,16574,0,0,0,0,16574
17626,1048,2024-05-01,16574,0,0,0,0,16574
17627,1048,2024-06-01,16574,0,0,0,0,16574
17628,1048,2024-07-01,16574,0,0,0,0,16574
17629,1048,2024-08-01,16574,0,0,0,0,16574
17630,1048,2024-09-01,16574,0,0,0,0,16574
17631,1048,2024-10-01,16574,0,0,0,16574,0
17632,1048,2024-11-01,0,0,0,0,0,0
17633,1048,2024-12-01,0,0,0,0,0,0
17634,1048,2025-01-01,0,0,0,0,0,0
17635,1048,2025-02-01,0,0,0,0,0,0
17636,1048,2025-03-01,0,0,0,0,0,0
17637,1048,2025-04-01,0,0,0,0,0,0
17638,1048,2025-05-01,0,0,0,0,0,0
17639,1048,2025-06-01,0,0,0,0,0,0
17640,1048,2025-07-01,0,0,0,0,0,0
17641,1048,2025-08-01,0,0,0,0,0,0
17642,1048,2025-09-01,0,0,0,0,0,0
17643,1048,2025-10-01,0,0,0,0,0,0
17644,1048,2025-11-01,0,0,0,0,0,0
17645,1048,2025-12-01,0,0,0,0,0,0
17646,1048,2026-01-01,0,0,0,0,0,0
17647,1048,2026-02-01,0,0,0,0,0,0
17648,1048,2026-03-01,0,0,0,0,0,0
17649,1048,2026-04-01,0,0,0,0,0,0
17650,1048,2026-05-01,0,0,0,0,0,0
17651,1048,2026-06-01,0,0,0,0,0,0
17652,1049,2024-04-01,0,9034,0,0,0,9034
17653,1049,2024-05-01,9034,0,0,0,0,9034
17654,1049,2024-06-01,9034,0,1122,0,0,10156
17655,1049,2024-07-01,10156,0,0,0,0,10156
17656,1049,2024-08-01,10156,0,0,1038,0,9118
17657,1049,2024-09-01,9118,0,0,0,0,9118
17658,1049,2024-10-01,9118,0,0,0,0,9118
17659,1049,2024-11-01,9118,0,1390,0,0,10508
17660,1049,2024-12-01,10508,0,0,0,10508,0
17661,1049,2025-01-01,0,0,0,0,0,0
17662,1049,2025-02-01,0,0,0,0,0,0
17663,1049,2025-03-01,0,0,0,0,0,0
17664,1049,2025-04-01,0,0,0,0,0,0
17665,1049,2025-05-01,0,0,0,0,0,0
17666,1049,2025-06-01,0,0,0,0,0,0
17667,1049,2025-07-01,0,0,0,0,0,0
17668,1049,2025-08-01,0,0,0,0,0,0
17669,1049,2025-09-01,0,0,0,0,0,0
17670,1049,2025-10-01,0,0,0,0,0,0
17671,1049,2025-11-01,0,0,0,0,0,0
17672,1049,2025-12-01,0,0,0,0,0,0
17673,1049,2026-01-01,0,0,0,0,0,0
17674,1049,2026-02-01,0,0,0,0,0,0
17675,1049,2026-03-01,0,0,0,0,0,0
17676,1049,2026-04-01,0,0,0,0,0,0
17677,1049,2026-05-01,0,0,0,0,0,0
17678,1049,2026-06-01,0,0,0,0,0,0
17679,1050,2025-10-01,0,11967,0,0,0,11967
17680,1050,2025-11-01,11967,0,0,0,0,11967
17681,1050,2025-12-01,11967,0,0,0,0,11967
17682,1050,2026-01-01,11967,0,0,0,0,11967
17683,1050,2026-02-01,11967,0,0,0,0,11967
17684,1050,2026-03-01,11967,0,0,0,0,11967
17685,1050,2026-04-01,11967,0,0,0,0,11967
17686,1050,2026-05-01,11967,0,0,0,0,11967
17687,1050,2026-06-01,11967,0,0,2375,0,9592
17688,1051,2025-11-01,0,6007,0,0,0,6007
17689,1051,2025-12-01,6007,0,0,0,0,6007
17690,1051,2026-01-01,6007,0,0,0,0,6007
17691,1051,2026-02-01,6007,0,0,0,0,6007
17692,1051,2026-03-01,6007,0,0,0,0,6007
17693,1051,2026-04-01,6007,0,0,0,0,6007
17694,1051,2026-05-01,6007,0,0,0,0,6007
17695,1051,2026-06-01,6007,0,0,0,0,6007
17696,1052,2025-04-01,0,24933,0,0,0,24933
17697,1052,2025-05-01,24933,0,0,0,0,24933
17698,1052,2025-06-01,24933,0,0,0,0,24933
17699,1052,2025-07-01,24933,0,0,0,0,24933
17700,1052,2025-08-01,24933,0,0,0,0,24933
17701,1052,2025-09-01,24933,0,0,0,0,24933
17702,1052,2025-10-01,24933,0,0,0,0,24933
17703,1052,2025-11-01,24933,0,0,0,0,24933
17704,1052,2025-12-01,24933,0,0,0,0,24933
17705,1052,2026-01-01,24933,0,0,0,0,24933
17706,1052,2026-02-01,24933,0,0,0,0,24933
17707,1052,2026-03-01,24933,0,0,0,0,24933
17708,1052,2026-04-01,24933,0,0,0,0,24933
17709,1052,2026-05-01,24933,0,0,6206,0,18727
17710,1052,2026-06-01,18727,0,0,0,0,18727
17711,1053,2026-04-01,0,68743,0,0,0,68743
17712,1053,2026-05-01,68743,0,0,0,0,68743
17713,1053,2026-06-01,68743,0,0,0,0,68743
17714,1054,2024-02-01,0,3071,0,0,0,3071
17715,1054,2024-03-01,3071,0,0,0,0,3071
17716,1054,2024-04-01,3071,0,0,0,0,3071
17717,1054,2024-05-01,3071,0,0,0,0,3071
17718,1054,2024-06-01,3071,0,892,0,0,3963
17719,1054,2024-07-01,3963,0,0,0,0,3963
17720,1054,2024-08-01,3963,0,0,0,0,3963
17721,1054,2024-09-01,3963,0,0,0,0,3963
17722,1054,2024-10-01,3963,0,0,0,0,3963
17723,1054,2024-11-01,3963,0,0,0,0,3963
17724,1054,2024-12-01,3963,0,0,0,0,3963
17725,1054,2025-01-01,3963,0,0,0,0,3963
17726,1054,2025-02-01,3963,0,0,0,0,3963
17727,1054,2025-03-01,3963,0,0,0,0,3963
17728,1054,2025-04-01,3963,0,0,0,0,3963
17729,1054,2025-05-01,3963,0,0,0,0,3963
17730,1054,2025-06-01,3963,0,975,0,0,4938
17731,1054,2025-07-01,4938,0,0,0,0,4938
17732,1054,2025-08-01,4938,0,1065,0,0,6003
17733,1054,2025-09-01,6003,0,0,0,0,6003
17734,1054,2025-10-01,6003,0,0,0,0,6003
17735,1054,2025-11-01,6003,0,0,0,0,6003
17736,1054,2025-12-01,6003,0,0,0,0,6003
17737,1054,2026-01-01,6003,0,0,0,0,6003
17738,1054,2026-02-01,6003,0,0,0,0,6003
17739,1054,2026-03-01,6003,0,0,0,0,6003
17740,1054,2026-04-01,6003,0,0,0,6003,0
17741,1054,2026-05-01,0,0,0,0,0,0
17742,1054,2026-06-01,0,0,0,0,0,0
17743,1055,2025-07-01,0,21494,0,0,0,21494
17744,1055,2025-08-01,21494,0,0,0,0,21494
17745,1055,2025-09-01,21494,0,0,3952,0,17542
17746,1055,2025-10-01,17542,0,0,0,0,17542
17747,1055,2025-11-01,17542,0,0,0,0,17542
17748,1055,2025-12-01,17542,0,0,0,0,17542
17749,1055,2026-01-01,17542,0,0,0,0,17542
17750,1055,2026-02-01,17542,0,0,0,0,17542
17751,1055,2026-03-01,17542,0,0,0,0,17542
17752,1055,2026-04-01,17542,0,0,0,17542,0
17753,1055,2026-05-01,0,0,0,0,0,0
17754,1055,2026-06-01,0,0,0,0,0,0
17755,1056,2024-12-01,0,6486,0,0,0,6486
17756,1056,2025-01-01,6486,0,1742,0,0,8228
17757,1056,2025-02-01,8228,0,0,0,0,8228
17758,1056,2025-03-01,8228,0,0,0,0,8228
17759,1056,2025-04-01,8228,0,0,0,0,8228
17760,1056,2025-05-01,8228,0,0,0,0,8228
17761,1056,2025-06-01,8228,0,0,0,0,8228
17762,1056,2025-07-01,8228,0,0,0,0,8228
17763,1056,2025-08-01,8228,0,0,0,0,8228
17764,1056,2025-09-01,8228,0,0,0,0,8228
17765,1056,2025-10-01,8228,0,0,0,0,8228
17766,1056,2025-11-01,8228,0,0,0,8228,0
17767,1056,2025-12-01,0,0,0,0,0,0
17768,1056,2026-01-01,0,0,0,0,0,0
17769,1056,2026-02-01,0,0,0,0,0,0
17770,1056,2026-03-01,0,0,0,0,0,0
17771,1056,2026-04-01,0,0,0,0,0,0
17772,1056,2026-05-01,0,0,0,0,0,0
17773,1056,2026-06-01,0,0,0,0,0,0
17774,1057,2024-08-01,0,6191,0,0,0,6191
17775,1057,2024-09-01,6191,0,0,0,0,6191
17776,1057,2024-10-01,6191,0,0,0,6191,0
17777,1057,2024-11-01,0,0,0,0,0,0
17778,1057,2024-12-01,0,0,0,0,0,0
17779,1057,2025-01-01,0,0,0,0,0,0
17780,1057,2025-02-01,0,0,0,0,0,0
17781,1057,2025-03-01,0,0,0,0,0,0
17782,1057,2025-04-01,0,0,0,0,0,0
17783,1057,2025-05-01,0,0,0,0,0,0
17784,1057,2025-06-01,0,0,0,0,0,0
17785,1057,2025-07-01,0,0,0,0,0,0
17786,1057,2025-08-01,0,0,0,0,0,0
17787,1057,2025-09-01,0,0,0,0,0,0
17788,1057,2025-10-01,0,0,0,0,0,0
17789,1057,2025-11-01,0,0,0,0,0,0
17790,1057,2025-12-01,0,0,0,0,0,0
17791,1057,2026-01-01,0,0,0,0,0,0
17792,1057,2026-02-01,0,0,0,0,0,0
17793,1057,2026-03-01,0,0,0,0,0,0
17794,1057,2026-04-01,0,0,0,0,0,0
17795,1057,2026-05-01,0,0,0,0,0,0
17796,1057,2026-06-01,0,0,0,0,0,0
17797,1058,2025-05-01,0,20584,0,0,0,20584
17798,1058,2025-06-01,20584,0,0,0,0,20584
17799,1058,2025-07-01,20584,0,2512,0,0,23096
17800,1058,2025-08-01,23096,0,0,0,0,23096
17801,1058,2025-09-01,23096,0,0,0,0,23096
17802,1058,2025-10-01,23096,0,0,0,0,23096
17803,1058,2025-11-01,23096,0,0,0,0,23096
17804,1058,2025-12-01,23096,0,0,0,0,23096
17805,1058,2026-01-01,23096,0,0,0,0,23096
17806,1058,2026-02-01,23096,0,0,0,0,23096
17807,1058,2026-03-01,23096,0,0,0,0,23096
17808,1058,2026-04-01,23096,0,0,0,23096,0
17809,1058,2026-05-01,0,0,0,0,0,0
17810,1058,2026-06-01,0,0,0,0,0,0
17811,1059,2024-08-01,0,5352,0,0,0,5352
17812,1059,2024-09-01,5352,0,0,0,5352,0
17813,1059,2024-10-01,0,0,0,0,0,0
17814,1059,2024-11-01,0,0,0,0,0,0
17815,1059,2024-12-01,0,0,0,0,0,0
17816,1059,2025-01-01,0,0,0,0,0,0
17817,1059,2025-02-01,0,0,0,0,0,0
17818,1059,2025-03-01,0,0,0,0,0,0
17819,1059,2025-04-01,0,0,0,0,0,0
17820,1059,2025-05-01,0,0,0,0,0,0
17821,1059,2025-06-01,0,0,0,0,0,0
17822,1059,2025-07-01,0,0,0,0,0,0
17823,1059,2025-08-01,0,0,0,0,0,0
17824,1059,2025-09-01,0,0,0,0,0,0
17825,1059,2025-10-01,0,0,0,0,0,0
17826,1059,2025-11-01,0,0,0,0,0,0
17827,1059,2025-12-01,0,0,0,0,0,0
17828,1059,2026-01-01,0,0,0,0,0,0
17829,1059,2026-02-01,0,0,0,0,0,0
17830,1059,2026-03-01,0,0,0,0,0,0
17831,1059,2026-04-01,0,0,0,0,0,0
17832,1059,2026-05-01,0,0,0,0,0,0
17833,1059,2026-06-01,0,0,0,0,0,0
17834,1060,2024-10-01,0,6512,0,0,0,6512
17835,1060,2024-11-01,6512,0,0,0,0,6512
17836,1060,2024-12-01,6512,0,0,0,0,6512
17837,1060,2025-01-01,6512,0,1826,0,0,8338
17838,1060,2025-02-01,8338,0,0,0,0,8338
17839,1060,2025-03-01,8338,0,0,0,0,8338
17840,1060,2025-04-01,8338,0,0,0,0,8338
17841,1060,2025-05-01,8338,0,0,0,0,8338
17842,1060,2025-06-01,8338,0,0,0,0,8338
17843,1060,2025-07-01,8338,0,2082,0,0,10420
17844,1060,2025-08-01,10420,0,0,0,0,10420
17845,1060,2025-09-01,10420,0,0,0,0,10420
17846,1060,2025-10-01,10420,0,0,0,0,10420
17847,1060,2025-11-01,10420,0,0,0,0,10420
17848,1060,2025-12-01,10420,0,0,0,0,10420
17849,1060,2026-01-01,10420,0,0,0,10420,0
17850,1060,2026-02-01,0,0,0,0,0,0
17851,1060,2026-03-01,0,0,0,0,0,0
17852,1060,2026-04-01,0,0,0,0,0,0
17853,1060,2026-05-01,0,0,0,0,0,0
17854,1060,2026-06-01,0,0,0,0,0,0
17855,1061,2024-05-01,0,5989,0,0,0,5989
17856,1061,2024-06-01,5989,0,0,0,0,5989
17857,1061,2024-07-01,5989,0,0,0,0,5989
17858,1061,2024-08-01,5989,0,0,0,0,5989
17859,1061,2024-09-01,5989,0,0,0,0,5989
17860,1061,2024-10-01,5989,0,0,0,0,5989
17861,1061,2024-11-01,5989,0,0,0,0,5989
17862,1061,2024-12-01,5989,0,0,0,0,5989
17863,1061,2025-01-01,5989,0,0,0,0,5989
17864,1061,2025-02-01,5989,0,1400,0,0,7389
17865,1061,2025-03-01,7389,0,0,0,0,7389
17866,1061,2025-04-01,7389,0,0,0,0,7389
17867,1061,2025-05-01,7389,0,0,0,0,7389
17868,1061,2025-06-01,7389,0,1718,0,0,9107
17869,1061,2025-07-01,9107,0,0,0,0,9107
17870,1061,2025-08-01,9107,0,0,0,0,9107
17871,1061,2025-09-01,9107,0,0,0,0,9107
17872,1061,2025-10-01,9107,0,0,1157,0,7950
17873,1061,2025-11-01,7950,0,0,0,0,7950
17874,1061,2025-12-01,7950,0,0,0,0,7950
17875,1061,2026-01-01,7950,0,0,0,0,7950
17876,1061,2026-02-01,7950,0,2314,0,0,10264
17877,1061,2026-03-01,10264,0,0,0,0,10264
17878,1061,2026-04-01,10264,0,0,0,0,10264
17879,1061,2026-05-01,10264,0,0,0,0,10264
17880,1061,2026-06-01,10264,0,0,0,0,10264
17881,1062,2024-02-01,0,4051,0,0,0,4051
17882,1062,2024-03-01,4051,0,0,0,0,4051
17883,1062,2024-04-01,4051,0,0,0,0,4051
17884,1062,2024-05-01,4051,0,0,0,0,4051
17885,1062,2024-06-01,4051,0,0,0,0,4051
17886,1062,2024-07-01,4051,0,0,0,0,4051
17887,1062,2024-08-01,4051,0,0,0,0,4051
17888,1062,2024-09-01,4051,0,0,0,4051,0
17889,1062,2024-10-01,0,0,0,0,0,0
17890,1062,2024-11-01,0,0,0,0,0,0
17891,1062,2024-12-01,0,0,0,0,0,0
17892,1062,2025-01-01,0,0,0,0,0,0
17893,1062,2025-02-01,0,0,0,0,0,0
17894,1062,2025-03-01,0,0,0,0,0,0
17895,1062,2025-04-01,0,0,0,0,0,0
17896,1062,2025-05-01,0,0,0,0,0,0
17897,1062,2025-06-01,0,0,0,0,0,0
17898,1062,2025-07-01,0,0,0,0,0,0
17899,1062,2025-08-01,0,0,0,0,0,0
17900,1062,2025-09-01,0,0,0,0,0,0
17901,1062,2025-10-01,0,0,0,0,0,0
17902,1062,2025-11-01,0,0,0,0,0,0
17903,1062,2025-12-01,0,0,0,0,0,0
17904,1062,2026-01-01,0,0,0,0,0,0
17905,1062,2026-02-01,0,0,0,0,0,0
17906,1062,2026-03-01,0,0,0,0,0,0
17907,1062,2026-04-01,0,0,0,0,0,0
17908,1062,2026-05-01,0,0,0,0,0,0
17909,1062,2026-06-01,0,0,0,0,0,0
17910,1063,2026-01-01,0,19075,0,0,0,19075
17911,1063,2026-02-01,19075,0,0,0,0,19075
17912,1063,2026-03-01,19075,0,0,0,0,19075
17913,1063,2026-04-01,19075,0,0,0,0,19075
17914,1063,2026-05-01,19075,0,0,0,0,19075
17915,1063,2026-06-01,19075,0,3795,0,0,22870
17916,1064,2025-10-01,0,56442,0,0,0,56442
17917,1064,2025-11-01,56442,0,0,0,0,56442
17918,1064,2025-12-01,56442,0,0,0,0,56442
17919,1064,2026-01-01,56442,0,0,0,0,56442
17920,1064,2026-02-01,56442,0,0,0,0,56442
17921,1064,2026-03-01,56442,0,0,0,0,56442
17922,1064,2026-04-01,56442,0,0,0,0,56442
17923,1064,2026-05-01,56442,0,0,0,0,56442
17924,1064,2026-06-01,56442,0,0,0,0,56442
17925,1065,2026-01-01,0,17716,0,0,0,17716
17926,1065,2026-02-01,17716,0,0,0,0,17716
17927,1065,2026-03-01,17716,0,0,0,0,17716
17928,1065,2026-04-01,17716,0,0,0,0,17716
17929,1065,2026-05-01,17716,0,4156,0,0,21872
17930,1065,2026-06-01,21872,0,0,0,0,21872
17931,1066,2025-04-01,0,4521,0,0,0,4521
17932,1066,2025-05-01,4521,0,621,0,0,5142
17933,1066,2025-06-01,5142,0,0,0,0,5142
17934,1066,2025-07-01,5142,0,0,0,0,5142
17935,1066,2025-08-01,5142,0,0,0,0,5142
17936,1066,2025-09-01,5142,0,0,0,0,5142
17937,1066,2025-10-01,5142,0,0,0,0,5142
17938,1066,2025-11-01,5142,0,0,0,0,5142
17939,1066,2025-12-01,5142,0,0,0,0,5142
17940,1066,2026-01-01,5142,0,1304,0,0,6446
17941,1066,2026-02-01,6446,0,0,0,0,6446
17942,1066,2026-03-01,6446,0,0,0,0,6446
17943,1066,2026-04-01,6446,0,1574,0,0,8020
17944,1066,2026-05-01,8020,0,0,0,0,8020
17945,1066,2026-06-01,8020,0,0,0,0,8020
17946,1067,2025-11-01,0,16697,0,0,0,16697
17947,1067,2025-12-01,16697,0,0,0,0,16697
17948,1067,2026-01-01,16697,0,2083,0,0,18780
17949,1067,2026-02-01,18780,0,0,0,0,18780
17950,1067,2026-03-01,18780,0,0,0,0,18780
17951,1067,2026-04-01,18780,0,0,0,0,18780
17952,1067,2026-05-01,18780,0,2788,0,0,21568
17953,1067,2026-06-01,21568,0,0,0,0,21568
17954,1068,2024-12-01,0,49764,0,0,0,49764
17955,1068,2025-01-01,49764,0,0,10962,0,38802
17956,1068,2025-02-01,38802,0,0,0,0,38802
17957,1068,2025-03-01,38802,0,0,0,0,38802
17958,1068,2025-04-01,38802,0,0,0,0,38802
17959,1068,2025-05-01,38802,0,0,0,0,38802
17960,1068,2025-06-01,38802,0,0,0,0,38802
17961,1068,2025-07-01,38802,0,0,0,0,38802
17962,1068,2025-08-01,38802,0,0,0,0,38802
17963,1068,2025-09-01,38802,0,9554,0,0,48356
17964,1068,2025-10-01,48356,0,0,0,0,48356
17965,1068,2025-11-01,48356,0,0,0,0,48356
17966,1068,2025-12-01,48356,0,0,0,0,48356
17967,1068,2026-01-01,48356,0,0,0,0,48356
17968,1068,2026-02-01,48356,0,0,9343,0,39013
17969,1068,2026-03-01,39013,0,3903,0,0,42916
17970,1068,2026-04-01,42916,0,0,0,0,42916
17971,1068,2026-05-01,42916,0,0,0,0,42916
17972,1068,2026-06-01,42916,0,0,0,0,42916
