opportunity_id,lead_id,account_id,sales_rep,stage,created_date,close_date,deal_value,probability,result
1,4,,Alex Chen,Closed,2025-06-01,2025-07-16,88904,0,Closed Lost
2,5,1,Emily Tsai,Closed,2024-08-13,2024-09-23,252880,100,Closed Won
3,8,,Brian Lin,Closed,2025-09-10,2025-10-25,391233,0,Closed Lost
4,9,,Alex Chen,Closed,2025-01-22,2025-03-17,196834,0,Closed Lost
5,12,,Brian Lin,Closed,2024-10-11,2024-11-25,74293,0,Closed Lost
6,14,2,Cathy Wang,Closed,2025-09-15,2025-10-28,364821,100,Closed Won
7,18,,David Huang,Closed,2024-08-05,2025-01-28,1513180,0,Closed Lost
8,19,,David Huang,Closed,2024-05-26,2024-07-08,152713,0,Closed Lost
9,22,3,Brian Lin,Closed,2024-06-05,2024-07-09,100295,100,Closed Won
10,24,,Cathy Wang,Closed,2025-11-27,2026-03-25,1404094,0,Closed Lost
11,25,,Alex Chen,Closed,2025-10-18,2025-11-25,111529,0,Closed Lost
12,27,,Emily Tsai,Closed,2025-06-03,2025-07-09,118586,0,Closed Lost
13,37,4,Alex Chen,Closed,2024-08-22,2025-01-01,1526202,100,Closed Won
14,39,,Emily Tsai,Closed,2025-08-07,2025-10-16,248368,0,Closed Lost
15,44,,Alex Chen,Closed,2024-07-06,2024-12-31,1172548,0,Closed Lost
16,45,,Cathy Wang,Closed,2025-03-29,2025-04-29,117731,0,Closed Lost
17,46,,Brian Lin,Closed,2024-04-05,2024-04-27,104279,0,Closed Lost
18,47,,Alex Chen,Closed,2025-05-07,2025-08-27,1615959,0,Closed Lost
19,51,5,Cathy Wang,Closed,2024-11-17,2024-12-02,90291,100,Closed Won
20,54,6,Cathy Wang,Closed,2025-08-15,2025-09-23,40298,100,Closed Won
21,55,,Alex Chen,Closed,2024-09-24,2024-10-30,77685,0,Closed Lost
22,56,,Emily Tsai,Closed,2025-02-09,2025-03-26,69192,0,Closed Lost
23,61,,Emily Tsai,Closed,2025-11-14,2026-01-28,1679444,0,Closed Lost
24,63,,Alex Chen,Closed,2024-10-05,2024-12-29,319822,0,Closed Lost
25,65,,Alex Chen,Closed,2024-02-22,2024-04-15,410879,0,Closed Lost
26,75,7,Emily Tsai,Closed,2025-01-26,2025-02-13,93962,100,Closed Won
27,78,,Alex Chen,Closed,2024-12-25,2025-02-21,186096,0,Closed Lost
28,79,,Emily Tsai,Closed,2024-01-29,2024-02-17,54393,0,Closed Lost
29,87,8,David Huang,Closed,2025-09-22,2025-10-19,114113,100,Closed Won
30,88,,Brian Lin,Closed,2024-11-07,2024-12-17,459812,0,Closed Lost
31,93,9,Alex Chen,Closed,2025-09-17,2025-10-04,81163,100,Closed Won
32,97,10,David Huang,Closed,2025-11-14,2026-02-01,170605,100,Closed Won
33,99,11,Cathy Wang,Closed,2024-06-11,2024-07-21,109967,100,Closed Won
34,106,,David Huang,Closed,2025-08-12,2025-11-11,1199817,0,Closed Lost
35,107,,Cathy Wang,Closed,2025-02-03,2025-02-25,38807,0,Closed Lost
36,120,12,Alex Chen,Closed,2024-06-16,2024-08-30,354620,100,Closed Won
37,122,13,David Huang,Closed,2024-03-18,2024-04-09,117311,100,Closed Won
38,123,14,David Huang,Closed,2025-12-01,2026-02-14,175242,100,Closed Won
39,124,15,David Huang,Closed,2024-12-21,2025-01-19,46515,100,Closed Won
40,127,,Alex Chen,Closed,2024-06-29,2024-08-05,111717,0,Closed Lost
41,134,16,Alex Chen,Closed,2025-05-15,2025-08-13,214865,100,Closed Won
42,142,,Emily Tsai,Closed,2024-11-05,2024-12-01,69230,0,Closed Lost
43,147,17,David Huang,Closed,2024-06-04,2024-11-08,1834853,100,Closed Won
44,150,,Brian Lin,Closed,2024-11-08,2025-01-22,251738,0,Closed Lost
45,152,18,Alex Chen,Closed,2024-09-02,2024-09-21,88046,100,Closed Won
46,158,,David Huang,Closed,2025-03-25,2025-04-11,114676,0,Closed Lost
47,159,,Emily Tsai,Closed,2024-10-05,2024-11-01,38739,0,Closed Lost
48,162,,Alex Chen,Closed,2025-11-19,2025-12-27,89623,0,Closed Lost
49,163,,Brian Lin,Closed,2025-04-26,2025-09-05,1626924,0,Closed Lost
50,166,,Cathy Wang,Closed,2024-12-03,2025-01-08,32620,0,Closed Lost
51,173,,Alex Chen,Closed,2025-12-27,2026-01-28,77398,0,Closed Lost
52,180,,Brian Lin,Closed,2024-06-01,2024-06-21,59143,0,Closed Lost
53,181,,Alex Chen,Closed,2025-04-11,2025-07-25,1113006,0,Closed Lost
54,185,19,Alex Chen,Closed,2024-04-12,2024-05-27,55308,100,Closed Won
55,198,,Alex Chen,Closed,2024-10-21,2024-11-19,76907,0,Closed Lost
56,200,20,Alex Chen,Closed,2024-11-05,2025-05-03,1217270,100,Closed Won
57,205,21,David Huang,Closed,2024-08-12,2024-09-23,83971,100,Closed Won
58,206,,David Huang,Closed,2025-10-05,2025-11-11,460663,0,Closed Lost
59,207,,Cathy Wang,Closed,2025-03-27,2025-06-09,188102,0,Closed Lost
60,209,,Alex Chen,Closed,2025-07-06,2025-08-01,83613,0,Closed Lost
61,210,22,Cathy Wang,Closed,2024-06-17,2024-09-09,684863,100,Closed Won
62,217,,Cathy Wang,Closed,2025-10-25,2026-04-18,990531,0,Closed Lost
63,218,,Alex Chen,Closed,2025-10-26,2025-11-09,91409,0,Closed Lost
64,220,,Cathy Wang,Closed,2025-02-01,2025-07-15,1424094,0,Closed Lost
65,231,,Cathy Wang,Closed,2024-06-27,2024-08-02,117351,0,Closed Lost
66,232,23,Brian Lin,Closed,2024-08-31,2024-10-05,100214,100,Closed Won
67,235,24,David Huang,Closed,2025-04-07,2025-04-29,51183,100,Closed Won
68,238,25,Alex Chen,Closed,2024-03-16,2024-05-09,479623,100,Closed Won
69,240,,David Huang,Closed,2025-01-25,2025-02-11,85516,0,Closed Lost
70,244,26,Emily Tsai,Closed,2025-11-12,2025-12-20,296028,100,Closed Won
71,245,27,Cathy Wang,Closed,2024-03-09,2024-04-04,67188,100,Closed Won
72,246,,Emily Tsai,Closed,2025-01-16,2025-02-21,46111,0,Closed Lost
73,247,,Cathy Wang,Closed,2025-11-17,2026-01-20,1350570,0,Closed Lost
74,250,,Alex Chen,Closed,2024-04-20,2024-05-13,38564,0,Closed Lost
75,254,28,David Huang,Closed,2024-01-07,2024-03-31,411857,100,Closed Won
76,258,29,David Huang,Closed,2024-02-23,2024-03-21,66265,100,Closed Won
77,260,,Emily Tsai,Closed,2025-02-28,2025-03-20,32541,0,Closed Lost
78,261,,Cathy Wang,Closed,2024-04-23,2024-06-08,207597,0,Closed Lost
79,268,,David Huang,Closed,2025-12-27,2026-01-27,54287,0,Closed Lost
80,270,30,Cathy Wang,Closed,2024-03-31,2024-04-29,74251,100,Closed Won
81,272,,Emily Tsai,Closed,2024-12-07,2025-01-19,46456,0,Closed Lost
82,279,,Emily Tsai,Closed,2025-06-03,2025-07-13,98183,0,Closed Lost
83,282,,Brian Lin,Closed,2025-04-05,2025-06-27,461152,0,Closed Lost
84,284,,Brian Lin,Closed,2024-04-15,2024-07-05,838302,0,Closed Lost
85,285,31,Brian Lin,Closed,2025-05-31,2025-07-05,33442,100,Closed Won
86,286,32,David Huang,Closed,2025-03-25,2025-05-06,88450,100,Closed Won
87,290,33,Cathy Wang,Closed,2024-12-07,2024-12-21,55226,100,Closed Won
88,300,34,David Huang,Closed,2025-03-24,2025-05-24,178030,100,Closed Won
89,305,,David Huang,Closed,2024-07-23,2025-01-12,519938,0,Closed Lost
90,311,35,Brian Lin,Closed,2025-01-30,2025-03-16,73904,100,Closed Won
91,313,,Brian Lin,Closed,2024-05-20,2024-08-08,163257,0,Closed Lost
92,315,,Alex Chen,Closed,2024-01-20,2024-02-05,34397,0,Closed Lost
93,318,36,Cathy Wang,Closed,2025-05-26,2025-08-04,198802,100,Closed Won
94,320,37,Emily Tsai,Closed,2025-08-07,2025-09-14,144764,100,Closed Won
95,322,38,Cathy Wang,Closed,2025-02-03,2025-04-04,455853,100,Closed Won
96,324,,Alex Chen,Closed,2024-09-03,2024-10-10,57550,0,Closed Lost
97,327,39,David Huang,Closed,2024-05-18,2024-06-04,46419,100,Closed Won
98,340,40,David Huang,Closed,2024-02-01,2024-03-17,404708,100,Closed Won
99,341,41,Brian Lin,Closed,2024-02-05,2024-04-01,416660,100,Closed Won
100,344,,Emily Tsai,Closed,2025-08-10,2025-09-19,74410,0,Closed Lost
101,345,,Emily Tsai,Closed,2024-09-12,2024-12-09,279486,0,Closed Lost
102,346,,Cathy Wang,Closed,2025-06-14,2025-07-28,101041,0,Closed Lost
103,357,42,Brian Lin,Closed,2024-05-11,2024-08-03,483739,100,Closed Won
104,366,,Cathy Wang,Closed,2025-05-24,2025-06-26,68503,0,Closed Lost
105,372,43,David Huang,Closed,2024-05-24,2024-08-23,1960162,100,Closed Won
106,375,44,Cathy Wang,Closed,2025-05-25,2025-07-09,95185,100,Closed Won
107,377,,Brian Lin,Closed,2024-02-19,2024-04-26,283375,0,Closed Lost
108,379,,Emily Tsai,Closed,2025-01-09,2025-02-05,41631,0,Closed Lost
109,380,45,David Huang,Closed,2025-08-06,2025-10-08,464636,100,Closed Won
110,383,46,Cathy Wang,Closed,2025-07-25,2025-09-03,82435,100,Closed Won
111,386,,Emily Tsai,Closed,2024-12-01,2024-12-26,97128,0,Closed Lost
112,389,47,Alex Chen,Closed,2025-03-02,2025-05-11,704268,100,Closed Won
113,393,48,Emily Tsai,Closed,2024-07-14,2024-08-21,96931,100,Closed Won
114,399,,Cathy Wang,Closed,2024-08-18,2024-11-06,363470,0,Closed Lost
115,401,,Alex Chen,Closed,2024-10-21,2024-11-20,117407,0,Closed Lost
116,402,,David Huang,Closed,2024-12-19,2025-01-18,34142,0,Closed Lost
117,405,49,David Huang,Closed,2024-05-20,2024-07-12,457116,100,Closed Won
118,411,50,Brian Lin,Closed,2025-10-29,2025-12-23,305265,100,Closed Won
119,414,,Cathy Wang,Closed,2024-02-08,2024-05-07,342335,0,Closed Lost
120,415,,Brian Lin,Closed,2024-10-18,2024-11-02,90034,0,Closed Lost
121,425,51,Brian Lin,Closed,2024-06-12,2024-09-24,712572,100,Closed Won
122,439,,Emily Tsai,Closed,2024-07-03,2024-10-04,1266922,0,Closed Lost
123,445,52,Emily Tsai,Closed,2024-08-23,2024-09-19,58970,100,Closed Won
124,446,,Alex Chen,Closed,2024-04-25,2024-05-29,85306,0,Closed Lost
125,449,53,Brian Lin,Closed,2025-02-15,2025-03-22,99716,100,Closed Won
126,450,,Cathy Wang,Closed,2024-05-23,2024-06-09,107846,0,Closed Lost
127,454,54,Emily Tsai,Closed,2025-10-03,2025-11-17,82574,100,Closed Won
128,456,,Cathy Wang,Closed,2025-02-22,2025-04-04,88650,0,Closed Lost
129,458,55,Emily Tsai,Closed,2025-04-19,2025-05-30,40977,100,Closed Won
130,460,,Brian Lin,Closed,2024-12-04,2025-03-02,407403,0,Closed Lost
131,466,56,David Huang,Closed,2025-02-10,2025-03-15,63848,100,Closed Won
132,467,,Emily Tsai,Closed,2025-01-24,2025-03-10,106022,0,Closed Lost
133,469,,Cathy Wang,Closed,2024-11-23,2024-12-20,96748,0,Closed Lost
134,470,57,Cathy Wang,Closed,2025-07-30,2025-08-23,110626,100,Closed Won
135,472,,Cathy Wang,Closed,2024-06-05,2024-07-03,92054,0,Closed Lost
136,473,58,Brian Lin,Closed,2025-05-26,2025-06-19,110363,100,Closed Won
137,486,,Emily Tsai,Closed,2025-10-31,2025-12-05,162082,0,Closed Lost
138,489,,Cathy Wang,Closed,2025-08-02,2025-11-23,1438857,0,Closed Lost
139,493,,Emily Tsai,Closed,2024-01-17,2024-02-28,98704,0,Closed Lost
140,507,59,David Huang,Closed,2025-01-29,2025-03-12,56136,100,Closed Won
141,510,60,Alex Chen,Closed,2025-05-19,2025-06-06,99716,100,Closed Won
142,514,,Alex Chen,Closed,2024-12-03,2025-01-27,443559,0,Closed Lost
143,517,,David Huang,Closed,2025-08-12,2025-09-04,81627,0,Closed Lost
144,540,,David Huang,Closed,2025-04-05,2025-04-24,96105,0,Closed Lost
145,546,,Cathy Wang,Closed,2025-11-20,2026-04-16,619274,0,Closed Lost
146,547,,David Huang,Closed,2025-11-19,2025-12-17,104906,0,Closed Lost
147,550,61,Cathy Wang,Closed,2025-10-12,2026-01-14,543946,100,Closed Won
148,551,62,Emily Tsai,Closed,2025-07-22,2025-08-09,105715,100,Closed Won
149,552,,Emily Tsai,Closed,2025-04-06,2025-08-18,1127532,0,Closed Lost
150,563,,Alex Chen,Closed,2024-08-02,2024-10-05,451812,0,Closed Lost
151,565,,Cathy Wang,Closed,2025-08-06,2025-10-29,184044,0,Closed Lost
152,566,63,Brian Lin,Closed,2024-11-27,2024-12-21,81180,100,Closed Won
153,572,64,Cathy Wang,Closed,2024-03-18,2024-04-10,88181,100,Closed Won
154,579,,Brian Lin,Closed,2024-01-17,2024-02-22,40731,0,Closed Lost
155,586,,Emily Tsai,Closed,2024-01-10,2024-03-13,476357,0,Closed Lost
156,587,,Emily Tsai,Closed,2025-12-11,2026-01-07,115163,0,Closed Lost
157,590,,Cathy Wang,Closed,2024-03-11,2024-04-17,145928,0,Closed Lost
158,592,65,Alex Chen,Closed,2025-02-25,2025-06-22,1933383,100,Closed Won
159,594,,Alex Chen,Closed,2024-12-25,2025-02-28,417019,0,Closed Lost
160,595,,Emily Tsai,Closed,2024-10-10,2024-11-10,283257,0,Closed Lost
161,600,66,Alex Chen,Closed,2025-01-04,2025-01-29,63451,100,Closed Won
162,602,,Cathy Wang,Closed,2024-01-18,2024-02-10,101050,0,Closed Lost
163,606,,David Huang,Closed,2024-06-08,2024-08-19,463290,0,Closed Lost
164,610,,Brian Lin,Closed,2024-01-13,2024-02-07,82474,0,Closed Lost
165,611,67,Emily Tsai,Closed,2024-12-21,2025-01-10,115503,100,Closed Won
166,619,,David Huang,Closed,2024-07-02,2024-08-05,124131,0,Closed Lost
167,621,68,Brian Lin,Closed,2024-10-04,2024-11-15,36918,100,Closed Won
168,622,,David Huang,Closed,2024-07-02,2024-12-03,1712457,0,Closed Lost
169,624,,Alex Chen,Closed,2024-12-01,2024-12-16,57908,0,Closed Lost
170,628,69,Emily Tsai,Closed,2024-01-25,2024-04-17,323085,100,Closed Won
171,630,,Emily Tsai,Closed,2024-04-16,2024-05-10,59126,0,Closed Lost
172,632,,David Huang,Closed,2025-06-16,2025-07-17,99834,0,Closed Lost
173,635,,Emily Tsai,Closed,2024-08-30,2024-12-18,1806512,0,Closed Lost
174,639,,Emily Tsai,Closed,2024-05-03,2024-06-12,67038,0,Closed Lost
175,644,70,Brian Lin,Closed,2024-02-01,2024-04-15,268089,100,Closed Won
176,646,71,Emily Tsai,Closed,2024-08-15,2024-09-03,49479,100,Closed Won
177,647,72,Brian Lin,Closed,2025-08-19,2025-09-26,34578,100,Closed Won
178,654,,Brian Lin,Closed,2024-10-13,2024-11-27,35550,0,Closed Lost
179,656,73,Brian Lin,Closed,2025-01-02,2025-02-14,48769,100,Closed Won
180,666,,Brian Lin,Closed,2024-01-21,2024-02-29,65437,0,Closed Lost
181,669,74,Emily Tsai,Closed,2024-04-23,2024-08-09,686991,100,Closed Won
182,670,,Cathy Wang,Closed,2025-12-22,2026-03-12,399816,0,Closed Lost
183,673,,David Huang,Closed,2024-08-16,2024-09-29,43452,0,Closed Lost
184,679,,David Huang,Closed,2024-01-12,2024-02-21,445371,0,Closed Lost
185,682,,Alex Chen,Closed,2025-01-22,2025-02-28,69629,0,Closed Lost
186,689,,David Huang,Closed,2024-06-09,2024-06-26,104542,0,Closed Lost
187,690,,Emily Tsai,Closed,2025-02-23,2025-05-09,1059772,0,Closed Lost
188,692,75,Emily Tsai,Closed,2025-08-08,2025-09-08,97431,100,Closed Won
189,694,,Alex Chen,Closed,2024-07-23,2024-08-28,83074,0,Closed Lost
190,703,,Emily Tsai,Closed,2025-05-02,2025-08-25,1386500,0,Closed Lost
191,704,76,David Huang,Closed,2025-05-29,2025-08-25,336876,100,Closed Won
192,708,,Cathy Wang,Closed,2024-11-23,2024-12-28,60253,0,Closed Lost
193,710,,Brian Lin,Closed,2025-12-18,2026-02-25,356201,0,Closed Lost
194,711,77,David Huang,Closed,2025-02-28,2025-05-08,229688,100,Closed Won
195,716,,Brian Lin,Closed,2025-05-01,2025-05-19,110197,0,Closed Lost
196,721,,Brian Lin,Closed,2024-02-27,2024-03-20,79554,0,Closed Lost
197,729,,David Huang,Closed,2024-10-18,2024-11-26,44632,0,Closed Lost
198,730,,Brian Lin,Closed,2024-08-14,2024-09-15,47363,0,Closed Lost
199,733,78,Emily Tsai,Closed,2025-12-30,2026-02-07,100131,100,Closed Won
200,735,79,Alex Chen,Closed,2025-08-21,2025-10-21,1914582,100,Closed Won
201,736,,Cathy Wang,Closed,2025-07-28,2025-09-09,39539,0,Closed Lost
202,737,80,Cathy Wang,Closed,2025-05-08,2025-07-11,405473,100,Closed Won
203,744,,Alex Chen,Closed,2025-06-03,2025-07-28,180946,0,Closed Lost
204,745,,Cathy Wang,Closed,2024-10-27,2024-12-12,336941,0,Closed Lost
205,747,,Brian Lin,Closed,2024-08-16,2024-09-23,71617,0,Closed Lost
206,748,,Emily Tsai,Closed,2025-01-15,2025-02-22,57493,0,Closed Lost
207,749,81,Emily Tsai,Closed,2025-04-26,2025-07-07,179431,100,Closed Won
208,750,,Brian Lin,Closed,2025-04-28,2025-05-21,116464,0,Closed Lost
209,753,,Brian Lin,Closed,2024-05-26,2024-06-22,37617,0,Closed Lost
210,757,82,Emily Tsai,Closed,2024-05-12,2024-06-01,37425,100,Closed Won
211,758,,Emily Tsai,Closed,2025-05-03,2025-05-28,34019,0,Closed Lost
212,759,,Brian Lin,Closed,2024-01-15,2024-02-26,103769,0,Closed Lost
213,768,83,Alex Chen,Closed,2025-01-19,2025-03-21,499080,100,Closed Won
214,770,84,David Huang,Closed,2024-02-19,2024-03-15,60375,100,Closed Won
215,776,,Cathy Wang,Closed,2025-01-01,2025-01-28,94791,0,Closed Lost
216,779,85,Brian Lin,Closed,2024-06-01,2024-06-15,40591,100,Closed Won
217,780,,Emily Tsai,Closed,2024-09-19,2025-02-01,1926285,0,Closed Lost
218,788,86,Brian Lin,Closed,2024-04-25,2024-05-18,33153,100,Closed Won
219,790,,Cathy Wang,Closed,2024-07-04,2024-08-31,127595,0,Closed Lost
220,791,,Alex Chen,Closed,2025-05-09,2025-10-29,1494677,0,Closed Lost
221,792,,David Huang,Closed,2024-02-17,2024-03-22,36469,0,Closed Lost
222,793,,Alex Chen,Closed,2025-11-16,2025-12-18,108895,0,Closed Lost
223,796,87,Brian Lin,Closed,2024-01-12,2024-02-09,109165,100,Closed Won
224,797,,Cathy Wang,Closed,2025-05-22,2025-07-03,335736,0,Closed Lost
225,804,,David Huang,Closed,2025-11-01,2025-11-30,101569,0,Closed Lost
226,811,88,Emily Tsai,Closed,2024-08-08,2024-10-12,237578,100,Closed Won
227,813,89,Brian Lin,Closed,2025-04-06,2025-06-06,1942228,100,Closed Won
228,814,90,Brian Lin,Closed,2025-05-25,2025-06-23,103673,100,Closed Won
229,816,,Brian Lin,Closed,2025-12-09,2026-03-07,347389,0,Closed Lost
230,821,91,Cathy Wang,Closed,2025-12-19,2026-03-19,488567,100,Closed Won
231,830,,David Huang,Closed,2024-07-27,2024-08-13,67205,0,Closed Lost
232,831,92,Cathy Wang,Closed,2024-04-14,2024-05-18,437628,100,Closed Won
233,834,,Cathy Wang,Closed,2025-07-19,2025-08-28,41433,0,Closed Lost
234,835,,Alex Chen,Closed,2024-08-18,2024-10-21,176459,0,Closed Lost
235,840,,Emily Tsai,Closed,2025-12-27,2026-01-10,82165,0,Closed Lost
236,846,,Brian Lin,Closed,2025-09-25,2025-12-02,271234,0,Closed Lost
237,847,,Alex Chen,Closed,2024-04-27,2024-05-22,51513,0,Closed Lost
238,853,,Emily Tsai,Closed,2024-08-03,2025-01-05,1801127,0,Closed Lost
239,854,,Cathy Wang,Closed,2024-04-16,2024-08-28,1993210,0,Closed Lost
240,855,,Emily Tsai,Closed,2025-10-24,2026-01-07,474708,0,Closed Lost
241,856,,Alex Chen,Closed,2024-01-25,2024-02-21,114443,0,Closed Lost
242,859,,Emily Tsai,Closed,2024-11-19,2024-12-07,35081,0,Closed Lost
243,861,,Alex Chen,Closed,2025-12-18,2026-05-03,1586051,0,Closed Lost
244,866,93,Brian Lin,Closed,2024-01-12,2024-02-25,50749,100,Closed Won
245,869,,David Huang,Closed,2024-08-04,2024-12-25,1910746,0,Closed Lost
246,870,,Alex Chen,Closed,2024-06-13,2024-08-01,350588,0,Closed Lost
247,871,,Cathy Wang,Closed,2024-04-27,2024-07-07,1810475,0,Closed Lost
248,873,94,Emily Tsai,Closed,2024-04-10,2024-05-11,46203,100,Closed Won
249,875,,Cathy Wang,Closed,2025-09-26,2025-10-23,70244,0,Closed Lost
250,876,95,David Huang,Closed,2024-12-02,2025-01-17,199414,100,Closed Won
251,877,96,Cathy Wang,Closed,2025-08-02,2025-11-07,790794,100,Closed Won
252,882,,Emily Tsai,Closed,2024-05-23,2024-06-11,95002,0,Closed Lost
253,883,,Alex Chen,Closed,2024-03-18,2024-05-03,369323,0,Closed Lost
254,884,,Emily Tsai,Closed,2025-08-27,2025-10-05,232797,0,Closed Lost
255,892,97,Alex Chen,Closed,2024-02-17,2024-03-14,40694,100,Closed Won
256,896,,Emily Tsai,Closed,2025-05-13,2025-06-19,87563,0,Closed Lost
257,897,98,Brian Lin,Closed,2025-03-26,2025-04-14,31389,100,Closed Won
258,898,,Brian Lin,Closed,2024-08-04,2024-09-15,105773,0,Closed Lost
259,901,,Alex Chen,Closed,2024-01-23,2024-04-21,245742,0,Closed Lost
260,905,,Brian Lin,Closed,2024-03-28,2024-05-30,1904060,0,Closed Lost
261,907,,Cathy Wang,Closed,2025-09-30,2025-11-02,48918,0,Closed Lost
262,908,99,David Huang,Closed,2025-04-09,2025-05-17,56653,100,Closed Won
263,912,100,Emily Tsai,Closed,2025-09-09,2026-02-13,830654,100,Closed Won
264,913,,Emily Tsai,Closed,2025-06-18,2025-08-05,267646,0,Closed Lost
265,914,,Emily Tsai,Closed,2024-08-22,2024-10-20,365378,0,Closed Lost
266,919,,David Huang,Closed,2025-06-16,2025-07-26,41456,0,Closed Lost
267,922,,David Huang,Closed,2025-11-27,2026-01-08,54506,0,Closed Lost
268,923,,Emily Tsai,Closed,2024-07-02,2024-07-24,32600,0,Closed Lost
269,925,,Emily Tsai,Closed,2025-11-06,2025-12-21,78098,0,Closed Lost
270,927,,Cathy Wang,Closed,2024-06-13,2024-07-02,37608,0,Closed Lost
271,930,,Emily Tsai,Closed,2025-02-14,2025-03-04,36156,0,Closed Lost
272,931,,Brian Lin,Closed,2024-06-28,2024-07-21,75100,0,Closed Lost
273,935,,Alex Chen,Closed,2025-11-16,2025-12-13,36204,0,Closed Lost
274,939,101,Brian Lin,Closed,2025-02-20,2025-03-13,92750,100,Closed Won
275,941,,Cathy Wang,Closed,2025-12-11,2026-03-05,290399,0,Closed Lost
276,942,,Emily Tsai,Closed,2024-12-13,2025-03-09,199685,0,Closed Lost
277,943,102,David Huang,Closed,2025-05-08,2025-05-23,35512,100,Closed Won
278,945,,Cathy Wang,Closed,2025-06-12,2025-09-10,132911,0,Closed Lost
279,948,103,Alex Chen,Closed,2024-08-11,2024-09-20,103912,100,Closed Won
280,950,,Emily Tsai,Closed,2024-07-30,2024-09-30,277584,0,Closed Lost
281,956,,David Huang,Closed,2025-07-07,2025-08-11,116268,0,Closed Lost
282,962,104,Alex Chen,Closed,2025-01-08,2025-01-22,63981,100,Closed Won
283,964,105,Alex Chen,Closed,2025-07-22,2025-08-23,92831,100,Closed Won
284,966,,David Huang,Closed,2025-10-07,2025-11-18,103256,0,Closed Lost
285,969,,Brian Lin,Closed,2025-10-06,2025-11-10,46630,0,Closed Lost
286,970,,Cathy Wang,Closed,2025-01-03,2025-01-27,98447,0,Closed Lost
287,972,106,Brian Lin,Closed,2025-08-13,2025-09-03,60530,100,Closed Won
288,978,,Brian Lin,Closed,2024-10-04,2024-11-23,409407,0,Closed Lost
289,986,107,David Huang,Closed,2024-11-29,2025-04-25,654991,100,Closed Won
290,992,108,Brian Lin,Closed,2025-07-01,2025-12-03,1499514,100,Closed Won
291,994,109,Brian Lin,Closed,2024-01-08,2024-02-06,58119,100,Closed Won
292,996,,Alex Chen,Closed,2025-01-22,2025-02-17,73337,0,Closed Lost
293,998,110,Alex Chen,Closed,2024-10-18,2024-12-14,211186,100,Closed Won
294,999,,Emily Tsai,Closed,2024-07-11,2024-08-17,92044,0,Closed Lost
295,1005,,David Huang,Closed,2025-12-14,2026-01-09,51935,0,Closed Lost
296,1006,111,Alex Chen,Closed,2024-02-27,2024-03-14,64585,100,Closed Won
297,1011,,Cathy Wang,Closed,2024-11-26,2024-12-29,59458,0,Closed Lost
298,1013,,Alex Chen,Closed,2025-11-13,2025-12-11,69900,0,Closed Lost
299,1016,,Emily Tsai,Closed,2025-12-05,2026-02-18,459659,0,Closed Lost
300,1022,,Cathy Wang,Closed,2025-07-26,2025-08-18,70290,0,Closed Lost
301,1026,,Cathy Wang,Closed,2024-07-08,2024-11-02,1100523,0,Closed Lost
302,1028,112,Brian Lin,Closed,2024-07-13,2024-09-27,241960,100,Closed Won
303,1029,,Brian Lin,Closed,2025-09-19,2025-10-22,262725,0,Closed Lost
304,1030,,Cathy Wang,Closed,2024-04-08,2024-04-24,117343,0,Closed Lost
305,1032,,Cathy Wang,Closed,2024-04-11,2024-06-15,162640,0,Closed Lost
306,1033,113,David Huang,Closed,2025-06-22,2025-07-28,60959,100,Closed Won
307,1034,114,Emily Tsai,Closed,2024-08-14,2024-09-05,108947,100,Closed Won
308,1035,,Cathy Wang,Closed,2025-11-02,2025-11-18,108189,0,Closed Lost
309,1036,,Cathy Wang,Closed,2025-01-04,2025-03-14,153035,0,Closed Lost
310,1038,,Brian Lin,Closed,2024-03-20,2024-04-18,88094,0,Closed Lost
311,1051,115,Emily Tsai,Closed,2024-04-06,2024-05-03,38809,100,Closed Won
312,1053,,David Huang,Closed,2024-04-04,2024-09-22,929253,0,Closed Lost
313,1067,,Emily Tsai,Closed,2024-03-14,2024-04-19,74074,0,Closed Lost
314,1069,116,Brian Lin,Closed,2024-11-24,2024-12-29,116203,100,Closed Won
315,1077,,Alex Chen,Closed,2025-12-12,2026-01-03,31278,0,Closed Lost
316,1084,,Cathy Wang,Closed,2025-07-28,2025-09-03,54902,0,Closed Lost
317,1089,,Brian Lin,Closed,2025-11-03,2025-12-18,118366,0,Closed Lost
318,1090,,Brian Lin,Closed,2025-03-03,2025-04-14,107863,0,Closed Lost
319,1091,,Alex Chen,Closed,2025-09-11,2025-10-06,66698,0,Closed Lost
320,1097,,Emily Tsai,Closed,2025-02-25,2025-07-04,896091,0,Closed Lost
321,1099,117,Brian Lin,Closed,2025-09-18,2025-10-24,253699,100,Closed Won
322,1104,,Alex Chen,Closed,2024-01-16,2024-02-01,44986,0,Closed Lost
323,1108,,Emily Tsai,Closed,2024-11-16,2025-01-31,357727,0,Closed Lost
324,1121,118,Alex Chen,Closed,2025-01-22,2025-04-21,238393,100,Closed Won
325,1127,,David Huang,Closed,2024-08-31,2024-10-12,88303,0,Closed Lost
326,1130,,Emily Tsai,Closed,2024-02-26,2024-03-14,43106,0,Closed Lost
327,1137,,David Huang,Closed,2024-12-03,2024-12-31,44389,0,Closed Lost
328,1138,119,Emily Tsai,Closed,2025-09-18,2025-12-08,246665,100,Closed Won
329,1140,120,Cathy Wang,Closed,2025-03-13,2025-04-23,56596,100,Closed Won
330,1155,,Brian Lin,Closed,2025-01-19,2025-03-13,236157,0,Closed Lost
331,1160,,Cathy Wang,Closed,2025-03-30,2025-09-14,1793231,0,Closed Lost
332,1166,,Cathy Wang,Closed,2024-01-24,2024-03-06,173336,0,Closed Lost
333,1171,,Brian Lin,Closed,2025-12-22,2026-01-13,101606,0,Closed Lost
334,1172,,Alex Chen,Closed,2024-11-14,2024-12-08,63472,0,Closed Lost
335,1173,121,Brian Lin,Closed,2024-05-13,2024-05-29,47658,100,Closed Won
336,1175,,Emily Tsai,Closed,2025-09-23,2025-11-23,491586,0,Closed Lost
337,1176,122,Alex Chen,Closed,2025-04-21,2025-05-26,399467,100,Closed Won
338,1178,123,David Huang,Closed,2025-04-26,2025-05-12,54253,100,Closed Won
339,1183,124,Emily Tsai,Closed,2024-11-29,2025-02-14,260176,100,Closed Won
340,1193,,David Huang,Closed,2025-09-22,2025-11-06,78755,0,Closed Lost
341,1196,,Cathy Wang,Closed,2024-05-10,2024-06-09,47872,0,Closed Lost
342,1197,,Alex Chen,Closed,2024-01-01,2024-01-20,112349,0,Closed Lost
343,1200,125,Alex Chen,Closed,2025-11-09,2025-12-03,86861,100,Closed Won
344,1202,126,Emily Tsai,Closed,2024-05-17,2024-06-19,106731,100,Closed Won
345,1209,,Brian Lin,Closed,2025-08-04,2025-09-06,39522,0,Closed Lost
346,1210,127,Cathy Wang,Closed,2025-12-08,2026-03-08,491967,100,Closed Won
347,1211,,Brian Lin,Closed,2025-04-21,2025-08-21,1482201,0,Closed Lost
348,1214,,Emily Tsai,Closed,2024-12-17,2025-01-31,114224,0,Closed Lost
349,1218,,Brian Lin,Closed,2025-08-09,2025-10-28,224192,0,Closed Lost
350,1221,,Alex Chen,Closed,2024-01-15,2024-01-29,75343,0,Closed Lost
351,1228,,David Huang,Closed,2025-02-12,2025-05-06,312324,0,Closed Lost
352,1229,,Brian Lin,Closed,2025-01-23,2025-02-06,62900,0,Closed Lost
353,1231,128,Brian Lin,Closed,2025-01-26,2025-04-13,241131,100,Closed Won
354,1233,129,Alex Chen,Closed,2025-09-17,2025-10-17,111723,100,Closed Won
355,1237,,Emily Tsai,Closed,2024-01-13,2024-02-19,104334,0,Closed Lost
356,1238,,Cathy Wang,Closed,2024-12-25,2025-01-17,81007,0,Closed Lost
357,1240,130,David Huang,Closed,2025-09-05,2025-12-11,962401,100,Closed Won
358,1242,,Alex Chen,Closed,2024-04-23,2024-05-20,44600,0,Closed Lost
359,1243,131,Alex Chen,Closed,2025-10-16,2025-11-24,439465,100,Closed Won
360,1247,132,Alex Chen,Closed,2025-09-16,2025-10-03,101429,100,Closed Won
361,1249,133,Alex Chen,Closed,2025-03-28,2025-04-25,109590,100,Closed Won
362,1255,,Cathy Wang,Closed,2024-05-04,2024-06-06,31633,0,Closed Lost
363,1259,,David Huang,Closed,2025-12-13,2026-02-17,365468,0,Closed Lost
364,1262,,Brian Lin,Closed,2025-05-15,2025-06-24,157672,0,Closed Lost
365,1263,,Cathy Wang,Closed,2025-06-30,2025-09-30,1561062,0,Closed Lost
366,1264,,Cathy Wang,Closed,2024-02-07,2024-03-22,151116,0,Closed Lost
367,1265,,David Huang,Closed,2025-02-19,2025-05-19,256715,0,Closed Lost
368,1266,134,Emily Tsai,Closed,2025-11-25,2025-12-30,76469,100,Closed Won
369,1272,,Emily Tsai,Closed,2025-03-12,2025-04-20,240165,0,Closed Lost
370,1273,135,David Huang,Closed,2024-05-03,2024-05-23,81661,100,Closed Won
371,1281,,Emily Tsai,Closed,2024-05-26,2024-06-14,106181,0,Closed Lost
372,1282,,Brian Lin,Closed,2024-06-27,2024-08-30,135123,0,Closed Lost
373,1283,136,David Huang,Closed,2025-09-18,2025-12-15,374045,100,Closed Won
374,1291,,Brian Lin,Closed,2025-07-04,2025-08-01,75703,0,Closed Lost
375,1292,,David Huang,Closed,2024-03-13,2024-04-15,86989,0,Closed Lost
376,1294,,Emily Tsai,Closed,2024-04-22,2024-05-19,112807,0,Closed Lost
377,1296,137,Brian Lin,Closed,2024-02-25,2024-04-07,53227,100,Closed Won
378,1304,138,Brian Lin,Closed,2024-09-09,2024-10-21,395394,100,Closed Won
379,1306,139,Emily Tsai,Closed,2025-04-26,2025-05-18,93105,100,Closed Won
380,1309,,Brian Lin,Closed,2024-08-11,2024-09-10,61334,0,Closed Lost
381,1310,140,David Huang,Closed,2024-01-17,2024-03-01,68338,100,Closed Won
382,1315,,Emily Tsai,Closed,2025-03-12,2025-06-25,1219017,0,Closed Lost
383,1319,,Alex Chen,Closed,2025-01-10,2025-02-20,257524,0,Closed Lost
384,1323,,Brian Lin,Closed,2024-10-10,2024-11-03,60884,0,Closed Lost
385,1325,,Emily Tsai,Closed,2025-04-07,2025-06-21,561091,0,Closed Lost
386,1328,141,Emily Tsai,Closed,2024-04-24,2024-05-30,114896,100,Closed Won
387,1331,,Alex Chen,Closed,2024-10-25,2025-03-27,550049,0,Closed Lost
388,1333,,Emily Tsai,Closed,2025-05-12,2025-06-11,60886,0,Closed Lost
389,1336,142,Cathy Wang,Closed,2024-02-18,2024-03-14,92094,100,Closed Won
390,1337,,Cathy Wang,Closed,2025-09-25,2025-10-11,106846,0,Closed Lost
391,1339,,Alex Chen,Closed,2024-06-14,2024-10-15,691117,0,Closed Lost
392,1340,143,Alex Chen,Closed,2025-03-27,2025-04-22,48906,100,Closed Won
393,1341,,Cathy Wang,Closed,2025-11-12,2025-12-22,49632,0,Closed Lost
394,1344,144,Cathy Wang,Closed,2024-06-08,2024-07-18,42443,100,Closed Won
395,1346,145,Brian Lin,Closed,2025-08-01,2025-08-31,87387,100,Closed Won
396,1348,146,Cathy Wang,Closed,2024-11-11,2025-01-10,150836,100,Closed Won
397,1349,,David Huang,Closed,2024-12-31,2025-02-19,301992,0,Closed Lost
398,1361,,Alex Chen,Closed,2024-07-23,2024-08-18,68114,0,Closed Lost
399,1368,147,Cathy Wang,Closed,2025-08-18,2026-02-09,1056045,100,Closed Won
400,1371,,Emily Tsai,Closed,2025-12-10,2026-01-22,89560,0,Closed Lost
401,1372,,Emily Tsai,Closed,2025-03-05,2025-03-22,88994,0,Closed Lost
402,1374,,Brian Lin,Closed,2024-04-06,2024-04-28,48877,0,Closed Lost
403,1382,148,Emily Tsai,Closed,2025-03-28,2025-05-08,84274,100,Closed Won
404,1385,,Cathy Wang,Closed,2024-11-10,2025-03-31,1266867,0,Closed Lost
405,1389,149,Brian Lin,Closed,2025-11-14,2025-12-20,431126,100,Closed Won
406,1390,150,David Huang,Closed,2025-08-24,2025-11-11,354773,100,Closed Won
407,1391,,Emily Tsai,Closed,2024-04-02,2024-07-06,1282528,0,Closed Lost
408,1393,151,Cathy Wang,Closed,2025-06-01,2025-08-11,436725,100,Closed Won
409,1394,,Brian Lin,Closed,2025-06-25,2025-08-26,1523078,0,Closed Lost
410,1395,,Brian Lin,Closed,2025-07-04,2025-08-01,92265,0,Closed Lost
411,1405,,Brian Lin,Closed,2025-11-19,2025-12-29,67810,0,Closed Lost
412,1408,,Brian Lin,Closed,2024-05-05,2024-06-27,240901,0,Closed Lost
413,1409,152,Alex Chen,Closed,2025-08-18,2025-10-29,1112398,100,Closed Won
414,1412,,Alex Chen,Closed,2025-05-24,2025-07-08,37870,0,Closed Lost
415,1418,153,Alex Chen,Closed,2025-03-16,2025-04-20,99526,100,Closed Won
416,1419,,Emily Tsai,Closed,2025-01-20,2025-02-19,52506,0,Closed Lost
417,1427,154,Alex Chen,Closed,2024-12-25,2025-02-02,58436,100,Closed Won
418,1429,,Cathy Wang,Closed,2024-04-27,2024-05-14,53215,0,Closed Lost
419,1431,155,Cathy Wang,Closed,2024-09-30,2024-12-29,380658,100,Closed Won
420,1435,,David Huang,Closed,2025-05-23,2025-08-04,272703,0,Closed Lost
421,1436,156,Brian Lin,Closed,2024-10-21,2025-02-08,1528654,100,Closed Won
422,1437,157,Brian Lin,Closed,2024-08-19,2024-09-24,329740,100,Closed Won
423,1442,158,Emily Tsai,Closed,2025-11-18,2026-02-24,596844,100,Closed Won
424,1444,,Alex Chen,Closed,2024-10-01,2024-12-07,359124,0,Closed Lost
425,1449,,Cathy Wang,Closed,2025-02-19,2025-03-18,119923,0,Closed Lost
426,1453,,Emily Tsai,Closed,2025-10-21,2025-11-29,66651,0,Closed Lost
427,1456,159,Emily Tsai,Closed,2025-02-10,2025-05-10,222956,100,Closed Won
428,1457,,Brian Lin,Closed,2024-04-24,2024-09-21,1204569,0,Closed Lost
429,1458,,Cathy Wang,Closed,2025-05-23,2025-08-12,175152,0,Closed Lost
430,1462,160,David Huang,Closed,2025-12-17,2026-01-09,84624,100,Closed Won
431,1463,,Emily Tsai,Closed,2025-11-30,2026-03-28,670014,0,Closed Lost
432,1466,,Alex Chen,Closed,2025-12-08,2026-01-01,83673,0,Closed Lost
433,1467,161,Emily Tsai,Closed,2024-11-12,2024-12-01,57331,100,Closed Won
434,1470,162,Brian Lin,Closed,2025-03-25,2025-04-13,84051,100,Closed Won
435,1472,163,David Huang,Closed,2024-12-06,2025-01-16,194668,100,Closed Won
436,1476,,Emily Tsai,Closed,2024-07-23,2024-10-02,354799,0,Closed Lost
437,1478,,David Huang,Closed,2025-08-31,2025-10-01,38782,0,Closed Lost
438,1481,164,Cathy Wang,Closed,2025-08-07,2025-12-06,873912,100,Closed Won
439,1486,,David Huang,Closed,2025-11-20,2026-01-10,238266,0,Closed Lost
440,1489,,David Huang,Closed,2025-03-04,2025-04-11,107174,0,Closed Lost
441,1497,,Brian Lin,Closed,2024-09-23,2025-02-06,712283,0,Closed Lost
442,1503,165,Cathy Wang,Closed,2025-07-23,2025-09-20,329076,100,Closed Won
443,1504,,Alex Chen,Closed,2024-02-24,2024-03-24,105446,0,Closed Lost
444,1506,166,Alex Chen,Closed,2025-05-21,2025-10-24,1340765,100,Closed Won
445,1512,,Brian Lin,Closed,2024-12-02,2025-03-31,1736287,0,Closed Lost
446,1518,,Emily Tsai,Closed,2024-03-13,2024-04-09,58330,0,Closed Lost
447,1521,,David Huang,Closed,2024-05-03,2024-07-09,159965,0,Closed Lost
448,1522,,Cathy Wang,Closed,2025-12-02,2026-02-18,227244,0,Closed Lost
449,1523,167,Brian Lin,Closed,2025-06-08,2025-11-25,1378153,100,Closed Won
450,1524,,David Huang,Closed,2024-10-01,2024-10-19,44214,0,Closed Lost
451,1526,,Brian Lin,Closed,2024-02-11,2024-04-16,174261,0,Closed Lost
452,1527,,Emily Tsai,Closed,2025-05-22,2025-06-29,114241,0,Closed Lost
453,1530,,Cathy Wang,Closed,2025-08-05,2025-12-10,1501051,0,Closed Lost
454,1534,168,Alex Chen,Closed,2025-02-06,2025-07-10,1909714,100,Closed Won
455,1535,,Emily Tsai,Closed,2024-11-17,2025-01-08,479437,0,Closed Lost
456,1537,169,David Huang,Closed,2024-08-04,2024-12-01,945015,100,Closed Won
457,1539,170,Cathy Wang,Closed,2024-04-29,2024-06-03,30261,100,Closed Won
458,1542,,David Huang,Closed,2024-11-05,2024-12-17,110823,0,Closed Lost
459,1544,171,David Huang,Closed,2025-05-07,2025-05-31,106731,100,Closed Won
460,1545,,Brian Lin,Closed,2024-03-29,2024-04-18,80851,0,Closed Lost
461,1546,,Alex Chen,Closed,2024-01-23,2024-04-20,488203,0,Closed Lost
462,1563,,Brian Lin,Closed,2025-01-02,2025-03-07,353252,0,Closed Lost
463,1566,,David Huang,Closed,2024-12-14,2025-02-18,326403,0,Closed Lost
464,1568,,David Huang,Closed,2025-12-24,2026-02-06,459425,0,Closed Lost
465,1572,,Brian Lin,Closed,2025-06-02,2025-07-17,89367,0,Closed Lost
466,1575,172,Cathy Wang,Closed,2024-12-15,2025-01-22,80552,100,Closed Won
467,1582,173,Alex Chen,Closed,2025-08-11,2025-10-26,1496381,100,Closed Won
468,1583,,Alex Chen,Closed,2025-03-05,2025-04-05,357411,0,Closed Lost
469,1584,,Cathy Wang,Closed,2024-11-17,2025-01-02,124744,0,Closed Lost
470,1586,,Brian Lin,Closed,2025-12-15,2026-01-05,55657,0,Closed Lost
471,1587,174,Cathy Wang,Closed,2024-11-04,2024-11-21,42808,100,Closed Won
472,1588,,Alex Chen,Closed,2025-06-16,2025-07-09,101307,0,Closed Lost
473,1591,,Alex Chen,Closed,2025-03-08,2025-05-28,456677,0,Closed Lost
474,1592,,Emily Tsai,Closed,2024-09-22,2024-11-06,93355,0,Closed Lost
475,1593,,Brian Lin,Closed,2025-04-04,2025-05-13,46203,0,Closed Lost
476,1595,,David Huang,Closed,2024-12-24,2025-02-15,337185,0,Closed Lost
477,1596,175,Brian Lin,Closed,2025-01-21,2025-03-03,64206,100,Closed Won
478,1599,176,Emily Tsai,Closed,2024-08-07,2024-10-11,455960,100,Closed Won
479,1601,177,Brian Lin,Closed,2025-10-13,2025-11-13,195891,100,Closed Won
480,1604,,David Huang,Closed,2025-12-12,2026-01-14,68559,0,Closed Lost
481,1605,,Alex Chen,Closed,2025-07-26,2025-08-30,485192,0,Closed Lost
482,1606,,David Huang,Closed,2024-04-22,2024-06-05,77107,0,Closed Lost
483,1610,,Cathy Wang,Closed,2024-07-06,2024-08-15,54008,0,Closed Lost
484,1614,,Brian Lin,Closed,2025-04-05,2025-08-06,610051,0,Closed Lost
485,1616,,Brian Lin,Closed,2024-08-26,2024-09-21,55837,0,Closed Lost
486,1619,,Cathy Wang,Closed,2025-09-25,2025-12-19,1912532,0,Closed Lost
487,1620,,Alex Chen,Closed,2025-05-02,2025-05-17,111609,0,Closed Lost
488,1623,,Alex Chen,Closed,2025-05-18,2025-06-12,81823,0,Closed Lost
489,1626,,Emily Tsai,Closed,2024-05-27,2024-07-09,83113,0,Closed Lost
490,1627,,Cathy Wang,Closed,2025-11-25,2026-04-05,1266189,0,Closed Lost
491,1630,178,Cathy Wang,Closed,2024-02-23,2024-04-03,352909,100,Closed Won
492,1641,,David Huang,Closed,2025-10-09,2025-11-08,37245,0,Closed Lost
493,1642,179,Brian Lin,Closed,2025-06-30,2025-07-15,72197,100,Closed Won
494,1644,180,Cathy Wang,Closed,2025-09-17,2025-11-22,1800894,100,Closed Won
495,1645,,Emily Tsai,Closed,2025-10-12,2025-11-19,72910,0,Closed Lost
496,1646,,Cathy Wang,Closed,2025-11-09,2025-12-19,90202,0,Closed Lost
497,1648,181,Emily Tsai,Closed,2025-09-15,2025-12-11,367110,100,Closed Won
498,1654,,David Huang,Closed,2024-01-21,2024-07-06,663070,0,Closed Lost
499,1656,182,Alex Chen,Closed,2024-08-27,2024-09-12,94240,100,Closed Won
500,1670,,David Huang,Closed,2024-07-20,2024-08-05,33766,0,Closed Lost
501,1677,,David Huang,Closed,2024-03-08,2024-05-13,366945,0,Closed Lost
502,1685,183,Alex Chen,Closed,2024-07-09,2024-07-25,36865,100,Closed Won
503,1688,,David Huang,Closed,2025-09-09,2025-11-11,1859693,0,Closed Lost
504,1692,184,Brian Lin,Closed,2025-09-06,2025-10-25,188545,100,Closed Won
505,1695,185,Brian Lin,Closed,2025-04-22,2025-05-14,62536,100,Closed Won
506,1699,,Alex Chen,Closed,2024-02-14,2024-03-08,33880,0,Closed Lost
507,1700,,David Huang,Closed,2024-08-12,2024-09-05,64068,0,Closed Lost
508,1701,,Brian Lin,Closed,2024-07-01,2024-08-11,452069,0,Closed Lost
509,1702,,Alex Chen,Closed,2024-01-22,2024-02-06,52197,0,Closed Lost
510,1703,186,Brian Lin,Closed,2024-12-12,2025-01-11,43881,100,Closed Won
511,1705,,Cathy Wang,Closed,2025-12-29,2026-05-10,1344573,0,Closed Lost
512,1710,,Alex Chen,Closed,2025-06-04,2025-06-28,73167,0,Closed Lost
513,1715,187,Emily Tsai,Closed,2024-07-31,2024-09-11,81050,100,Closed Won
514,1716,,Emily Tsai,Closed,2025-02-09,2025-06-20,961985,0,Closed Lost
515,1718,,Brian Lin,Closed,2024-10-29,2024-12-02,33423,0,Closed Lost
516,1722,,Emily Tsai,Closed,2025-01-02,2025-02-27,197340,0,Closed Lost
517,1724,,David Huang,Closed,2024-02-09,2024-03-24,78593,0,Closed Lost
518,1726,,Brian Lin,Closed,2025-12-23,2026-03-12,624540,0,Closed Lost
519,1728,,Alex Chen,Closed,2025-02-19,2025-03-11,67585,0,Closed Lost
520,1738,188,Brian Lin,Closed,2025-01-25,2025-03-05,43259,100,Closed Won
521,1747,,Cathy Wang,Closed,2024-05-13,2024-06-19,99277,0,Closed Lost
522,1748,,Emily Tsai,Closed,2024-06-11,2024-08-08,140495,0,Closed Lost
523,1750,,Emily Tsai,Closed,2025-09-11,2025-09-26,84334,0,Closed Lost
524,1752,,Brian Lin,Closed,2025-10-23,2025-11-13,102351,0,Closed Lost
525,1759,189,Cathy Wang,Closed,2024-03-19,2024-06-07,367679,100,Closed Won
526,1764,190,Alex Chen,Closed,2024-11-30,2025-01-02,105824,100,Closed Won
527,1765,191,David Huang,Closed,2024-03-25,2024-06-05,174809,100,Closed Won
528,1773,,Emily Tsai,Closed,2024-09-01,2024-10-01,85561,0,Closed Lost
529,1784,,Emily Tsai,Closed,2025-09-06,2025-10-09,321848,0,Closed Lost
530,1787,192,Alex Chen,Closed,2025-01-26,2025-03-10,97468,100,Closed Won
531,1789,193,David Huang,Closed,2024-09-06,2024-10-02,108485,100,Closed Won
532,1791,,Alex Chen,Closed,2024-08-31,2025-02-08,1514907,0,Closed Lost
533,1793,,Emily Tsai,Closed,2025-06-17,2025-08-07,220191,0,Closed Lost
534,1794,194,Emily Tsai,Closed,2024-01-25,2024-03-10,73631,100,Closed Won
535,1798,195,Cathy Wang,Closed,2024-02-23,2024-07-20,1807609,100,Closed Won
536,1801,,Alex Chen,Closed,2024-06-17,2024-07-12,105692,0,Closed Lost
537,1802,,David Huang,Closed,2024-11-06,2025-02-03,1691963,0,Closed Lost
538,1807,196,Emily Tsai,Closed,2025-07-20,2025-09-03,56616,100,Closed Won
539,1812,,Alex Chen,Closed,2025-01-28,2025-03-29,564021,0,Closed Lost
540,1815,,Brian Lin,Closed,2025-06-05,2025-07-21,470065,0,Closed Lost
541,1819,,David Huang,Closed,2025-11-28,2026-01-07,462332,0,Closed Lost
542,1820,,Emily Tsai,Closed,2024-01-13,2024-03-29,479557,0,Closed Lost
543,1821,,Alex Chen,Closed,2025-02-11,2025-03-16,113318,0,Closed Lost
544,1829,,Brian Lin,Closed,2024-06-29,2024-07-29,47472,0,Closed Lost
545,1832,,Emily Tsai,Closed,2024-09-22,2024-10-06,34398,0,Closed Lost
546,1833,,Brian Lin,Closed,2025-10-13,2025-11-20,77745,0,Closed Lost
547,1834,197,Brian Lin,Closed,2024-10-10,2024-12-23,483930,100,Closed Won
548,1837,,Alex Chen,Closed,2025-01-19,2025-04-22,1678204,0,Closed Lost
549,1839,,Brian Lin,Closed,2024-11-18,2025-01-26,240076,0,Closed Lost
550,1853,198,Cathy Wang,Closed,2025-01-27,2025-04-24,168894,100,Closed Won
551,1856,,David Huang,Closed,2025-10-21,2025-12-18,458040,0,Closed Lost
552,1859,199,Cathy Wang,Closed,2024-04-01,2024-07-10,1519923,100,Closed Won
553,1861,200,Cathy Wang,Closed,2024-11-14,2024-12-03,112322,100,Closed Won
554,1862,201,Brian Lin,Closed,2025-03-09,2025-06-03,340073,100,Closed Won
555,1867,202,Brian Lin,Closed,2024-11-12,2024-12-01,53268,100,Closed Won
556,1872,203,Brian Lin,Closed,2024-01-23,2024-02-13,106178,100,Closed Won
557,1877,,David Huang,Closed,2025-03-28,2025-06-28,1493425,0,Closed Lost
558,1878,204,Brian Lin,Closed,2024-08-11,2024-09-17,362457,100,Closed Won
559,1883,,Alex Chen,Closed,2024-06-01,2024-07-05,113447,0,Closed Lost
560,1886,,Emily Tsai,Closed,2025-04-19,2025-05-05,73538,0,Closed Lost
561,1890,,Brian Lin,Closed,2025-01-28,2025-03-16,184898,0,Closed Lost
562,1892,205,David Huang,Closed,2025-02-19,2025-04-05,57567,100,Closed Won
563,1898,206,Brian Lin,Closed,2025-07-11,2025-08-25,73216,100,Closed Won
564,1899,207,Alex Chen,Closed,2024-02-17,2024-07-25,881794,100,Closed Won
565,1903,,Cathy Wang,Closed,2024-05-25,2024-11-17,1900887,0,Closed Lost
566,1907,,Emily Tsai,Closed,2025-07-02,2025-09-29,148737,0,Closed Lost
567,1908,,Brian Lin,Closed,2025-01-16,2025-04-16,455969,0,Closed Lost
568,1912,,Alex Chen,Closed,2024-12-03,2025-02-17,1786249,0,Closed Lost
569,1913,208,Brian Lin,Closed,2024-05-29,2024-06-21,48951,100,Closed Won
570,1916,209,Cathy Wang,Closed,2024-04-07,2024-05-20,363609,100,Closed Won
571,1918,,Emily Tsai,Closed,2024-11-21,2024-12-07,58387,0,Closed Lost
572,1919,,Emily Tsai,Closed,2025-05-03,2025-06-12,32106,0,Closed Lost
573,1921,210,Brian Lin,Closed,2024-02-24,2024-06-01,906546,100,Closed Won
574,1923,,Cathy Wang,Closed,2024-12-28,2025-02-09,54606,0,Closed Lost
575,1949,,Alex Chen,Closed,2024-05-01,2024-05-22,48116,0,Closed Lost
576,1954,,Brian Lin,Closed,2025-03-20,2025-05-01,118334,0,Closed Lost
577,1955,,David Huang,Closed,2024-09-10,2024-10-15,73667,0,Closed Lost
578,1957,,Alex Chen,Closed,2025-11-13,2025-12-12,45658,0,Closed Lost
579,1958,,Brian Lin,Closed,2025-12-18,2026-01-10,91976,0,Closed Lost
580,1959,,David Huang,Closed,2024-08-22,2024-09-23,100096,0,Closed Lost
581,1963,,Alex Chen,Closed,2025-10-21,2025-11-27,81383,0,Closed Lost
582,1966,,David Huang,Closed,2024-08-05,2024-10-21,1611278,0,Closed Lost
583,1971,,Brian Lin,Closed,2024-04-18,2024-06-25,302769,0,Closed Lost
584,1972,211,Emily Tsai,Closed,2025-08-23,2025-11-17,185520,100,Closed Won
585,1974,212,Alex Chen,Closed,2024-11-04,2024-12-09,57793,100,Closed Won
586,1980,,David Huang,Closed,2025-02-11,2025-05-24,1301827,0,Closed Lost
587,1986,213,Alex Chen,Closed,2024-02-16,2024-03-22,110396,100,Closed Won
588,1994,214,Brian Lin,Closed,2025-12-05,2026-01-01,65150,100,Closed Won
589,1995,,Emily Tsai,Closed,2025-03-28,2025-04-20,112823,0,Closed Lost
590,1997,215,Brian Lin,Closed,2024-05-31,2024-06-18,31124,100,Closed Won
591,2001,,Brian Lin,Closed,2025-03-12,2025-07-20,1820857,0,Closed Lost
592,2007,,Cathy Wang,Closed,2024-06-16,2024-07-16,89108,0,Closed Lost
593,2009,,Alex Chen,Closed,2024-02-15,2024-03-22,68011,0,Closed Lost
594,2011,216,Emily Tsai,Closed,2025-01-29,2025-03-04,72349,100,Closed Won
595,2012,,Alex Chen,Closed,2025-12-04,2026-01-08,108724,0,Closed Lost
596,2013,217,Brian Lin,Closed,2024-08-17,2024-09-24,105200,100,Closed Won
597,2014,,Emily Tsai,Closed,2024-05-01,2024-09-12,1650613,0,Closed Lost
598,2015,,Cathy Wang,Closed,2024-07-01,2024-09-03,437753,0,Closed Lost
599,2016,,David Huang,Closed,2024-06-02,2024-07-05,66694,0,Closed Lost
600,2017,,Emily Tsai,Closed,2024-12-22,2025-02-24,806313,0,Closed Lost
601,2020,,Cathy Wang,Closed,2025-04-02,2025-06-19,138320,0,Closed Lost
602,2021,,Brian Lin,Closed,2025-08-14,2025-09-16,36353,0,Closed Lost
603,2023,,Emily Tsai,Closed,2024-11-22,2024-12-28,416578,0,Closed Lost
604,2025,,David Huang,Closed,2025-01-27,2025-02-11,54553,0,Closed Lost
605,2026,218,Emily Tsai,Closed,2025-06-29,2025-08-11,95374,100,Closed Won
606,2029,,Cathy Wang,Closed,2025-01-06,2025-06-29,1554791,0,Closed Lost
607,2031,219,Emily Tsai,Closed,2025-07-18,2025-08-15,32620,100,Closed Won
608,2034,220,David Huang,Closed,2024-02-25,2024-04-09,228414,100,Closed Won
609,2036,,Cathy Wang,Closed,2024-03-21,2024-06-10,363760,0,Closed Lost
610,2045,,Brian Lin,Closed,2025-07-26,2025-09-03,415887,0,Closed Lost
611,2046,,Alex Chen,Closed,2025-05-03,2025-06-08,60680,0,Closed Lost
612,2048,,Alex Chen,Closed,2024-10-03,2024-10-26,88834,0,Closed Lost
613,2050,221,Brian Lin,Closed,2024-08-04,2024-09-01,48801,100,Closed Won
614,2054,222,Emily Tsai,Closed,2025-02-11,2025-03-21,488443,100,Closed Won
615,2057,,Alex Chen,Closed,2025-05-03,2025-06-02,114538,0,Closed Lost
616,2060,223,David Huang,Closed,2025-05-28,2025-07-16,161407,100,Closed Won
617,2061,224,Brian Lin,Closed,2025-04-03,2025-05-04,53243,100,Closed Won
618,2062,,Cathy Wang,Closed,2024-02-10,2024-03-02,41575,0,Closed Lost
619,2063,225,Emily Tsai,Closed,2025-09-17,2025-11-05,461507,100,Closed Won
620,2064,226,Cathy Wang,Closed,2024-04-09,2024-06-26,303775,100,Closed Won
621,2065,227,Alex Chen,Closed,2025-07-14,2025-08-23,39592,100,Closed Won
622,2067,228,Alex Chen,Closed,2025-08-13,2025-09-20,99999,100,Closed Won
623,2073,229,David Huang,Closed,2025-09-27,2025-11-27,173629,100,Closed Won
624,2079,,David Huang,Closed,2025-03-19,2025-05-03,118911,0,Closed Lost
625,2084,,Cathy Wang,Closed,2024-08-06,2024-11-03,531005,0,Closed Lost
626,2089,,David Huang,Closed,2024-06-17,2024-07-07,69784,0,Closed Lost
627,2093,230,David Huang,Closed,2024-01-15,2024-03-16,1437124,100,Closed Won
628,2095,231,Brian Lin,Closed,2025-04-06,2025-05-17,149894,100,Closed Won
629,2099,,Alex Chen,Closed,2024-01-17,2024-02-11,118470,0,Closed Lost
630,2101,,Alex Chen,Closed,2024-12-26,2025-01-27,69766,0,Closed Lost
631,2103,232,Cathy Wang,Closed,2025-07-20,2025-08-13,39872,100,Closed Won
632,2104,,Brian Lin,Closed,2025-11-06,2026-01-02,491042,0,Closed Lost
633,2110,,Brian Lin,Closed,2025-02-26,2025-05-24,463931,0,Closed Lost
634,2111,233,Cathy Wang,Closed,2024-01-08,2024-02-16,39089,100,Closed Won
635,2113,234,Alex Chen,Closed,2025-02-28,2025-03-16,41113,100,Closed Won
636,2116,235,Brian Lin,Closed,2024-07-16,2024-08-31,245212,100,Closed Won
637,2125,,David Huang,Closed,2024-10-31,2025-01-02,347939,0,Closed Lost
638,2132,,David Huang,Closed,2025-01-19,2025-05-13,1458864,0,Closed Lost
639,2137,,Emily Tsai,Closed,2024-08-09,2024-11-14,1337562,0,Closed Lost
640,2140,236,Brian Lin,Closed,2025-12-26,2026-01-21,80174,100,Closed Won
641,2141,237,Alex Chen,Closed,2025-03-22,2025-05-25,1692458,100,Closed Won
642,2145,,Brian Lin,Closed,2024-11-22,2025-01-01,96506,0,Closed Lost
643,2146,,Emily Tsai,Closed,2025-08-03,2025-09-07,425311,0,Closed Lost
644,2147,,Alex Chen,Closed,2024-06-20,2024-07-04,98830,0,Closed Lost
645,2149,,Emily Tsai,Closed,2025-02-11,2025-03-17,279549,0,Closed Lost
646,2151,,Brian Lin,Closed,2025-01-15,2025-02-28,37450,0,Closed Lost
647,2152,,Brian Lin,Closed,2025-12-05,2026-01-18,59940,0,Closed Lost
648,2155,,Brian Lin,Closed,2025-08-10,2025-09-26,324436,0,Closed Lost
649,2156,,David Huang,Closed,2024-11-21,2024-12-10,69954,0,Closed Lost
650,2157,,Alex Chen,Closed,2025-05-25,2025-06-25,50668,0,Closed Lost
651,2161,238,Cathy Wang,Closed,2024-12-11,2025-01-05,61162,100,Closed Won
652,2165,,Emily Tsai,Closed,2024-01-30,2024-02-25,111819,0,Closed Lost
653,2171,,David Huang,Closed,2024-05-09,2024-07-05,448604,0,Closed Lost
654,2174,239,Brian Lin,Closed,2025-05-09,2025-07-21,377229,100,Closed Won
655,2176,240,Emily Tsai,Closed,2025-12-12,2026-01-10,94497,100,Closed Won
656,2181,241,Alex Chen,Closed,2025-09-27,2025-10-21,109226,100,Closed Won
657,2189,242,Alex Chen,Closed,2024-10-28,2024-12-12,240854,100,Closed Won
658,2194,,Emily Tsai,Closed,2025-05-22,2025-06-30,39426,0,Closed Lost
659,2195,243,David Huang,Closed,2025-12-23,2026-01-24,82979,100,Closed Won
660,2207,,Cathy Wang,Closed,2024-04-25,2024-07-01,198394,0,Closed Lost
661,2209,244,Cathy Wang,Closed,2024-12-31,2025-03-30,314466,100,Closed Won
662,2210,,Emily Tsai,Closed,2025-01-03,2025-02-12,110954,0,Closed Lost
663,2217,245,David Huang,Closed,2025-04-22,2025-07-12,1301859,100,Closed Won
664,2222,246,Cathy Wang,Closed,2024-03-29,2024-08-30,1722635,100,Closed Won
665,2229,,Alex Chen,Closed,2025-07-12,2025-08-09,112396,0,Closed Lost
666,2231,,Alex Chen,Closed,2024-12-28,2025-03-17,1210865,0,Closed Lost
667,2233,,Brian Lin,Closed,2024-03-31,2024-06-22,1171180,0,Closed Lost
668,2234,247,David Huang,Closed,2025-08-17,2025-09-21,434341,100,Closed Won
669,2236,,Cathy Wang,Closed,2025-04-18,2025-05-29,36229,0,Closed Lost
670,2238,248,Alex Chen,Closed,2024-10-24,2024-11-10,68970,100,Closed Won
671,2239,,David Huang,Closed,2024-05-04,2024-06-05,49197,0,Closed Lost
672,2242,249,Alex Chen,Closed,2024-11-04,2025-02-12,1286864,100,Closed Won
673,2243,250,Cathy Wang,Closed,2025-05-11,2025-06-19,37183,100,Closed Won
674,2248,,Alex Chen,Closed,2025-11-04,2025-12-03,33491,0,Closed Lost
675,2249,251,David Huang,Closed,2024-07-08,2024-09-04,203992,100,Closed Won
676,2250,,Cathy Wang,Closed,2025-06-07,2025-07-15,31339,0,Closed Lost
677,2251,252,Brian Lin,Closed,2024-10-23,2025-03-31,956972,100,Closed Won
678,2256,,Emily Tsai,Closed,2024-12-29,2025-05-16,1974575,0,Closed Lost
679,2259,,David Huang,Closed,2024-06-27,2024-08-09,362328,0,Closed Lost
680,2260,,David Huang,Closed,2025-04-15,2025-05-23,109071,0,Closed Lost
681,2265,,Brian Lin,Closed,2024-06-11,2024-07-25,93112,0,Closed Lost
682,2266,,Brian Lin,Closed,2024-11-27,2025-01-15,212401,0,Closed Lost
683,2268,253,Alex Chen,Closed,2024-03-06,2024-04-19,96840,100,Closed Won
684,2270,,David Huang,Closed,2024-06-27,2024-07-22,100623,0,Closed Lost
685,2271,,Emily Tsai,Closed,2025-10-14,2025-11-03,47514,0,Closed Lost
686,2274,,Brian Lin,Closed,2025-10-06,2025-10-29,85923,0,Closed Lost
687,2278,,Emily Tsai,Closed,2024-12-31,2025-04-05,1997376,0,Closed Lost
688,2279,,Emily Tsai,Closed,2025-03-25,2025-07-22,1440141,0,Closed Lost
689,2281,,Emily Tsai,Closed,2024-08-24,2024-09-25,116339,0,Closed Lost
690,2283,254,Alex Chen,Closed,2024-03-10,2024-05-18,1722279,100,Closed Won
691,2288,255,David Huang,Closed,2024-05-22,2024-07-01,102276,100,Closed Won
692,2294,,Alex Chen,Closed,2024-01-27,2024-03-03,82650,0,Closed Lost
693,2301,,David Huang,Closed,2024-02-28,2024-03-31,34825,0,Closed Lost
694,2316,256,Emily Tsai,Closed,2025-09-15,2026-02-28,893484,100,Closed Won
695,2322,,Cathy Wang,Closed,2024-05-15,2024-08-12,325917,0,Closed Lost
696,2326,257,Brian Lin,Closed,2025-08-05,2025-10-07,157603,100,Closed Won
697,2328,258,David Huang,Closed,2025-05-06,2025-06-06,90312,100,Closed Won
698,2330,,Emily Tsai,Closed,2024-03-06,2024-04-27,325329,0,Closed Lost
699,2336,259,Brian Lin,Closed,2025-07-07,2025-08-16,71540,100,Closed Won
700,2338,,Cathy Wang,Closed,2024-07-27,2024-08-27,296310,0,Closed Lost
701,2342,,David Huang,Closed,2025-01-12,2025-06-22,770076,0,Closed Lost
702,2349,,David Huang,Closed,2025-08-12,2025-09-21,69240,0,Closed Lost
703,2356,,Emily Tsai,Closed,2024-03-24,2024-05-23,738207,0,Closed Lost
704,2358,,Brian Lin,Closed,2024-01-16,2024-02-23,48154,0,Closed Lost
705,2360,,David Huang,Closed,2025-12-07,2026-01-05,55310,0,Closed Lost
706,2364,,Brian Lin,Closed,2024-03-16,2024-05-18,1338914,0,Closed Lost
707,2367,260,David Huang,Closed,2024-06-04,2024-08-16,413499,100,Closed Won
708,2371,,David Huang,Closed,2024-02-12,2024-06-20,1743399,0,Closed Lost
709,2375,,Cathy Wang,Closed,2025-09-12,2025-11-25,192141,0,Closed Lost
710,2381,261,Alex Chen,Closed,2025-03-31,2025-05-02,59603,100,Closed Won
711,2382,,Cathy Wang,Closed,2024-10-12,2024-12-31,1733935,0,Closed Lost
712,2390,,David Huang,Closed,2025-06-12,2025-07-19,101427,0,Closed Lost
713,2401,262,Emily Tsai,Closed,2024-03-03,2024-03-31,102262,100,Closed Won
714,2408,263,Alex Chen,Closed,2025-07-20,2025-08-26,48081,100,Closed Won
715,2412,264,Cathy Wang,Closed,2024-02-06,2024-03-12,35125,100,Closed Won
716,2413,,David Huang,Closed,2025-05-11,2025-05-30,32873,0,Closed Lost
717,2415,265,Emily Tsai,Closed,2025-01-21,2025-04-09,333609,100,Closed Won
718,2416,,Emily Tsai,Closed,2024-03-27,2024-05-28,143211,0,Closed Lost
719,2421,266,Emily Tsai,Closed,2025-01-20,2025-02-13,114059,100,Closed Won
720,2422,,Cathy Wang,Closed,2025-07-28,2025-12-16,1869330,0,Closed Lost
721,2426,,Brian Lin,Closed,2025-10-20,2025-12-22,448206,0,Closed Lost
722,2430,,Alex Chen,Closed,2025-05-20,2025-06-28,316426,0,Closed Lost
723,2434,267,Emily Tsai,Closed,2025-06-10,2025-08-30,732224,100,Closed Won
724,2437,,Alex Chen,Closed,2024-04-26,2024-06-03,82740,0,Closed Lost
725,2441,,Brian Lin,Closed,2024-05-24,2024-06-17,100642,0,Closed Lost
726,2446,,Emily Tsai,Closed,2024-12-04,2024-12-23,63725,0,Closed Lost
727,2451,,Emily Tsai,Closed,2025-08-29,2025-10-07,75857,0,Closed Lost
728,2452,,David Huang,Closed,2024-09-26,2024-12-07,169543,0,Closed Lost
729,2453,,Cathy Wang,Closed,2024-12-04,2025-02-07,177875,0,Closed Lost
730,2454,,Brian Lin,Closed,2024-08-02,2024-11-03,1917151,0,Closed Lost
731,2456,,Alex Chen,Closed,2024-11-27,2025-01-04,41366,0,Closed Lost
732,2457,,Brian Lin,Closed,2025-03-11,2025-04-14,61627,0,Closed Lost
733,2463,,Cathy Wang,Closed,2025-10-29,2026-02-14,1314997,0,Closed Lost
734,2467,268,David Huang,Closed,2024-12-02,2025-03-08,1737964,100,Closed Won
735,2469,269,Brian Lin,Closed,2025-02-11,2025-04-26,267837,100,Closed Won
736,2471,270,David Huang,Closed,2025-09-14,2025-10-16,114274,100,Closed Won
737,2472,,David Huang,Closed,2024-02-09,2024-06-18,1062545,0,Closed Lost
738,2477,271,Cathy Wang,Closed,2025-08-23,2025-10-03,38457,100,Closed Won
739,2483,,Alex Chen,Closed,2025-08-02,2025-09-07,82291,0,Closed Lost
740,2488,,David Huang,Closed,2024-10-12,2024-11-21,30439,0,Closed Lost
741,2489,272,David Huang,Closed,2024-10-06,2025-01-13,1908784,100,Closed Won
742,2491,,Alex Chen,Closed,2024-12-23,2025-02-06,86073,0,Closed Lost
743,2495,273,Emily Tsai,Closed,2024-04-02,2024-05-16,101418,100,Closed Won
744,2502,,Cathy Wang,Closed,2025-03-25,2025-05-18,170294,0,Closed Lost
745,2504,274,Cathy Wang,Closed,2025-09-07,2025-10-21,59821,100,Closed Won
746,2507,,Brian Lin,Closed,2025-06-08,2025-12-02,1635023,0,Closed Lost
747,2508,,Brian Lin,Closed,2025-08-04,2025-10-02,433819,0,Closed Lost
748,2517,275,Emily Tsai,Closed,2025-09-03,2025-10-18,56517,100,Closed Won
749,2519,,Emily Tsai,Closed,2025-01-05,2025-04-02,442023,0,Closed Lost
750,2520,,Brian Lin,Closed,2024-03-20,2024-04-22,81808,0,Closed Lost
751,2521,,Cathy Wang,Closed,2024-08-04,2024-08-24,92287,0,Closed Lost
752,2522,,Emily Tsai,Closed,2025-03-11,2025-04-19,71197,0,Closed Lost
753,2523,,David Huang,Closed,2024-02-05,2024-03-07,55602,0,Closed Lost
754,2526,,Brian Lin,Closed,2024-01-13,2024-03-18,275104,0,Closed Lost
755,2535,276,David Huang,Closed,2025-04-16,2025-06-29,412263,100,Closed Won
756,2537,,Cathy Wang,Closed,2025-07-09,2025-08-09,43939,0,Closed Lost
757,2538,,Cathy Wang,Closed,2025-04-02,2025-05-15,105434,0,Closed Lost
758,2542,,David Huang,Closed,2025-12-06,2026-03-06,498389,0,Closed Lost
759,2548,,Cathy Wang,Closed,2025-09-22,2025-11-03,409889,0,Closed Lost
760,2553,,Emily Tsai,Closed,2024-10-08,2024-12-17,342370,0,Closed Lost
761,2555,,Brian Lin,Closed,2024-03-06,2024-06-04,432278,0,Closed Lost
762,2559,277,David Huang,Closed,2024-08-03,2024-10-05,162160,100,Closed Won
763,2561,,Brian Lin,Closed,2025-07-28,2025-08-16,54655,0,Closed Lost
764,2565,,David Huang,Closed,2025-07-23,2025-08-20,51120,0,Closed Lost
765,2566,,David Huang,Closed,2025-01-22,2025-02-18,107965,0,Closed Lost
766,2567,,Emily Tsai,Closed,2024-08-04,2024-09-05,108928,0,Closed Lost
767,2568,,David Huang,Closed,2025-02-14,2025-04-13,326185,0,Closed Lost
768,2569,,Cathy Wang,Closed,2025-09-05,2025-10-28,425831,0,Closed Lost
769,2571,278,Alex Chen,Closed,2025-05-21,2025-08-13,381890,100,Closed Won
770,2574,279,Brian Lin,Closed,2025-01-27,2025-06-22,1511561,100,Closed Won
771,2578,,Alex Chen,Closed,2025-01-14,2025-04-18,581707,0,Closed Lost
772,2585,,Emily Tsai,Closed,2024-01-08,2024-03-18,421080,0,Closed Lost
773,2587,,Alex Chen,Closed,2025-09-13,2025-11-10,450686,0,Closed Lost
774,2588,,Brian Lin,Closed,2025-05-07,2025-05-26,93627,0,Closed Lost
775,2590,280,Alex Chen,Closed,2025-03-14,2025-04-15,66613,100,Closed Won
776,2597,281,Alex Chen,Closed,2024-05-31,2024-06-23,45453,100,Closed Won
777,2601,,David Huang,Closed,2025-01-28,2025-03-07,53933,0,Closed Lost
778,2606,282,David Huang,Closed,2024-06-28,2024-08-07,92968,100,Closed Won
779,2607,283,Brian Lin,Closed,2024-12-16,2025-01-14,58139,100,Closed Won
780,2608,,Brian Lin,Closed,2025-09-15,2025-11-08,229038,0,Closed Lost
781,2612,,Emily Tsai,Closed,2024-02-27,2024-03-16,103988,0,Closed Lost
782,2616,284,Emily Tsai,Closed,2024-05-15,2024-06-09,69922,100,Closed Won
783,2618,,Alex Chen,Closed,2024-11-22,2024-12-10,46557,0,Closed Lost
784,2619,,Emily Tsai,Closed,2025-03-28,2025-05-08,91961,0,Closed Lost
785,2620,,Alex Chen,Closed,2025-09-04,2025-10-16,50703,0,Closed Lost
786,2624,,Cathy Wang,Closed,2024-12-02,2025-01-08,85311,0,Closed Lost
787,2626,285,Emily Tsai,Closed,2025-10-02,2025-11-14,31948,100,Closed Won
788,2630,,Cathy Wang,Closed,2024-11-23,2024-12-20,118541,0,Closed Lost
789,2636,286,David Huang,Closed,2025-04-05,2025-05-11,68361,100,Closed Won
790,2646,287,Alex Chen,Closed,2024-04-13,2024-05-14,80675,100,Closed Won
791,2649,288,David Huang,Closed,2024-06-03,2024-07-09,35527,100,Closed Won
792,2656,,Brian Lin,Closed,2024-05-23,2024-06-28,51739,0,Closed Lost
793,2660,289,Cathy Wang,Closed,2024-03-18,2024-04-20,136545,100,Closed Won
794,2661,,David Huang,Closed,2025-06-09,2025-08-08,484342,0,Closed Lost
795,2662,,Brian Lin,Closed,2025-09-16,2025-11-19,295941,0,Closed Lost
796,2663,,Alex Chen,Closed,2024-10-10,2024-11-02,46514,0,Closed Lost
797,2664,,Cathy Wang,Closed,2024-03-15,2024-03-30,80445,0,Closed Lost
798,2665,,Alex Chen,Closed,2024-01-22,2024-03-06,114765,0,Closed Lost
799,2672,290,Alex Chen,Closed,2024-07-25,2024-10-31,1070717,100,Closed Won
800,2673,,Alex Chen,Closed,2024-08-10,2024-08-29,96532,0,Closed Lost
801,2675,,Alex Chen,Closed,2025-01-24,2025-02-20,67385,0,Closed Lost
802,2680,,Emily Tsai,Closed,2025-05-04,2025-10-02,1293910,0,Closed Lost
803,2688,291,David Huang,Closed,2025-01-15,2025-02-27,52672,100,Closed Won
804,2691,,David Huang,Closed,2025-05-24,2025-06-24,267104,0,Closed Lost
805,2696,,Alex Chen,Closed,2025-03-05,2025-06-26,1600857,0,Closed Lost
806,2697,,Brian Lin,Closed,2025-03-01,2025-03-22,94086,0,Closed Lost
807,2702,,David Huang,Closed,2024-10-16,2024-11-06,40560,0,Closed Lost
808,2704,292,Cathy Wang,Closed,2025-11-15,2025-12-21,196985,100,Closed Won
809,2706,293,Brian Lin,Closed,2025-01-29,2025-05-18,1960600,100,Closed Won
810,2709,,Emily Tsai,Closed,2025-10-05,2025-11-13,77814,0,Closed Lost
811,2710,,Alex Chen,Closed,2025-04-09,2025-04-23,118388,0,Closed Lost
812,2711,,Emily Tsai,Closed,2025-11-02,2025-12-12,117835,0,Closed Lost
813,2720,,David Huang,Closed,2025-07-30,2025-08-19,59445,0,Closed Lost
814,2723,,Brian Lin,Closed,2024-06-04,2024-06-28,51900,0,Closed Lost
815,2725,,Alex Chen,Closed,2025-05-02,2025-07-26,140198,0,Closed Lost
816,2726,294,Brian Lin,Closed,2024-01-01,2024-03-14,134457,100,Closed Won
817,2727,,Cathy Wang,Closed,2024-08-01,2024-10-24,130965,0,Closed Lost
818,2733,,Brian Lin,Closed,2024-01-12,2024-01-27,104824,0,Closed Lost
819,2734,295,Emily Tsai,Closed,2025-10-05,2025-12-12,420743,100,Closed Won
820,2739,,Alex Chen,Closed,2024-09-04,2024-09-30,68621,0,Closed Lost
821,2743,296,Emily Tsai,Closed,2025-05-12,2025-06-12,81973,100,Closed Won
822,2744,,Cathy Wang,Closed,2025-11-12,2025-12-05,64087,0,Closed Lost
823,2760,,Cathy Wang,Closed,2025-01-26,2025-02-09,91396,0,Closed Lost
824,2761,297,Cathy Wang,Closed,2025-03-24,2025-09-18,935437,100,Closed Won
825,2762,,Cathy Wang,Closed,2024-01-17,2024-02-07,117900,0,Closed Lost
826,2763,,Alex Chen,Closed,2025-07-27,2025-09-19,345047,0,Closed Lost
827,2771,298,Brian Lin,Closed,2024-09-06,2024-10-15,54356,100,Closed Won
828,2772,,Emily Tsai,Closed,2025-02-28,2025-03-29,106506,0,Closed Lost
829,2773,299,Emily Tsai,Closed,2025-06-15,2025-08-07,125185,100,Closed Won
830,2777,300,Brian Lin,Closed,2025-07-05,2025-11-03,1306510,100,Closed Won
831,2781,301,Emily Tsai,Closed,2025-05-24,2025-08-09,714643,100,Closed Won
832,2783,,David Huang,Closed,2025-05-03,2025-05-17,102904,0,Closed Lost
833,2786,302,Cathy Wang,Closed,2025-02-09,2025-03-25,118953,100,Closed Won
834,2787,,Emily Tsai,Closed,2024-12-04,2025-04-27,658743,0,Closed Lost
835,2796,,Alex Chen,Closed,2024-09-15,2024-10-13,98703,0,Closed Lost
836,2797,,Emily Tsai,Closed,2024-08-20,2024-10-27,129715,0,Closed Lost
837,2802,,David Huang,Closed,2025-10-13,2025-11-01,81728,0,Closed Lost
838,2808,,Alex Chen,Closed,2025-09-19,2026-03-05,891378,0,Closed Lost
839,2809,303,Brian Lin,Closed,2025-04-03,2025-06-10,247441,100,Closed Won
840,2814,,Cathy Wang,Closed,2025-07-13,2025-07-29,41473,0,Closed Lost
841,2815,304,Brian Lin,Closed,2024-07-21,2024-08-07,75849,100,Closed Won
842,2822,,David Huang,Closed,2025-12-01,2025-12-22,40250,0,Closed Lost
843,2823,,David Huang,Closed,2025-06-04,2025-07-13,76016,0,Closed Lost
844,2824,305,Alex Chen,Closed,2024-04-11,2024-10-06,889408,100,Closed Won
845,2827,,Cathy Wang,Closed,2024-10-24,2024-12-03,387715,0,Closed Lost
846,2828,,Emily Tsai,Closed,2024-06-30,2024-07-15,62555,0,Closed Lost
847,2831,306,Emily Tsai,Closed,2024-07-28,2024-09-15,185462,100,Closed Won
848,2832,,Brian Lin,Closed,2025-02-23,2025-04-16,424602,0,Closed Lost
849,2834,307,Brian Lin,Closed,2024-09-16,2024-10-26,215057,100,Closed Won
850,2835,308,Cathy Wang,Closed,2025-12-13,2026-02-25,262264,100,Closed Won
851,2842,,Alex Chen,Closed,2024-04-24,2024-05-09,82424,0,Closed Lost
852,2849,,Brian Lin,Closed,2025-10-04,2025-12-27,301193,0,Closed Lost
853,2854,309,Emily Tsai,Closed,2024-02-09,2024-04-23,187087,100,Closed Won
854,2855,,Cathy Wang,Closed,2025-01-25,2025-03-27,321826,0,Closed Lost
855,2856,,Emily Tsai,Closed,2024-08-17,2024-11-07,403316,0,Closed Lost
856,2862,310,Cathy Wang,Closed,2024-09-20,2024-11-01,414027,100,Closed Won
857,2865,311,Brian Lin,Closed,2025-03-07,2025-05-20,428281,100,Closed Won
858,2868,,David Huang,Closed,2025-08-05,2025-09-15,158990,0,Closed Lost
859,2869,312,Alex Chen,Closed,2025-04-19,2025-05-13,66613,100,Closed Won
860,2874,313,Brian Lin,Closed,2025-08-04,2026-01-10,1221567,100,Closed Won
861,2880,,Emily Tsai,Closed,2024-07-26,2024-08-12,99097,0,Closed Lost
862,2881,,David Huang,Closed,2025-01-06,2025-03-03,179698,0,Closed Lost
863,2883,,Alex Chen,Closed,2025-07-29,2025-08-12,98980,0,Closed Lost
864,2889,314,Emily Tsai,Closed,2025-03-27,2025-04-22,74582,100,Closed Won
865,2890,,Brian Lin,Closed,2025-05-18,2025-06-20,87978,0,Closed Lost
866,2895,,Cathy Wang,Closed,2024-06-22,2024-07-22,50313,0,Closed Lost
867,2900,,David Huang,Closed,2025-08-10,2025-09-22,37756,0,Closed Lost
868,2901,,Emily Tsai,Closed,2025-01-24,2025-03-18,418168,0,Closed Lost
869,2908,,David Huang,Closed,2024-03-18,2024-04-28,285638,0,Closed Lost
870,2913,,Emily Tsai,Closed,2024-08-03,2024-08-28,92846,0,Closed Lost
871,2916,315,Cathy Wang,Closed,2025-03-29,2025-04-22,108820,100,Closed Won
872,2917,,Emily Tsai,Closed,2024-09-26,2024-12-10,345686,0,Closed Lost
873,2919,,Alex Chen,Closed,2024-08-21,2024-10-24,157726,0,Closed Lost
874,2925,,Brian Lin,Closed,2024-01-13,2024-02-24,48795,0,Closed Lost
875,2929,316,David Huang,Closed,2024-08-21,2024-10-20,146840,100,Closed Won
876,2931,,David Huang,Closed,2025-04-19,2025-05-07,80189,0,Closed Lost
877,2933,,Alex Chen,Closed,2025-01-25,2025-03-10,53709,0,Closed Lost
878,2938,,Alex Chen,Closed,2025-05-13,2025-06-05,48998,0,Closed Lost
879,2951,317,Alex Chen,Closed,2025-05-15,2025-05-31,51709,100,Closed Won
880,2952,318,Emily Tsai,Closed,2025-01-28,2025-02-12,100058,100,Closed Won
881,2953,319,Emily Tsai,Closed,2025-04-18,2025-05-15,54463,100,Closed Won
882,2956,,Alex Chen,Closed,2024-12-30,2025-02-03,279298,0,Closed Lost
883,2958,320,Cathy Wang,Closed,2025-10-23,2026-01-14,422604,100,Closed Won
884,2959,,Brian Lin,Closed,2024-03-03,2024-03-21,73191,0,Closed Lost
885,2963,321,Emily Tsai,Closed,2024-05-31,2024-07-05,475110,100,Closed Won
886,2965,322,Brian Lin,Closed,2025-12-24,2026-01-17,60117,100,Closed Won
887,2968,,Brian Lin,Closed,2025-07-17,2025-08-21,240775,0,Closed Lost
888,2972,,David Huang,Closed,2025-06-19,2025-08-02,53538,0,Closed Lost
889,2975,,Alex Chen,Closed,2025-12-12,2026-01-15,230299,0,Closed Lost
890,2976,,Emily Tsai,Closed,2024-06-11,2024-07-14,48442,0,Closed Lost
891,2982,323,Alex Chen,Closed,2024-08-23,2024-10-06,117894,100,Closed Won
892,2985,,David Huang,Closed,2024-09-29,2024-10-13,31841,0,Closed Lost
893,2995,,Emily Tsai,Closed,2025-04-13,2025-07-04,473398,0,Closed Lost
894,2996,324,David Huang,Closed,2025-05-06,2025-07-02,267702,100,Closed Won
895,2999,,David Huang,Closed,2025-08-04,2025-09-16,34514,0,Closed Lost
896,3001,,Emily Tsai,Closed,2024-03-18,2024-04-24,49553,0,Closed Lost
897,3005,325,Emily Tsai,Closed,2025-04-11,2025-06-19,154413,100,Closed Won
898,3009,,Brian Lin,Closed,2025-08-13,2025-09-16,70416,0,Closed Lost
899,3013,,Cathy Wang,Closed,2025-07-26,2025-09-01,494887,0,Closed Lost
900,3020,,Cathy Wang,Closed,2024-12-06,2025-01-05,100407,0,Closed Lost
901,3025,326,Emily Tsai,Closed,2025-08-12,2025-11-01,486282,100,Closed Won
902,3028,327,Brian Lin,Closed,2024-08-12,2024-09-17,63128,100,Closed Won
903,3030,328,Cathy Wang,Closed,2024-01-01,2024-03-13,236872,100,Closed Won
904,3037,,Emily Tsai,Closed,2024-08-01,2024-09-02,211858,0,Closed Lost
905,3041,,Alex Chen,Closed,2025-12-02,2026-01-08,73424,0,Closed Lost
906,3043,,David Huang,Closed,2025-10-08,2025-10-31,113021,0,Closed Lost
907,3048,,David Huang,Closed,2025-12-14,2026-01-19,120731,0,Closed Lost
908,3049,329,Alex Chen,Closed,2024-09-16,2024-10-17,100179,100,Closed Won
909,3050,,Emily Tsai,Closed,2025-04-07,2025-05-12,108881,0,Closed Lost
910,3057,,David Huang,Closed,2025-10-12,2025-11-22,67672,0,Closed Lost
911,3061,,Brian Lin,Closed,2024-03-29,2024-04-12,103284,0,Closed Lost
912,3062,330,David Huang,Closed,2025-07-24,2026-01-05,1210324,100,Closed Won
913,3063,331,Emily Tsai,Closed,2025-08-19,2025-10-03,73331,100,Closed Won
914,3066,332,David Huang,Closed,2025-08-22,2026-01-26,1647149,100,Closed Won
915,3070,333,Brian Lin,Closed,2024-05-29,2024-07-09,100373,100,Closed Won
916,3073,,Alex Chen,Closed,2024-09-25,2024-10-17,66093,0,Closed Lost
917,3082,334,Alex Chen,Closed,2025-04-26,2025-07-16,495617,100,Closed Won
918,3091,335,Emily Tsai,Closed,2024-10-25,2025-01-13,343934,100,Closed Won
919,3096,,David Huang,Closed,2025-05-21,2025-07-23,418397,0,Closed Lost
920,3100,,Brian Lin,Closed,2024-02-25,2024-03-26,67350,0,Closed Lost
921,3103,,Alex Chen,Closed,2024-12-11,2024-12-30,84922,0,Closed Lost
922,3107,,Alex Chen,Closed,2024-06-13,2024-09-02,484820,0,Closed Lost
923,3116,,Emily Tsai,Closed,2025-05-26,2025-07-19,270719,0,Closed Lost
924,3118,336,Cathy Wang,Closed,2024-06-21,2024-07-06,94683,100,Closed Won
925,3122,337,David Huang,Closed,2025-02-02,2025-03-05,74720,100,Closed Won
926,3127,,Brian Lin,Closed,2024-04-02,2024-05-04,105487,0,Closed Lost
927,3132,338,David Huang,Closed,2024-10-22,2025-03-26,552380,100,Closed Won
928,3138,339,David Huang,Closed,2025-05-27,2025-06-14,110842,100,Closed Won
929,3142,,Cathy Wang,Closed,2024-03-09,2024-04-09,97842,0,Closed Lost
930,3143,340,David Huang,Closed,2025-06-25,2025-08-04,287823,100,Closed Won
931,3144,341,Brian Lin,Closed,2025-06-21,2025-12-05,1473160,100,Closed Won
932,3155,,Cathy Wang,Closed,2024-05-29,2024-06-15,80164,0,Closed Lost
933,3157,,Emily Tsai,Closed,2024-03-20,2024-06-10,375647,0,Closed Lost
934,3162,,Brian Lin,Closed,2025-02-17,2025-03-04,99343,0,Closed Lost
935,3166,,Emily Tsai,Closed,2025-10-12,2025-12-02,399692,0,Closed Lost
936,3168,,Brian Lin,Closed,2024-02-15,2024-03-13,51218,0,Closed Lost
937,3176,,Cathy Wang,Closed,2025-08-31,2025-10-05,117408,0,Closed Lost
938,3179,342,Brian Lin,Closed,2024-09-20,2024-12-17,179480,100,Closed Won
939,3184,,Cathy Wang,Closed,2024-06-06,2024-06-24,83539,0,Closed Lost
940,3193,343,Brian Lin,Closed,2024-12-04,2025-01-04,55739,100,Closed Won
941,3194,,Cathy Wang,Closed,2025-09-21,2025-11-07,337734,0,Closed Lost
942,3202,,David Huang,Closed,2025-11-13,2025-12-19,46161,0,Closed Lost
943,3205,,David Huang,Closed,2024-10-16,2024-11-11,116106,0,Closed Lost
944,3207,,Cathy Wang,Closed,2025-12-27,2026-02-25,202771,0,Closed Lost
945,3210,,Alex Chen,Closed,2025-12-27,2026-01-24,103747,0,Closed Lost
946,3211,,Cathy Wang,Closed,2025-12-25,2026-04-28,1575445,0,Closed Lost
947,3212,,David Huang,Closed,2024-01-08,2024-03-26,1475966,0,Closed Lost
948,3217,,David Huang,Closed,2024-08-04,2024-10-19,447446,0,Closed Lost
949,3219,,Brian Lin,Closed,2025-03-21,2025-05-08,306248,0,Closed Lost
950,3221,344,Brian Lin,Closed,2024-02-15,2024-03-10,98282,100,Closed Won
951,3224,,Emily Tsai,Closed,2025-10-29,2026-01-27,259639,0,Closed Lost
952,3226,,Cathy Wang,Closed,2025-04-05,2025-05-14,69293,0,Closed Lost
953,3227,345,David Huang,Closed,2024-10-07,2025-04-04,1142188,100,Closed Won
954,3228,,Cathy Wang,Closed,2025-05-28,2025-07-30,431447,0,Closed Lost
955,3231,346,Emily Tsai,Closed,2025-02-02,2025-02-25,74573,100,Closed Won
956,3233,,Alex Chen,Closed,2025-05-06,2025-07-29,1332331,0,Closed Lost
957,3234,347,Emily Tsai,Closed,2024-06-22,2024-07-07,39626,100,Closed Won
958,3235,348,Brian Lin,Closed,2025-03-12,2025-04-26,52918,100,Closed Won
959,3236,,Alex Chen,Closed,2024-11-12,2024-12-08,32239,0,Closed Lost
960,3237,,David Huang,Closed,2024-03-19,2024-08-14,561184,0,Closed Lost
961,3238,,Brian Lin,Closed,2024-09-02,2025-01-20,1856349,0,Closed Lost
962,3240,,Alex Chen,Closed,2025-06-07,2025-08-18,226401,0,Closed Lost
963,3245,349,David Huang,Closed,2025-02-02,2025-03-14,36248,100,Closed Won
964,3246,350,Brian Lin,Closed,2024-08-05,2024-09-08,424912,100,Closed Won
965,3248,,Alex Chen,Closed,2025-01-31,2025-03-13,118763,0,Closed Lost
966,3250,351,Emily Tsai,Closed,2025-11-11,2025-12-21,107677,100,Closed Won
967,3253,,Alex Chen,Closed,2025-05-21,2025-06-22,309400,0,Closed Lost
968,3254,352,David Huang,Closed,2024-05-02,2024-07-03,282748,100,Closed Won
969,3255,,Brian Lin,Closed,2024-09-08,2024-10-23,61629,0,Closed Lost
970,3256,,Emily Tsai,Closed,2024-02-26,2024-08-07,753638,0,Closed Lost
971,3258,,Cathy Wang,Closed,2024-12-14,2025-03-22,1731425,0,Closed Lost
972,3264,353,Brian Lin,Closed,2024-08-25,2024-09-28,323328,100,Closed Won
973,3267,354,Brian Lin,Closed,2024-11-15,2024-12-19,76481,100,Closed Won
974,3268,,Alex Chen,Closed,2024-10-02,2024-10-30,85362,0,Closed Lost
975,3275,355,Alex Chen,Closed,2025-05-19,2025-06-13,59237,100,Closed Won
976,3278,,Brian Lin,Closed,2025-09-23,2025-11-23,450636,0,Closed Lost
977,3281,,Brian Lin,Closed,2025-10-18,2025-11-07,45439,0,Closed Lost
978,3283,356,Cathy Wang,Closed,2025-12-01,2025-12-19,62489,100,Closed Won
979,3285,357,Alex Chen,Closed,2025-02-27,2025-03-17,32657,100,Closed Won
980,3289,,Emily Tsai,Closed,2025-05-16,2025-05-31,76088,0,Closed Lost
981,3295,,Emily Tsai,Closed,2025-05-03,2025-05-22,64766,0,Closed Lost
982,3296,358,Cathy Wang,Closed,2025-03-24,2025-05-19,470087,100,Closed Won
983,3297,359,Brian Lin,Closed,2025-01-28,2025-03-07,48427,100,Closed Won
984,3300,360,Emily Tsai,Closed,2024-01-21,2024-02-06,107430,100,Closed Won
985,3303,,Emily Tsai,Closed,2024-12-01,2025-01-12,82949,0,Closed Lost
986,3307,361,David Huang,Closed,2024-04-08,2024-05-13,64854,100,Closed Won
987,3312,,Emily Tsai,Closed,2024-04-15,2024-05-16,72579,0,Closed Lost
988,3314,,Brian Lin,Closed,2024-09-19,2024-10-23,63907,0,Closed Lost
989,3317,362,Brian Lin,Closed,2025-09-04,2026-02-21,1500025,100,Closed Won
990,3318,363,Alex Chen,Closed,2024-02-15,2024-02-29,35483,100,Closed Won
991,3320,364,David Huang,Closed,2024-04-12,2024-05-13,89809,100,Closed Won
992,3321,365,Brian Lin,Closed,2024-01-01,2024-06-12,817880,100,Closed Won
993,3326,,Alex Chen,Closed,2025-09-25,2025-11-17,249735,0,Closed Lost
994,3328,,Alex Chen,Closed,2024-06-06,2024-06-27,46481,0,Closed Lost
995,3329,,Alex Chen,Closed,2024-06-24,2024-07-26,31565,0,Closed Lost
996,3330,,Brian Lin,Closed,2024-04-21,2024-05-10,47833,0,Closed Lost
997,3331,,Emily Tsai,Closed,2025-03-01,2025-04-03,375906,0,Closed Lost
998,3334,,Cathy Wang,Closed,2025-04-04,2025-05-10,400694,0,Closed Lost
999,3341,366,David Huang,Closed,2024-09-03,2024-11-14,1136181,100,Closed Won
1000,3343,367,Alex Chen,Closed,2024-09-22,2024-11-01,115371,100,Closed Won
1001,3346,,Brian Lin,Closed,2024-03-14,2024-04-28,34878,0,Closed Lost
1002,3349,,David Huang,Closed,2024-02-01,2024-04-11,465827,0,Closed Lost
1003,3353,,Cathy Wang,Closed,2024-12-27,2025-02-02,40626,0,Closed Lost
1004,3356,368,Cathy Wang,Closed,2025-06-18,2025-07-17,72096,100,Closed Won
1005,3357,369,Emily Tsai,Closed,2025-05-28,2025-07-08,51673,100,Closed Won
1006,3359,,David Huang,Closed,2024-01-03,2024-02-05,90056,0,Closed Lost
1007,3368,370,David Huang,Closed,2025-02-05,2025-03-15,34663,100,Closed Won
1008,3370,371,Alex Chen,Closed,2025-07-14,2025-10-21,1710394,100,Closed Won
1009,3374,372,Emily Tsai,Closed,2025-06-18,2025-08-28,200810,100,Closed Won
1010,3377,,Cathy Wang,Closed,2024-08-07,2024-09-04,78958,0,Closed Lost
1011,3381,373,Cathy Wang,Closed,2024-07-15,2024-08-04,68998,100,Closed Won
1012,3383,374,Emily Tsai,Closed,2025-06-09,2025-07-12,37434,100,Closed Won
1013,3386,,Emily Tsai,Closed,2025-11-20,2025-12-29,73929,0,Closed Lost
1014,3391,,Cathy Wang,Closed,2025-07-11,2025-08-10,80676,0,Closed Lost
1015,3399,,David Huang,Closed,2025-09-03,2025-10-04,108319,0,Closed Lost
1016,3401,,David Huang,Closed,2025-09-02,2026-02-04,1970208,0,Closed Lost
1017,3403,375,Alex Chen,Closed,2024-05-17,2024-06-29,77258,100,Closed Won
1018,3405,376,Alex Chen,Closed,2024-04-21,2024-05-15,62232,100,Closed Won
1019,3408,377,Emily Tsai,Closed,2025-09-13,2025-10-02,72972,100,Closed Won
1020,3414,378,Alex Chen,Closed,2024-01-19,2024-03-22,1116018,100,Closed Won
1021,3417,,Brian Lin,Closed,2024-08-05,2024-09-26,133435,0,Closed Lost
1022,3420,379,Alex Chen,Closed,2025-03-10,2025-07-23,1066894,100,Closed Won
1023,3421,,Brian Lin,Closed,2025-06-21,2025-07-30,177266,0,Closed Lost
1024,3427,380,Cathy Wang,Closed,2024-10-23,2024-12-27,1741721,100,Closed Won
1025,3429,381,Brian Lin,Closed,2025-10-01,2025-12-22,893068,100,Closed Won
1026,3431,,Emily Tsai,Closed,2024-04-01,2024-05-04,41092,0,Closed Lost
1027,3433,,Emily Tsai,Closed,2025-08-01,2025-10-11,308458,0,Closed Lost
1028,3434,382,Brian Lin,Closed,2025-08-06,2025-12-04,942511,100,Closed Won
1029,3437,383,David Huang,Closed,2025-02-21,2025-06-18,812582,100,Closed Won
1030,3439,,Brian Lin,Closed,2024-02-01,2024-03-16,285351,0,Closed Lost
1031,3451,,David Huang,Closed,2024-09-30,2024-11-07,39003,0,Closed Lost
1032,3452,,Emily Tsai,Closed,2025-06-05,2025-09-05,1711896,0,Closed Lost
1033,3457,,Cathy Wang,Closed,2024-02-19,2024-03-27,57376,0,Closed Lost
1034,3458,,Brian Lin,Closed,2024-03-23,2024-04-16,72065,0,Closed Lost
1035,3461,,Emily Tsai,Closed,2024-02-21,2024-05-12,286923,0,Closed Lost
1036,3466,384,Cathy Wang,Closed,2025-10-02,2026-02-12,1214230,100,Closed Won
1037,3469,385,Alex Chen,Closed,2024-03-09,2024-03-29,68209,100,Closed Won
1038,3470,,Brian Lin,Closed,2024-04-01,2024-05-03,61445,0,Closed Lost
1039,3475,386,Emily Tsai,Closed,2025-05-22,2025-06-23,60839,100,Closed Won
1040,3478,,Alex Chen,Closed,2024-02-18,2024-03-21,103190,0,Closed Lost
1041,3479,,Cathy Wang,Closed,2024-04-06,2024-07-29,1051852,0,Closed Lost
1042,3484,387,Alex Chen,Closed,2024-04-14,2024-05-17,50212,100,Closed Won
1043,3486,388,Brian Lin,Closed,2025-12-04,2026-02-08,475121,100,Closed Won
1044,3490,,David Huang,Closed,2025-05-19,2025-06-17,95127,0,Closed Lost
1045,3495,,Cathy Wang,Closed,2025-11-05,2025-11-22,43226,0,Closed Lost
1046,3498,,David Huang,Closed,2025-12-04,2025-12-19,99360,0,Closed Lost
1047,3501,389,Cathy Wang,Closed,2025-07-24,2025-08-19,105079,100,Closed Won
1048,3502,390,Cathy Wang,Closed,2025-09-30,2025-11-20,262370,100,Closed Won
1049,3506,,Brian Lin,Closed,2025-10-25,2025-11-19,109043,0,Closed Lost
1050,3513,,Cathy Wang,Closed,2025-01-28,2025-03-29,144072,0,Closed Lost
1051,3520,,Alex Chen,Closed,2025-08-05,2025-09-18,83858,0,Closed Lost
1052,3521,,Cathy Wang,Closed,2025-07-08,2025-08-13,81954,0,Closed Lost
1053,3526,391,Emily Tsai,Closed,2025-07-13,2025-09-17,1245410,100,Closed Won
1054,3528,392,Alex Chen,Closed,2024-07-10,2024-08-24,264939,100,Closed Won
1055,3529,393,Cathy Wang,Closed,2024-07-01,2024-07-26,90002,100,Closed Won
1056,3530,,Alex Chen,Closed,2025-02-17,2025-07-08,1528392,0,Closed Lost
1057,3536,394,Emily Tsai,Closed,2024-11-09,2025-05-04,1078669,100,Closed Won
1058,3537,395,Brian Lin,Closed,2024-04-25,2024-05-30,32695,100,Closed Won
1059,3539,396,Emily Tsai,Closed,2024-10-02,2024-11-28,421901,100,Closed Won
1060,3543,397,Alex Chen,Closed,2025-06-21,2025-07-19,69209,100,Closed Won
1061,3547,398,Cathy Wang,Closed,2025-12-13,2026-01-19,135114,100,Closed Won
1062,3548,,Cathy Wang,Closed,2025-05-04,2025-05-20,112320,0,Closed Lost
1063,3551,399,Brian Lin,Closed,2025-04-05,2025-05-13,33448,100,Closed Won
1064,3563,,Alex Chen,Closed,2025-08-23,2025-09-25,113190,0,Closed Lost
1065,3568,400,David Huang,Closed,2025-12-25,2026-03-04,341766,100,Closed Won
1066,3570,,David Huang,Closed,2025-10-03,2025-10-29,70619,0,Closed Lost
1067,3574,,Cathy Wang,Closed,2024-06-30,2024-08-07,37059,0,Closed Lost
1068,3581,,Emily Tsai,Closed,2024-07-22,2024-09-21,355732,0,Closed Lost
1069,3583,401,Cathy Wang,Closed,2025-02-25,2025-03-29,256810,100,Closed Won
1070,3585,,Brian Lin,Closed,2025-07-20,2025-10-12,1372984,0,Closed Lost
1071,3587,,Brian Lin,Closed,2024-11-23,2024-12-19,40567,0,Closed Lost
1072,3588,402,Alex Chen,Closed,2025-05-15,2025-06-18,485983,100,Closed Won
1073,3589,403,Alex Chen,Closed,2024-08-12,2024-08-28,102786,100,Closed Won
1074,3593,,Brian Lin,Closed,2025-08-07,2025-09-03,101133,0,Closed Lost
1075,3601,404,Alex Chen,Closed,2024-12-23,2025-03-22,407375,100,Closed Won
1076,3602,,Emily Tsai,Closed,2025-11-14,2025-12-26,95466,0,Closed Lost
1077,3606,405,Emily Tsai,Closed,2024-08-03,2024-12-17,1583221,100,Closed Won
1078,3610,,David Huang,Closed,2024-01-06,2024-02-14,102349,0,Closed Lost
1079,3615,,David Huang,Closed,2024-04-28,2024-05-12,84566,0,Closed Lost
1080,3618,,Brian Lin,Closed,2024-07-21,2024-09-21,466451,0,Closed Lost
1081,3619,406,Alex Chen,Closed,2024-10-27,2024-11-22,41589,100,Closed Won
1082,3621,,Alex Chen,Closed,2025-06-17,2025-07-14,59511,0,Closed Lost
1083,3630,407,Cathy Wang,Closed,2025-01-31,2025-02-25,94275,100,Closed Won
1084,3631,408,Cathy Wang,Closed,2024-09-22,2024-11-29,143377,100,Closed Won
1085,3637,,Emily Tsai,Closed,2024-12-16,2025-01-18,308709,0,Closed Lost
1086,3640,409,Emily Tsai,Closed,2025-05-23,2025-06-20,66622,100,Closed Won
1087,3641,,Emily Tsai,Closed,2024-11-11,2024-12-11,92711,0,Closed Lost
1088,3642,410,Cathy Wang,Closed,2025-01-15,2025-07-06,1091147,100,Closed Won
1089,3644,411,Cathy Wang,Closed,2025-04-17,2025-05-14,93851,100,Closed Won
1090,3650,412,Cathy Wang,Closed,2024-04-19,2024-09-18,1584737,100,Closed Won
1091,3651,,Emily Tsai,Closed,2024-12-16,2025-01-13,117313,0,Closed Lost
1092,3654,,Alex Chen,Closed,2025-01-04,2025-02-05,104849,0,Closed Lost
1093,3657,413,Brian Lin,Closed,2025-04-02,2025-05-04,227201,100,Closed Won
1094,3666,414,Emily Tsai,Closed,2024-02-08,2024-02-24,51285,100,Closed Won
1095,3667,,David Huang,Closed,2025-07-10,2025-08-01,79758,0,Closed Lost
1096,3673,,Emily Tsai,Closed,2025-01-26,2025-02-12,44482,0,Closed Lost
1097,3674,,Cathy Wang,Closed,2025-01-26,2025-03-03,72373,0,Closed Lost
1098,3677,415,Emily Tsai,Closed,2025-08-19,2025-12-02,603430,100,Closed Won
1099,3678,,David Huang,Closed,2024-01-16,2024-02-04,91141,0,Closed Lost
1100,3681,416,David Huang,Closed,2024-06-11,2024-06-30,69435,100,Closed Won
1101,3682,,David Huang,Closed,2024-04-07,2024-06-23,1120441,0,Closed Lost
1102,3683,,Alex Chen,Closed,2024-08-28,2024-10-28,370335,0,Closed Lost
1103,3694,,Alex Chen,Closed,2024-06-18,2024-09-08,254838,0,Closed Lost
1104,3696,,Alex Chen,Closed,2025-11-11,2025-11-30,32080,0,Closed Lost
1105,3698,,Cathy Wang,Closed,2025-08-17,2025-09-11,114441,0,Closed Lost
1106,3703,,Emily Tsai,Closed,2025-12-19,2026-01-08,56594,0,Closed Lost
1107,3704,,Emily Tsai,Closed,2024-09-28,2024-11-11,63902,0,Closed Lost
1108,3706,,Cathy Wang,Closed,2025-07-28,2025-09-02,83029,0,Closed Lost
1109,3708,417,Brian Lin,Closed,2024-01-01,2024-03-20,1531079,100,Closed Won
1110,3719,,Emily Tsai,Closed,2025-01-03,2025-02-07,352337,0,Closed Lost
1111,3721,418,Brian Lin,Closed,2025-10-27,2026-01-24,156793,100,Closed Won
1112,3725,,David Huang,Closed,2025-07-13,2025-08-24,52925,0,Closed Lost
1113,3726,419,Brian Lin,Closed,2025-04-17,2025-05-23,80449,100,Closed Won
1114,3729,,Brian Lin,Closed,2025-10-03,2025-11-17,55940,0,Closed Lost
1115,3730,,Emily Tsai,Closed,2025-12-16,2026-03-10,281161,0,Closed Lost
1116,3733,420,Alex Chen,Closed,2024-04-23,2024-05-27,443825,100,Closed Won
1117,3739,421,Alex Chen,Closed,2024-04-12,2024-04-27,52085,100,Closed Won
1118,3741,,David Huang,Closed,2024-05-19,2024-06-06,47373,0,Closed Lost
1119,3743,,Brian Lin,Closed,2025-07-24,2025-08-08,81002,0,Closed Lost
1120,3746,,David Huang,Closed,2024-12-14,2025-02-05,471169,0,Closed Lost
1121,3753,422,Alex Chen,Closed,2024-05-01,2024-06-14,68777,100,Closed Won
1122,3760,423,Cathy Wang,Closed,2025-08-25,2025-09-16,95921,100,Closed Won
1123,3762,,Brian Lin,Closed,2025-03-30,2025-06-20,696010,0,Closed Lost
1124,3769,424,Brian Lin,Closed,2024-05-06,2024-07-25,374964,100,Closed Won
1125,3777,,Alex Chen,Closed,2025-11-11,2025-12-15,492139,0,Closed Lost
1126,3778,,David Huang,Closed,2025-05-16,2025-10-07,1102389,0,Closed Lost
1127,3785,,Alex Chen,Closed,2024-01-13,2024-03-18,499398,0,Closed Lost
1128,3793,425,David Huang,Closed,2025-05-29,2025-08-22,1407109,100,Closed Won
1129,3796,426,Cathy Wang,Closed,2025-05-07,2025-06-10,450607,100,Closed Won
1130,3803,427,Brian Lin,Closed,2025-08-03,2025-08-21,112946,100,Closed Won
1131,3813,,Cathy Wang,Closed,2024-11-18,2024-12-10,89168,0,Closed Lost
1132,3817,,Cathy Wang,Closed,2025-03-24,2025-04-12,70170,0,Closed Lost
1133,3819,,Brian Lin,Closed,2024-04-04,2024-04-18,107402,0,Closed Lost
1134,3821,,Emily Tsai,Closed,2024-10-15,2024-11-10,36024,0,Closed Lost
1135,3823,428,Emily Tsai,Closed,2024-02-12,2024-03-27,36087,100,Closed Won
1136,3827,,Emily Tsai,Closed,2025-07-06,2025-07-30,65906,0,Closed Lost
1137,3830,,David Huang,Closed,2024-07-03,2024-09-05,308891,0,Closed Lost
1138,3831,,Brian Lin,Closed,2024-01-24,2024-02-10,68295,0,Closed Lost
1139,3832,,David Huang,Closed,2024-05-15,2024-07-01,280481,0,Closed Lost
1140,3834,,Cathy Wang,Closed,2025-01-24,2025-04-20,229858,0,Closed Lost
1141,3838,,Emily Tsai,Closed,2025-05-14,2025-06-21,64195,0,Closed Lost
1142,3840,,Brian Lin,Closed,2024-04-04,2024-05-15,74335,0,Closed Lost
1143,3841,429,Cathy Wang,Closed,2025-03-22,2025-04-11,40888,100,Closed Won
1144,3844,,Emily Tsai,Closed,2025-11-28,2026-01-05,206721,0,Closed Lost
1145,3845,,Emily Tsai,Closed,2024-11-22,2024-12-11,76021,0,Closed Lost
1146,3846,,Brian Lin,Closed,2024-05-09,2024-06-14,100849,0,Closed Lost
1147,3854,,Emily Tsai,Closed,2024-01-07,2024-02-18,343159,0,Closed Lost
1148,3856,430,Emily Tsai,Closed,2025-04-19,2025-08-24,1363560,100,Closed Won
1149,3862,431,Cathy Wang,Closed,2025-07-29,2025-08-23,60434,100,Closed Won
1150,3869,432,Emily Tsai,Closed,2024-08-15,2024-09-04,39372,100,Closed Won
1151,3870,433,Cathy Wang,Closed,2024-08-06,2024-09-10,51633,100,Closed Won
1152,3872,,Cathy Wang,Closed,2025-03-06,2025-07-17,1930998,0,Closed Lost
1153,3873,434,David Huang,Closed,2024-02-09,2024-03-22,32525,100,Closed Won
1154,3880,,Alex Chen,Closed,2024-01-10,2024-04-30,1644735,0,Closed Lost
1155,3882,,Brian Lin,Closed,2025-11-13,2026-04-26,681672,0,Closed Lost
1156,3884,435,David Huang,Closed,2024-04-07,2024-05-01,66463,100,Closed Won
1157,3891,,Cathy Wang,Closed,2025-12-17,2026-01-12,37425,0,Closed Lost
1158,3892,436,Brian Lin,Closed,2024-08-07,2024-10-16,1081747,100,Closed Won
1159,3896,437,Cathy Wang,Closed,2025-04-19,2025-08-13,1250981,100,Closed Won
1160,3897,,Cathy Wang,Closed,2025-10-21,2026-01-04,300002,0,Closed Lost
1161,3900,438,David Huang,Closed,2024-01-04,2024-06-22,1863444,100,Closed Won
1162,3903,,Brian Lin,Closed,2024-08-14,2025-01-18,986126,0,Closed Lost
1163,3908,439,Cathy Wang,Closed,2024-03-16,2024-03-30,38805,100,Closed Won
1164,3910,,Cathy Wang,Closed,2025-12-12,2026-05-28,1564877,0,Closed Lost
1165,3911,440,Cathy Wang,Closed,2025-11-09,2025-12-21,99558,100,Closed Won
1166,3912,,Cathy Wang,Closed,2024-08-18,2024-09-05,85142,0,Closed Lost
1167,3913,,Alex Chen,Closed,2024-06-09,2024-07-14,113360,0,Closed Lost
1168,3914,441,Emily Tsai,Closed,2024-01-12,2024-06-21,1419708,100,Closed Won
1169,3917,442,Brian Lin,Closed,2025-11-08,2026-01-01,251361,100,Closed Won
1170,3918,,David Huang,Closed,2024-08-14,2024-09-24,36944,0,Closed Lost
1171,3919,443,David Huang,Closed,2025-08-08,2025-11-01,168782,100,Closed Won
1172,3923,,Brian Lin,Closed,2025-09-23,2026-03-18,835844,0,Closed Lost
1173,3925,,Cathy Wang,Closed,2024-11-27,2024-12-19,109603,0,Closed Lost
1174,3926,,Emily Tsai,Closed,2024-11-15,2024-12-20,56271,0,Closed Lost
1175,3927,,Alex Chen,Closed,2025-03-05,2025-04-29,490241,0,Closed Lost
1176,3936,,Alex Chen,Closed,2025-07-17,2025-09-09,267874,0,Closed Lost
1177,3940,444,Cathy Wang,Closed,2025-07-01,2025-09-04,466984,100,Closed Won
1178,3946,445,Cathy Wang,Closed,2025-07-03,2025-08-03,31373,100,Closed Won
1179,3954,,Alex Chen,Closed,2024-09-06,2024-10-04,97859,0,Closed Lost
1180,3956,,Brian Lin,Closed,2024-09-16,2024-11-27,467658,0,Closed Lost
1181,3959,,David Huang,Closed,2025-09-17,2025-10-18,364421,0,Closed Lost
1182,3962,,Emily Tsai,Closed,2025-08-19,2025-09-08,110387,0,Closed Lost
1183,3964,,Emily Tsai,Closed,2024-03-09,2024-04-21,107468,0,Closed Lost
1184,3969,,Alex Chen,Closed,2025-01-05,2025-02-15,73141,0,Closed Lost
1185,3975,446,David Huang,Closed,2024-09-18,2024-11-01,172797,100,Closed Won
1186,3976,,David Huang,Closed,2025-11-01,2025-11-16,116971,0,Closed Lost
1187,3984,,Cathy Wang,Closed,2024-09-08,2025-01-12,660420,0,Closed Lost
1188,3988,,Alex Chen,Closed,2025-05-26,2025-06-16,85347,0,Closed Lost
1189,4003,447,Alex Chen,Closed,2025-04-08,2025-06-04,288060,100,Closed Won
1190,4005,,Emily Tsai,Closed,2025-06-30,2025-08-10,86414,0,Closed Lost
1191,4009,448,David Huang,Closed,2025-03-19,2025-05-22,292940,100,Closed Won
1192,4013,449,Emily Tsai,Closed,2024-12-15,2025-01-09,33030,100,Closed Won
1193,4020,,Cathy Wang,Closed,2024-05-11,2024-06-17,49130,0,Closed Lost
1194,4021,,Alex Chen,Closed,2024-05-02,2024-06-14,110211,0,Closed Lost
1195,4024,,Cathy Wang,Closed,2025-01-22,2025-02-25,296772,0,Closed Lost
1196,4028,450,Cathy Wang,Closed,2024-08-28,2024-11-25,486757,100,Closed Won
1197,4030,,Emily Tsai,Closed,2024-01-02,2024-04-01,129502,0,Closed Lost
1198,4032,451,Emily Tsai,Closed,2025-06-03,2025-07-08,41723,100,Closed Won
1199,4034,452,David Huang,Closed,2025-02-02,2025-04-14,167779,100,Closed Won
1200,4036,,Cathy Wang,Closed,2024-06-08,2024-08-31,400540,0,Closed Lost
1201,4037,,Cathy Wang,Closed,2025-07-25,2025-11-27,616641,0,Closed Lost
1202,4038,,David Huang,Closed,2025-05-19,2025-06-09,63080,0,Closed Lost
1203,4039,453,Alex Chen,Closed,2025-06-30,2025-08-09,89350,100,Closed Won
1204,4061,,Alex Chen,Closed,2025-05-03,2025-06-10,104887,0,Closed Lost
1205,4063,454,Brian Lin,Closed,2024-04-08,2024-04-30,55167,100,Closed Won
1206,4066,,Emily Tsai,Closed,2025-02-19,2025-03-23,54163,0,Closed Lost
1207,4067,,David Huang,Closed,2024-06-17,2024-07-13,110351,0,Closed Lost
1208,4069,,Alex Chen,Closed,2025-04-16,2025-06-22,444340,0,Closed Lost
1209,4070,,Cathy Wang,Closed,2025-10-26,2025-11-23,113241,0,Closed Lost
1210,4077,455,David Huang,Closed,2024-10-17,2024-11-29,32871,100,Closed Won
1211,4082,,Brian Lin,Closed,2025-12-08,2026-04-17,1112950,0,Closed Lost
1212,4083,,Alex Chen,Closed,2024-01-24,2024-02-17,65508,0,Closed Lost
1213,4093,,David Huang,Closed,2024-09-10,2024-10-21,235960,0,Closed Lost
1214,4097,456,Alex Chen,Closed,2024-10-09,2024-11-04,35798,100,Closed Won
1215,4102,,David Huang,Closed,2024-04-12,2024-10-04,1119695,0,Closed Lost
1216,4103,457,David Huang,Closed,2024-05-12,2024-05-29,66038,100,Closed Won
1217,4105,,David Huang,Closed,2024-07-16,2024-10-09,486542,0,Closed Lost
1218,4110,,Brian Lin,Closed,2024-04-19,2024-05-12,103826,0,Closed Lost
1219,4111,,Cathy Wang,Closed,2024-12-07,2025-01-12,104427,0,Closed Lost
1220,4113,458,Alex Chen,Closed,2024-01-03,2024-03-28,1427326,100,Closed Won
1221,4114,,Cathy Wang,Closed,2025-08-10,2025-08-24,104108,0,Closed Lost
1222,4116,,Brian Lin,Closed,2025-02-01,2025-02-27,53756,0,Closed Lost
1223,4126,,Alex Chen,Closed,2024-03-06,2024-06-30,784804,0,Closed Lost
1224,4134,,Cathy Wang,Closed,2025-03-27,2025-05-07,82022,0,Closed Lost
1225,4139,,David Huang,Closed,2025-05-14,2025-05-28,77686,0,Closed Lost
1226,4144,459,Cathy Wang,Closed,2025-05-02,2025-05-29,32168,100,Closed Won
1227,4145,,Cathy Wang,Closed,2025-02-27,2025-07-22,1006986,0,Closed Lost
1228,4146,,Emily Tsai,Closed,2024-09-27,2024-11-19,481233,0,Closed Lost
1229,4147,,Emily Tsai,Closed,2025-07-03,2025-07-30,30522,0,Closed Lost
1230,4150,,Alex Chen,Closed,2025-01-29,2025-02-20,103881,0,Closed Lost
1231,4153,460,Emily Tsai,Closed,2024-07-09,2024-08-20,36762,100,Closed Won
1232,4160,461,Cathy Wang,Closed,2025-05-20,2025-06-29,93978,100,Closed Won
1233,4162,,Alex Chen,Closed,2024-07-05,2024-09-20,1435214,0,Closed Lost
1234,4164,,David Huang,Closed,2025-12-02,2026-05-27,1725447,0,Closed Lost
1235,4170,,Emily Tsai,Closed,2024-03-14,2024-04-10,89242,0,Closed Lost
1236,4171,462,David Huang,Closed,2025-05-23,2025-10-29,561435,100,Closed Won
1237,4172,463,Emily Tsai,Closed,2025-03-13,2025-04-05,30201,100,Closed Won
1238,4174,,Emily Tsai,Closed,2025-04-30,2025-05-24,57993,0,Closed Lost
1239,4176,464,Emily Tsai,Closed,2024-12-23,2025-03-21,375962,100,Closed Won
1240,4180,,Alex Chen,Closed,2024-08-26,2024-11-24,350863,0,Closed Lost
1241,4181,465,Cathy Wang,Closed,2025-10-23,2025-12-12,469995,100,Closed Won
1242,4183,,Cathy Wang,Closed,2025-09-30,2025-12-12,210643,0,Closed Lost
1243,4184,466,Brian Lin,Closed,2024-04-09,2024-05-08,41438,100,Closed Won
1244,4191,467,Brian Lin,Closed,2024-04-16,2024-05-13,48701,100,Closed Won
1245,4192,,Cathy Wang,Closed,2025-07-23,2025-08-31,91833,0,Closed Lost
1246,4199,468,Brian Lin,Closed,2024-04-24,2024-10-05,573871,100,Closed Won
1247,4200,,Brian Lin,Closed,2024-07-02,2024-08-06,117363,0,Closed Lost
1248,4203,,Emily Tsai,Closed,2024-04-02,2024-05-17,33139,0,Closed Lost
1249,4209,,Emily Tsai,Closed,2024-07-17,2024-10-12,726200,0,Closed Lost
1250,4210,,Alex Chen,Closed,2024-11-25,2025-02-17,183937,0,Closed Lost
1251,4211,469,David Huang,Closed,2024-09-07,2024-10-06,66511,100,Closed Won
1252,4214,,Emily Tsai,Closed,2025-02-11,2025-03-03,69553,0,Closed Lost
1253,4218,,Cathy Wang,Closed,2025-06-01,2025-10-21,955570,0,Closed Lost
1254,4219,470,Emily Tsai,Closed,2024-06-30,2024-08-02,75254,100,Closed Won
1255,4223,,Emily Tsai,Closed,2024-12-23,2025-01-30,379035,0,Closed Lost
1256,4225,,Emily Tsai,Closed,2025-02-19,2025-03-30,97953,0,Closed Lost
1257,4241,,Cathy Wang,Closed,2024-01-23,2024-02-28,431905,0,Closed Lost
1258,4250,,Cathy Wang,Closed,2024-06-16,2024-07-19,84564,0,Closed Lost
1259,4251,471,Emily Tsai,Closed,2024-10-23,2024-11-15,52377,100,Closed Won
1260,4257,472,Cathy Wang,Closed,2025-01-14,2025-02-22,63288,100,Closed Won
1261,4260,473,David Huang,Closed,2024-01-18,2024-02-01,69684,100,Closed Won
1262,4264,,David Huang,Closed,2025-06-27,2025-09-06,1960764,0,Closed Lost
1263,4265,,Emily Tsai,Closed,2024-02-01,2024-03-04,48178,0,Closed Lost
1264,4271,,David Huang,Closed,2025-05-04,2025-07-07,276466,0,Closed Lost
1265,4275,,Cathy Wang,Closed,2025-07-08,2025-08-18,41123,0,Closed Lost
1266,4277,474,David Huang,Closed,2025-07-01,2025-08-06,33341,100,Closed Won
1267,4288,475,Cathy Wang,Closed,2025-06-25,2025-07-11,43175,100,Closed Won
1268,4298,476,David Huang,Closed,2025-03-13,2025-04-03,102687,100,Closed Won
1269,4299,,Alex Chen,Closed,2025-07-24,2025-08-10,89808,0,Closed Lost
1270,4300,,David Huang,Closed,2024-07-20,2024-08-04,106607,0,Closed Lost
1271,4302,,Alex Chen,Closed,2025-02-22,2025-03-18,83569,0,Closed Lost
1272,4306,477,Brian Lin,Closed,2024-06-15,2024-08-08,414127,100,Closed Won
1273,4309,478,David Huang,Closed,2024-02-23,2024-05-09,129730,100,Closed Won
1274,4319,,Alex Chen,Closed,2024-03-14,2024-04-09,39100,0,Closed Lost
1275,4320,479,Cathy Wang,Closed,2024-05-20,2024-06-05,107526,100,Closed Won
1276,4323,,Cathy Wang,Closed,2025-03-11,2025-04-07,53856,0,Closed Lost
1277,4325,480,David Huang,Closed,2024-08-02,2024-09-01,468342,100,Closed Won
1278,4326,,Cathy Wang,Closed,2024-03-24,2024-09-09,1613800,0,Closed Lost
1279,4327,,Alex Chen,Closed,2025-07-05,2025-08-13,420539,0,Closed Lost
1280,4330,481,Cathy Wang,Closed,2024-05-31,2024-10-28,1530873,100,Closed Won
1281,4331,,Brian Lin,Closed,2024-08-14,2024-09-26,48023,0,Closed Lost
1282,4332,,Emily Tsai,Closed,2025-05-31,2025-07-04,395149,0,Closed Lost
1283,4337,482,Alex Chen,Closed,2024-05-17,2024-07-01,34860,100,Closed Won
1284,4338,,Alex Chen,Closed,2025-03-12,2025-04-30,260099,0,Closed Lost
1285,4343,483,Cathy Wang,Closed,2024-03-21,2024-04-17,88053,100,Closed Won
1286,4344,484,Emily Tsai,Closed,2025-08-04,2025-09-09,92328,100,Closed Won
1287,4348,,David Huang,Closed,2025-08-21,2025-09-08,117424,0,Closed Lost
1288,4350,,Alex Chen,Closed,2025-11-06,2026-01-30,1090497,0,Closed Lost
1289,4352,,Alex Chen,Closed,2025-10-27,2025-11-26,48951,0,Closed Lost
1290,4354,,Emily Tsai,Closed,2024-09-19,2024-11-05,132969,0,Closed Lost
1291,4358,,David Huang,Closed,2024-02-08,2024-02-26,60274,0,Closed Lost
1292,4359,485,Emily Tsai,Closed,2025-05-17,2025-06-19,108319,100,Closed Won
1293,4360,486,Emily Tsai,Closed,2025-03-05,2025-05-05,1537282,100,Closed Won
1294,4365,487,David Huang,Closed,2025-08-06,2025-09-03,103887,100,Closed Won
1295,4372,,Brian Lin,Closed,2025-08-27,2025-11-09,961805,0,Closed Lost
1296,4378,488,Cathy Wang,Closed,2024-07-09,2024-08-11,94155,100,Closed Won
1297,4384,,Brian Lin,Closed,2025-07-18,2025-09-28,470213,0,Closed Lost
1298,4390,,Alex Chen,Closed,2025-12-11,2026-01-02,71230,0,Closed Lost
1299,4391,489,Alex Chen,Closed,2024-04-20,2024-05-30,68113,100,Closed Won
1300,4395,,Emily Tsai,Closed,2024-02-05,2024-03-23,382662,0,Closed Lost
1301,4399,490,Cathy Wang,Closed,2024-03-02,2024-04-08,51369,100,Closed Won
1302,4400,,Cathy Wang,Closed,2024-01-27,2024-03-11,454059,0,Closed Lost
1303,4409,491,David Huang,Closed,2024-10-27,2024-12-07,70336,100,Closed Won
1304,4410,,Emily Tsai,Closed,2024-04-05,2024-05-02,109104,0,Closed Lost
1305,4412,492,Alex Chen,Closed,2025-11-11,2025-11-27,41796,100,Closed Won
1306,4414,493,David Huang,Closed,2025-11-21,2026-01-14,228710,100,Closed Won
1307,4420,,David Huang,Closed,2024-06-23,2024-10-06,1835168,0,Closed Lost
1308,4424,,Cathy Wang,Closed,2025-04-12,2025-06-20,263227,0,Closed Lost
1309,4425,494,David Huang,Closed,2025-11-04,2026-04-27,1348845,100,Closed Won
1310,4426,,David Huang,Closed,2025-08-08,2025-09-24,318540,0,Closed Lost
1311,4428,,Cathy Wang,Closed,2025-02-06,2025-04-01,328016,0,Closed Lost
1312,4430,,Emily Tsai,Closed,2024-10-03,2024-10-22,58801,0,Closed Lost
1313,4431,,Cathy Wang,Closed,2024-08-17,2024-09-06,81511,0,Closed Lost
1314,4432,495,Cathy Wang,Closed,2025-03-18,2025-09-10,525374,100,Closed Won
1315,4444,496,Cathy Wang,Closed,2025-07-14,2025-08-06,51155,100,Closed Won
1316,4448,497,Brian Lin,Closed,2024-11-21,2025-02-06,305148,100,Closed Won
1317,4453,,Brian Lin,Closed,2024-10-17,2024-11-18,67604,0,Closed Lost
1318,4458,,Alex Chen,Closed,2024-01-02,2024-01-23,70129,0,Closed Lost
1319,4459,,Brian Lin,Closed,2025-05-27,2025-06-11,67231,0,Closed Lost
1320,4461,498,Alex Chen,Closed,2025-02-25,2025-03-31,111382,100,Closed Won
1321,4462,499,Emily Tsai,Closed,2024-01-18,2024-02-22,95825,100,Closed Won
1322,4463,,Alex Chen,Closed,2025-07-27,2025-09-30,220611,0,Closed Lost
1323,4468,,Cathy Wang,Closed,2025-03-12,2025-04-13,82471,0,Closed Lost
1324,4471,,David Huang,Closed,2024-03-11,2024-03-30,100376,0,Closed Lost
1325,4475,500,David Huang,Closed,2025-11-01,2026-02-21,1241186,100,Closed Won
1326,4477,501,Emily Tsai,Closed,2024-04-19,2024-05-05,34766,100,Closed Won
1327,4483,502,Emily Tsai,Closed,2025-06-05,2025-07-18,253974,100,Closed Won
1328,4486,,Emily Tsai,Closed,2025-07-12,2025-08-14,381062,0,Closed Lost
1329,4490,,Brian Lin,Closed,2024-05-29,2024-09-08,623554,0,Closed Lost
1330,4491,,Cathy Wang,Closed,2024-11-10,2024-12-14,65702,0,Closed Lost
1331,4497,,Cathy Wang,Closed,2025-07-13,2025-08-03,57457,0,Closed Lost
1332,4500,,Emily Tsai,Closed,2024-03-07,2024-04-08,185948,0,Closed Lost
1333,4507,,Brian Lin,Closed,2025-10-19,2025-11-21,52971,0,Closed Lost
1334,4514,,Emily Tsai,Closed,2025-10-07,2025-12-20,142851,0,Closed Lost
1335,4516,503,Brian Lin,Closed,2024-04-10,2024-05-31,427077,100,Closed Won
1336,4519,,Alex Chen,Closed,2025-06-26,2025-07-16,48993,0,Closed Lost
1337,4536,,Cathy Wang,Closed,2025-12-14,2026-01-20,74158,0,Closed Lost
1338,4537,,Cathy Wang,Closed,2024-04-28,2024-07-03,442025,0,Closed Lost
1339,4546,504,David Huang,Closed,2025-07-17,2025-08-11,65126,100,Closed Won
1340,4548,505,Cathy Wang,Closed,2024-11-13,2024-12-04,86803,100,Closed Won
1341,4563,,Alex Chen,Closed,2024-11-21,2024-12-18,79686,0,Closed Lost
1342,4568,506,David Huang,Closed,2025-07-22,2025-11-28,680901,100,Closed Won
1343,4572,507,Alex Chen,Closed,2025-05-02,2025-05-16,56820,100,Closed Won
1344,4574,508,Cathy Wang,Closed,2025-09-13,2025-11-24,250479,100,Closed Won
1345,4575,509,Alex Chen,Closed,2025-06-13,2025-09-06,1626789,100,Closed Won
1346,4576,510,Emily Tsai,Closed,2024-06-29,2024-09-23,270441,100,Closed Won
1347,4577,,Alex Chen,Closed,2024-09-22,2024-10-29,366280,0,Closed Lost
1348,4581,511,Emily Tsai,Closed,2025-04-06,2025-05-16,74293,100,Closed Won
1349,4586,512,Cathy Wang,Closed,2024-06-28,2024-07-19,38283,100,Closed Won
1350,4592,,Brian Lin,Closed,2024-07-31,2024-09-09,102487,0,Closed Lost
1351,4594,513,Brian Lin,Closed,2024-04-07,2024-05-15,45139,100,Closed Won
1352,4595,514,Cathy Wang,Closed,2024-10-02,2024-11-15,31898,100,Closed Won
1353,4596,,Cathy Wang,Closed,2024-03-14,2024-06-08,1643074,0,Closed Lost
1354,4600,,Cathy Wang,Closed,2025-01-20,2025-05-04,587197,0,Closed Lost
1355,4601,,David Huang,Closed,2024-06-12,2024-07-16,112190,0,Closed Lost
1356,4607,515,Alex Chen,Closed,2024-07-03,2024-08-15,59314,100,Closed Won
1357,4609,516,Alex Chen,Closed,2024-03-01,2024-04-09,181461,100,Closed Won
1358,4610,517,David Huang,Closed,2025-02-08,2025-03-05,70672,100,Closed Won
1359,4612,518,Emily Tsai,Closed,2024-09-28,2024-11-21,485501,100,Closed Won
1360,4615,,David Huang,Closed,2025-02-26,2025-03-19,56388,0,Closed Lost
1361,4616,,Emily Tsai,Closed,2025-11-12,2025-12-23,161035,0,Closed Lost
1362,4619,519,David Huang,Closed,2024-09-22,2024-11-08,255197,100,Closed Won
1363,4621,,Cathy Wang,Closed,2024-01-07,2024-01-21,40076,0,Closed Lost
1364,4624,,Alex Chen,Closed,2024-10-17,2024-12-12,179166,0,Closed Lost
1365,4627,,Cathy Wang,Closed,2024-07-16,2024-09-05,496779,0,Closed Lost
1366,4628,,Cathy Wang,Closed,2024-06-16,2024-07-18,63788,0,Closed Lost
1367,4630,520,Alex Chen,Closed,2024-05-05,2024-06-18,444576,100,Closed Won
1368,4633,521,Alex Chen,Closed,2024-02-27,2024-04-30,1505653,100,Closed Won
1369,4635,522,Brian Lin,Closed,2024-10-11,2024-11-06,119815,100,Closed Won
1370,4636,523,David Huang,Closed,2025-10-18,2026-01-13,1955324,100,Closed Won
1371,4639,,Cathy Wang,Closed,2025-01-16,2025-02-16,38258,0,Closed Lost
1372,4641,524,Alex Chen,Closed,2024-09-14,2024-10-21,382884,100,Closed Won
1373,4654,,Cathy Wang,Closed,2025-05-19,2025-07-16,467703,0,Closed Lost
1374,4655,525,Cathy Wang,Closed,2024-08-01,2024-10-04,194426,100,Closed Won
1375,4657,,Emily Tsai,Closed,2024-12-14,2025-01-29,387732,0,Closed Lost
1376,4659,,David Huang,Closed,2025-06-23,2025-08-03,103214,0,Closed Lost
1377,4662,526,Cathy Wang,Closed,2025-11-05,2025-11-24,48467,100,Closed Won
1378,4663,527,Cathy Wang,Closed,2025-10-14,2025-11-28,109924,100,Closed Won
1379,4664,,Alex Chen,Closed,2024-06-21,2024-07-05,92821,0,Closed Lost
1380,4666,,Emily Tsai,Closed,2024-06-21,2024-07-08,93076,0,Closed Lost
1381,4672,,Cathy Wang,Closed,2024-09-25,2024-11-10,477955,0,Closed Lost
1382,4674,528,David Huang,Closed,2024-10-18,2024-12-11,250193,100,Closed Won
1383,4677,529,Brian Lin,Closed,2024-06-13,2024-07-25,55398,100,Closed Won
1384,4685,,Brian Lin,Closed,2025-11-05,2026-01-22,435542,0,Closed Lost
1385,4688,,Brian Lin,Closed,2024-04-11,2024-09-06,1588560,0,Closed Lost
1386,4693,530,Alex Chen,Closed,2024-10-11,2024-11-23,73781,100,Closed Won
1387,4694,531,Alex Chen,Closed,2024-04-12,2024-05-03,117635,100,Closed Won
1388,4695,,Cathy Wang,Closed,2025-05-21,2025-06-22,55802,0,Closed Lost
1389,4696,532,Cathy Wang,Closed,2025-12-15,2026-01-10,111002,100,Closed Won
1390,4701,,Emily Tsai,Closed,2025-07-02,2025-07-26,88318,0,Closed Lost
1391,4708,,Alex Chen,Closed,2025-08-18,2025-09-10,99808,0,Closed Lost
1392,4712,,Cathy Wang,Closed,2024-03-25,2024-06-12,304139,0,Closed Lost
1393,4718,,Brian Lin,Closed,2024-01-12,2024-02-19,31800,0,Closed Lost
1394,4727,533,David Huang,Closed,2025-06-04,2025-07-17,66909,100,Closed Won
1395,4730,534,Emily Tsai,Closed,2025-12-14,2026-06-09,539100,100,Closed Won
1396,4741,535,David Huang,Closed,2024-08-26,2024-09-30,227812,100,Closed Won
1397,4742,,Emily Tsai,Closed,2025-06-30,2025-09-01,203083,0,Closed Lost
1398,4744,536,Cathy Wang,Closed,2024-03-30,2024-09-07,825603,100,Closed Won
1399,4750,537,Cathy Wang,Closed,2024-08-25,2024-11-22,188519,100,Closed Won
1400,4751,,Emily Tsai,Closed,2025-11-05,2026-01-23,143285,0,Closed Lost
1401,4752,,Brian Lin,Closed,2025-04-22,2025-05-25,58216,0,Closed Lost
1402,4753,,Emily Tsai,Closed,2025-01-30,2025-02-27,117347,0,Closed Lost
1403,4758,538,Brian Lin,Closed,2025-02-26,2025-04-05,33474,100,Closed Won
1404,4759,,Brian Lin,Closed,2024-07-27,2024-09-06,55733,0,Closed Lost
1405,4761,539,Brian Lin,Closed,2025-07-17,2025-08-30,445156,100,Closed Won
1406,4762,,Emily Tsai,Closed,2024-01-31,2024-03-03,91637,0,Closed Lost
1407,4765,,Cathy Wang,Closed,2025-09-06,2026-01-31,1878335,0,Closed Lost
1408,4768,,David Huang,Closed,2025-04-12,2025-09-20,1037769,0,Closed Lost
1409,4770,,Alex Chen,Closed,2024-11-29,2025-02-12,476449,0,Closed Lost
1410,4776,540,Emily Tsai,Closed,2025-08-06,2025-09-01,117000,100,Closed Won
1411,4779,,David Huang,Closed,2024-02-13,2024-04-09,384445,0,Closed Lost
1412,4780,541,Emily Tsai,Closed,2024-09-18,2024-11-10,425396,100,Closed Won
1413,4785,,Emily Tsai,Closed,2025-02-24,2025-08-08,1752261,0,Closed Lost
1414,4787,542,David Huang,Closed,2024-10-17,2024-11-07,112736,100,Closed Won
1415,4788,,Cathy Wang,Closed,2025-08-03,2025-11-08,1175599,0,Closed Lost
1416,4792,,Emily Tsai,Closed,2025-08-05,2025-08-27,90372,0,Closed Lost
1417,4793,,Alex Chen,Closed,2025-01-21,2025-06-23,1229009,0,Closed Lost
1418,4794,543,Brian Lin,Closed,2025-08-25,2025-11-02,427943,100,Closed Won
1419,4797,544,David Huang,Closed,2025-01-16,2025-02-24,68993,100,Closed Won
1420,4799,,Alex Chen,Closed,2025-09-14,2025-10-28,51074,0,Closed Lost
1421,4801,545,Alex Chen,Closed,2024-01-05,2024-02-06,70697,100,Closed Won
1422,4803,,Alex Chen,Closed,2024-11-08,2024-12-08,88613,0,Closed Lost
1423,4811,,Alex Chen,Closed,2024-02-01,2024-06-11,870869,0,Closed Lost
1424,4814,,Brian Lin,Closed,2025-10-26,2025-12-03,44452,0,Closed Lost
1425,4815,,Brian Lin,Closed,2024-01-05,2024-02-10,97109,0,Closed Lost
1426,4816,,Brian Lin,Closed,2025-04-04,2025-05-04,64389,0,Closed Lost
1427,4824,,Emily Tsai,Closed,2024-05-30,2024-08-28,351824,0,Closed Lost
1428,4831,546,Cathy Wang,Closed,2025-04-27,2025-07-20,135275,100,Closed Won
1429,4840,,Emily Tsai,Closed,2024-01-12,2024-03-21,167981,0,Closed Lost
1430,4841,,Alex Chen,Closed,2024-11-15,2025-05-04,1774752,0,Closed Lost
1431,4843,,David Huang,Closed,2024-03-24,2024-05-03,177248,0,Closed Lost
1432,4846,,David Huang,Closed,2025-10-05,2025-11-07,113678,0,Closed Lost
1433,4848,,Brian Lin,Closed,2025-09-14,2026-03-12,1284802,0,Closed Lost
1434,4851,547,Emily Tsai,Closed,2024-07-13,2024-08-21,74812,100,Closed Won
1435,4854,548,David Huang,Closed,2024-02-13,2024-05-10,1484191,100,Closed Won
1436,4866,549,David Huang,Closed,2025-09-24,2025-10-10,51500,100,Closed Won
1437,4868,,Cathy Wang,Closed,2024-05-15,2024-06-05,115971,0,Closed Lost
1438,4870,,Brian Lin,Closed,2024-03-16,2024-03-31,79386,0,Closed Lost
1439,4874,550,Brian Lin,Closed,2024-01-09,2024-02-15,191985,100,Closed Won
1440,4878,,Brian Lin,Closed,2024-05-26,2024-08-18,313005,0,Closed Lost
1441,4886,,David Huang,Closed,2024-05-07,2024-07-25,443550,0,Closed Lost
1442,4890,,Emily Tsai,Closed,2025-09-23,2025-12-01,466392,0,Closed Lost
1443,4895,551,Cathy Wang,Closed,2025-01-09,2025-02-19,113098,100,Closed Won
1444,4897,,Cathy Wang,Closed,2025-03-09,2025-04-15,49639,0,Closed Lost
1445,4898,,Brian Lin,Closed,2024-12-21,2025-01-27,96378,0,Closed Lost
1446,4900,,Emily Tsai,Closed,2024-11-10,2024-12-08,77613,0,Closed Lost
1447,4905,552,Brian Lin,Closed,2025-08-17,2025-09-20,76934,100,Closed Won
1448,4914,553,Alex Chen,Closed,2024-08-03,2024-08-26,110136,100,Closed Won
1449,4917,,Emily Tsai,Closed,2024-09-21,2024-12-13,1265410,0,Closed Lost
1450,4919,,Cathy Wang,Closed,2024-05-19,2024-06-20,76548,0,Closed Lost
1451,4931,554,Alex Chen,Closed,2024-03-18,2024-04-21,67340,100,Closed Won
1452,4941,,Emily Tsai,Closed,2025-12-24,2026-02-12,274365,0,Closed Lost
1453,4944,,Emily Tsai,Closed,2024-11-18,2025-02-02,357070,0,Closed Lost
1454,4947,,Emily Tsai,Closed,2024-09-20,2024-10-11,54355,0,Closed Lost
1455,4953,555,Cathy Wang,Closed,2025-11-07,2025-12-16,88711,100,Closed Won
1456,4954,556,David Huang,Closed,2025-07-29,2025-08-27,89762,100,Closed Won
1457,4955,557,Alex Chen,Closed,2025-12-17,2026-01-13,49152,100,Closed Won
1458,4956,,Emily Tsai,Closed,2024-05-20,2024-10-07,655768,0,Closed Lost
1459,4959,,Cathy Wang,Closed,2024-05-11,2024-08-04,305518,0,Closed Lost
1460,4963,,Brian Lin,Closed,2025-02-14,2025-08-05,1500334,0,Closed Lost
1461,4964,,Alex Chen,Closed,2025-02-04,2025-02-26,108041,0,Closed Lost
1462,4969,558,Cathy Wang,Closed,2025-03-03,2025-04-11,84262,100,Closed Won
1463,4970,,David Huang,Closed,2025-03-04,2025-05-17,341852,0,Closed Lost
1464,4974,,Brian Lin,Closed,2024-10-08,2024-11-08,103073,0,Closed Lost
1465,4977,,Alex Chen,Closed,2024-12-27,2025-02-10,67049,0,Closed Lost
1466,4985,559,David Huang,Closed,2025-07-07,2025-08-05,114272,100,Closed Won
1467,4988,,Emily Tsai,Closed,2025-08-12,2025-10-06,247581,0,Closed Lost
1468,4989,,Brian Lin,Closed,2024-06-05,2024-07-16,117533,0,Closed Lost
1469,4994,,Alex Chen,Closed,2024-12-10,2025-02-02,448445,0,Closed Lost
1470,4996,,Emily Tsai,Closed,2024-10-03,2024-12-15,359274,0,Closed Lost
1471,4999,,Alex Chen,Closed,2025-04-24,2025-05-24,32603,0,Closed Lost
1472,5001,,Brian Lin,Closed,2024-10-19,2024-11-28,73515,0,Closed Lost
1473,5005,,David Huang,Closed,2025-09-12,2025-10-07,96432,0,Closed Lost
1474,5006,560,David Huang,Closed,2025-12-14,2026-01-21,46141,100,Closed Won
1475,5007,561,Brian Lin,Closed,2024-06-11,2024-07-12,84697,100,Closed Won
1476,5013,562,Cathy Wang,Closed,2025-06-26,2025-07-28,41780,100,Closed Won
1477,5018,,Brian Lin,Closed,2024-06-04,2024-06-29,99224,0,Closed Lost
1478,5022,563,Emily Tsai,Closed,2024-03-13,2024-04-19,41631,100,Closed Won
1479,5023,,Emily Tsai,Closed,2024-11-17,2024-12-18,118018,0,Closed Lost
1480,5025,,Alex Chen,Closed,2025-08-20,2025-10-17,255266,0,Closed Lost
1481,5026,564,Cathy Wang,Closed,2025-01-13,2025-03-22,369949,100,Closed Won
1482,5031,,Alex Chen,Closed,2024-04-27,2024-07-26,466545,0,Closed Lost
1483,5034,,Brian Lin,Closed,2024-01-28,2024-03-12,116508,0,Closed Lost
1484,5041,565,Cathy Wang,Closed,2025-06-15,2025-11-09,1171827,100,Closed Won
1485,5043,566,Cathy Wang,Closed,2025-03-28,2025-05-23,175772,100,Closed Won
1486,5048,,Cathy Wang,Closed,2025-01-11,2025-02-15,53905,0,Closed Lost
1487,5049,,David Huang,Closed,2024-11-14,2025-04-03,563127,0,Closed Lost
1488,5050,,Alex Chen,Closed,2024-06-05,2024-08-09,476289,0,Closed Lost
1489,5051,,Alex Chen,Closed,2024-07-22,2024-08-12,77435,0,Closed Lost
1490,5053,,Brian Lin,Closed,2025-04-06,2025-05-04,33942,0,Closed Lost
1491,5055,567,David Huang,Closed,2024-12-31,2025-02-05,54978,100,Closed Won
1492,5057,,Alex Chen,Closed,2025-03-09,2025-07-28,1801302,0,Closed Lost
1493,5058,568,Brian Lin,Closed,2024-03-08,2024-04-29,186802,100,Closed Won
1494,5060,,Alex Chen,Closed,2024-12-29,2025-01-28,72915,0,Closed Lost
1495,5061,,David Huang,Closed,2025-09-07,2025-10-18,33821,0,Closed Lost
1496,5062,,Brian Lin,Closed,2024-08-27,2025-02-03,657200,0,Closed Lost
1497,5066,569,David Huang,Closed,2024-03-11,2024-05-11,321021,100,Closed Won
1498,5068,,Alex Chen,Closed,2024-07-31,2024-08-30,464602,0,Closed Lost
1499,5069,,Cathy Wang,Closed,2025-02-02,2025-03-12,31306,0,Closed Lost
1500,5073,570,Cathy Wang,Closed,2024-03-19,2024-04-05,85020,100,Closed Won
1501,5078,,Brian Lin,Closed,2024-01-27,2024-03-03,166194,0,Closed Lost
1502,5084,,Alex Chen,Closed,2025-03-01,2025-04-01,32883,0,Closed Lost
1503,5087,571,Emily Tsai,Closed,2024-10-02,2024-11-03,66759,100,Closed Won
1504,5089,572,Emily Tsai,Closed,2025-05-14,2025-05-29,65837,100,Closed Won
1505,5098,573,David Huang,Closed,2025-08-19,2025-09-14,72110,100,Closed Won
1506,5103,,David Huang,Closed,2024-10-22,2025-01-14,807103,0,Closed Lost
1507,5104,,Cathy Wang,Closed,2025-05-07,2025-07-19,1235916,0,Closed Lost
1508,5106,574,Alex Chen,Closed,2024-03-08,2024-04-01,50327,100,Closed Won
1509,5107,,Alex Chen,Closed,2025-01-17,2025-02-20,250105,0,Closed Lost
1510,5110,,Alex Chen,Closed,2024-03-06,2024-04-07,102378,0,Closed Lost
1511,5112,,Emily Tsai,Closed,2025-03-11,2025-04-02,84369,0,Closed Lost
1512,5114,,Brian Lin,Closed,2024-09-06,2024-10-14,321679,0,Closed Lost
1513,5116,575,Brian Lin,Closed,2025-07-01,2025-08-04,113367,100,Closed Won
1514,5118,,Emily Tsai,Closed,2024-02-16,2024-04-20,227296,0,Closed Lost
1515,5128,,David Huang,Closed,2024-03-18,2024-05-13,382459,0,Closed Lost
1516,5133,,Emily Tsai,Closed,2025-01-21,2025-02-05,83643,0,Closed Lost
1517,5134,,Emily Tsai,Closed,2024-03-18,2024-04-18,72604,0,Closed Lost
1518,5137,,Emily Tsai,Closed,2024-08-07,2024-10-16,263567,0,Closed Lost
1519,5138,,David Huang,Closed,2025-02-25,2025-03-24,40567,0,Closed Lost
1520,5139,,Cathy Wang,Closed,2024-07-09,2024-09-13,469116,0,Closed Lost
1521,5143,,Brian Lin,Closed,2025-10-02,2025-10-22,53648,0,Closed Lost
1522,5150,,Emily Tsai,Closed,2024-08-12,2024-10-19,252589,0,Closed Lost
1523,5151,576,David Huang,Closed,2024-10-22,2025-01-22,1793504,100,Closed Won
1524,5160,,Cathy Wang,Closed,2025-05-27,2025-08-06,484303,0,Closed Lost
1525,5172,577,Emily Tsai,Closed,2025-08-15,2025-09-27,95826,100,Closed Won
1526,5174,578,Brian Lin,Closed,2025-09-04,2025-11-14,497226,100,Closed Won
1527,5175,,David Huang,Closed,2024-01-12,2024-02-09,37648,0,Closed Lost
1528,5176,,Cathy Wang,Closed,2025-11-14,2025-12-05,70577,0,Closed Lost
1529,5177,579,Brian Lin,Closed,2024-10-26,2025-01-22,480413,100,Closed Won
1530,5182,,Alex Chen,Closed,2025-08-22,2025-10-02,31716,0,Closed Lost
1531,5185,,Emily Tsai,Closed,2025-06-30,2025-07-29,88271,0,Closed Lost
1532,5188,,Emily Tsai,Closed,2024-04-16,2024-05-20,136554,0,Closed Lost
1533,5190,,Brian Lin,Closed,2024-02-09,2024-04-24,434828,0,Closed Lost
1534,5192,580,Alex Chen,Closed,2024-03-15,2024-04-28,99210,100,Closed Won
1535,5194,581,Emily Tsai,Closed,2024-11-05,2025-01-09,1097448,100,Closed Won
1536,5197,,Cathy Wang,Closed,2024-07-29,2024-08-29,66327,0,Closed Lost
1537,5204,,Brian Lin,Closed,2025-09-14,2025-10-14,71408,0,Closed Lost
1538,5205,,Brian Lin,Closed,2025-05-17,2025-06-08,75759,0,Closed Lost
1539,5210,,Cathy Wang,Closed,2024-03-25,2024-04-13,38427,0,Closed Lost
1540,5212,582,Cathy Wang,Closed,2025-02-20,2025-03-10,41338,100,Closed Won
1541,5216,,Brian Lin,Closed,2025-06-17,2025-07-24,119950,0,Closed Lost
1542,5218,,Emily Tsai,Closed,2024-02-01,2024-05-22,1241552,0,Closed Lost
1543,5225,,Cathy Wang,Closed,2024-08-15,2024-09-06,39287,0,Closed Lost
1544,5232,,Brian Lin,Closed,2024-07-04,2024-07-23,69327,0,Closed Lost
1545,5233,583,Emily Tsai,Closed,2025-04-27,2025-05-11,30020,100,Closed Won
1546,5235,,Alex Chen,Closed,2024-04-04,2024-05-18,114168,0,Closed Lost
1547,5236,,David Huang,Closed,2024-08-21,2024-10-09,245808,0,Closed Lost
1548,5237,584,Cathy Wang,Closed,2024-12-21,2025-01-14,50984,100,Closed Won
1549,5238,,Brian Lin,Closed,2024-05-29,2024-07-02,86310,0,Closed Lost
1550,5239,,Cathy Wang,Closed,2024-01-08,2024-01-27,66561,0,Closed Lost
1551,5240,,Alex Chen,Closed,2025-05-16,2025-07-03,401171,0,Closed Lost
1552,5243,585,David Huang,Closed,2025-12-30,2026-02-13,56321,100,Closed Won
1553,5244,,Emily Tsai,Closed,2024-05-09,2024-08-02,493023,0,Closed Lost
1554,5247,,Brian Lin,Closed,2024-06-28,2024-09-09,438506,0,Closed Lost
1555,5248,,Alex Chen,Closed,2024-01-24,2024-03-06,91816,0,Closed Lost
1556,5251,,Cathy Wang,Closed,2024-09-13,2024-10-19,124903,0,Closed Lost
1557,5255,,Cathy Wang,Closed,2025-08-12,2025-10-25,221291,0,Closed Lost
1558,5256,586,Emily Tsai,Closed,2025-08-03,2025-08-31,57318,100,Closed Won
1559,5259,,Cathy Wang,Closed,2024-09-03,2024-10-07,44983,0,Closed Lost
1560,5261,,Cathy Wang,Closed,2024-08-16,2024-09-03,112020,0,Closed Lost
1561,5264,587,Cathy Wang,Closed,2025-10-17,2025-11-02,117073,100,Closed Won
1562,5277,588,Emily Tsai,Closed,2025-06-21,2025-08-01,91994,100,Closed Won
1563,5278,,Emily Tsai,Closed,2025-09-11,2026-01-07,1806101,0,Closed Lost
1564,5280,,Emily Tsai,Closed,2025-09-06,2025-09-25,43644,0,Closed Lost
1565,5288,,Alex Chen,Closed,2025-09-25,2025-10-18,42616,0,Closed Lost
1566,5292,,Alex Chen,Closed,2024-03-06,2024-04-17,79516,0,Closed Lost
1567,5293,,Emily Tsai,Closed,2024-01-03,2024-04-13,1896949,0,Closed Lost
1568,5296,,Emily Tsai,Closed,2025-04-21,2025-07-18,310568,0,Closed Lost
1569,5298,589,Cathy Wang,Closed,2025-03-30,2025-05-12,35908,100,Closed Won
1570,5300,,David Huang,Closed,2024-03-23,2024-04-20,87408,0,Closed Lost
1571,5302,,Brian Lin,Closed,2025-10-25,2025-12-04,92719,0,Closed Lost
1572,5308,,David Huang,Closed,2024-12-09,2025-01-15,65549,0,Closed Lost
1573,5309,,Brian Lin,Closed,2024-05-06,2024-05-21,93681,0,Closed Lost
1574,5312,,David Huang,Closed,2024-06-04,2024-07-18,58142,0,Closed Lost
1575,5316,590,Alex Chen,Closed,2025-03-23,2025-06-14,186619,100,Closed Won
1576,5321,591,Brian Lin,Closed,2024-10-08,2024-11-30,358932,100,Closed Won
1577,5323,,David Huang,Closed,2025-03-31,2025-06-13,1345263,0,Closed Lost
1578,5330,,David Huang,Closed,2024-11-10,2024-12-05,109036,0,Closed Lost
1579,5332,592,Brian Lin,Closed,2025-06-30,2025-07-25,92597,100,Closed Won
1580,5342,,Cathy Wang,Closed,2024-04-05,2024-06-07,415581,0,Closed Lost
1581,5344,,Cathy Wang,Closed,2025-12-11,2026-01-20,328151,0,Closed Lost
1582,5346,,David Huang,Closed,2024-01-13,2024-03-01,326637,0,Closed Lost
1583,5347,,Emily Tsai,Closed,2025-06-16,2025-07-21,96370,0,Closed Lost
1584,5348,,Alex Chen,Closed,2024-06-04,2024-11-11,1001678,0,Closed Lost
1585,5349,,Brian Lin,Closed,2025-05-30,2025-06-17,117981,0,Closed Lost
1586,5354,,Cathy Wang,Closed,2025-09-13,2025-12-06,566191,0,Closed Lost
1587,5358,,Cathy Wang,Closed,2025-07-31,2025-08-22,42445,0,Closed Lost
1588,5360,,Emily Tsai,Closed,2025-05-01,2025-06-13,277102,0,Closed Lost
1589,5365,593,Cathy Wang,Closed,2024-10-08,2024-11-13,84565,100,Closed Won
1590,5372,594,David Huang,Closed,2025-06-12,2025-11-14,529658,100,Closed Won
1591,5375,595,Cathy Wang,Closed,2025-11-10,2025-12-04,63843,100,Closed Won
1592,5383,,Alex Chen,Closed,2025-03-11,2025-05-23,460258,0,Closed Lost
1593,5386,596,David Huang,Closed,2025-03-16,2025-04-24,58275,100,Closed Won
1594,5389,,Alex Chen,Closed,2025-03-12,2025-04-13,42480,0,Closed Lost
1595,5390,597,Emily Tsai,Closed,2024-07-14,2024-07-31,58934,100,Closed Won
1596,5392,,David Huang,Closed,2025-07-22,2025-09-22,1039506,0,Closed Lost
1597,5393,598,Alex Chen,Closed,2025-04-25,2025-07-28,762187,100,Closed Won
1598,5394,599,Cathy Wang,Closed,2024-05-03,2024-06-13,118216,100,Closed Won
1599,5395,,Alex Chen,Closed,2024-05-11,2024-08-04,473491,0,Closed Lost
1600,5397,,David Huang,Closed,2024-03-25,2024-06-07,400681,0,Closed Lost
1601,5411,,Emily Tsai,Closed,2024-02-21,2024-03-06,47271,0,Closed Lost
1602,5412,,Emily Tsai,Closed,2024-03-25,2024-04-14,112224,0,Closed Lost
1603,5415,,Cathy Wang,Closed,2024-12-23,2025-01-06,87532,0,Closed Lost
1604,5416,,Brian Lin,Closed,2025-04-24,2025-05-17,38129,0,Closed Lost
1605,5426,,David Huang,Closed,2025-11-16,2025-12-01,103593,0,Closed Lost
1606,5427,600,David Huang,Closed,2025-12-06,2026-03-01,362185,100,Closed Won
1607,5434,,David Huang,Closed,2024-02-29,2024-05-22,433827,0,Closed Lost
1608,5435,601,Cathy Wang,Closed,2024-03-08,2024-04-19,59582,100,Closed Won
1609,5440,602,Cathy Wang,Closed,2025-10-10,2025-11-20,38132,100,Closed Won
1610,5446,603,Cathy Wang,Closed,2025-11-28,2026-02-11,138770,100,Closed Won
1611,5447,,Cathy Wang,Closed,2024-01-09,2024-02-12,65524,0,Closed Lost
1612,5449,604,David Huang,Closed,2024-04-06,2024-06-19,323884,100,Closed Won
1613,5450,605,Alex Chen,Closed,2025-11-14,2025-12-29,106618,100,Closed Won
1614,5451,606,Emily Tsai,Closed,2024-12-30,2025-01-22,87821,100,Closed Won
1615,5452,,David Huang,Closed,2025-03-13,2025-04-16,48581,0,Closed Lost
1616,5453,607,Alex Chen,Closed,2025-02-11,2025-03-20,389076,100,Closed Won
1617,5456,,Brian Lin,Closed,2025-04-15,2025-06-26,426728,0,Closed Lost
1618,5461,,Alex Chen,Closed,2025-08-02,2025-09-15,48391,0,Closed Lost
1619,5465,608,Cathy Wang,Closed,2024-05-07,2024-10-12,1416515,100,Closed Won
1620,5467,609,Brian Lin,Closed,2024-05-22,2024-11-18,1044456,100,Closed Won
1621,5469,,Emily Tsai,Closed,2024-11-11,2024-12-09,47573,0,Closed Lost
1622,5470,,Brian Lin,Closed,2024-02-14,2024-03-04,106680,0,Closed Lost
1623,5472,,Brian Lin,Closed,2025-07-28,2025-08-27,102663,0,Closed Lost
1624,5481,,Brian Lin,Closed,2024-05-19,2024-07-20,574449,0,Closed Lost
1625,5486,,David Huang,Closed,2025-02-21,2025-03-31,48822,0,Closed Lost
1626,5487,610,Emily Tsai,Closed,2025-07-09,2025-07-30,117582,100,Closed Won
1627,5489,611,Cathy Wang,Closed,2024-10-14,2025-04-02,1917324,100,Closed Won
1628,5490,,David Huang,Closed,2024-12-28,2025-01-16,100650,0,Closed Lost
1629,5500,612,David Huang,Closed,2024-11-08,2024-12-02,66979,100,Closed Won
1630,5504,613,Alex Chen,Closed,2024-05-25,2024-07-02,42104,100,Closed Won
1631,5505,,Alex Chen,Closed,2025-11-13,2025-11-29,86984,0,Closed Lost
1632,5508,,Alex Chen,Closed,2024-11-03,2025-01-08,302220,0,Closed Lost
1633,5510,614,Emily Tsai,Closed,2025-04-20,2025-07-09,316998,100,Closed Won
1634,5511,,Emily Tsai,Closed,2024-08-17,2024-11-10,811459,0,Closed Lost
1635,5514,615,David Huang,Closed,2024-10-08,2024-11-18,72497,100,Closed Won
1636,5516,,Alex Chen,Closed,2024-07-06,2024-08-13,44785,0,Closed Lost
1637,5521,,Emily Tsai,Closed,2024-12-18,2025-02-28,160292,0,Closed Lost
1638,5530,616,Alex Chen,Closed,2025-03-10,2025-05-09,413121,100,Closed Won
1639,5531,617,Brian Lin,Closed,2024-09-03,2024-12-01,1472844,100,Closed Won
1640,5532,618,Cathy Wang,Closed,2024-03-16,2024-07-03,1855073,100,Closed Won
1641,5534,619,David Huang,Closed,2024-05-08,2024-06-11,269373,100,Closed Won
1642,5536,,Emily Tsai,Closed,2024-10-14,2025-04-04,704486,0,Closed Lost
1643,5537,620,Cathy Wang,Closed,2024-11-11,2025-01-18,474771,100,Closed Won
1644,5544,,Brian Lin,Closed,2025-10-24,2025-12-31,1187594,0,Closed Lost
1645,5546,621,Emily Tsai,Closed,2025-11-11,2025-11-29,50389,100,Closed Won
1646,5548,,Brian Lin,Closed,2025-11-20,2025-12-19,57830,0,Closed Lost
1647,5549,,Alex Chen,Closed,2024-03-06,2024-05-07,594613,0,Closed Lost
1648,5550,622,Emily Tsai,Closed,2025-03-13,2025-04-11,115181,100,Closed Won
1649,5552,,Cathy Wang,Closed,2025-08-30,2025-11-05,352725,0,Closed Lost
1650,5556,,David Huang,Closed,2025-01-17,2025-03-01,59777,0,Closed Lost
1651,5557,,Cathy Wang,Closed,2024-02-22,2024-03-30,87103,0,Closed Lost
1652,5559,623,Emily Tsai,Closed,2024-08-06,2024-10-16,173929,100,Closed Won
1653,5560,624,David Huang,Closed,2024-06-23,2024-07-26,78488,100,Closed Won
1654,5562,,Cathy Wang,Closed,2024-10-06,2024-10-28,74237,0,Closed Lost
1655,5572,625,David Huang,Closed,2025-07-04,2025-09-19,123262,100,Closed Won
1656,5577,626,Alex Chen,Closed,2024-09-04,2024-12-06,1725578,100,Closed Won
1657,5581,,Emily Tsai,Closed,2025-01-05,2025-01-31,61016,0,Closed Lost
1658,5582,627,Brian Lin,Closed,2024-05-25,2024-06-24,71856,100,Closed Won
1659,5585,,Emily Tsai,Closed,2024-05-24,2024-08-14,316333,0,Closed Lost
1660,5587,628,Cathy Wang,Closed,2025-03-27,2025-04-26,46419,100,Closed Won
1661,5588,629,Brian Lin,Closed,2024-07-31,2024-08-18,63981,100,Closed Won
1662,5606,630,Cathy Wang,Closed,2024-03-24,2024-05-02,56561,100,Closed Won
1663,5610,631,Brian Lin,Closed,2025-06-22,2025-08-02,44227,100,Closed Won
1664,5611,632,Cathy Wang,Closed,2025-08-13,2025-11-10,462058,100,Closed Won
1665,5612,,Brian Lin,Closed,2025-10-01,2025-11-11,43046,0,Closed Lost
1666,5613,633,Brian Lin,Closed,2024-04-19,2024-05-09,40210,100,Closed Won
1667,5614,,David Huang,Closed,2024-12-09,2025-01-23,48308,0,Closed Lost
1668,5619,,Alex Chen,Closed,2024-12-26,2025-02-24,495903,0,Closed Lost
1669,5623,,Alex Chen,Closed,2025-02-05,2025-04-08,214586,0,Closed Lost
1670,5626,,Brian Lin,Closed,2025-02-02,2025-03-01,78553,0,Closed Lost
1671,5628,,Alex Chen,Closed,2024-10-01,2024-10-24,40014,0,Closed Lost
1672,5633,,Emily Tsai,Closed,2025-09-10,2025-11-22,1583302,0,Closed Lost
1673,5636,,Alex Chen,Closed,2025-05-20,2025-09-27,953071,0,Closed Lost
1674,5639,,Brian Lin,Closed,2025-01-01,2025-03-04,372742,0,Closed Lost
1675,5642,634,Alex Chen,Closed,2025-09-28,2025-10-26,57080,100,Closed Won
1676,5645,,Emily Tsai,Closed,2025-12-20,2026-01-31,390675,0,Closed Lost
1677,5648,,Emily Tsai,Closed,2024-07-15,2024-08-03,112611,0,Closed Lost
1678,5650,635,Emily Tsai,Closed,2025-12-24,2026-02-03,32753,100,Closed Won
1679,5658,,Emily Tsai,Closed,2025-12-19,2026-01-11,103647,0,Closed Lost
1680,5664,636,Brian Lin,Closed,2025-06-04,2025-06-25,101512,100,Closed Won
1681,5667,,Emily Tsai,Closed,2024-02-06,2024-03-04,71654,0,Closed Lost
1682,5668,,Brian Lin,Closed,2025-12-29,2026-02-23,213971,0,Closed Lost
1683,5676,,Alex Chen,Closed,2024-08-31,2024-10-07,96255,0,Closed Lost
1684,5680,,David Huang,Closed,2024-01-22,2024-02-28,101139,0,Closed Lost
1685,5682,,Emily Tsai,Closed,2025-09-15,2025-11-15,465501,0,Closed Lost
1686,5685,637,David Huang,Closed,2025-02-18,2025-03-31,95568,100,Closed Won
1687,5687,,Brian Lin,Closed,2024-10-07,2025-02-15,1537954,0,Closed Lost
1688,5701,638,Cathy Wang,Closed,2025-02-22,2025-04-10,268744,100,Closed Won
1689,5702,,Emily Tsai,Closed,2025-05-11,2025-06-04,56166,0,Closed Lost
1690,5706,,David Huang,Closed,2025-12-23,2026-02-24,498703,0,Closed Lost
1691,5711,639,Emily Tsai,Closed,2024-01-23,2024-02-23,97406,100,Closed Won
1692,5715,,Alex Chen,Closed,2024-02-19,2024-03-15,119966,0,Closed Lost
1693,5723,640,David Huang,Closed,2025-04-17,2025-05-10,105603,100,Closed Won
1694,5725,641,Brian Lin,Closed,2025-12-14,2026-06-08,1281487,100,Closed Won
1695,5735,,Cathy Wang,Closed,2024-02-03,2024-04-23,200190,0,Closed Lost
1696,5736,,David Huang,Closed,2024-02-04,2024-02-20,41880,0,Closed Lost
1697,5738,,Brian Lin,Closed,2025-06-21,2025-08-24,422289,0,Closed Lost
1698,5740,642,Emily Tsai,Closed,2025-02-25,2025-05-18,330586,100,Closed Won
1699,5741,,Emily Tsai,Closed,2024-02-07,2024-07-12,725998,0,Closed Lost
1700,5748,,David Huang,Closed,2025-06-07,2025-07-16,76803,0,Closed Lost
1701,5751,,Alex Chen,Closed,2025-12-30,2026-02-08,118753,0,Closed Lost
1702,5754,,Cathy Wang,Closed,2025-08-11,2025-09-11,37086,0,Closed Lost
1703,5755,,Cathy Wang,Closed,2024-01-18,2024-03-22,252197,0,Closed Lost
1704,5756,,Emily Tsai,Closed,2024-06-27,2024-07-31,61676,0,Closed Lost
1705,5759,,David Huang,Closed,2024-08-06,2024-09-01,115448,0,Closed Lost
1706,5762,643,David Huang,Closed,2024-01-18,2024-04-11,956832,100,Closed Won
1707,5763,,Alex Chen,Closed,2024-08-19,2024-09-21,385707,0,Closed Lost
1708,5764,644,Emily Tsai,Closed,2024-03-25,2024-06-21,368486,100,Closed Won
1709,5771,,Cathy Wang,Closed,2024-12-17,2025-01-24,83475,0,Closed Lost
1710,5774,,Cathy Wang,Closed,2025-01-20,2025-02-22,116499,0,Closed Lost
1711,5781,645,Emily Tsai,Closed,2025-08-24,2025-09-24,106717,100,Closed Won
1712,5784,646,David Huang,Closed,2024-12-06,2025-01-11,91681,100,Closed Won
1713,5793,647,Cathy Wang,Closed,2025-09-24,2025-10-10,80350,100,Closed Won
1714,5795,,Brian Lin,Closed,2024-01-18,2024-04-12,127434,0,Closed Lost
1715,5797,,Cathy Wang,Closed,2025-02-18,2025-05-01,232233,0,Closed Lost
1716,5798,,David Huang,Closed,2024-06-04,2024-08-30,428964,0,Closed Lost
1717,5806,,Cathy Wang,Closed,2024-05-11,2024-08-07,303898,0,Closed Lost
1718,5809,,Emily Tsai,Closed,2025-12-24,2026-03-16,872778,0,Closed Lost
1719,5812,,Cathy Wang,Closed,2025-01-02,2025-02-08,33000,0,Closed Lost
1720,5813,,Cathy Wang,Closed,2025-12-10,2026-01-11,58111,0,Closed Lost
1721,5814,,David Huang,Closed,2024-09-20,2024-10-22,99968,0,Closed Lost
1722,5818,648,Cathy Wang,Closed,2025-06-27,2025-07-15,99878,100,Closed Won
1723,5820,,David Huang,Closed,2024-03-16,2024-06-25,1421971,0,Closed Lost
1724,5822,,David Huang,Closed,2024-03-31,2024-07-20,1597359,0,Closed Lost
1725,5827,,Emily Tsai,Closed,2025-08-06,2025-10-16,231991,0,Closed Lost
1726,5828,649,Alex Chen,Closed,2024-09-22,2024-12-05,476126,100,Closed Won
1727,5833,,David Huang,Closed,2025-10-03,2025-12-30,385922,0,Closed Lost
1728,5835,,Brian Lin,Closed,2025-01-11,2025-02-08,114979,0,Closed Lost
1729,5836,,Alex Chen,Closed,2024-06-11,2024-08-07,306216,0,Closed Lost
1730,5837,650,David Huang,Closed,2024-04-23,2024-06-05,91393,100,Closed Won
1731,5845,651,Cathy Wang,Closed,2025-12-01,2026-02-20,251487,100,Closed Won
1732,5850,,David Huang,Closed,2025-03-10,2025-03-24,104269,0,Closed Lost
1733,5852,652,Alex Chen,Closed,2024-11-14,2024-12-01,72004,100,Closed Won
1734,5853,,Brian Lin,Closed,2024-08-31,2024-11-13,1957412,0,Closed Lost
1735,5854,,Cathy Wang,Closed,2025-08-02,2025-09-14,222072,0,Closed Lost
1736,5857,,David Huang,Closed,2024-06-25,2024-07-23,41695,0,Closed Lost
1737,5866,,Cathy Wang,Closed,2024-02-11,2024-03-04,119690,0,Closed Lost
1738,5868,653,Emily Tsai,Closed,2025-10-06,2025-11-16,59369,100,Closed Won
1739,5869,,Alex Chen,Closed,2025-10-01,2025-11-22,242887,0,Closed Lost
1740,5873,,Alex Chen,Closed,2025-07-24,2025-10-10,196161,0,Closed Lost
1741,5874,654,Emily Tsai,Closed,2024-12-14,2024-12-31,46036,100,Closed Won
1742,5877,,Brian Lin,Closed,2024-01-03,2024-03-27,287700,0,Closed Lost
1743,5879,,Brian Lin,Closed,2025-09-13,2025-10-21,57207,0,Closed Lost
1744,5880,655,Emily Tsai,Closed,2024-03-11,2024-06-07,163906,100,Closed Won
1745,5882,,Cathy Wang,Closed,2024-07-29,2025-01-13,1981202,0,Closed Lost
1746,5885,,Emily Tsai,Closed,2024-12-24,2025-02-22,368379,0,Closed Lost
1747,5888,656,Alex Chen,Closed,2024-08-15,2024-09-16,84892,100,Closed Won
1748,5890,657,Alex Chen,Closed,2024-05-24,2024-06-30,68060,100,Closed Won
1749,5894,,Emily Tsai,Closed,2025-10-20,2025-12-30,1587322,0,Closed Lost
1750,5897,658,Brian Lin,Closed,2025-04-24,2025-05-19,91591,100,Closed Won
1751,5900,659,Emily Tsai,Closed,2025-04-23,2025-05-26,36056,100,Closed Won
1752,5902,,David Huang,Closed,2025-11-21,2025-12-10,67068,0,Closed Lost
1753,5919,660,Alex Chen,Closed,2024-04-22,2024-07-07,254284,100,Closed Won
1754,5920,661,Cathy Wang,Closed,2025-11-11,2025-12-03,90708,100,Closed Won
1755,5921,,Alex Chen,Closed,2025-11-24,2026-02-19,174131,0,Closed Lost
1756,5922,,Emily Tsai,Closed,2024-09-02,2024-11-08,261882,0,Closed Lost
1757,5930,,Brian Lin,Closed,2024-03-05,2024-03-27,91195,0,Closed Lost
1758,5937,,Cathy Wang,Closed,2025-03-15,2025-04-15,57515,0,Closed Lost
1759,5938,,Alex Chen,Closed,2025-11-19,2026-01-15,242166,0,Closed Lost
1760,5941,,Brian Lin,Closed,2024-12-07,2025-01-15,113465,0,Closed Lost
1761,5948,662,Brian Lin,Closed,2025-12-07,2026-01-26,266842,100,Closed Won
1762,5955,,Alex Chen,Closed,2024-10-25,2024-12-07,67428,0,Closed Lost
1763,5962,663,Cathy Wang,Closed,2024-02-15,2024-03-19,88609,100,Closed Won
1764,5970,,Alex Chen,Closed,2025-07-26,2025-09-07,108048,0,Closed Lost
1765,5973,664,Brian Lin,Closed,2025-10-14,2025-10-29,87959,100,Closed Won
1766,5977,,Alex Chen,Closed,2024-07-22,2024-08-17,85568,0,Closed Lost
1767,5982,665,Cathy Wang,Closed,2024-01-27,2024-02-19,44085,100,Closed Won
1768,5983,,Emily Tsai,Closed,2024-03-31,2024-04-24,58760,0,Closed Lost
1769,5985,,Alex Chen,Closed,2025-08-02,2025-09-13,89255,0,Closed Lost
1770,5988,666,Cathy Wang,Closed,2024-02-28,2024-03-30,118867,100,Closed Won
1771,5991,,David Huang,Closed,2024-08-01,2024-10-28,403384,0,Closed Lost
1772,5994,,Brian Lin,Closed,2025-11-02,2025-12-07,233547,0,Closed Lost
1773,5995,667,Alex Chen,Closed,2025-11-23,2026-01-01,247688,100,Closed Won
1774,5996,668,Emily Tsai,Closed,2024-08-30,2024-10-08,61760,100,Closed Won
1775,6001,,Cathy Wang,Closed,2025-01-31,2025-03-31,356851,0,Closed Lost
1776,6002,,Emily Tsai,Closed,2025-05-10,2025-08-08,256332,0,Closed Lost
1777,6005,,Cathy Wang,Closed,2025-02-05,2025-03-09,34912,0,Closed Lost
1778,6006,,Emily Tsai,Closed,2025-03-04,2025-03-27,38891,0,Closed Lost
1779,6008,,Emily Tsai,Closed,2025-06-03,2025-07-18,107416,0,Closed Lost
1780,6010,669,Alex Chen,Closed,2025-06-25,2025-07-30,90176,100,Closed Won
1781,6013,,David Huang,Closed,2024-02-04,2024-04-12,1923740,0,Closed Lost
1782,6015,,Emily Tsai,Closed,2025-08-06,2025-09-13,87964,0,Closed Lost
1783,6018,,Brian Lin,Closed,2024-09-01,2024-09-26,94672,0,Closed Lost
1784,6027,,David Huang,Closed,2025-05-08,2025-06-15,113659,0,Closed Lost
1785,6031,,Emily Tsai,Closed,2025-06-26,2025-07-12,104319,0,Closed Lost
1786,6032,670,Alex Chen,Closed,2025-02-24,2025-07-10,1818918,100,Closed Won
1787,6034,,Emily Tsai,Closed,2025-07-17,2025-08-31,116364,0,Closed Lost
1788,6035,,Brian Lin,Closed,2025-11-26,2026-01-27,242959,0,Closed Lost
1789,6037,,Alex Chen,Closed,2024-04-05,2024-08-09,647496,0,Closed Lost
1790,6038,671,Brian Lin,Closed,2025-02-28,2025-05-26,219215,100,Closed Won
1791,6042,,Brian Lin,Closed,2024-06-26,2024-07-27,30715,0,Closed Lost
1792,6044,672,Brian Lin,Closed,2024-07-06,2024-07-25,109894,100,Closed Won
1793,6048,,David Huang,Closed,2024-03-25,2024-05-02,64177,0,Closed Lost
1794,6050,,David Huang,Closed,2025-11-05,2025-12-07,63062,0,Closed Lost
1795,6062,,Brian Lin,Closed,2025-05-23,2025-08-05,221329,0,Closed Lost
1796,6064,,Cathy Wang,Closed,2024-05-02,2024-05-25,114463,0,Closed Lost
1797,6065,673,David Huang,Closed,2024-05-09,2024-05-24,77902,100,Closed Won
1798,6067,,Cathy Wang,Closed,2025-05-03,2025-06-15,98468,0,Closed Lost
1799,6070,,Alex Chen,Closed,2024-03-26,2024-07-28,1665558,0,Closed Lost
1800,6072,,Cathy Wang,Closed,2024-11-13,2025-01-30,316256,0,Closed Lost
1801,6076,674,Alex Chen,Closed,2025-04-05,2025-05-19,67596,100,Closed Won
1802,6083,,Brian Lin,Closed,2024-10-03,2024-10-25,99884,0,Closed Lost
1803,6084,,Brian Lin,Closed,2024-05-08,2024-08-04,1137070,0,Closed Lost
1804,6091,,Alex Chen,Closed,2024-10-01,2025-02-22,1449510,0,Closed Lost
1805,6095,,Cathy Wang,Closed,2024-01-12,2024-02-13,53012,0,Closed Lost
1806,6105,,Emily Tsai,Closed,2024-11-04,2024-11-30,118630,0,Closed Lost
1807,6107,675,David Huang,Closed,2024-06-29,2024-07-16,46088,100,Closed Won
1808,6113,,Emily Tsai,Closed,2024-12-08,2025-03-03,213385,0,Closed Lost
1809,6115,,Cathy Wang,Closed,2024-09-11,2024-10-05,100181,0,Closed Lost
1810,6120,,David Huang,Closed,2024-02-19,2024-03-06,104941,0,Closed Lost
1811,6122,676,Cathy Wang,Closed,2025-07-01,2025-08-20,377790,100,Closed Won
1812,6135,,Alex Chen,Closed,2024-05-03,2024-06-16,448910,0,Closed Lost
1813,6137,677,Brian Lin,Closed,2024-08-31,2024-11-21,816713,100,Closed Won
1814,6147,,Emily Tsai,Closed,2025-11-03,2025-12-08,286547,0,Closed Lost
1815,6152,,Brian Lin,Closed,2025-01-24,2025-02-10,73248,0,Closed Lost
1816,6155,678,Alex Chen,Closed,2025-04-14,2025-05-09,49678,100,Closed Won
1817,6157,,Alex Chen,Closed,2025-06-30,2025-08-13,208477,0,Closed Lost
1818,6160,679,Alex Chen,Closed,2024-09-26,2024-10-25,55002,100,Closed Won
1819,6162,,Alex Chen,Closed,2024-04-13,2024-04-30,80900,0,Closed Lost
1820,6163,,Brian Lin,Closed,2024-12-25,2025-03-04,480387,0,Closed Lost
1821,6172,,Cathy Wang,Closed,2024-10-24,2024-12-29,241005,0,Closed Lost
1822,6174,680,Emily Tsai,Closed,2025-11-12,2026-01-01,312004,100,Closed Won
1823,6175,,Alex Chen,Closed,2025-02-15,2025-03-13,52971,0,Closed Lost
1824,6177,681,Brian Lin,Closed,2024-07-26,2024-08-11,99498,100,Closed Won
1825,6186,,Emily Tsai,Closed,2024-02-08,2024-03-12,65044,0,Closed Lost
1826,6190,682,David Huang,Closed,2024-12-10,2024-12-31,58827,100,Closed Won
1827,6191,,Cathy Wang,Closed,2024-07-03,2024-07-23,30019,0,Closed Lost
1828,6193,,Emily Tsai,Closed,2024-07-17,2024-08-31,37174,0,Closed Lost
1829,6196,683,David Huang,Closed,2025-12-11,2026-01-06,83418,100,Closed Won
1830,6202,,Alex Chen,Closed,2024-01-07,2024-02-07,42922,0,Closed Lost
1831,6203,684,Brian Lin,Closed,2025-05-28,2025-06-18,96750,100,Closed Won
1832,6206,685,Brian Lin,Closed,2025-05-12,2025-06-29,179082,100,Closed Won
1833,6209,686,Brian Lin,Closed,2025-07-29,2025-09-04,38091,100,Closed Won
1834,6229,687,Brian Lin,Closed,2024-01-22,2024-02-20,53447,100,Closed Won
1835,6231,,Brian Lin,Closed,2025-06-04,2025-06-25,58480,0,Closed Lost
1836,6232,,Emily Tsai,Closed,2025-02-19,2025-08-16,1632976,0,Closed Lost
1837,6234,,Brian Lin,Closed,2025-10-31,2026-04-23,752452,0,Closed Lost
1838,6237,,Brian Lin,Closed,2024-02-23,2024-04-24,242397,0,Closed Lost
1839,6238,,Emily Tsai,Closed,2024-04-05,2024-04-27,43090,0,Closed Lost
1840,6241,,Alex Chen,Closed,2025-12-19,2026-02-27,1323265,0,Closed Lost
1841,6244,,Emily Tsai,Closed,2024-02-26,2024-05-10,164244,0,Closed Lost
1842,6245,,Alex Chen,Closed,2025-01-28,2025-03-04,59316,0,Closed Lost
1843,6247,,Emily Tsai,Closed,2024-08-29,2024-09-12,73073,0,Closed Lost
1844,6255,,Emily Tsai,Closed,2025-01-07,2025-02-09,116815,0,Closed Lost
1845,6259,,Brian Lin,Closed,2025-08-29,2025-09-17,68443,0,Closed Lost
1846,6261,,Emily Tsai,Closed,2025-05-12,2025-07-21,289696,0,Closed Lost
1847,6264,,Alex Chen,Closed,2025-01-05,2025-03-17,279733,0,Closed Lost
1848,6267,,Alex Chen,Closed,2025-11-14,2025-12-27,109481,0,Closed Lost
1849,6269,688,Alex Chen,Closed,2024-07-16,2024-11-15,1352633,100,Closed Won
1850,6270,689,Brian Lin,Closed,2024-05-22,2024-06-11,44159,100,Closed Won
1851,6275,,David Huang,Closed,2025-11-23,2026-04-25,739012,0,Closed Lost
1852,6280,,Alex Chen,Closed,2024-01-30,2024-02-16,40270,0,Closed Lost
1853,6282,,Cathy Wang,Closed,2024-11-20,2025-02-18,120645,0,Closed Lost
1854,6287,690,Cathy Wang,Closed,2025-01-24,2025-02-15,33588,100,Closed Won
1855,6291,,Alex Chen,Closed,2025-10-06,2025-11-29,196358,0,Closed Lost
1856,6294,,Brian Lin,Closed,2024-11-24,2024-12-09,110760,0,Closed Lost
1857,6295,691,Cathy Wang,Closed,2024-11-20,2025-02-03,379409,100,Closed Won
1858,6297,,Emily Tsai,Closed,2025-06-27,2025-07-20,114950,0,Closed Lost
1859,6300,,Cathy Wang,Closed,2024-07-01,2024-07-28,109940,0,Closed Lost
1860,6305,692,Cathy Wang,Closed,2025-05-15,2025-07-24,488551,100,Closed Won
1861,6306,,David Huang,Closed,2025-07-31,2025-09-07,75976,0,Closed Lost
1862,6311,693,David Huang,Closed,2024-06-13,2024-08-21,495795,100,Closed Won
1863,6314,,Brian Lin,Closed,2025-06-07,2025-08-04,157611,0,Closed Lost
1864,6317,694,Cathy Wang,Closed,2024-10-24,2024-12-06,110798,100,Closed Won
1865,6322,695,Alex Chen,Closed,2024-12-27,2025-03-12,129925,100,Closed Won
1866,6334,,Cathy Wang,Closed,2024-01-10,2024-02-15,105566,0,Closed Lost
1867,6335,,Brian Lin,Closed,2024-09-15,2024-10-11,62515,0,Closed Lost
1868,6337,,Alex Chen,Closed,2024-10-24,2024-12-12,450367,0,Closed Lost
1869,6339,696,David Huang,Closed,2024-05-26,2024-07-24,470039,100,Closed Won
1870,6345,,Emily Tsai,Closed,2024-11-28,2025-01-08,101839,0,Closed Lost
1871,6346,,Alex Chen,Closed,2025-10-25,2025-12-05,45182,0,Closed Lost
1872,6349,,Cathy Wang,Closed,2025-09-02,2025-09-24,48478,0,Closed Lost
1873,6356,697,Brian Lin,Closed,2024-05-14,2024-06-15,35911,100,Closed Won
1874,6360,,David Huang,Closed,2024-04-19,2024-08-08,693620,0,Closed Lost
1875,6365,,Alex Chen,Closed,2024-12-22,2025-01-21,71902,0,Closed Lost
1876,6373,,Brian Lin,Closed,2024-08-13,2024-09-16,86596,0,Closed Lost
1877,6374,,Cathy Wang,Closed,2024-05-29,2024-07-08,299544,0,Closed Lost
1878,6377,,David Huang,Closed,2024-02-22,2024-03-14,111646,0,Closed Lost
1879,6379,,Emily Tsai,Closed,2024-10-10,2024-12-10,1109050,0,Closed Lost
1880,6383,,Cathy Wang,Closed,2025-08-04,2025-08-29,87523,0,Closed Lost
1881,6390,,Cathy Wang,Closed,2024-11-09,2025-02-04,368388,0,Closed Lost
1882,6392,,David Huang,Closed,2025-04-21,2025-09-12,1411234,0,Closed Lost
1883,6394,,Brian Lin,Closed,2025-06-04,2025-08-16,170378,0,Closed Lost
1884,6396,,Emily Tsai,Closed,2024-01-14,2024-02-04,52315,0,Closed Lost
1885,6398,,Brian Lin,Closed,2024-07-10,2024-09-20,1157702,0,Closed Lost
1886,6408,698,Emily Tsai,Closed,2024-06-12,2024-07-13,77099,100,Closed Won
1887,6409,699,Brian Lin,Closed,2025-10-12,2025-11-30,229252,100,Closed Won
1888,6410,,Emily Tsai,Closed,2025-03-04,2025-04-29,435285,0,Closed Lost
1889,6413,700,Brian Lin,Closed,2024-10-17,2024-11-12,57441,100,Closed Won
1890,6418,701,Brian Lin,Closed,2024-08-25,2024-09-11,95979,100,Closed Won
1891,6425,702,Cathy Wang,Closed,2025-03-18,2025-04-03,114235,100,Closed Won
1892,6429,,Brian Lin,Closed,2025-01-26,2025-03-18,442102,0,Closed Lost
1893,6430,703,Emily Tsai,Closed,2025-12-03,2026-01-18,253930,100,Closed Won
1894,6432,,Emily Tsai,Closed,2024-04-25,2024-05-31,87293,0,Closed Lost
1895,6433,,David Huang,Closed,2024-03-28,2024-05-04,40351,0,Closed Lost
1896,6437,,Cathy Wang,Closed,2024-06-19,2024-07-19,61941,0,Closed Lost
1897,6441,,Cathy Wang,Closed,2024-05-20,2024-06-05,62911,0,Closed Lost
1898,6443,,Cathy Wang,Closed,2024-09-28,2024-12-15,491048,0,Closed Lost
1899,6446,,Emily Tsai,Closed,2024-01-15,2024-04-09,489402,0,Closed Lost
1900,6447,704,Cathy Wang,Closed,2025-03-02,2025-03-24,119953,100,Closed Won
1901,6451,705,Emily Tsai,Closed,2025-12-25,2026-01-25,71966,100,Closed Won
1902,6453,,Brian Lin,Closed,2025-10-22,2025-11-10,53930,0,Closed Lost
1903,6462,,Emily Tsai,Closed,2024-01-03,2024-01-21,42831,0,Closed Lost
1904,6464,,Emily Tsai,Closed,2025-05-06,2025-07-29,269366,0,Closed Lost
1905,6465,,Brian Lin,Closed,2025-04-27,2025-05-29,65374,0,Closed Lost
1906,6470,,Emily Tsai,Closed,2025-11-23,2025-12-22,48435,0,Closed Lost
1907,6474,,David Huang,Closed,2025-11-21,2025-12-26,117451,0,Closed Lost
1908,6475,706,Emily Tsai,Closed,2024-10-02,2024-12-26,275140,100,Closed Won
1909,6479,707,Cathy Wang,Closed,2025-11-16,2025-12-26,58776,100,Closed Won
1910,6481,,Cathy Wang,Closed,2024-02-10,2024-06-27,1172706,0,Closed Lost
1911,6484,,Cathy Wang,Closed,2025-01-23,2025-02-23,417573,0,Closed Lost
1912,6491,,David Huang,Closed,2024-09-28,2024-11-25,398638,0,Closed Lost
1913,6492,708,David Huang,Closed,2024-08-02,2024-10-16,269452,100,Closed Won
1914,6493,,Brian Lin,Closed,2024-05-28,2024-07-09,406435,0,Closed Lost
1915,6495,,Cathy Wang,Closed,2025-12-10,2025-12-28,31755,0,Closed Lost
1916,6499,709,Alex Chen,Closed,2025-11-05,2025-11-29,75578,100,Closed Won
1917,6500,,Cathy Wang,Closed,2025-12-10,2025-12-31,96053,0,Closed Lost
1918,6501,710,Alex Chen,Closed,2024-06-08,2024-07-16,50871,100,Closed Won
1919,6503,,David Huang,Closed,2024-01-09,2024-01-28,86893,0,Closed Lost
1920,6506,,David Huang,Closed,2025-04-26,2025-06-18,313378,0,Closed Lost
1921,6510,711,Cathy Wang,Closed,2024-03-21,2024-04-18,30060,100,Closed Won
1922,6517,,Brian Lin,Closed,2025-03-01,2025-05-22,476095,0,Closed Lost
1923,6521,,Alex Chen,Closed,2025-06-24,2025-07-28,106147,0,Closed Lost
1924,6522,,Cathy Wang,Closed,2025-03-08,2025-03-27,75666,0,Closed Lost
1925,6525,,Cathy Wang,Closed,2025-04-21,2025-05-05,90090,0,Closed Lost
1926,6527,,Alex Chen,Closed,2025-01-22,2025-02-26,82864,0,Closed Lost
1927,6530,,David Huang,Closed,2025-10-12,2025-11-11,81104,0,Closed Lost
1928,6532,,Brian Lin,Closed,2024-05-13,2024-06-09,74591,0,Closed Lost
1929,6533,712,Emily Tsai,Closed,2025-05-18,2025-07-31,384471,100,Closed Won
1930,6534,,David Huang,Closed,2025-07-06,2025-10-23,811768,0,Closed Lost
1931,6535,,David Huang,Closed,2024-03-20,2024-05-02,64347,0,Closed Lost
1932,6538,,Cathy Wang,Closed,2024-06-18,2024-07-25,341958,0,Closed Lost
1933,6539,,Cathy Wang,Closed,2024-12-12,2025-04-04,1941727,0,Closed Lost
1934,6542,713,Alex Chen,Closed,2024-06-28,2024-12-20,1471060,100,Closed Won
1935,6548,714,Cathy Wang,Closed,2025-07-12,2025-10-30,945910,100,Closed Won
1936,6550,,David Huang,Closed,2024-01-30,2024-03-05,96683,0,Closed Lost
1937,6552,715,Emily Tsai,Closed,2024-01-08,2024-01-29,41040,100,Closed Won
1938,6555,,David Huang,Closed,2025-04-08,2025-06-29,334322,0,Closed Lost
1939,6556,,Brian Lin,Closed,2024-09-17,2024-10-15,110714,0,Closed Lost
1940,6557,,Brian Lin,Closed,2024-08-11,2024-09-27,426520,0,Closed Lost
1941,6558,,David Huang,Closed,2025-10-13,2025-11-10,70789,0,Closed Lost
1942,6559,,Alex Chen,Closed,2025-04-03,2025-04-28,95961,0,Closed Lost
1943,6562,716,Emily Tsai,Closed,2025-08-15,2025-10-06,337874,100,Closed Won
1944,6565,,Cathy Wang,Closed,2025-02-13,2025-03-12,95095,0,Closed Lost
1945,6573,,Alex Chen,Closed,2024-06-12,2024-07-24,88633,0,Closed Lost
1946,6575,717,Brian Lin,Closed,2024-05-11,2024-06-25,58286,100,Closed Won
1947,6577,718,David Huang,Closed,2024-04-03,2024-05-13,37313,100,Closed Won
1948,6580,,Alex Chen,Closed,2024-04-29,2024-06-09,92634,0,Closed Lost
1949,6586,719,Cathy Wang,Closed,2025-01-11,2025-02-17,58143,100,Closed Won
1950,6590,,Emily Tsai,Closed,2025-12-07,2026-02-09,929722,0,Closed Lost
1951,6595,,Cathy Wang,Closed,2024-07-28,2024-08-17,86125,0,Closed Lost
1952,6598,,Emily Tsai,Closed,2025-11-30,2026-02-26,282185,0,Closed Lost
1953,6601,720,David Huang,Closed,2024-08-27,2024-11-05,454243,100,Closed Won
1954,6602,,David Huang,Closed,2024-06-29,2024-08-04,388042,0,Closed Lost
1955,6606,,David Huang,Closed,2024-03-31,2024-05-03,102643,0,Closed Lost
1956,6613,,Cathy Wang,Closed,2024-06-03,2024-07-27,123260,0,Closed Lost
1957,6614,721,Alex Chen,Closed,2025-05-29,2025-07-10,81280,100,Closed Won
1958,6615,,Brian Lin,Closed,2025-08-29,2025-09-25,79261,0,Closed Lost
1959,6619,722,David Huang,Closed,2025-06-09,2025-07-03,67107,100,Closed Won
1960,6620,723,Alex Chen,Closed,2025-02-05,2025-04-01,213632,100,Closed Won
1961,6630,,David Huang,Closed,2025-01-01,2025-01-24,41427,0,Closed Lost
1962,6636,,David Huang,Closed,2024-03-02,2024-04-09,74122,0,Closed Lost
1963,6639,,Alex Chen,Closed,2024-09-10,2024-10-23,60364,0,Closed Lost
1964,6642,,Alex Chen,Closed,2025-07-26,2025-09-02,119162,0,Closed Lost
1965,6644,,David Huang,Closed,2024-10-27,2024-12-11,50809,0,Closed Lost
1966,6646,724,Cathy Wang,Closed,2025-09-06,2025-09-30,117329,100,Closed Won
1967,6649,725,Cathy Wang,Closed,2024-11-19,2024-12-31,84019,100,Closed Won
1968,6650,,Cathy Wang,Closed,2025-08-12,2025-12-08,1964459,0,Closed Lost
1969,6652,726,Cathy Wang,Closed,2025-07-14,2025-08-27,112408,100,Closed Won
1970,6657,727,Alex Chen,Closed,2024-05-13,2024-05-28,50502,100,Closed Won
1971,6658,728,Emily Tsai,Closed,2024-12-19,2025-01-10,55660,100,Closed Won
1972,6659,,Brian Lin,Closed,2024-02-08,2024-03-09,74479,0,Closed Lost
1973,6664,,Alex Chen,Closed,2024-02-01,2024-03-03,64414,0,Closed Lost
1974,6666,729,Brian Lin,Closed,2024-12-13,2025-01-25,86424,100,Closed Won
1975,6671,,Emily Tsai,Closed,2024-10-14,2024-11-24,42630,0,Closed Lost
1976,6672,730,Emily Tsai,Closed,2025-03-10,2025-07-29,653293,100,Closed Won
1977,6673,,David Huang,Closed,2024-04-04,2024-06-30,298361,0,Closed Lost
1978,6674,,Brian Lin,Closed,2024-06-04,2024-10-07,648898,0,Closed Lost
1979,6681,,Alex Chen,Closed,2024-03-12,2024-04-24,392302,0,Closed Lost
1980,6682,731,Brian Lin,Closed,2024-09-03,2024-11-03,126580,100,Closed Won
1981,6688,,David Huang,Closed,2024-10-27,2025-03-31,742996,0,Closed Lost
1982,6692,,Brian Lin,Closed,2025-10-25,2025-12-08,31240,0,Closed Lost
1983,6696,732,Cathy Wang,Closed,2024-10-12,2024-12-22,471008,100,Closed Won
1984,6697,,Emily Tsai,Closed,2025-12-04,2025-12-23,108562,0,Closed Lost
1985,6701,733,Emily Tsai,Closed,2025-07-26,2025-12-19,1308396,100,Closed Won
1986,6705,734,Emily Tsai,Closed,2025-01-02,2025-02-10,53954,100,Closed Won
1987,6712,,Emily Tsai,Closed,2024-09-20,2024-11-24,437128,0,Closed Lost
1988,6713,735,Brian Lin,Closed,2025-08-19,2025-09-07,38325,100,Closed Won
1989,6717,,Emily Tsai,Closed,2024-10-26,2024-11-09,101111,0,Closed Lost
1990,6722,,Brian Lin,Closed,2025-09-21,2025-11-02,76986,0,Closed Lost
1991,6725,736,Cathy Wang,Closed,2025-04-15,2025-04-30,63890,100,Closed Won
1992,6727,,Alex Chen,Closed,2025-11-30,2025-12-31,42801,0,Closed Lost
1993,6728,,Alex Chen,Closed,2025-04-02,2025-05-11,83184,0,Closed Lost
1994,6731,,Cathy Wang,Closed,2025-08-07,2025-09-02,30468,0,Closed Lost
1995,6740,,Emily Tsai,Closed,2024-05-15,2024-06-16,98966,0,Closed Lost
1996,6750,737,Alex Chen,Closed,2025-02-13,2025-05-13,339865,100,Closed Won
1997,6757,,Emily Tsai,Closed,2024-09-14,2024-10-16,97493,0,Closed Lost
1998,6759,,David Huang,Closed,2025-11-30,2025-12-14,71219,0,Closed Lost
1999,6760,,Emily Tsai,Closed,2025-06-30,2025-09-25,257390,0,Closed Lost
2000,6769,,Cathy Wang,Closed,2024-07-21,2024-09-04,77214,0,Closed Lost
2001,6770,738,Emily Tsai,Closed,2025-09-23,2026-03-02,612169,100,Closed Won
2002,6771,,Brian Lin,Closed,2025-10-12,2025-11-10,95758,0,Closed Lost
2003,6772,,Brian Lin,Closed,2025-09-20,2026-01-26,1758213,0,Closed Lost
2004,6774,,Cathy Wang,Closed,2024-06-17,2024-07-30,104459,0,Closed Lost
2005,6783,,Cathy Wang,Closed,2025-08-02,2025-12-25,1089881,0,Closed Lost
2006,6784,,Emily Tsai,Closed,2024-10-29,2025-03-25,1063582,0,Closed Lost
2007,6788,,David Huang,Closed,2024-03-17,2024-04-01,74816,0,Closed Lost
2008,6790,,Alex Chen,Closed,2025-04-23,2025-07-20,226034,0,Closed Lost
2009,6793,739,Cathy Wang,Closed,2024-06-23,2024-07-27,47331,100,Closed Won
2010,6807,740,Emily Tsai,Closed,2024-05-13,2024-06-18,119071,100,Closed Won
2011,6809,,David Huang,Closed,2025-07-09,2025-08-18,274696,0,Closed Lost
2012,6818,,Alex Chen,Closed,2024-04-24,2024-06-20,239702,0,Closed Lost
2013,6820,741,Alex Chen,Closed,2025-06-17,2025-07-23,44484,100,Closed Won
2014,6821,,Emily Tsai,Closed,2025-03-05,2025-04-14,55611,0,Closed Lost
2015,6822,,David Huang,Closed,2025-08-24,2025-10-04,59960,0,Closed Lost
2016,6823,,Brian Lin,Closed,2025-03-27,2025-05-11,223172,0,Closed Lost
2017,6824,,Brian Lin,Closed,2025-11-03,2025-12-09,81903,0,Closed Lost
2018,6825,,Cathy Wang,Closed,2024-06-30,2024-08-08,104856,0,Closed Lost
2019,6828,,Alex Chen,Closed,2025-10-15,2025-11-26,35196,0,Closed Lost
2020,6829,,Brian Lin,Closed,2024-05-05,2024-05-26,73155,0,Closed Lost
2021,6830,742,David Huang,Closed,2025-01-16,2025-02-16,56772,100,Closed Won
2022,6832,743,Cathy Wang,Closed,2024-01-01,2024-01-24,109876,100,Closed Won
2023,6833,744,Brian Lin,Closed,2025-05-08,2025-06-16,54141,100,Closed Won
2024,6834,745,David Huang,Closed,2024-03-11,2024-04-26,221896,100,Closed Won
2025,6835,746,Cathy Wang,Closed,2024-04-06,2024-06-16,862858,100,Closed Won
2026,6837,,Alex Chen,Closed,2025-09-14,2025-10-29,70644,0,Closed Lost
2027,6842,,Alex Chen,Closed,2025-10-19,2025-12-02,455509,0,Closed Lost
2028,6844,747,Emily Tsai,Closed,2024-01-18,2024-02-25,96088,100,Closed Won
2029,6846,,Emily Tsai,Closed,2024-03-17,2024-05-14,189791,0,Closed Lost
2030,6849,748,Cathy Wang,Closed,2025-05-22,2025-07-03,34355,100,Closed Won
2031,6850,749,Cathy Wang,Closed,2025-04-04,2025-05-11,82609,100,Closed Won
2032,6860,,Alex Chen,Closed,2025-09-06,2025-12-01,242299,0,Closed Lost
2033,6861,,Alex Chen,Closed,2024-01-21,2024-03-05,82205,0,Closed Lost
2034,6870,750,Emily Tsai,Closed,2025-05-28,2025-07-27,135574,100,Closed Won
2035,6873,,David Huang,Closed,2025-08-08,2025-09-15,35332,0,Closed Lost
2036,6874,,Cathy Wang,Closed,2024-03-21,2024-05-19,280443,0,Closed Lost
2037,6877,,Cathy Wang,Closed,2025-04-10,2025-06-30,427288,0,Closed Lost
2038,6880,,Alex Chen,Closed,2024-10-27,2025-02-10,1874117,0,Closed Lost
2039,6883,751,Cathy Wang,Closed,2024-05-03,2024-06-12,118197,100,Closed Won
2040,6886,752,Alex Chen,Closed,2025-05-09,2025-06-19,57090,100,Closed Won
2041,6889,,Alex Chen,Closed,2024-05-15,2024-09-04,1923751,0,Closed Lost
2042,6898,,Brian Lin,Closed,2024-01-07,2024-06-11,1960364,0,Closed Lost
2043,6899,753,Brian Lin,Closed,2024-09-21,2024-12-03,205790,100,Closed Won
2044,6901,754,David Huang,Closed,2025-07-05,2025-07-31,32822,100,Closed Won
2045,6902,,Cathy Wang,Closed,2025-12-12,2026-02-11,203643,0,Closed Lost
2046,6908,,Alex Chen,Closed,2025-04-19,2025-06-16,239942,0,Closed Lost
2047,6909,,Alex Chen,Closed,2024-08-10,2024-08-29,83880,0,Closed Lost
2048,6911,755,Cathy Wang,Closed,2024-08-06,2024-09-01,74910,100,Closed Won
2049,6912,,Emily Tsai,Closed,2024-07-19,2024-08-26,143004,0,Closed Lost
2050,6914,,Emily Tsai,Closed,2024-07-26,2024-12-25,1779661,0,Closed Lost
2051,6916,,Cathy Wang,Closed,2024-12-10,2025-02-25,124636,0,Closed Lost
2052,6919,,David Huang,Closed,2025-12-26,2026-01-30,43067,0,Closed Lost
2053,6922,,Brian Lin,Closed,2024-11-16,2025-01-18,497258,0,Closed Lost
2054,6924,,Cathy Wang,Closed,2025-12-27,2026-01-20,39562,0,Closed Lost
2055,6926,,Emily Tsai,Closed,2024-09-20,2024-10-19,112986,0,Closed Lost
2056,6927,,Brian Lin,Closed,2024-01-16,2024-02-21,99218,0,Closed Lost
2057,6937,,David Huang,Closed,2025-05-02,2025-10-11,1928929,0,Closed Lost
2058,6940,756,David Huang,Closed,2024-10-22,2025-02-07,1511818,100,Closed Won
2059,6941,757,Alex Chen,Closed,2024-08-07,2024-08-29,110706,100,Closed Won
2060,6942,758,Brian Lin,Closed,2024-09-27,2024-11-11,57363,100,Closed Won
2061,6943,,David Huang,Closed,2024-07-30,2024-10-25,384801,0,Closed Lost
2062,6949,,Cathy Wang,Closed,2024-07-04,2024-08-05,86691,0,Closed Lost
2063,6951,,Alex Chen,Closed,2025-07-04,2025-08-17,386114,0,Closed Lost
2064,6952,,Cathy Wang,Closed,2024-05-16,2024-07-18,391693,0,Closed Lost
2065,6953,759,Cathy Wang,Closed,2024-07-21,2024-10-02,356432,100,Closed Won
2066,6954,,Cathy Wang,Closed,2025-10-21,2026-01-16,296716,0,Closed Lost
2067,6959,760,Emily Tsai,Closed,2024-04-25,2024-05-19,103138,100,Closed Won
2068,6967,761,Alex Chen,Closed,2025-02-23,2025-04-08,112402,100,Closed Won
2069,6968,,Emily Tsai,Closed,2024-06-30,2024-07-17,106206,0,Closed Lost
2070,6973,,David Huang,Closed,2024-05-13,2024-06-14,302631,0,Closed Lost
2071,6977,,Brian Lin,Closed,2025-05-26,2025-06-25,96965,0,Closed Lost
2072,6984,,David Huang,Closed,2024-05-01,2024-05-31,182891,0,Closed Lost
2073,6986,,Alex Chen,Closed,2025-01-07,2025-03-30,145969,0,Closed Lost
2074,6990,,Brian Lin,Closed,2024-04-28,2024-07-16,495124,0,Closed Lost
2075,6991,,Emily Tsai,Closed,2025-04-22,2025-06-27,240238,0,Closed Lost
2076,6992,,David Huang,Closed,2025-02-27,2025-04-05,79259,0,Closed Lost
2077,6994,,Cathy Wang,Closed,2024-03-05,2024-03-19,33779,0,Closed Lost
2078,6995,762,Emily Tsai,Closed,2024-07-24,2024-08-18,92794,100,Closed Won
2079,6998,,Cathy Wang,Closed,2024-07-24,2024-09-07,435768,0,Closed Lost
2080,7001,,Emily Tsai,Closed,2025-03-29,2025-04-30,98885,0,Closed Lost
2081,7006,763,Brian Lin,Closed,2024-08-20,2024-09-22,112827,100,Closed Won
2082,7008,764,David Huang,Closed,2025-05-08,2025-05-22,78124,100,Closed Won
2083,7014,,Alex Chen,Closed,2024-06-29,2024-07-27,63000,0,Closed Lost
2084,7018,765,Emily Tsai,Closed,2024-10-14,2025-01-11,481102,100,Closed Won
2085,7021,,David Huang,Closed,2024-04-24,2024-05-26,255098,0,Closed Lost
2086,7022,,Cathy Wang,Closed,2024-03-12,2024-03-29,75182,0,Closed Lost
2087,7025,,Emily Tsai,Closed,2025-05-02,2025-06-01,75616,0,Closed Lost
2088,7029,,Cathy Wang,Closed,2024-12-15,2025-01-24,314320,0,Closed Lost
2089,7031,,Alex Chen,Closed,2025-06-24,2025-08-30,176387,0,Closed Lost
2090,7032,,Brian Lin,Closed,2025-05-07,2025-06-18,63934,0,Closed Lost
2091,7033,,Brian Lin,Closed,2024-06-12,2024-08-23,1864874,0,Closed Lost
2092,7034,766,David Huang,Closed,2024-04-07,2024-04-27,35207,100,Closed Won
2093,7044,,Emily Tsai,Closed,2025-04-18,2025-06-11,392919,0,Closed Lost
2094,7045,767,Cathy Wang,Closed,2024-10-25,2024-11-24,79797,100,Closed Won
2095,7048,,David Huang,Closed,2024-09-19,2024-10-08,80354,0,Closed Lost
2096,7050,768,David Huang,Closed,2024-02-12,2024-03-17,256367,100,Closed Won
2097,7052,,Alex Chen,Closed,2025-04-17,2025-05-29,70920,0,Closed Lost
2098,7055,769,Brian Lin,Closed,2025-09-13,2025-10-14,291389,100,Closed Won
2099,7060,,Cathy Wang,Closed,2024-08-01,2024-08-23,83944,0,Closed Lost
2100,7062,,Alex Chen,Closed,2024-05-11,2024-09-02,957419,0,Closed Lost
2101,7066,,David Huang,Closed,2024-10-31,2024-11-25,74580,0,Closed Lost
2102,7069,,Cathy Wang,Closed,2025-10-15,2025-11-24,74171,0,Closed Lost
2103,7073,,David Huang,Closed,2025-05-31,2025-07-14,102304,0,Closed Lost
2104,7080,770,Alex Chen,Closed,2024-02-01,2024-03-31,231904,100,Closed Won
2105,7084,,Alex Chen,Closed,2025-01-12,2025-02-09,49032,0,Closed Lost
2106,7088,,David Huang,Closed,2025-01-13,2025-02-06,66343,0,Closed Lost
2107,7090,,David Huang,Closed,2025-05-09,2025-05-28,76916,0,Closed Lost
2108,7096,,Cathy Wang,Closed,2025-01-07,2025-05-25,1712099,0,Closed Lost
2109,7099,,Cathy Wang,Closed,2025-05-17,2025-06-16,43276,0,Closed Lost
2110,7100,,Emily Tsai,Closed,2024-03-05,2024-05-12,1754185,0,Closed Lost
2111,7106,771,David Huang,Closed,2025-02-28,2025-04-12,482034,100,Closed Won
2112,7111,,Emily Tsai,Closed,2025-08-20,2025-11-18,193990,0,Closed Lost
2113,7113,772,Brian Lin,Closed,2024-02-06,2024-06-20,1824022,100,Closed Won
2114,7116,773,Cathy Wang,Closed,2024-07-28,2024-08-25,93566,100,Closed Won
2115,7130,,Brian Lin,Closed,2025-06-14,2025-07-24,31475,0,Closed Lost
2116,7134,,Cathy Wang,Closed,2024-09-12,2024-10-10,109574,0,Closed Lost
2117,7138,774,David Huang,Closed,2025-02-03,2025-03-17,62178,100,Closed Won
2118,7140,775,Brian Lin,Closed,2024-09-05,2024-11-24,216190,100,Closed Won
2119,7143,,Emily Tsai,Closed,2024-02-24,2024-05-08,376604,0,Closed Lost
2120,7144,,Alex Chen,Closed,2025-06-11,2025-08-27,493952,0,Closed Lost
2121,7145,776,David Huang,Closed,2025-05-22,2025-09-13,780968,100,Closed Won
2122,7146,,David Huang,Closed,2024-12-01,2025-02-27,442088,0,Closed Lost
2123,7149,,Alex Chen,Closed,2024-12-27,2025-01-14,95998,0,Closed Lost
2124,7150,,David Huang,Closed,2025-10-14,2025-11-14,117789,0,Closed Lost
2125,7154,,David Huang,Closed,2024-02-13,2024-03-26,91041,0,Closed Lost
2126,7156,,Emily Tsai,Closed,2024-05-20,2024-06-15,45243,0,Closed Lost
2127,7157,777,David Huang,Closed,2025-08-08,2025-09-19,394522,100,Closed Won
2128,7159,,David Huang,Closed,2024-11-20,2024-12-13,115287,0,Closed Lost
2129,7160,,Alex Chen,Closed,2025-10-02,2026-02-04,1327178,0,Closed Lost
2130,7163,,Alex Chen,Closed,2024-10-12,2024-10-31,97956,0,Closed Lost
2131,7164,,Cathy Wang,Closed,2025-02-15,2025-04-22,206370,0,Closed Lost
2132,7167,,David Huang,Closed,2025-08-17,2025-09-17,34805,0,Closed Lost
2133,7168,,Brian Lin,Closed,2024-12-07,2024-12-23,117575,0,Closed Lost
2134,7171,,Emily Tsai,Closed,2024-11-15,2025-01-05,466917,0,Closed Lost
2135,7172,,Brian Lin,Closed,2025-01-10,2025-02-22,66974,0,Closed Lost
2136,7173,,Emily Tsai,Closed,2025-09-01,2025-10-08,114615,0,Closed Lost
2137,7175,,Emily Tsai,Closed,2024-10-16,2025-03-26,1160697,0,Closed Lost
2138,7178,,Cathy Wang,Closed,2025-02-25,2025-03-29,50860,0,Closed Lost
2139,7186,,Emily Tsai,Closed,2025-04-18,2025-09-03,1260005,0,Closed Lost
2140,7187,,David Huang,Closed,2025-12-15,2026-01-09,96021,0,Closed Lost
2141,7191,,Brian Lin,Closed,2024-03-24,2024-04-28,86817,0,Closed Lost
2142,7192,,Alex Chen,Closed,2025-03-28,2025-05-07,83608,0,Closed Lost
2143,7198,,Brian Lin,Closed,2024-04-10,2024-05-13,74894,0,Closed Lost
2144,7202,,Cathy Wang,Closed,2024-01-03,2024-06-07,1740859,0,Closed Lost
2145,7208,,Brian Lin,Closed,2024-04-04,2024-04-23,56201,0,Closed Lost
2146,7211,778,Brian Lin,Closed,2024-02-01,2024-06-02,927229,100,Closed Won
2147,7218,,Alex Chen,Closed,2025-01-12,2025-02-20,116347,0,Closed Lost
2148,7220,,Cathy Wang,Closed,2025-04-25,2025-05-15,108735,0,Closed Lost
2149,7231,,Alex Chen,Closed,2024-05-17,2024-06-18,103666,0,Closed Lost
2150,7232,779,Cathy Wang,Closed,2024-04-17,2024-07-05,196460,100,Closed Won
2151,7235,780,Emily Tsai,Closed,2025-08-30,2025-09-21,91285,100,Closed Won
2152,7239,,Alex Chen,Closed,2024-09-29,2024-10-19,104935,0,Closed Lost
2153,7243,,Emily Tsai,Closed,2025-11-01,2025-12-05,92457,0,Closed Lost
2154,7264,,Emily Tsai,Closed,2024-03-11,2024-04-21,63711,0,Closed Lost
2155,7269,,Alex Chen,Closed,2025-04-16,2025-05-10,103872,0,Closed Lost
2156,7274,,Cathy Wang,Closed,2024-04-27,2024-05-21,31651,0,Closed Lost
2157,7275,,David Huang,Closed,2025-06-01,2025-07-10,473889,0,Closed Lost
2158,7278,781,Alex Chen,Closed,2025-05-29,2025-06-13,34664,100,Closed Won
2159,7280,,David Huang,Closed,2025-02-09,2025-05-28,830995,0,Closed Lost
2160,7289,782,Alex Chen,Closed,2025-03-03,2025-08-06,1281435,100,Closed Won
2161,7293,,Brian Lin,Closed,2025-05-14,2025-06-05,49841,0,Closed Lost
2162,7297,783,David Huang,Closed,2024-05-23,2024-07-08,272268,100,Closed Won
2163,7298,,Brian Lin,Closed,2024-12-02,2025-02-21,200373,0,Closed Lost
2164,7299,,Cathy Wang,Closed,2025-07-19,2025-10-03,139952,0,Closed Lost
2165,7300,,David Huang,Closed,2025-04-29,2025-05-29,78114,0,Closed Lost
2166,7313,784,Brian Lin,Closed,2025-04-13,2025-09-20,1538895,100,Closed Won
2167,7318,,Alex Chen,Closed,2024-08-29,2024-10-10,36289,0,Closed Lost
2168,7320,,Cathy Wang,Closed,2025-02-08,2025-02-25,104183,0,Closed Lost
2169,7322,,Cathy Wang,Closed,2024-11-16,2024-12-23,93383,0,Closed Lost
2170,7325,,Brian Lin,Closed,2025-10-29,2025-12-12,386148,0,Closed Lost
2171,7330,,Cathy Wang,Closed,2024-08-11,2024-11-22,1969390,0,Closed Lost
2172,7332,,Alex Chen,Closed,2024-05-28,2024-08-10,227934,0,Closed Lost
2173,7343,,Emily Tsai,Closed,2025-11-21,2026-01-04,114807,0,Closed Lost
2174,7346,,Emily Tsai,Closed,2025-08-02,2025-09-23,485186,0,Closed Lost
2175,7349,785,David Huang,Closed,2025-07-13,2025-09-24,1943097,100,Closed Won
2176,7353,,Cathy Wang,Closed,2025-09-19,2025-10-08,95697,0,Closed Lost
2177,7355,,Alex Chen,Closed,2024-01-27,2024-02-15,77110,0,Closed Lost
2178,7358,,Brian Lin,Closed,2024-03-07,2024-07-12,1822390,0,Closed Lost
2179,7360,786,Emily Tsai,Closed,2025-05-29,2025-08-27,1762534,100,Closed Won
2180,7366,,David Huang,Closed,2024-08-10,2024-09-26,149900,0,Closed Lost
2181,7367,,Alex Chen,Closed,2024-09-01,2024-11-08,1706006,0,Closed Lost
2182,7369,,Brian Lin,Closed,2025-08-18,2025-10-09,330917,0,Closed Lost
2183,7371,,Alex Chen,Closed,2024-09-06,2024-09-26,31254,0,Closed Lost
2184,7373,,Alex Chen,Closed,2024-11-07,2024-12-07,93855,0,Closed Lost
2185,7377,787,Cathy Wang,Closed,2024-10-15,2024-11-16,35840,100,Closed Won
2186,7378,,Emily Tsai,Closed,2024-08-02,2024-09-12,97621,0,Closed Lost
2187,7382,788,David Huang,Closed,2024-03-08,2024-03-24,37218,100,Closed Won
2188,7383,,David Huang,Closed,2024-08-28,2025-02-21,508669,0,Closed Lost
2189,7388,,Brian Lin,Closed,2025-07-21,2025-08-08,69660,0,Closed Lost
2190,7391,789,David Huang,Closed,2025-06-29,2025-09-04,163143,100,Closed Won
2191,7396,790,David Huang,Closed,2025-05-25,2025-08-03,273835,100,Closed Won
2192,7397,791,David Huang,Closed,2025-11-24,2026-02-12,385445,100,Closed Won
2193,7398,792,Cathy Wang,Closed,2024-12-22,2025-01-13,61064,100,Closed Won
2194,7401,,Brian Lin,Closed,2024-11-09,2025-01-08,122164,0,Closed Lost
2195,7402,793,Cathy Wang,Closed,2024-03-24,2024-05-02,119837,100,Closed Won
2196,7415,,Brian Lin,Closed,2024-04-07,2024-09-27,1353323,0,Closed Lost
2197,7417,,Emily Tsai,Closed,2024-09-20,2025-02-06,770140,0,Closed Lost
2198,7430,,Alex Chen,Closed,2024-09-07,2024-10-17,242587,0,Closed Lost
2199,7433,794,Alex Chen,Closed,2024-02-28,2024-03-19,60422,100,Closed Won
2200,7437,,David Huang,Closed,2024-07-29,2024-08-28,96773,0,Closed Lost
2201,7438,795,Emily Tsai,Closed,2024-04-26,2024-06-09,136322,100,Closed Won
2202,7439,,Alex Chen,Closed,2025-01-23,2025-03-03,47171,0,Closed Lost
2203,7440,796,Alex Chen,Closed,2025-10-27,2025-12-01,408872,100,Closed Won
2204,7441,,Brian Lin,Closed,2024-05-11,2024-06-19,98251,0,Closed Lost
2205,7444,797,Cathy Wang,Closed,2024-11-19,2024-12-26,107317,100,Closed Won
2206,7446,798,David Huang,Closed,2024-10-03,2024-12-31,384540,100,Closed Won
2207,7448,,Cathy Wang,Closed,2024-11-20,2024-12-19,95256,0,Closed Lost
2208,7459,,Emily Tsai,Closed,2025-05-09,2025-07-06,395236,0,Closed Lost
2209,7460,,Emily Tsai,Closed,2025-08-24,2025-09-16,68930,0,Closed Lost
2210,7462,,Emily Tsai,Closed,2025-02-03,2025-02-24,109670,0,Closed Lost
2211,7470,799,Alex Chen,Closed,2025-03-26,2025-06-08,954168,100,Closed Won
2212,7471,800,Brian Lin,Closed,2025-11-15,2026-02-03,377728,100,Closed Won
2213,7472,801,Brian Lin,Closed,2024-07-25,2024-09-28,391998,100,Closed Won
2214,7476,,Alex Chen,Closed,2024-06-08,2024-07-03,89956,0,Closed Lost
2215,7478,,David Huang,Closed,2024-12-10,2025-02-27,226655,0,Closed Lost
2216,7483,,Cathy Wang,Closed,2025-11-30,2025-12-17,78818,0,Closed Lost
2217,7487,,Cathy Wang,Closed,2024-04-11,2024-05-13,33523,0,Closed Lost
2218,7489,802,Brian Lin,Closed,2025-12-25,2026-01-27,93739,100,Closed Won
2219,7490,,Brian Lin,Closed,2024-02-08,2024-03-04,68660,0,Closed Lost
2220,7497,803,David Huang,Closed,2024-12-18,2025-01-27,111209,100,Closed Won
2221,7500,,Cathy Wang,Closed,2024-12-17,2025-01-02,50728,0,Closed Lost
2222,7502,,Alex Chen,Closed,2025-07-27,2025-08-17,66362,0,Closed Lost
2223,7504,804,Emily Tsai,Closed,2025-05-02,2025-06-15,42851,100,Closed Won
2224,7507,,David Huang,Closed,2024-02-22,2024-04-21,389594,0,Closed Lost
2225,7509,,David Huang,Closed,2025-06-22,2025-09-08,306787,0,Closed Lost
2226,7511,805,Cathy Wang,Closed,2024-03-28,2024-04-11,30071,100,Closed Won
2227,7514,,Emily Tsai,Closed,2024-03-18,2024-08-21,1137150,0,Closed Lost
2228,7515,,Cathy Wang,Closed,2024-12-25,2025-01-26,48309,0,Closed Lost
2229,7517,806,Brian Lin,Closed,2025-03-20,2025-04-17,91084,100,Closed Won
2230,7520,,Emily Tsai,Closed,2025-05-20,2025-06-29,327875,0,Closed Lost
2231,7524,807,Brian Lin,Closed,2025-02-04,2025-04-30,301028,100,Closed Won
2232,7531,808,David Huang,Closed,2025-08-10,2025-09-09,70936,100,Closed Won
2233,7534,809,Brian Lin,Closed,2025-06-29,2025-09-13,183126,100,Closed Won
2234,7539,810,Alex Chen,Closed,2024-10-12,2024-11-19,107539,100,Closed Won
2235,7543,,Brian Lin,Closed,2025-02-02,2025-03-22,460376,0,Closed Lost
2236,7548,811,Alex Chen,Closed,2024-06-07,2024-07-17,108310,100,Closed Won
2237,7551,812,Brian Lin,Closed,2025-02-01,2025-03-06,423977,100,Closed Won
2238,7553,,Cathy Wang,Closed,2025-12-15,2026-01-20,96970,0,Closed Lost
2239,7557,813,David Huang,Closed,2025-03-27,2025-06-12,146794,100,Closed Won
2240,7558,,Cathy Wang,Closed,2025-03-12,2025-03-27,96585,0,Closed Lost
2241,7561,,Emily Tsai,Closed,2025-11-07,2026-02-05,1564488,0,Closed Lost
2242,7563,,Cathy Wang,Closed,2024-09-01,2024-10-15,32892,0,Closed Lost
2243,7564,814,David Huang,Closed,2024-03-22,2024-04-23,160164,100,Closed Won
2244,7567,,David Huang,Closed,2024-11-10,2024-12-11,102671,0,Closed Lost
2245,7580,,Brian Lin,Closed,2025-02-13,2025-04-19,188289,0,Closed Lost
2246,7583,,Cathy Wang,Closed,2025-10-18,2025-12-02,79839,0,Closed Lost
2247,7588,815,Emily Tsai,Closed,2025-12-09,2026-01-17,39075,100,Closed Won
2248,7590,,Alex Chen,Closed,2024-02-05,2024-03-05,44638,0,Closed Lost
2249,7591,816,David Huang,Closed,2025-03-18,2025-04-19,117453,100,Closed Won
2250,7594,,Cathy Wang,Closed,2024-03-21,2024-05-28,269416,0,Closed Lost
2251,7595,,Cathy Wang,Closed,2025-11-15,2025-12-01,73005,0,Closed Lost
2252,7596,817,Alex Chen,Closed,2024-12-17,2025-01-17,109306,100,Closed Won
2253,7598,,Brian Lin,Closed,2024-10-10,2024-11-08,73266,0,Closed Lost
2254,7607,,Alex Chen,Closed,2025-03-18,2025-07-15,522366,0,Closed Lost
2255,7610,,Alex Chen,Closed,2024-05-20,2024-06-20,464349,0,Closed Lost
2256,7611,,Emily Tsai,Closed,2025-08-27,2025-09-16,93630,0,Closed Lost
2257,7612,,Emily Tsai,Closed,2024-04-02,2024-05-09,62064,0,Closed Lost
2258,7613,818,Cathy Wang,Closed,2024-03-19,2024-06-13,170375,100,Closed Won
2259,7619,,Emily Tsai,Closed,2024-12-10,2025-01-09,412549,0,Closed Lost
2260,7620,,Cathy Wang,Closed,2025-09-08,2025-10-11,92054,0,Closed Lost
2261,7621,,Alex Chen,Closed,2024-10-21,2024-11-17,39818,0,Closed Lost
2262,7629,,Alex Chen,Closed,2024-03-29,2024-05-05,68070,0,Closed Lost
2263,7632,819,Brian Lin,Closed,2025-05-01,2025-06-10,69185,100,Closed Won
2264,7635,,David Huang,Closed,2025-07-24,2025-08-15,98097,0,Closed Lost
2265,7636,820,David Huang,Closed,2024-07-03,2024-08-15,30207,100,Closed Won
2266,7639,,Emily Tsai,Closed,2024-03-11,2024-04-10,43768,0,Closed Lost
2267,7641,,Emily Tsai,Closed,2025-04-28,2025-06-07,102278,0,Closed Lost
2268,7643,,Alex Chen,Closed,2024-07-12,2024-08-26,76212,0,Closed Lost
2269,7644,,Brian Lin,Closed,2025-09-09,2025-10-22,54524,0,Closed Lost
2270,7645,821,Cathy Wang,Closed,2025-12-06,2026-02-10,1940432,100,Closed Won
2271,7646,,David Huang,Closed,2025-09-05,2025-11-27,368178,0,Closed Lost
2272,7649,822,Emily Tsai,Closed,2024-06-30,2024-07-20,79747,100,Closed Won
2273,7651,,Brian Lin,Closed,2024-07-13,2024-08-12,43144,0,Closed Lost
2274,7660,,Emily Tsai,Closed,2025-10-11,2025-10-25,34851,0,Closed Lost
2275,7661,823,David Huang,Closed,2025-10-22,2026-01-16,837626,100,Closed Won
2276,7663,824,David Huang,Closed,2025-07-20,2025-09-06,330676,100,Closed Won
2277,7670,825,Emily Tsai,Closed,2025-01-02,2025-02-12,93977,100,Closed Won
2278,7672,,Emily Tsai,Closed,2025-12-23,2026-01-21,84622,0,Closed Lost
2279,7673,,Alex Chen,Closed,2025-08-06,2025-09-08,40797,0,Closed Lost
2280,7674,,Brian Lin,Closed,2025-10-14,2025-11-24,383788,0,Closed Lost
2281,7677,,Emily Tsai,Closed,2025-04-09,2025-05-18,56377,0,Closed Lost
2282,7679,826,Cathy Wang,Closed,2024-11-10,2025-01-22,122393,100,Closed Won
2283,7681,827,Alex Chen,Closed,2024-07-02,2024-07-25,103291,100,Closed Won
2284,7684,,Brian Lin,Closed,2024-03-30,2024-05-21,176256,0,Closed Lost
2285,7685,,Emily Tsai,Closed,2025-08-04,2025-09-13,345879,0,Closed Lost
2286,7686,,David Huang,Closed,2025-04-16,2025-05-21,487083,0,Closed Lost
2287,7690,,Brian Lin,Closed,2025-06-01,2025-06-26,106226,0,Closed Lost
2288,7691,,David Huang,Closed,2025-01-21,2025-03-14,365487,0,Closed Lost
2289,7693,,Brian Lin,Closed,2024-08-03,2024-08-31,84446,0,Closed Lost
2290,7694,828,Brian Lin,Closed,2024-01-17,2024-03-01,129096,100,Closed Won
2291,7698,829,Alex Chen,Closed,2025-02-26,2025-04-06,291610,100,Closed Won
2292,7701,,Emily Tsai,Closed,2025-10-15,2025-10-31,38975,0,Closed Lost
2293,7704,,Brian Lin,Closed,2024-06-21,2024-07-11,54266,0,Closed Lost
2294,7705,,Emily Tsai,Closed,2025-09-22,2026-03-18,534756,0,Closed Lost
2295,7707,,Alex Chen,Closed,2024-03-26,2024-05-28,414368,0,Closed Lost
2296,7709,830,Cathy Wang,Closed,2024-02-18,2024-03-12,51818,100,Closed Won
2297,7713,,David Huang,Closed,2025-09-08,2025-11-17,224236,0,Closed Lost
2298,7717,,Alex Chen,Closed,2025-01-07,2025-04-21,767681,0,Closed Lost
2299,7721,831,Cathy Wang,Closed,2025-05-10,2025-05-27,40149,100,Closed Won
2300,7724,,Alex Chen,Closed,2024-01-08,2024-02-12,53392,0,Closed Lost
2301,7725,,Alex Chen,Closed,2025-04-19,2025-07-04,302461,0,Closed Lost
2302,7726,,David Huang,Closed,2024-06-27,2024-07-16,38760,0,Closed Lost
2303,7728,,Emily Tsai,Closed,2024-04-26,2024-05-17,72147,0,Closed Lost
2304,7738,,Alex Chen,Closed,2025-01-28,2025-04-19,314761,0,Closed Lost
2305,7745,,Cathy Wang,Closed,2025-06-03,2025-08-16,153142,0,Closed Lost
2306,7746,,Alex Chen,Closed,2025-03-29,2025-04-13,117049,0,Closed Lost
2307,7747,,Cathy Wang,Closed,2025-09-21,2025-10-15,51181,0,Closed Lost
2308,7748,832,Brian Lin,Closed,2024-08-01,2024-08-18,39936,100,Closed Won
2309,7749,,Cathy Wang,Closed,2025-01-04,2025-04-01,384064,0,Closed Lost
2310,7752,833,David Huang,Closed,2025-07-14,2025-07-31,98327,100,Closed Won
2311,7753,,Emily Tsai,Closed,2025-05-23,2025-06-08,55574,0,Closed Lost
2312,7755,,David Huang,Closed,2024-01-25,2024-03-10,62280,0,Closed Lost
2313,7756,,Brian Lin,Closed,2024-02-11,2024-03-02,67257,0,Closed Lost
2314,7760,,Alex Chen,Closed,2024-05-13,2024-06-27,44086,0,Closed Lost
2315,7767,834,Alex Chen,Closed,2025-08-03,2025-09-19,313920,100,Closed Won
2316,7770,,Emily Tsai,Closed,2025-10-11,2025-11-10,79995,0,Closed Lost
2317,7773,,David Huang,Closed,2025-12-16,2026-01-06,94856,0,Closed Lost
2318,7775,,Emily Tsai,Closed,2024-10-01,2024-10-19,35522,0,Closed Lost
2319,7776,,Brian Lin,Closed,2024-02-09,2024-03-08,68777,0,Closed Lost
2320,7777,835,Brian Lin,Closed,2024-12-05,2025-03-18,1750212,100,Closed Won
2321,7782,,David Huang,Closed,2025-10-13,2025-11-25,73999,0,Closed Lost
2322,7783,836,David Huang,Closed,2025-06-20,2025-09-05,216924,100,Closed Won
2323,7784,,Cathy Wang,Closed,2025-12-26,2026-05-13,1795343,0,Closed Lost
2324,7786,,Cathy Wang,Closed,2025-12-18,2026-01-28,240352,0,Closed Lost
2325,7789,837,Emily Tsai,Closed,2025-01-28,2025-03-13,74249,100,Closed Won
2326,7790,,Cathy Wang,Closed,2024-09-11,2024-09-29,93442,0,Closed Lost
2327,7794,838,David Huang,Closed,2024-08-19,2025-01-19,1384397,100,Closed Won
2328,7798,,Cathy Wang,Closed,2024-06-30,2024-07-31,34599,0,Closed Lost
2329,7799,,Alex Chen,Closed,2025-06-24,2025-10-29,1193288,0,Closed Lost
2330,7804,,David Huang,Closed,2024-10-27,2024-11-16,101478,0,Closed Lost
2331,7813,,Alex Chen,Closed,2024-09-02,2024-10-16,41123,0,Closed Lost
2332,7817,,David Huang,Closed,2024-09-23,2025-01-17,1446467,0,Closed Lost
2333,7827,,David Huang,Closed,2024-06-17,2024-09-12,347231,0,Closed Lost
2334,7832,,David Huang,Closed,2024-05-24,2024-06-27,150591,0,Closed Lost
2335,7835,839,Alex Chen,Closed,2025-10-24,2025-11-13,34420,100,Closed Won
2336,7838,,Cathy Wang,Closed,2024-03-10,2024-04-24,130991,0,Closed Lost
2337,7840,,Brian Lin,Closed,2025-04-12,2025-05-10,103641,0,Closed Lost
2338,7844,,David Huang,Closed,2025-02-03,2025-02-21,72189,0,Closed Lost
2339,7846,840,David Huang,Closed,2024-11-20,2025-01-23,131092,100,Closed Won
2340,7847,,David Huang,Closed,2025-08-06,2025-09-13,45261,0,Closed Lost
2341,7850,,Cathy Wang,Closed,2025-09-24,2025-10-08,38139,0,Closed Lost
2342,7862,,Cathy Wang,Closed,2025-03-05,2025-04-19,256637,0,Closed Lost
2343,7863,,Cathy Wang,Closed,2024-03-25,2024-05-14,151861,0,Closed Lost
2344,7864,841,Cathy Wang,Closed,2025-05-06,2025-09-10,708574,100,Closed Won
2345,7865,842,David Huang,Closed,2025-07-30,2025-08-28,107427,100,Closed Won
2346,7867,843,David Huang,Closed,2024-05-25,2024-08-10,435711,100,Closed Won
2347,7875,,Emily Tsai,Closed,2024-01-23,2024-02-17,84272,0,Closed Lost
2348,7876,,Emily Tsai,Closed,2025-02-11,2025-03-19,42553,0,Closed Lost
2349,7880,,Brian Lin,Closed,2024-10-20,2024-11-09,59916,0,Closed Lost
2350,7881,,Emily Tsai,Closed,2025-01-28,2025-02-23,66608,0,Closed Lost
2351,7882,844,Cathy Wang,Closed,2024-03-03,2024-04-05,40412,100,Closed Won
2352,7885,,Emily Tsai,Closed,2024-03-30,2024-04-24,105212,0,Closed Lost
2353,7886,,David Huang,Closed,2025-12-01,2026-01-10,362300,0,Closed Lost
2354,7894,,Emily Tsai,Closed,2025-08-10,2025-08-29,54931,0,Closed Lost
2355,7895,,David Huang,Closed,2025-07-04,2025-08-13,45385,0,Closed Lost
2356,7896,845,Alex Chen,Closed,2024-07-12,2024-07-27,37660,100,Closed Won
2357,7898,,David Huang,Closed,2025-04-20,2025-05-11,61785,0,Closed Lost
2358,7899,,Emily Tsai,Closed,2024-05-21,2024-07-02,38847,0,Closed Lost
2359,7902,,David Huang,Closed,2024-04-19,2024-08-17,1880845,0,Closed Lost
2360,7904,,Alex Chen,Closed,2024-09-12,2024-10-06,104923,0,Closed Lost
2361,7907,,Brian Lin,Closed,2025-06-03,2025-06-20,89072,0,Closed Lost
2362,7911,,Alex Chen,Closed,2025-10-01,2025-12-22,287536,0,Closed Lost
2363,7916,,David Huang,Closed,2025-05-20,2025-06-06,109443,0,Closed Lost
2364,7918,,Alex Chen,Closed,2025-12-02,2026-05-31,892121,0,Closed Lost
2365,7920,,David Huang,Closed,2024-05-11,2024-06-11,83517,0,Closed Lost
2366,7923,,Alex Chen,Closed,2024-02-13,2024-02-27,73814,0,Closed Lost
2367,7930,,Brian Lin,Closed,2025-06-17,2025-07-27,97751,0,Closed Lost
2368,7933,,Brian Lin,Closed,2024-02-14,2024-07-27,1262050,0,Closed Lost
2369,7934,,Emily Tsai,Closed,2025-02-01,2025-03-16,55901,0,Closed Lost
2370,7936,,Alex Chen,Closed,2024-08-12,2024-09-11,33349,0,Closed Lost
2371,7937,,Brian Lin,Closed,2024-07-10,2024-10-11,741261,0,Closed Lost
2372,7943,,Alex Chen,Closed,2024-12-21,2025-01-21,45814,0,Closed Lost
2373,7946,,Brian Lin,Closed,2024-01-05,2024-02-19,88692,0,Closed Lost
2374,7949,,David Huang,Closed,2024-09-06,2024-12-05,381297,0,Closed Lost
2375,7951,,Alex Chen,Closed,2024-06-26,2024-07-24,34216,0,Closed Lost
2376,7954,,Brian Lin,Closed,2024-03-07,2024-06-17,970477,0,Closed Lost
2377,7955,,Brian Lin,Closed,2024-08-10,2024-08-27,45190,0,Closed Lost
2378,7962,,Emily Tsai,Closed,2024-05-22,2024-06-26,46294,0,Closed Lost
2379,7963,,Cathy Wang,Closed,2025-12-28,2026-04-21,1091857,0,Closed Lost
2380,7965,846,Brian Lin,Closed,2025-10-14,2025-11-20,71615,100,Closed Won
2381,7968,,Cathy Wang,Closed,2025-08-18,2025-09-06,62564,0,Closed Lost
2382,7969,,Alex Chen,Closed,2025-12-01,2026-02-14,261920,0,Closed Lost
2383,7974,,Brian Lin,Closed,2024-02-18,2024-03-25,79589,0,Closed Lost
2384,7975,847,Alex Chen,Closed,2025-02-16,2025-04-01,42987,100,Closed Won
2385,7979,848,Emily Tsai,Closed,2025-06-03,2025-08-03,1515462,100,Closed Won
2386,7983,849,Emily Tsai,Closed,2024-05-20,2024-08-16,1570899,100,Closed Won
2387,7991,850,Alex Chen,Closed,2025-12-25,2026-02-02,148953,100,Closed Won
2388,7999,,Brian Lin,Closed,2024-01-30,2024-04-17,725512,0,Closed Lost
2389,8007,851,David Huang,Closed,2024-07-17,2024-08-25,52745,100,Closed Won
2390,8008,,David Huang,Closed,2024-09-23,2024-11-06,105047,0,Closed Lost
2391,8014,,Emily Tsai,Closed,2024-05-10,2024-06-29,476145,0,Closed Lost
2392,8016,,David Huang,Closed,2024-01-15,2024-02-25,108612,0,Closed Lost
2393,8018,852,Alex Chen,Closed,2024-03-13,2024-04-05,78153,100,Closed Won
2394,8021,,David Huang,Closed,2025-05-23,2025-07-19,432105,0,Closed Lost
2395,8025,,Emily Tsai,Closed,2024-01-14,2024-04-26,1579409,0,Closed Lost
2396,8028,,Brian Lin,Closed,2024-12-27,2025-01-26,107259,0,Closed Lost
2397,8030,853,Alex Chen,Closed,2024-11-17,2024-12-24,451671,100,Closed Won
2398,8031,,David Huang,Closed,2025-11-30,2025-12-14,112944,0,Closed Lost
2399,8034,,Cathy Wang,Closed,2024-03-13,2024-04-08,40266,0,Closed Lost
2400,8035,854,Emily Tsai,Closed,2025-07-31,2025-10-23,360413,100,Closed Won
2401,8039,,David Huang,Closed,2025-12-23,2026-01-25,429865,0,Closed Lost
2402,8040,,David Huang,Closed,2025-06-06,2025-07-17,44477,0,Closed Lost
2403,8042,,Alex Chen,Closed,2024-08-16,2024-09-22,96466,0,Closed Lost
2404,8046,,Brian Lin,Closed,2024-02-04,2024-06-10,1569704,0,Closed Lost
2405,8047,,David Huang,Closed,2024-11-23,2025-01-05,79505,0,Closed Lost
2406,8057,,Alex Chen,Closed,2025-12-25,2026-01-12,115205,0,Closed Lost
2407,8060,,Alex Chen,Closed,2024-11-23,2024-12-31,306312,0,Closed Lost
2408,8067,,Emily Tsai,Closed,2024-09-07,2024-10-19,75115,0,Closed Lost
2409,8070,855,David Huang,Closed,2025-07-02,2025-07-28,109878,100,Closed Won
2410,8072,,David Huang,Closed,2025-04-20,2025-06-23,203658,0,Closed Lost
2411,8074,,Brian Lin,Closed,2025-08-16,2025-09-16,37641,0,Closed Lost
2412,8077,856,Brian Lin,Closed,2025-04-25,2025-06-11,466793,100,Closed Won
2413,8094,857,Emily Tsai,Closed,2024-08-03,2024-11-06,628822,100,Closed Won
2414,8096,,Alex Chen,Closed,2025-04-23,2025-05-28,70997,0,Closed Lost
2415,8101,,Alex Chen,Closed,2025-11-14,2025-12-01,97006,0,Closed Lost
2416,8105,,David Huang,Closed,2025-06-20,2025-08-04,71131,0,Closed Lost
2417,8106,,Alex Chen,Closed,2024-01-03,2024-02-01,71084,0,Closed Lost
2418,8108,858,David Huang,Closed,2025-10-11,2025-11-06,96525,100,Closed Won
2419,8112,859,Alex Chen,Closed,2024-07-23,2024-10-09,392530,100,Closed Won
2420,8116,,Brian Lin,Closed,2024-03-18,2024-05-18,1480814,0,Closed Lost
2421,8117,860,Cathy Wang,Closed,2024-06-05,2024-08-09,479089,100,Closed Won
2422,8118,861,Alex Chen,Closed,2024-09-29,2024-10-27,88316,100,Closed Won
2423,8119,,Emily Tsai,Closed,2025-10-19,2025-11-10,81596,0,Closed Lost
2424,8120,,Brian Lin,Closed,2025-09-23,2025-10-18,98817,0,Closed Lost
2425,8128,,David Huang,Closed,2024-02-18,2024-03-11,64364,0,Closed Lost
2426,8136,,Brian Lin,Closed,2024-10-29,2024-12-24,167232,0,Closed Lost
2427,8139,,David Huang,Closed,2024-07-14,2024-08-16,100117,0,Closed Lost
2428,8141,862,Alex Chen,Closed,2025-08-27,2025-09-12,42669,100,Closed Won
2429,8142,,David Huang,Closed,2024-12-06,2025-05-06,1810641,0,Closed Lost
2430,8145,,Alex Chen,Closed,2024-04-17,2024-05-09,64218,0,Closed Lost
2431,8149,,David Huang,Closed,2025-06-24,2025-09-20,184640,0,Closed Lost
2432,8152,,David Huang,Closed,2024-01-06,2024-01-26,101432,0,Closed Lost
2433,8154,863,David Huang,Closed,2024-01-07,2024-02-11,47623,100,Closed Won
2434,8155,864,Emily Tsai,Closed,2025-06-13,2025-07-20,482723,100,Closed Won
2435,8158,,David Huang,Closed,2024-04-29,2024-05-29,83634,0,Closed Lost
2436,8163,,Cathy Wang,Closed,2024-09-11,2024-10-17,84716,0,Closed Lost
2437,8168,865,Emily Tsai,Closed,2024-07-04,2024-08-05,268615,100,Closed Won
2438,8172,866,David Huang,Closed,2025-11-19,2026-01-28,1851691,100,Closed Won
2439,8174,,Brian Lin,Closed,2025-04-14,2025-05-15,106428,0,Closed Lost
2440,8175,867,David Huang,Closed,2024-12-10,2025-01-20,69242,100,Closed Won
2441,8180,,Brian Lin,Closed,2025-12-23,2026-01-10,50917,0,Closed Lost
2442,8181,,David Huang,Closed,2024-08-07,2024-11-13,1775425,0,Closed Lost
2443,8186,,Alex Chen,Closed,2025-07-04,2025-10-27,1842038,0,Closed Lost
2444,8188,,Brian Lin,Closed,2024-12-01,2025-01-04,76105,0,Closed Lost
2445,8189,868,Alex Chen,Closed,2025-07-20,2025-08-26,475703,100,Closed Won
2446,8196,,David Huang,Closed,2025-01-12,2025-01-31,62447,0,Closed Lost
2447,8197,,Alex Chen,Closed,2025-03-21,2025-04-19,107448,0,Closed Lost
2448,8201,869,David Huang,Closed,2024-11-15,2024-12-09,95758,100,Closed Won
2449,8202,,Brian Lin,Closed,2024-06-11,2024-08-07,374667,0,Closed Lost
2450,8206,,Alex Chen,Closed,2025-01-18,2025-06-26,534298,0,Closed Lost
2451,8207,,Alex Chen,Closed,2025-12-07,2025-12-25,58227,0,Closed Lost
2452,8210,,Brian Lin,Closed,2025-11-13,2026-04-26,1845901,0,Closed Lost
2453,8215,,Emily Tsai,Closed,2025-12-18,2026-04-09,1365507,0,Closed Lost
2454,8221,,Brian Lin,Closed,2024-01-10,2024-02-11,109733,0,Closed Lost
2455,8222,870,David Huang,Closed,2024-06-10,2024-10-11,1675525,100,Closed Won
2456,8226,871,Brian Lin,Closed,2025-02-09,2025-04-10,266351,100,Closed Won
2457,8228,,Alex Chen,Closed,2024-05-09,2024-06-18,271981,0,Closed Lost
2458,8230,872,David Huang,Closed,2025-11-29,2026-01-03,77918,100,Closed Won
2459,8232,873,David Huang,Closed,2025-02-06,2025-03-08,92340,100,Closed Won
2460,8241,874,Alex Chen,Closed,2025-03-30,2025-06-11,330694,100,Closed Won
2461,8242,875,David Huang,Closed,2024-12-31,2025-01-25,101231,100,Closed Won
2462,8244,876,Emily Tsai,Closed,2025-11-12,2025-12-03,93706,100,Closed Won
2463,8247,877,Emily Tsai,Closed,2025-11-20,2025-12-22,65610,100,Closed Won
2464,8252,,Brian Lin,Closed,2025-12-12,2026-03-06,1721727,0,Closed Lost
2465,8259,878,Alex Chen,Closed,2024-03-19,2024-05-05,378489,100,Closed Won
2466,8261,,Cathy Wang,Closed,2025-04-05,2025-05-08,51960,0,Closed Lost
2467,8262,,David Huang,Closed,2024-04-19,2024-05-23,65537,0,Closed Lost
2468,8263,879,David Huang,Closed,2024-03-15,2024-04-05,51656,100,Closed Won
2469,8264,,Alex Chen,Closed,2024-09-09,2024-10-23,166236,0,Closed Lost
2470,8265,,Brian Lin,Closed,2024-05-19,2024-06-04,79891,0,Closed Lost
2471,8267,880,Emily Tsai,Closed,2025-06-11,2025-07-28,193933,100,Closed Won
2472,8272,,David Huang,Closed,2024-12-15,2025-02-13,454789,0,Closed Lost
2473,8276,881,Emily Tsai,Closed,2024-06-13,2024-09-21,915311,100,Closed Won
2474,8280,,Emily Tsai,Closed,2025-09-28,2025-12-03,417015,0,Closed Lost
2475,8281,,Cathy Wang,Closed,2025-08-21,2025-09-10,102218,0,Closed Lost
2476,8282,,Cathy Wang,Closed,2024-06-25,2024-07-12,77520,0,Closed Lost
2477,8283,,Cathy Wang,Closed,2024-08-17,2024-11-15,181402,0,Closed Lost
2478,8285,,Cathy Wang,Closed,2025-03-05,2025-07-08,884614,0,Closed Lost
2479,8287,882,Emily Tsai,Closed,2024-11-06,2025-01-18,180443,100,Closed Won
2480,8291,,Cathy Wang,Closed,2024-01-24,2024-05-29,508422,0,Closed Lost
2481,8292,883,Alex Chen,Closed,2025-01-29,2025-03-09,89222,100,Closed Won
2482,8296,,Emily Tsai,Closed,2024-11-15,2024-12-26,44034,0,Closed Lost
2483,8299,,David Huang,Closed,2025-08-26,2025-10-08,403056,0,Closed Lost
2484,8305,884,David Huang,Closed,2024-12-13,2025-01-27,388005,100,Closed Won
2485,8306,,David Huang,Closed,2024-06-13,2024-09-12,1544937,0,Closed Lost
2486,8308,,Alex Chen,Closed,2025-03-06,2025-03-30,39239,0,Closed Lost
2487,8312,,David Huang,Closed,2025-09-28,2025-10-20,47940,0,Closed Lost
2488,8315,885,Cathy Wang,Closed,2025-03-08,2025-04-06,70201,100,Closed Won
2489,8321,,Cathy Wang,Closed,2024-07-11,2024-10-28,1099098,0,Closed Lost
2490,8322,,Brian Lin,Closed,2024-05-16,2024-05-31,44665,0,Closed Lost
2491,8325,,Alex Chen,Closed,2025-01-05,2025-02-07,38025,0,Closed Lost
2492,8327,,Alex Chen,Closed,2024-04-05,2024-04-23,89545,0,Closed Lost
2493,8334,,Cathy Wang,Closed,2025-11-29,2025-12-31,107603,0,Closed Lost
2494,8335,886,Alex Chen,Closed,2025-10-22,2026-02-16,1649652,100,Closed Won
2495,8336,,Alex Chen,Closed,2024-11-13,2024-12-22,367357,0,Closed Lost
2496,8352,887,Emily Tsai,Closed,2025-08-01,2025-08-19,77282,100,Closed Won
2497,8355,,Emily Tsai,Closed,2025-05-10,2025-06-24,108312,0,Closed Lost
2498,8356,888,Alex Chen,Closed,2025-03-09,2025-04-07,106838,100,Closed Won
2499,8365,,Emily Tsai,Closed,2025-12-26,2026-03-24,200786,0,Closed Lost
2500,8366,,David Huang,Closed,2024-01-02,2024-01-23,40529,0,Closed Lost
2501,8367,,Alex Chen,Closed,2025-06-06,2025-07-07,115552,0,Closed Lost
2502,8372,889,Brian Lin,Closed,2024-02-21,2024-05-11,379911,100,Closed Won
2503,8373,,Cathy Wang,Closed,2025-08-09,2025-11-26,845049,0,Closed Lost
2504,8374,,David Huang,Closed,2025-06-28,2025-09-23,850596,0,Closed Lost
2505,8377,,Brian Lin,Closed,2025-10-30,2025-12-23,141744,0,Closed Lost
2506,8379,,Brian Lin,Closed,2024-03-31,2024-05-20,317665,0,Closed Lost
2507,8391,890,Brian Lin,Closed,2025-01-08,2025-05-23,1085611,100,Closed Won
2508,8393,891,Brian Lin,Closed,2025-04-16,2025-05-18,93075,100,Closed Won
2509,8394,892,David Huang,Closed,2025-06-13,2025-07-23,342195,100,Closed Won
2510,8395,,Brian Lin,Closed,2024-04-01,2024-05-10,382947,0,Closed Lost
2511,8397,,Brian Lin,Closed,2025-05-04,2025-06-01,69936,0,Closed Lost
2512,8398,,Brian Lin,Closed,2024-08-10,2024-09-17,35766,0,Closed Lost
2513,8401,893,David Huang,Closed,2024-03-18,2024-04-12,47844,100,Closed Won
2514,8403,894,Cathy Wang,Closed,2024-03-05,2024-04-25,316854,100,Closed Won
2515,8406,,Alex Chen,Closed,2025-12-08,2026-01-04,70003,0,Closed Lost
2516,8409,895,Emily Tsai,Closed,2024-08-29,2024-10-11,58700,100,Closed Won
2517,8417,896,Emily Tsai,Closed,2024-11-19,2025-02-08,484592,100,Closed Won
2518,8420,,Brian Lin,Closed,2025-05-13,2025-06-01,105275,0,Closed Lost
2519,8421,897,Alex Chen,Closed,2024-03-22,2024-04-23,116445,100,Closed Won
2520,8422,,Brian Lin,Closed,2025-01-20,2025-04-11,209423,0,Closed Lost
2521,8428,,Brian Lin,Closed,2024-08-11,2024-09-16,108970,0,Closed Lost
2522,8432,,Brian Lin,Closed,2025-10-18,2025-11-25,388829,0,Closed Lost
2523,8435,,Brian Lin,Closed,2025-08-17,2025-09-09,34082,0,Closed Lost
2524,8437,,Alex Chen,Closed,2024-07-28,2024-09-11,64306,0,Closed Lost
2525,8438,898,Brian Lin,Closed,2025-06-20,2025-07-05,109447,100,Closed Won
2526,8444,,Cathy Wang,Closed,2024-03-22,2024-05-01,88026,0,Closed Lost
2527,8449,,Cathy Wang,Closed,2024-03-02,2024-03-21,66122,0,Closed Lost
2528,8452,,Cathy Wang,Closed,2024-10-10,2024-11-10,107867,0,Closed Lost
2529,8454,899,Emily Tsai,Closed,2024-07-11,2024-12-11,1141551,100,Closed Won
2530,8456,,David Huang,Closed,2025-01-12,2025-02-24,59162,0,Closed Lost
2531,8462,,Brian Lin,Closed,2025-03-23,2025-04-18,51440,0,Closed Lost
2532,8463,900,David Huang,Closed,2025-11-04,2025-12-04,99859,100,Closed Won
2533,8467,,David Huang,Closed,2025-12-03,2026-02-14,305069,0,Closed Lost
2534,8468,,Alex Chen,Closed,2025-12-07,2026-01-04,94563,0,Closed Lost
2535,8470,901,Alex Chen,Closed,2024-12-06,2025-01-03,107887,100,Closed Won
2536,8473,,Alex Chen,Closed,2024-06-17,2024-07-07,81038,0,Closed Lost
2537,8480,902,David Huang,Closed,2024-12-23,2025-03-11,1381039,100,Closed Won
2538,8483,,David Huang,Closed,2024-01-29,2024-03-07,88302,0,Closed Lost
2539,8485,,David Huang,Closed,2024-10-22,2024-11-23,305775,0,Closed Lost
2540,8489,,Alex Chen,Closed,2025-03-11,2025-05-21,1258527,0,Closed Lost
2541,8495,903,Brian Lin,Closed,2024-10-27,2025-01-06,403066,100,Closed Won
2542,8496,904,David Huang,Closed,2024-01-27,2024-04-16,238755,100,Closed Won
2543,8498,,Cathy Wang,Closed,2025-04-28,2025-05-22,112876,0,Closed Lost
2544,8499,905,Cathy Wang,Closed,2024-10-22,2024-12-12,128972,100,Closed Won
2545,8502,,Alex Chen,Closed,2025-03-14,2025-04-16,44843,0,Closed Lost
2546,8503,906,Brian Lin,Closed,2025-10-06,2025-11-04,64128,100,Closed Won
2547,8504,,Brian Lin,Closed,2024-01-18,2024-03-16,220957,0,Closed Lost
2548,8505,,Brian Lin,Closed,2024-02-16,2024-03-02,116750,0,Closed Lost
2549,8510,907,David Huang,Closed,2025-11-25,2025-12-17,34203,100,Closed Won
2550,8511,,Brian Lin,Closed,2025-02-17,2025-05-17,1632605,0,Closed Lost
2551,8512,,Alex Chen,Closed,2025-01-06,2025-05-26,1401979,0,Closed Lost
2552,8520,,Emily Tsai,Closed,2025-12-04,2026-02-23,328042,0,Closed Lost
2553,8522,,Brian Lin,Closed,2024-01-15,2024-06-12,1847705,0,Closed Lost
2554,8524,908,Emily Tsai,Closed,2024-08-23,2024-09-06,92994,100,Closed Won
2555,8525,,Emily Tsai,Closed,2025-11-26,2026-01-05,67200,0,Closed Lost
2556,8533,,Emily Tsai,Closed,2024-12-10,2025-04-01,978884,0,Closed Lost
2557,8539,909,David Huang,Closed,2025-01-12,2025-03-15,357505,100,Closed Won
2558,8540,,Emily Tsai,Closed,2024-08-12,2024-10-16,171702,0,Closed Lost
2559,8543,,Alex Chen,Closed,2024-11-29,2025-04-10,1196303,0,Closed Lost
2560,8551,910,Emily Tsai,Closed,2024-10-06,2024-10-25,32359,100,Closed Won
2561,8553,,Emily Tsai,Closed,2025-06-06,2025-09-13,1720234,0,Closed Lost
2562,8558,911,Emily Tsai,Closed,2024-09-06,2024-10-02,71920,100,Closed Won
2563,8559,,Cathy Wang,Closed,2025-03-15,2025-06-14,806999,0,Closed Lost
2564,8561,,David Huang,Closed,2025-01-29,2025-03-12,187371,0,Closed Lost
2565,8562,,David Huang,Closed,2024-10-28,2025-03-14,1107924,0,Closed Lost
2566,8563,,Alex Chen,Closed,2024-10-01,2024-11-12,480318,0,Closed Lost
2567,8567,,Alex Chen,Closed,2025-10-23,2025-11-11,61786,0,Closed Lost
2568,8570,,Brian Lin,Closed,2024-11-05,2025-01-28,327790,0,Closed Lost
2569,8574,912,David Huang,Closed,2025-09-03,2025-10-15,210002,100,Closed Won
2570,8575,,David Huang,Closed,2024-07-17,2024-08-04,42810,0,Closed Lost
2571,8576,,Alex Chen,Closed,2025-07-30,2025-09-06,70515,0,Closed Lost
2572,8578,913,David Huang,Closed,2024-01-23,2024-02-10,74427,100,Closed Won
2573,8579,,David Huang,Closed,2024-07-06,2024-08-07,117659,0,Closed Lost
2574,8582,,Brian Lin,Closed,2024-05-28,2024-07-02,109306,0,Closed Lost
2575,8585,,Emily Tsai,Closed,2025-06-26,2025-08-05,79133,0,Closed Lost
2576,8588,914,Emily Tsai,Closed,2024-02-08,2024-03-23,103590,100,Closed Won
2577,8589,,Alex Chen,Closed,2024-07-07,2024-07-22,36787,0,Closed Lost
2578,8590,915,Brian Lin,Closed,2025-01-18,2025-02-19,89680,100,Closed Won
2579,8597,916,Alex Chen,Closed,2025-10-29,2025-11-22,84552,100,Closed Won
2580,8600,,Emily Tsai,Closed,2024-12-04,2025-02-24,396950,0,Closed Lost
2581,8604,917,Emily Tsai,Closed,2024-10-25,2024-11-27,116520,100,Closed Won
2582,8608,,Cathy Wang,Closed,2025-05-04,2025-07-13,921968,0,Closed Lost
2583,8609,918,Alex Chen,Closed,2025-10-25,2025-12-07,62134,100,Closed Won
2584,8624,,Emily Tsai,Closed,2024-09-13,2024-11-05,231498,0,Closed Lost
2585,8625,,Alex Chen,Closed,2024-01-30,2024-06-20,1883575,0,Closed Lost
2586,8627,,Alex Chen,Closed,2024-08-26,2024-11-12,204399,0,Closed Lost
2587,8630,919,Brian Lin,Closed,2024-06-02,2024-07-21,262811,100,Closed Won
2588,8634,920,Alex Chen,Closed,2025-11-11,2025-12-10,85171,100,Closed Won
2589,8635,,Emily Tsai,Closed,2025-05-25,2025-06-13,32734,0,Closed Lost
2590,8636,921,Emily Tsai,Closed,2025-11-29,2026-02-25,377969,100,Closed Won
2591,8638,,Emily Tsai,Closed,2024-11-19,2025-01-27,450908,0,Closed Lost
2592,8641,922,Alex Chen,Closed,2024-04-05,2024-05-15,155951,100,Closed Won
2593,8644,,Alex Chen,Closed,2025-03-30,2025-04-15,42762,0,Closed Lost
2594,8645,,Emily Tsai,Closed,2024-04-04,2024-05-04,337567,0,Closed Lost
2595,8647,,David Huang,Closed,2025-05-02,2025-06-16,97468,0,Closed Lost
2596,8651,,Brian Lin,Closed,2024-04-02,2024-06-14,133705,0,Closed Lost
2597,8655,,David Huang,Closed,2024-10-24,2025-01-06,137605,0,Closed Lost
2598,8656,,David Huang,Closed,2025-07-20,2026-01-02,1911338,0,Closed Lost
2599,8659,,Alex Chen,Closed,2024-05-05,2024-06-03,43442,0,Closed Lost
2600,8664,923,Alex Chen,Closed,2024-04-10,2024-06-17,282507,100,Closed Won
2601,8667,924,Brian Lin,Closed,2024-11-28,2024-12-29,48298,100,Closed Won
2602,8673,,Brian Lin,Closed,2025-07-10,2025-08-17,72864,0,Closed Lost
2603,8675,925,David Huang,Closed,2025-01-19,2025-02-28,367905,100,Closed Won
2604,8677,926,Cathy Wang,Closed,2025-10-16,2026-01-03,483944,100,Closed Won
2605,8684,,Brian Lin,Closed,2025-09-28,2025-10-28,372628,0,Closed Lost
2606,8685,,David Huang,Closed,2025-10-21,2025-11-16,59908,0,Closed Lost
2607,8693,927,Cathy Wang,Closed,2025-06-06,2025-09-02,315264,100,Closed Won
2608,8697,,Alex Chen,Closed,2024-08-02,2024-09-04,64011,0,Closed Lost
2609,8700,,Emily Tsai,Closed,2025-12-06,2026-04-08,1896576,0,Closed Lost
2610,8704,928,Alex Chen,Closed,2025-11-23,2025-12-20,84419,100,Closed Won
2611,8711,929,Emily Tsai,Closed,2025-05-21,2025-07-15,162841,100,Closed Won
2612,8717,930,Alex Chen,Closed,2024-12-02,2025-01-15,80262,100,Closed Won
2613,8718,931,Brian Lin,Closed,2025-02-18,2025-08-15,1516918,100,Closed Won
2614,8727,932,Cathy Wang,Closed,2025-01-19,2025-02-11,116191,100,Closed Won
2615,8730,,David Huang,Closed,2025-07-07,2025-09-09,257019,0,Closed Lost
2616,8731,933,Alex Chen,Closed,2024-08-24,2024-09-20,108606,100,Closed Won
2617,8739,,Emily Tsai,Closed,2025-07-01,2025-08-06,231006,0,Closed Lost
2618,8740,934,Cathy Wang,Closed,2024-12-14,2025-01-03,30773,100,Closed Won
2619,8742,,Brian Lin,Closed,2024-11-24,2025-01-05,102769,0,Closed Lost
2620,8743,,Cathy Wang,Closed,2025-04-01,2025-04-28,60418,0,Closed Lost
2621,8745,935,Cathy Wang,Closed,2024-08-26,2024-10-28,345115,100,Closed Won
2622,8751,,Brian Lin,Closed,2024-01-29,2024-04-23,194245,0,Closed Lost
2623,8752,936,Cathy Wang,Closed,2024-01-15,2024-02-16,47187,100,Closed Won
2624,8757,937,Cathy Wang,Closed,2025-08-12,2025-08-30,32183,100,Closed Won
2625,8759,938,Alex Chen,Closed,2024-05-12,2024-10-21,795949,100,Closed Won
2626,8761,,Cathy Wang,Closed,2024-08-27,2024-10-03,79942,0,Closed Lost
2627,8762,939,David Huang,Closed,2025-08-05,2025-09-16,89243,100,Closed Won
2628,8763,,Cathy Wang,Closed,2024-10-11,2024-12-23,1826001,0,Closed Lost
2629,8765,940,Cathy Wang,Closed,2024-09-26,2024-10-17,93697,100,Closed Won
2630,8769,941,Cathy Wang,Closed,2025-10-23,2025-12-03,185388,100,Closed Won
2631,8770,,Emily Tsai,Closed,2024-02-06,2024-03-06,110895,0,Closed Lost
2632,8771,942,Alex Chen,Closed,2025-10-04,2025-10-30,104331,100,Closed Won
2633,8773,,David Huang,Closed,2024-10-05,2024-11-15,109255,0,Closed Lost
2634,8774,943,Brian Lin,Closed,2024-01-06,2024-02-16,97775,100,Closed Won
2635,8775,,Emily Tsai,Closed,2024-02-08,2024-03-18,117149,0,Closed Lost
2636,8777,,Cathy Wang,Closed,2024-10-29,2024-12-28,273072,0,Closed Lost
2637,8778,,David Huang,Closed,2024-06-23,2024-07-14,112550,0,Closed Lost
2638,8786,,David Huang,Closed,2025-05-24,2025-07-04,116959,0,Closed Lost
2639,8790,944,David Huang,Closed,2025-04-28,2025-05-19,49315,100,Closed Won
2640,8792,945,David Huang,Closed,2025-01-23,2025-02-26,106772,100,Closed Won
2641,8793,,David Huang,Closed,2024-09-14,2024-12-21,1397219,0,Closed Lost
2642,8794,,Alex Chen,Closed,2024-07-08,2024-10-23,1754162,0,Closed Lost
2643,8801,,David Huang,Closed,2024-08-28,2024-09-22,102107,0,Closed Lost
2644,8808,,Cathy Wang,Closed,2025-03-28,2025-05-10,68983,0,Closed Lost
2645,8810,,Cathy Wang,Closed,2025-01-08,2025-02-02,73522,0,Closed Lost
2646,8814,946,Cathy Wang,Closed,2024-08-05,2024-10-03,318729,100,Closed Won
2647,8815,,Brian Lin,Closed,2025-05-11,2025-10-21,1448281,0,Closed Lost
2648,8817,947,David Huang,Closed,2025-04-06,2025-06-10,600281,100,Closed Won
2649,8820,,Cathy Wang,Closed,2024-02-06,2024-04-18,322572,0,Closed Lost
2650,8823,,Emily Tsai,Closed,2024-12-31,2025-03-30,203483,0,Closed Lost
2651,8828,,Cathy Wang,Closed,2024-05-13,2024-06-16,242962,0,Closed Lost
2652,8834,,David Huang,Closed,2024-09-27,2024-12-18,596968,0,Closed Lost
2653,8835,,Cathy Wang,Closed,2024-07-20,2024-08-26,59792,0,Closed Lost
2654,8838,,Alex Chen,Closed,2024-05-22,2024-06-15,38716,0,Closed Lost
2655,8842,948,David Huang,Closed,2025-02-01,2025-03-08,92294,100,Closed Won
2656,8846,,Alex Chen,Closed,2024-05-24,2024-07-06,105017,0,Closed Lost
2657,8847,,Alex Chen,Closed,2025-03-18,2025-04-04,49008,0,Closed Lost
2658,8849,949,Brian Lin,Closed,2025-11-19,2026-02-11,580756,100,Closed Won
2659,8850,950,Alex Chen,Closed,2024-04-30,2024-06-02,374706,100,Closed Won
2660,8860,951,Alex Chen,Closed,2025-05-05,2025-05-20,113458,100,Closed Won
2661,8863,952,Emily Tsai,Closed,2025-04-09,2025-05-16,55571,100,Closed Won
2662,8864,,Emily Tsai,Closed,2024-02-17,2024-03-21,38169,0,Closed Lost
2663,8869,,David Huang,Closed,2025-08-31,2025-12-12,1276989,0,Closed Lost
2664,8874,953,Alex Chen,Closed,2024-11-17,2024-12-11,93639,100,Closed Won
2665,8875,954,Emily Tsai,Closed,2025-05-12,2025-05-29,80360,100,Closed Won
2666,8880,,Emily Tsai,Closed,2025-09-27,2025-11-03,67342,0,Closed Lost
2667,8882,955,David Huang,Closed,2024-02-01,2024-02-18,86608,100,Closed Won
2668,8884,956,Emily Tsai,Closed,2024-08-12,2024-09-12,86743,100,Closed Won
2669,8887,,David Huang,Closed,2024-01-07,2024-03-27,478406,0,Closed Lost
2670,8889,,Alex Chen,Closed,2025-10-10,2025-11-29,152927,0,Closed Lost
2671,8891,957,Cathy Wang,Closed,2024-06-09,2024-07-17,330378,100,Closed Won
2672,8893,,Cathy Wang,Closed,2024-01-01,2024-02-14,55812,0,Closed Lost
2673,8895,958,Cathy Wang,Closed,2024-02-24,2024-03-19,115229,100,Closed Won
2674,8902,959,Emily Tsai,Closed,2025-05-21,2025-06-11,77621,100,Closed Won
2675,8904,,Emily Tsai,Closed,2025-01-20,2025-03-03,87475,0,Closed Lost
2676,8906,,Alex Chen,Closed,2025-01-31,2025-04-02,151175,0,Closed Lost
2677,8908,,Alex Chen,Closed,2024-04-18,2024-05-23,65532,0,Closed Lost
2678,8910,,Cathy Wang,Closed,2025-01-26,2025-03-07,113505,0,Closed Lost
2679,8917,960,Brian Lin,Closed,2024-03-07,2024-04-20,82228,100,Closed Won
2680,8918,961,Brian Lin,Closed,2024-06-30,2024-11-02,1873461,100,Closed Won
2681,8919,,Brian Lin,Closed,2024-02-14,2024-03-19,68941,0,Closed Lost
2682,8921,962,Alex Chen,Closed,2025-11-06,2026-02-04,462211,100,Closed Won
2683,8922,963,David Huang,Closed,2025-03-15,2025-04-23,50260,100,Closed Won
2684,8925,964,Alex Chen,Closed,2024-09-14,2024-11-09,149417,100,Closed Won
2685,8926,,David Huang,Closed,2024-02-08,2024-03-24,34202,0,Closed Lost
2686,8929,965,Emily Tsai,Closed,2025-04-29,2025-05-28,81852,100,Closed Won
2687,8936,966,Emily Tsai,Closed,2025-09-29,2025-10-15,61711,100,Closed Won
2688,8938,967,Emily Tsai,Closed,2024-06-23,2024-08-04,87068,100,Closed Won
2689,8939,,David Huang,Closed,2024-10-20,2024-12-20,1063208,0,Closed Lost
2690,8944,,Emily Tsai,Closed,2024-03-12,2024-03-27,35810,0,Closed Lost
2691,8947,,Emily Tsai,Closed,2024-11-21,2025-04-27,995902,0,Closed Lost
2692,8951,,Cathy Wang,Closed,2024-09-06,2024-10-07,105193,0,Closed Lost
2693,8953,,Alex Chen,Closed,2024-10-09,2025-01-11,1786032,0,Closed Lost
2694,8960,,Alex Chen,Closed,2024-01-06,2024-02-13,41196,0,Closed Lost
2695,8964,,Emily Tsai,Closed,2025-09-17,2025-10-28,413298,0,Closed Lost
2696,8965,,Brian Lin,Closed,2025-07-21,2025-08-13,84592,0,Closed Lost
2697,8976,,Cathy Wang,Closed,2024-09-15,2024-12-14,290089,0,Closed Lost
2698,8977,,Alex Chen,Closed,2025-11-19,2025-12-31,69930,0,Closed Lost
2699,8981,,Alex Chen,Closed,2025-05-19,2025-10-05,1047097,0,Closed Lost
2700,8990,,Alex Chen,Closed,2024-05-20,2024-09-23,1828821,0,Closed Lost
2701,8996,968,David Huang,Closed,2024-04-21,2024-06-17,321240,100,Closed Won
2702,8999,969,Alex Chen,Closed,2024-07-22,2024-09-04,259274,100,Closed Won
2703,9013,,Emily Tsai,Closed,2024-04-11,2024-05-19,40244,0,Closed Lost
2704,9016,970,Brian Lin,Closed,2025-06-01,2025-08-27,758648,100,Closed Won
2705,9017,971,Cathy Wang,Closed,2024-01-12,2024-04-12,1292078,100,Closed Won
2706,9018,972,Brian Lin,Closed,2024-06-12,2024-07-07,100004,100,Closed Won
2707,9021,,David Huang,Closed,2025-11-24,2025-12-20,53319,0,Closed Lost
2708,9028,973,Cathy Wang,Closed,2025-10-11,2025-11-10,66354,100,Closed Won
2709,9035,974,Cathy Wang,Closed,2025-03-25,2025-06-13,387752,100,Closed Won
2710,9038,,Alex Chen,Closed,2024-07-24,2024-09-29,263327,0,Closed Lost
2711,9043,,David Huang,Closed,2025-02-22,2025-03-29,50721,0,Closed Lost
2712,9048,975,Emily Tsai,Closed,2024-11-19,2025-03-29,737814,100,Closed Won
2713,9052,,Cathy Wang,Closed,2024-02-14,2024-03-05,77401,0,Closed Lost
2714,9056,,Emily Tsai,Closed,2024-05-21,2024-10-11,538200,0,Closed Lost
2715,9057,976,Emily Tsai,Closed,2025-10-26,2025-11-25,104861,100,Closed Won
2716,9061,,Emily Tsai,Closed,2025-02-24,2025-05-09,135302,0,Closed Lost
2717,9065,977,Alex Chen,Closed,2025-08-03,2025-08-23,48241,100,Closed Won
2718,9068,978,Emily Tsai,Closed,2024-02-09,2024-05-29,564276,100,Closed Won
2719,9069,,Cathy Wang,Closed,2025-02-13,2025-06-20,847442,0,Closed Lost
2720,9072,979,Alex Chen,Closed,2025-12-03,2026-01-14,38772,100,Closed Won
2721,9073,,David Huang,Closed,2024-06-10,2024-07-20,93988,0,Closed Lost
2722,9078,980,Alex Chen,Closed,2025-02-20,2025-08-03,1190670,100,Closed Won
2723,9092,,Brian Lin,Closed,2025-08-30,2025-11-17,473371,0,Closed Lost
2724,9096,,David Huang,Closed,2024-06-02,2024-08-24,179328,0,Closed Lost
2725,9105,,David Huang,Closed,2025-01-05,2025-03-15,353704,0,Closed Lost
2726,9108,,Cathy Wang,Closed,2024-10-08,2024-11-26,458264,0,Closed Lost
2727,9113,981,Alex Chen,Closed,2024-06-08,2024-08-21,411911,100,Closed Won
2728,9115,,Alex Chen,Closed,2024-11-23,2025-02-01,1346224,0,Closed Lost
2729,9117,,Brian Lin,Closed,2025-01-13,2025-02-05,70685,0,Closed Lost
2730,9119,,Cathy Wang,Closed,2025-01-29,2025-03-05,84030,0,Closed Lost
2731,9123,,Alex Chen,Closed,2025-03-27,2025-04-14,48443,0,Closed Lost
2732,9136,,Alex Chen,Closed,2024-05-25,2024-07-21,191032,0,Closed Lost
2733,9137,,Cathy Wang,Closed,2024-06-24,2024-07-19,80068,0,Closed Lost
2734,9141,,Cathy Wang,Closed,2024-07-16,2024-08-10,49941,0,Closed Lost
2735,9144,982,David Huang,Closed,2025-12-26,2026-02-09,67618,100,Closed Won
2736,9150,983,Emily Tsai,Closed,2024-04-27,2024-06-02,46033,100,Closed Won
2737,9151,984,Emily Tsai,Closed,2024-11-19,2025-01-27,1773012,100,Closed Won
2738,9152,985,David Huang,Closed,2024-06-29,2024-07-14,114064,100,Closed Won
2739,9153,,Alex Chen,Closed,2024-01-07,2024-02-20,296492,0,Closed Lost
2740,9157,,Brian Lin,Closed,2024-12-23,2025-03-15,142319,0,Closed Lost
2741,9158,,David Huang,Closed,2024-04-01,2024-05-13,47963,0,Closed Lost
2742,9160,986,Brian Lin,Closed,2025-02-28,2025-04-05,259784,100,Closed Won
2743,9162,,Cathy Wang,Closed,2024-02-25,2024-03-16,53665,0,Closed Lost
2744,9166,,Emily Tsai,Closed,2024-07-16,2024-09-17,383271,0,Closed Lost
2745,9173,,Brian Lin,Closed,2024-11-25,2024-12-27,38845,0,Closed Lost
2746,9175,,Brian Lin,Closed,2024-06-01,2024-09-19,1827981,0,Closed Lost
2747,9177,,Brian Lin,Closed,2025-03-18,2025-05-11,450389,0,Closed Lost
2748,9178,,Cathy Wang,Closed,2025-03-19,2025-04-07,59045,0,Closed Lost
2749,9179,,David Huang,Closed,2024-10-02,2024-12-08,253817,0,Closed Lost
2750,9180,987,Cathy Wang,Closed,2025-03-29,2025-04-16,96957,100,Closed Won
2751,9182,,Brian Lin,Closed,2025-11-20,2025-12-12,44218,0,Closed Lost
2752,9183,988,Brian Lin,Closed,2024-03-11,2024-05-14,299596,100,Closed Won
2753,9185,,Cathy Wang,Closed,2025-12-30,2026-01-26,45942,0,Closed Lost
2754,9186,989,Cathy Wang,Closed,2024-09-19,2024-10-14,59462,100,Closed Won
2755,9188,,Emily Tsai,Closed,2025-04-02,2025-05-05,93325,0,Closed Lost
2756,9190,,Alex Chen,Closed,2024-03-07,2024-04-18,112563,0,Closed Lost
2757,9193,,Emily Tsai,Closed,2024-03-08,2024-04-07,111770,0,Closed Lost
2758,9194,,Brian Lin,Closed,2024-10-10,2025-03-17,1618625,0,Closed Lost
2759,9198,990,Alex Chen,Closed,2025-11-07,2025-11-26,52798,100,Closed Won
2760,9201,,Cathy Wang,Closed,2025-12-27,2026-02-15,240583,0,Closed Lost
2761,9204,,Cathy Wang,Closed,2025-11-29,2025-12-28,51879,0,Closed Lost
2762,9212,991,Brian Lin,Closed,2025-09-15,2025-10-21,114457,100,Closed Won
2763,9213,992,Emily Tsai,Closed,2024-02-21,2024-03-19,100221,100,Closed Won
2764,9217,993,David Huang,Closed,2024-08-24,2024-09-24,56459,100,Closed Won
2765,9226,,Cathy Wang,Closed,2025-11-26,2025-12-28,104960,0,Closed Lost
2766,9227,,Brian Lin,Closed,2025-01-14,2025-02-25,84336,0,Closed Lost
2767,9228,994,Alex Chen,Closed,2024-04-03,2024-05-15,58429,100,Closed Won
2768,9232,,Alex Chen,Closed,2024-06-09,2024-07-03,36836,0,Closed Lost
2769,9236,,Alex Chen,Closed,2024-09-14,2024-11-17,414375,0,Closed Lost
2770,9239,,Emily Tsai,Closed,2025-01-17,2025-04-13,339290,0,Closed Lost
2771,9246,,Brian Lin,Closed,2025-06-20,2025-07-16,49368,0,Closed Lost
2772,9253,995,David Huang,Closed,2024-08-04,2024-09-04,37327,100,Closed Won
2773,9261,,Alex Chen,Closed,2025-10-03,2025-10-28,96817,0,Closed Lost
2774,9262,,David Huang,Closed,2024-06-05,2024-07-15,100868,0,Closed Lost
2775,9263,,Alex Chen,Closed,2025-02-21,2025-03-22,52515,0,Closed Lost
2776,9266,,Cathy Wang,Closed,2024-02-15,2024-05-07,421062,0,Closed Lost
2777,9274,,Alex Chen,Closed,2024-11-19,2025-01-28,458510,0,Closed Lost
2778,9277,996,Emily Tsai,Closed,2024-02-01,2024-05-29,1529227,100,Closed Won
2779,9279,,Alex Chen,Closed,2025-12-21,2026-03-20,411794,0,Closed Lost
2780,9280,,Cathy Wang,Closed,2025-06-07,2025-07-18,84945,0,Closed Lost
2781,9283,,David Huang,Closed,2025-05-22,2025-10-11,617233,0,Closed Lost
2782,9285,997,Alex Chen,Closed,2024-11-07,2024-12-30,314201,100,Closed Won
2783,9287,998,David Huang,Closed,2025-01-19,2025-02-05,49668,100,Closed Won
2784,9300,999,Brian Lin,Closed,2025-04-15,2025-05-20,336029,100,Closed Won
2785,9307,1000,Emily Tsai,Closed,2024-06-09,2024-07-22,88325,100,Closed Won
2786,9313,,Cathy Wang,Closed,2025-11-12,2026-04-30,1687532,0,Closed Lost
2787,9314,1001,David Huang,Closed,2024-07-30,2024-08-26,119011,100,Closed Won
2788,9316,,Emily Tsai,Closed,2024-10-27,2024-11-16,39642,0,Closed Lost
2789,9320,,Brian Lin,Closed,2025-05-07,2025-07-09,178170,0,Closed Lost
2790,9322,,Brian Lin,Closed,2024-04-14,2024-05-05,96459,0,Closed Lost
2791,9328,1002,Alex Chen,Closed,2024-04-10,2024-08-20,1006383,100,Closed Won
2792,9329,,Emily Tsai,Closed,2024-05-23,2024-06-24,118609,0,Closed Lost
2793,9333,,Cathy Wang,Closed,2025-02-03,2025-02-26,50548,0,Closed Lost
2794,9334,,David Huang,Closed,2024-01-22,2024-05-13,1656605,0,Closed Lost
2795,9336,,Alex Chen,Closed,2024-07-19,2024-08-08,83434,0,Closed Lost
2796,9340,,Alex Chen,Closed,2024-08-20,2024-09-26,400750,0,Closed Lost
2797,9344,1003,Alex Chen,Closed,2024-12-29,2025-06-02,603708,100,Closed Won
2798,9345,1004,David Huang,Closed,2024-05-28,2024-11-12,1702784,100,Closed Won
2799,9346,,David Huang,Closed,2024-11-08,2024-12-06,88079,0,Closed Lost
2800,9347,,David Huang,Closed,2024-05-18,2024-06-26,72154,0,Closed Lost
2801,9349,1005,Cathy Wang,Closed,2025-08-02,2025-08-23,109747,100,Closed Won
2802,9354,,Brian Lin,Closed,2025-11-07,2025-12-21,51643,0,Closed Lost
2803,9359,,Emily Tsai,Closed,2024-07-11,2024-08-26,156275,0,Closed Lost
2804,9361,1006,David Huang,Closed,2025-08-22,2025-12-13,1157541,100,Closed Won
2805,9365,,Brian Lin,Closed,2024-06-22,2024-08-22,475679,0,Closed Lost
2806,9370,,Brian Lin,Closed,2025-10-05,2025-11-18,49481,0,Closed Lost
2807,9372,,Alex Chen,Closed,2025-11-19,2026-01-10,429007,0,Closed Lost
2808,9374,,Brian Lin,Closed,2024-12-23,2025-02-16,220315,0,Closed Lost
2809,9375,,Cathy Wang,Closed,2024-12-12,2025-01-02,50505,0,Closed Lost
2810,9377,,Alex Chen,Closed,2024-01-20,2024-02-23,467425,0,Closed Lost
2811,9378,,Alex Chen,Closed,2025-02-15,2025-04-24,433771,0,Closed Lost
2812,9385,,Emily Tsai,Closed,2024-09-08,2024-11-29,1810063,0,Closed Lost
2813,9393,,David Huang,Closed,2025-02-10,2025-03-07,65830,0,Closed Lost
2814,9400,,Alex Chen,Closed,2024-12-18,2025-01-23,234298,0,Closed Lost
2815,9407,,Emily Tsai,Closed,2025-08-29,2025-09-12,54911,0,Closed Lost
2816,9408,1007,Alex Chen,Closed,2024-01-15,2024-01-30,89584,100,Closed Won
2817,9409,1008,Alex Chen,Closed,2024-08-16,2024-09-02,107326,100,Closed Won
2818,9411,1009,Cathy Wang,Closed,2024-01-11,2024-07-08,1937699,100,Closed Won
2819,9413,,Emily Tsai,Closed,2024-10-15,2025-01-06,472448,0,Closed Lost
2820,9418,,David Huang,Closed,2024-07-13,2024-09-11,438660,0,Closed Lost
2821,9420,,Cathy Wang,Closed,2025-10-27,2025-11-24,98380,0,Closed Lost
2822,9424,,David Huang,Closed,2024-07-27,2024-08-25,72693,0,Closed Lost
2823,9428,,Brian Lin,Closed,2024-03-31,2024-04-21,111248,0,Closed Lost
2824,9430,1010,Brian Lin,Closed,2025-06-17,2025-07-13,119024,100,Closed Won
2825,9433,1011,Brian Lin,Closed,2024-12-12,2025-03-07,352627,100,Closed Won
2826,9438,,Cathy Wang,Closed,2024-10-07,2024-11-19,119394,0,Closed Lost
2827,9440,,Cathy Wang,Closed,2024-09-05,2024-10-19,34694,0,Closed Lost
2828,9444,,Alex Chen,Closed,2024-03-07,2024-03-25,100530,0,Closed Lost
2829,9445,,Emily Tsai,Closed,2024-03-27,2024-06-25,358757,0,Closed Lost
2830,9451,,Emily Tsai,Closed,2025-04-07,2025-05-05,58078,0,Closed Lost
2831,9459,1012,Cathy Wang,Closed,2025-06-21,2025-08-01,335206,100,Closed Won
2832,9463,,Cathy Wang,Closed,2024-10-02,2024-11-10,64638,0,Closed Lost
2833,9464,1013,Brian Lin,Closed,2025-05-23,2025-06-29,88749,100,Closed Won
2834,9467,,Brian Lin,Closed,2025-03-24,2025-04-27,152299,0,Closed Lost
2835,9471,,Emily Tsai,Closed,2024-11-22,2025-01-01,86086,0,Closed Lost
2836,9472,,Brian Lin,Closed,2024-04-14,2024-05-26,70608,0,Closed Lost
2837,9478,,Alex Chen,Closed,2025-06-17,2025-07-31,71825,0,Closed Lost
2838,9481,,Alex Chen,Closed,2024-08-03,2024-09-19,394404,0,Closed Lost
2839,9485,,Emily Tsai,Closed,2024-01-22,2024-02-16,78877,0,Closed Lost
2840,9486,1014,Brian Lin,Closed,2025-01-20,2025-02-25,476148,100,Closed Won
2841,9488,1015,David Huang,Closed,2025-09-26,2025-11-10,104382,100,Closed Won
2842,9490,1016,Cathy Wang,Closed,2024-10-01,2024-10-31,31274,100,Closed Won
2843,9493,1017,David Huang,Closed,2024-02-21,2024-04-26,459018,100,Closed Won
2844,9494,,David Huang,Closed,2025-06-10,2025-07-12,105712,0,Closed Lost
2845,9498,1018,Brian Lin,Closed,2025-04-05,2025-04-29,77277,100,Closed Won
2846,9503,1019,Brian Lin,Closed,2024-05-14,2024-06-09,49529,100,Closed Won
2847,9504,,Emily Tsai,Closed,2025-03-05,2025-05-28,567845,0,Closed Lost
2848,9511,1020,Emily Tsai,Closed,2024-05-15,2024-06-02,47872,100,Closed Won
2849,9512,,Alex Chen,Closed,2025-11-17,2025-12-19,55501,0,Closed Lost
2850,9513,1021,Brian Lin,Closed,2024-11-01,2024-12-05,34749,100,Closed Won
2851,9517,,Cathy Wang,Closed,2025-06-15,2025-07-14,104918,0,Closed Lost
2852,9521,,Alex Chen,Closed,2024-05-21,2024-06-12,118181,0,Closed Lost
2853,9528,1022,Alex Chen,Closed,2025-11-23,2025-12-26,418043,100,Closed Won
2854,9530,,Cathy Wang,Closed,2025-01-01,2025-02-28,373152,0,Closed Lost
2855,9532,,Emily Tsai,Closed,2025-09-18,2025-11-26,452415,0,Closed Lost
2856,9533,1023,Cathy Wang,Closed,2025-11-23,2025-12-18,96768,100,Closed Won
2857,9534,1024,Emily Tsai,Closed,2025-05-08,2025-06-14,42696,100,Closed Won
2858,9537,1025,Brian Lin,Closed,2024-09-04,2024-10-15,89171,100,Closed Won
2859,9539,1026,David Huang,Closed,2024-01-28,2024-02-29,111645,100,Closed Won
2860,9541,1027,Cathy Wang,Closed,2025-02-07,2025-04-14,439303,100,Closed Won
2861,9546,,David Huang,Closed,2024-01-20,2024-03-03,114356,0,Closed Lost
2862,9548,1028,David Huang,Closed,2025-09-05,2025-11-03,337167,100,Closed Won
2863,9551,1029,Brian Lin,Closed,2024-11-30,2025-01-16,324087,100,Closed Won
2864,9558,1030,David Huang,Closed,2025-02-28,2025-03-14,90530,100,Closed Won
2865,9576,1031,Emily Tsai,Closed,2025-02-15,2025-05-09,410762,100,Closed Won
2866,9583,,David Huang,Closed,2024-04-20,2024-09-16,1925148,0,Closed Lost
2867,9584,,Alex Chen,Closed,2024-09-05,2024-11-12,134645,0,Closed Lost
2868,9590,,David Huang,Closed,2025-03-29,2025-05-23,388948,0,Closed Lost
2869,9593,,Brian Lin,Closed,2025-03-31,2025-07-06,872668,0,Closed Lost
2870,9594,,David Huang,Closed,2025-11-26,2025-12-29,77939,0,Closed Lost
2871,9600,,Emily Tsai,Closed,2024-01-04,2024-01-30,118593,0,Closed Lost
2872,9611,1032,Alex Chen,Closed,2025-02-08,2025-03-23,55282,100,Closed Won
2873,9614,,Emily Tsai,Closed,2025-05-15,2025-06-11,77947,0,Closed Lost
2874,9618,,David Huang,Closed,2025-10-12,2025-11-06,71091,0,Closed Lost
2875,9627,1033,Cathy Wang,Closed,2025-06-25,2025-07-26,71906,100,Closed Won
2876,9630,1034,Brian Lin,Closed,2024-04-17,2024-05-20,59411,100,Closed Won
2877,9632,,Alex Chen,Closed,2024-12-04,2024-12-25,78960,0,Closed Lost
2878,9633,,Brian Lin,Closed,2025-04-05,2025-05-17,340171,0,Closed Lost
2879,9634,,Emily Tsai,Closed,2025-02-12,2025-03-13,116704,0,Closed Lost
2880,9639,,Alex Chen,Closed,2024-11-19,2024-12-05,68248,0,Closed Lost
2881,9645,,David Huang,Closed,2025-10-11,2026-01-03,391270,0,Closed Lost
2882,9650,,Cathy Wang,Closed,2025-07-02,2025-09-13,472015,0,Closed Lost
2883,9653,1035,Emily Tsai,Closed,2025-11-28,2026-01-31,1486058,100,Closed Won
2884,9656,,Alex Chen,Closed,2025-11-06,2026-05-04,596188,0,Closed Lost
2885,9657,,David Huang,Closed,2025-01-11,2025-02-24,111796,0,Closed Lost
2886,9660,,Alex Chen,Closed,2025-06-22,2025-07-12,93980,0,Closed Lost
2887,9663,1036,Brian Lin,Closed,2024-10-25,2024-11-24,103000,100,Closed Won
2888,9664,,Alex Chen,Closed,2025-03-30,2025-05-30,356801,0,Closed Lost
2889,9668,,Alex Chen,Closed,2024-04-12,2024-05-18,51249,0,Closed Lost
2890,9670,,Brian Lin,Closed,2024-12-25,2025-02-22,452529,0,Closed Lost
2891,9672,,Brian Lin,Closed,2025-10-28,2025-12-08,40855,0,Closed Lost
2892,9674,,David Huang,Closed,2025-12-04,2025-12-29,34654,0,Closed Lost
2893,9677,,Brian Lin,Closed,2024-11-24,2024-12-23,51343,0,Closed Lost
2894,9678,,Alex Chen,Closed,2025-11-08,2025-12-16,52531,0,Closed Lost
2895,9684,,Emily Tsai,Closed,2025-04-19,2025-06-29,493060,0,Closed Lost
2896,9692,,Alex Chen,Closed,2024-04-14,2024-05-27,103793,0,Closed Lost
2897,9698,1037,David Huang,Closed,2024-04-27,2024-05-17,40755,100,Closed Won
2898,9702,,Emily Tsai,Closed,2024-12-28,2025-01-25,85112,0,Closed Lost
2899,9703,,Emily Tsai,Closed,2025-12-27,2026-02-04,89973,0,Closed Lost
2900,9704,,David Huang,Closed,2024-11-15,2024-12-27,107311,0,Closed Lost
2901,9705,1038,Brian Lin,Closed,2025-07-12,2025-08-23,98717,100,Closed Won
2902,9707,,Cathy Wang,Closed,2025-07-07,2025-10-26,1296220,0,Closed Lost
2903,9713,,Brian Lin,Closed,2024-08-15,2024-09-18,347310,0,Closed Lost
2904,9718,,Emily Tsai,Closed,2025-01-29,2025-03-10,117035,0,Closed Lost
2905,9719,1039,Brian Lin,Closed,2025-08-27,2025-10-11,35379,100,Closed Won
2906,9720,,Brian Lin,Closed,2025-08-06,2025-08-30,44547,0,Closed Lost
2907,9721,,Brian Lin,Closed,2025-11-03,2025-12-31,158372,0,Closed Lost
2908,9723,1040,Emily Tsai,Closed,2024-04-09,2024-04-28,76441,100,Closed Won
2909,9725,,Alex Chen,Closed,2024-09-14,2024-12-04,352866,0,Closed Lost
2910,9730,,Alex Chen,Closed,2024-01-01,2024-02-09,50146,0,Closed Lost
2911,9734,1041,Cathy Wang,Closed,2025-03-10,2025-08-18,1399266,100,Closed Won
2912,9736,,Brian Lin,Closed,2024-06-20,2024-07-13,102633,0,Closed Lost
2913,9741,,Alex Chen,Closed,2025-07-26,2025-09-21,375963,0,Closed Lost
2914,9745,,Alex Chen,Closed,2024-06-01,2024-07-13,95564,0,Closed Lost
2915,9746,,Alex Chen,Closed,2025-11-01,2025-12-21,277409,0,Closed Lost
2916,9747,,Brian Lin,Closed,2025-03-21,2025-04-12,32264,0,Closed Lost
2917,9748,,Brian Lin,Closed,2025-07-22,2025-08-29,97158,0,Closed Lost
2918,9751,1042,Cathy Wang,Closed,2025-04-24,2025-06-23,126622,100,Closed Won
2919,9753,,Emily Tsai,Closed,2024-10-08,2025-02-24,1920253,0,Closed Lost
2920,9755,1043,Cathy Wang,Closed,2025-10-03,2025-11-15,93444,100,Closed Won
2921,9759,,Emily Tsai,Closed,2025-11-03,2026-01-05,459790,0,Closed Lost
2922,9761,,David Huang,Closed,2024-10-19,2025-01-04,185816,0,Closed Lost
2923,9768,,Emily Tsai,Closed,2025-05-10,2025-05-30,49043,0,Closed Lost
2924,9773,1044,Emily Tsai,Closed,2024-09-05,2025-01-07,990092,100,Closed Won
2925,9777,1045,David Huang,Closed,2025-06-01,2025-10-26,1680233,100,Closed Won
2926,9787,,Brian Lin,Closed,2025-02-18,2025-05-15,499654,0,Closed Lost
2927,9788,,Cathy Wang,Closed,2024-10-19,2024-11-28,95730,0,Closed Lost
2928,9792,,Alex Chen,Closed,2024-07-19,2024-08-28,181647,0,Closed Lost
2929,9796,,David Huang,Closed,2024-07-01,2024-09-27,190058,0,Closed Lost
2930,9797,,Alex Chen,Closed,2025-10-25,2025-11-28,123601,0,Closed Lost
2931,9801,,David Huang,Closed,2025-08-30,2025-09-21,99135,0,Closed Lost
2932,9806,1046,Cathy Wang,Closed,2025-12-18,2026-02-01,71321,100,Closed Won
2933,9813,,Emily Tsai,Closed,2025-10-05,2025-11-16,438191,0,Closed Lost
2934,9814,,David Huang,Closed,2024-12-10,2025-02-22,231588,0,Closed Lost
2935,9816,,Brian Lin,Closed,2025-10-17,2025-11-29,59922,0,Closed Lost
2936,9817,,Brian Lin,Closed,2025-05-22,2025-09-12,1144076,0,Closed Lost
2937,9819,,David Huang,Closed,2024-04-21,2024-06-17,466273,0,Closed Lost
2938,9823,1047,Cathy Wang,Closed,2024-07-02,2024-08-13,57749,100,Closed Won
2939,9826,,Cathy Wang,Closed,2024-04-12,2024-10-07,778840,0,Closed Lost
2940,9827,,Cathy Wang,Closed,2024-05-12,2024-06-03,93674,0,Closed Lost
2941,9828,1048,David Huang,Closed,2024-01-03,2024-02-01,67045,100,Closed Won
2942,9829,,David Huang,Closed,2024-10-07,2024-11-10,487019,0,Closed Lost
2943,9832,,Cathy Wang,Closed,2025-10-15,2025-11-23,374417,0,Closed Lost
2944,9837,,Cathy Wang,Closed,2025-11-05,2025-12-19,99273,0,Closed Lost
2945,9842,,David Huang,Closed,2024-08-19,2024-09-29,33689,0,Closed Lost
2946,9844,1049,Alex Chen,Closed,2024-02-22,2024-04-08,181712,100,Closed Won
2947,9847,1050,Alex Chen,Closed,2025-08-27,2025-10-21,330674,100,Closed Won
2948,9848,,David Huang,Closed,2024-08-02,2024-08-25,110336,0,Closed Lost
2949,9849,1051,Alex Chen,Closed,2025-08-16,2025-11-02,1790452,100,Closed Won
2950,9850,,Alex Chen,Closed,2025-05-15,2025-06-26,305975,0,Closed Lost
2951,9852,1052,Cathy Wang,Closed,2025-02-19,2025-04-28,430398,100,Closed Won
2952,9856,1053,Emily Tsai,Closed,2025-10-23,2026-04-02,1591214,100,Closed Won
2953,9866,,Cathy Wang,Closed,2025-10-13,2025-10-31,37673,0,Closed Lost
2954,9869,1054,Brian Lin,Closed,2024-01-16,2024-02-22,119995,100,Closed Won
2955,9873,,Brian Lin,Closed,2024-04-29,2024-09-18,1337318,0,Closed Lost
2956,9883,,David Huang,Closed,2025-12-25,2026-02-04,52495,0,Closed Lost
2957,9886,1055,Cathy Wang,Closed,2025-06-26,2025-07-30,32839,100,Closed Won
2958,9888,,David Huang,Closed,2024-08-10,2024-09-06,50189,0,Closed Lost
2959,9890,,Cathy Wang,Closed,2024-02-13,2024-02-27,50755,0,Closed Lost
2960,9891,1056,Alex Chen,Closed,2024-11-02,2024-12-10,53897,100,Closed Won
2961,9896,1057,David Huang,Closed,2024-07-20,2024-08-27,97721,100,Closed Won
2962,9897,,Cathy Wang,Closed,2024-07-20,2024-10-10,296086,0,Closed Lost
2963,9901,,Alex Chen,Closed,2025-01-05,2025-02-10,98855,0,Closed Lost
2964,9907,,David Huang,Closed,2024-10-02,2024-10-25,58003,0,Closed Lost
2965,9917,1058,Cathy Wang,Closed,2025-03-10,2025-05-19,154164,100,Closed Won
2966,9918,1059,Alex Chen,Closed,2024-07-22,2024-08-29,70075,100,Closed Won
2967,9920,,Alex Chen,Closed,2025-10-11,2025-11-20,89006,0,Closed Lost
2968,9924,,Emily Tsai,Closed,2025-06-30,2025-08-22,395121,0,Closed Lost
2969,9925,1060,Alex Chen,Closed,2024-09-03,2024-10-23,473040,100,Closed Won
2970,9927,,Cathy Wang,Closed,2024-10-09,2024-11-23,65810,0,Closed Lost
2971,9932,,David Huang,Closed,2024-04-21,2024-05-28,32222,0,Closed Lost
2972,9934,1061,David Huang,Closed,2024-04-17,2024-05-27,63908,100,Closed Won
2973,9935,1062,Cathy Wang,Closed,2024-01-27,2024-02-25,105010,100,Closed Won
2974,9938,,Brian Lin,Closed,2025-08-06,2025-08-27,104724,0,Closed Lost
2975,9940,,Brian Lin,Closed,2024-03-28,2024-04-28,38093,0,Closed Lost
2976,9941,1063,Cathy Wang,Closed,2025-12-02,2026-01-10,77951,100,Closed Won
2977,9944,,David Huang,Closed,2025-03-31,2025-05-05,429755,0,Closed Lost
2978,9947,,Brian Lin,Closed,2024-05-14,2024-05-31,36611,0,Closed Lost
2979,9952,,Cathy Wang,Closed,2024-02-06,2024-04-25,1395518,0,Closed Lost
2980,9958,1064,Emily Tsai,Closed,2025-07-15,2025-10-11,493245,100,Closed Won
2981,9959,1065,Brian Lin,Closed,2025-11-21,2026-01-29,202236,100,Closed Won
2982,9961,,Alex Chen,Closed,2024-03-17,2024-06-23,980992,0,Closed Lost
2983,9967,,Alex Chen,Closed,2024-09-28,2024-12-23,363040,0,Closed Lost
2984,9970,,Alex Chen,Closed,2025-03-23,2025-04-25,98535,0,Closed Lost
2985,9975,,David Huang,Closed,2025-05-20,2025-09-25,1779984,0,Closed Lost
2986,9976,,David Huang,Closed,2024-02-25,2024-04-18,460674,0,Closed Lost
2987,9978,,Brian Lin,Closed,2024-12-29,2025-01-18,69165,0,Closed Lost
2988,9982,,Brian Lin,Closed,2025-01-25,2025-02-15,40085,0,Closed Lost
2989,9983,,David Huang,Closed,2025-08-23,2026-02-03,1926046,0,Closed Lost
2990,9985,,Alex Chen,Closed,2025-08-04,2025-10-21,309991,0,Closed Lost
2991,9986,,David Huang,Closed,2025-02-04,2025-03-16,211062,0,Closed Lost
2992,9989,1066,Cathy Wang,Closed,2025-03-14,2025-04-24,93658,100,Closed Won
2993,9991,,Alex Chen,Closed,2025-11-26,2025-12-27,70410,0,Closed Lost
2994,9992,1067,Alex Chen,Closed,2025-10-02,2025-11-09,104022,100,Closed Won
2995,9994,1068,Alex Chen,Closed,2024-11-15,2024-12-29,436029,100,Closed Won
