usage_id,account_id,usage_month,active_users,login_frequency,feature_usage_count,support_tickets,last_login_date,health_status
1,1,2024-09-01,9,2,0,3,2024-09-11,Critical
2,1,2024-10-01,11,0,2,3,2024-10-07,Critical
3,1,2024-11-01,10,1,5,4,2024-11-09,Critical
4,1,2024-12-01,41,0,4,5,2024-12-13,Critical
5,1,2025-01-01,29,4,5,8,2025-01-06,Critical
6,1,2025-02-01,122,11,13,3,2025-02-19,At Risk
7,1,2025-03-01,51,1,1,7,2025-03-10,Critical
8,1,2025-04-01,8,2,5,5,2025-04-01,Critical
9,1,2025-05-01,29,2,7,3,2025-05-07,Critical
10,1,2025-06-01,37,0,6,8,2025-06-12,Critical
11,1,2025-07-01,256,16,39,2,2025-07-27,Healthy
12,1,2025-08-01,177,30,33,0,2025-08-29,Healthy
13,1,2025-09-01,285,15,25,1,2025-09-25,Healthy
14,1,2025-10-01,143,9,11,3,2025-10-23,At Risk
15,1,2025-11-01,280,19,48,1,2025-11-26,Healthy
16,1,2025-12-01,259,23,36,0,2025-12-29,Healthy
17,1,2026-01-01,108,8,17,4,2026-01-21,At Risk
18,1,2026-02-01,12,2,2,5,2026-02-09,Critical
19,1,2026-03-01,21,1,7,4,2026-03-12,Critical
20,1,2026-04-01,98,5,14,2,2026-04-17,At Risk
21,1,2026-05-01,116,11,9,5,2026-05-20,At Risk
22,1,2026-06-01,10,1,4,4,2026-06-06,Critical
23,2,2025-10-01,34,14,15,4,2025-10-17,At Risk
24,2,2025-11-01,68,30,33,0,2025-11-29,Healthy
25,2,2025-12-01,76,23,36,2,2025-12-28,Healthy
26,2,2026-01-01,23,9,13,3,2026-01-17,At Risk
27,2,2026-02-01,59,19,21,0,2026-02-25,Healthy
28,2,2026-03-01,86,28,40,2,2026-03-26,Healthy
29,2,2026-04-01,58,15,35,0,2026-04-28,Healthy
30,2,2026-05-01,93,17,36,2,2026-05-26,Healthy
31,2,2026-06-01,66,20,24,1,2026-06-26,Healthy
32,3,2024-07-01,40,19,50,1,2024-07-30,Healthy
33,3,2024-08-01,42,24,26,1,2024-08-31,Healthy
34,3,2024-09-01,43,16,39,2,2024-09-27,Healthy
35,3,2024-10-01,48,18,41,0,2024-10-27,Healthy
36,3,2024-11-01,53,17,23,0,2024-11-29,Healthy
37,3,2024-12-01,54,22,47,2,2024-12-31,Healthy
38,3,2025-01-01,31,19,20,1,2025-01-26,Healthy
39,3,2025-02-01,34,23,27,1,2025-02-25,Healthy
40,3,2025-03-01,55,15,25,0,2025-03-29,Healthy
41,3,2025-04-01,35,29,29,1,2025-04-27,Healthy
42,3,2025-05-01,51,19,35,1,2025-05-26,Healthy
43,3,2025-06-01,47,18,35,0,2025-06-29,Healthy
44,3,2025-07-01,52,29,30,0,2025-07-30,Healthy
45,3,2025-08-01,50,19,46,2,2025-08-27,Healthy
46,3,2025-09-01,57,29,20,1,2025-09-25,Healthy
47,3,2025-10-01,40,21,36,2,2025-10-27,Healthy
48,3,2025-11-01,34,27,23,2,2025-11-27,Healthy
49,3,2025-12-01,28,12,19,1,2025-12-19,At Risk
50,3,2026-01-01,28,12,13,3,2026-01-17,At Risk
51,3,2026-02-01,10,0,1,7,2026-01-30,Critical
52,3,2026-03-01,18,14,15,3,2026-03-18,At Risk
53,3,2026-04-01,23,14,9,4,2026-04-20,At Risk
54,3,2026-05-01,26,5,10,4,2026-05-18,At Risk
55,3,2026-06-01,28,5,17,1,2026-06-21,At Risk
56,4,2025-01-01,2730,30,27,2,2025-01-26,Healthy
57,4,2025-02-01,1763,17,38,0,2025-02-26,Healthy
58,4,2025-03-01,1859,30,30,1,2025-03-26,Healthy
59,4,2025-04-01,2811,27,30,1,2025-04-27,Healthy
60,4,2025-05-01,2357,27,32,1,2025-05-27,Healthy
61,4,2025-06-01,2211,30,26,0,2025-06-30,Healthy
62,4,2025-07-01,230,1,1,3,2025-07-14,Critical
63,4,2025-08-01,1141,5,18,1,2025-08-25,At Risk
64,4,2025-09-01,1356,9,11,4,2025-09-20,At Risk
65,4,2025-10-01,792,8,16,3,2025-10-16,At Risk
66,4,2025-11-01,860,11,16,3,2025-11-22,At Risk
67,4,2025-12-01,1131,8,19,5,2025-12-17,At Risk
68,4,2026-01-01,897,7,12,4,2026-01-22,At Risk
69,4,2026-02-01,2211,16,25,0,2026-02-26,Healthy
70,4,2026-03-01,1625,25,48,0,2026-03-28,Healthy
71,4,2026-04-01,1904,28,46,2,2026-04-25,Healthy
72,4,2026-05-01,1054,12,17,1,2026-05-16,At Risk
73,4,2026-06-01,375,1,2,3,2026-06-14,Critical
74,5,2024-12-01,17,20,47,2,2024-12-28,Healthy
75,5,2025-01-01,18,18,28,1,2025-01-28,Healthy
76,5,2025-02-01,19,20,31,0,2025-02-24,Healthy
77,5,2025-03-01,11,18,23,2,2025-03-28,Healthy
78,5,2025-04-01,19,18,27,1,2025-04-29,Healthy
79,5,2025-05-01,13,20,28,1,2025-05-29,Healthy
80,5,2025-06-01,5,10,11,4,2025-06-23,At Risk
81,5,2025-07-01,11,11,18,3,2025-07-17,At Risk
82,5,2025-08-01,1,0,4,5,2025-08-12,Critical
83,5,2025-09-01,4,4,2,8,2025-09-05,Critical
84,5,2025-10-01,4,3,7,3,2025-10-03,Critical
85,5,2025-11-01,3,2,0,6,2025-11-11,Critical
86,5,2025-12-01,7,14,16,3,2025-12-24,At Risk
87,5,2026-01-01,11,9,16,2,2026-01-21,At Risk
88,5,2026-02-01,17,16,43,1,2026-02-27,Healthy
89,5,2026-03-01,12,18,24,0,2026-03-29,Healthy
90,5,2026-04-01,1,3,6,6,2026-04-06,Critical
91,5,2026-05-01,4,0,4,7,2026-05-04,Critical
92,5,2026-06-01,2,1,4,4,2026-06-07,Critical
93,6,2025-09-01,58,15,43,1,2025-09-30,Healthy
94,6,2025-10-01,13,7,13,5,2025-10-22,At Risk
95,6,2025-11-01,5,3,2,8,2025-10-31,Critical
96,6,2025-12-01,29,8,19,5,2025-12-19,At Risk
97,6,2026-01-01,25,11,9,1,2026-01-21,At Risk
98,6,2026-02-01,27,8,16,4,2026-02-13,At Risk
99,6,2026-03-01,21,14,15,4,2026-03-16,At Risk
100,6,2026-04-01,16,7,13,3,2026-04-21,At Risk
101,6,2026-05-01,19,13,8,1,2026-05-20,At Risk
102,6,2026-06-01,24,11,10,2,2026-06-21,At Risk
103,7,2025-02-01,30,17,39,2,2025-02-26,Healthy
104,7,2025-03-01,16,19,30,0,2025-03-26,Healthy
105,7,2025-04-01,28,21,34,0,2025-04-26,Healthy
106,7,2025-05-01,19,15,50,0,2025-05-26,Healthy
107,7,2025-06-01,23,19,46,0,2025-06-27,Healthy
108,7,2025-07-01,30,18,28,1,2025-07-30,Healthy
109,7,2025-08-01,21,17,29,2,2025-08-28,Healthy
110,7,2025-09-01,22,30,36,2,2025-09-26,Healthy
111,7,2025-10-01,12,12,19,2,2025-10-17,At Risk
112,7,2025-11-01,11,11,13,4,2025-11-22,At Risk
113,7,2025-12-01,4,1,4,7,2025-12-01,Critical
114,7,2026-01-01,30,28,38,0,2026-01-30,Healthy
115,7,2026-02-01,26,17,33,1,2026-02-24,Healthy
116,7,2026-03-01,17,23,37,2,2026-03-31,Healthy
117,7,2026-04-01,27,18,42,0,2026-04-26,Healthy
118,7,2026-05-01,30,30,42,2,2026-05-30,Healthy
119,7,2026-06-01,7,5,14,4,2026-06-21,At Risk
120,8,2025-10-01,11,12,18,1,2025-10-24,At Risk
121,8,2025-11-01,2,4,6,7,2025-11-02,Critical
122,8,2025-12-01,3,1,1,5,2025-12-05,Critical
123,8,2026-01-01,3,1,5,4,2026-01-04,Critical
124,8,2026-02-01,7,4,6,4,2026-02-08,Critical
125,8,2026-03-01,7,1,2,3,2026-03-13,Critical
126,8,2026-04-01,5,0,7,5,2026-04-14,Critical
127,8,2026-05-01,1,3,4,3,2026-05-07,Critical
128,8,2026-06-01,11,13,16,4,2026-06-18,At Risk
129,9,2025-10-01,54,22,24,1,2025-10-31,Healthy
130,9,2025-11-01,56,16,23,1,2025-11-27,Healthy
131,9,2025-12-01,55,18,37,0,2025-12-26,Healthy
132,9,2026-01-01,75,19,24,0,2026-01-28,Healthy
133,9,2026-02-01,66,18,43,2,2026-02-25,Healthy
134,9,2026-03-01,71,26,26,0,2026-03-28,Healthy
135,9,2026-04-01,74,22,39,2,2026-04-27,Healthy
136,9,2026-05-01,50,25,31,1,2026-05-29,Healthy
137,9,2026-06-01,75,23,25,1,2026-06-29,Healthy
138,10,2026-02-01,200,18,48,2,2026-02-25,Healthy
139,10,2026-03-01,140,28,37,2,2026-03-26,Healthy
140,10,2026-04-01,111,17,45,2,2026-04-27,Healthy
141,10,2026-05-01,145,24,50,2,2026-05-29,Healthy
142,10,2026-06-01,7,2,6,6,2026-06-03,Critical
143,11,2024-07-01,15,11,12,1,2024-07-24,At Risk
144,11,2024-08-01,18,7,10,2,2024-08-18,At Risk
145,11,2024-09-01,36,11,9,5,2024-09-21,At Risk
146,11,2024-10-01,64,18,28,0,2024-10-28,Healthy
147,11,2024-11-01,63,16,32,2,2024-11-30,Healthy
148,11,2024-12-01,52,18,24,1,2024-12-30,Healthy
149,11,2025-01-01,53,18,41,0,2025-01-26,Healthy
150,11,2025-02-01,57,30,42,0,2025-02-27,Healthy
151,11,2025-03-01,64,16,45,0,2025-03-31,Healthy
152,11,2025-04-01,42,15,48,1,2025-04-29,Healthy
153,11,2025-05-01,57,18,27,2,2025-05-29,Healthy
154,11,2025-06-01,71,17,27,1,2025-06-26,Healthy
155,11,2025-07-01,10,1,4,8,2025-07-08,Critical
156,11,2025-08-01,12,2,2,4,2025-08-14,Critical
157,11,2025-09-01,13,2,4,7,2025-09-08,Critical
158,11,2025-10-01,12,0,0,4,2025-10-14,Critical
159,11,2025-11-01,64,22,41,0,2025-11-25,Healthy
160,11,2025-12-01,53,17,28,0,2025-12-31,Healthy
161,11,2026-01-01,45,30,30,2,2026-01-28,Healthy
162,11,2026-02-01,55,25,31,2,2026-02-26,Healthy
163,11,2026-03-01,61,30,37,1,2026-03-29,Healthy
164,11,2026-04-01,58,28,27,0,2026-04-25,Healthy
165,11,2026-05-01,33,11,12,2,2026-05-17,At Risk
166,11,2026-06-01,29,9,18,2,2026-06-17,At Risk
167,12,2024-08-01,21,3,5,4,2024-08-11,Critical
168,12,2024-09-01,50,4,6,6,2024-09-03,Critical
169,12,2024-10-01,25,1,1,3,2024-10-12,Critical
170,12,2024-11-01,72,10,16,1,2024-11-17,At Risk
171,12,2024-12-01,220,19,29,1,2024-12-26,Healthy
172,12,2025-01-01,93,5,19,4,2025-01-19,At Risk
173,12,2025-02-01,9,0,4,6,2025-02-05,Critical
174,12,2025-03-01,41,2,0,3,2025-03-11,Critical
175,12,2025-04-01,32,1,3,5,2025-04-03,Critical
176,12,2025-05-01,34,1,1,7,2025-05-03,Critical
177,12,2025-06-01,110,12,13,3,2025-06-19,At Risk
178,12,2025-07-01,146,28,35,2,2025-07-28,Healthy
179,12,2025-08-01,206,28,48,0,2025-08-28,Healthy
180,12,2025-09-01,198,29,38,2,2025-09-26,Healthy
181,12,2025-10-01,246,27,27,2,2025-10-30,Healthy
182,12,2025-11-01,183,22,40,2,2025-11-29,Healthy
183,12,2025-12-01,141,23,27,0,2025-12-31,Healthy
184,12,2026-01-01,200,15,28,0,2026-01-26,Healthy
185,12,2026-02-01,158,20,28,0,2026-02-24,Healthy
186,12,2026-03-01,125,11,19,4,2026-03-19,At Risk
187,12,2026-04-01,173,27,28,1,2026-04-27,Healthy
188,12,2026-05-01,215,28,33,0,2026-05-27,Healthy
189,12,2026-06-01,167,18,26,1,2026-06-30,Healthy
190,13,2024-04-01,13,16,34,1,2024-04-25,Healthy
191,13,2024-05-01,15,22,23,0,2024-05-28,Healthy
192,13,2024-06-01,10,30,36,1,2024-06-25,Healthy
193,13,2024-07-01,2,2,3,7,2024-07-13,Critical
194,13,2024-08-01,2,3,1,8,2024-08-03,Critical
195,13,2024-09-01,7,10,12,2,2024-09-21,At Risk
196,13,2024-10-01,5,6,14,2,2024-10-20,At Risk
197,13,2024-11-01,7,5,16,1,2024-11-19,At Risk
198,13,2024-12-01,3,4,6,7,2024-12-08,Critical
199,13,2025-01-01,2,4,7,4,2025-01-01,Critical
200,13,2025-02-01,1,0,0,8,2025-02-07,Critical
201,13,2025-03-01,5,8,17,5,2025-03-22,At Risk
202,13,2025-04-01,6,5,8,5,2025-04-19,At Risk
203,13,2025-05-01,6,5,17,5,2025-05-24,At Risk
204,13,2025-06-01,5,6,14,4,2025-06-18,At Risk
205,13,2025-07-01,7,12,11,3,2025-07-20,At Risk
206,13,2025-08-01,17,16,20,1,2025-08-31,Healthy
207,13,2025-09-01,12,30,26,0,2025-09-26,Healthy
208,13,2025-10-01,16,23,47,0,2025-10-30,Healthy
209,13,2025-11-01,2,1,4,7,2025-11-06,Critical
210,13,2025-12-01,9,12,9,3,2025-12-23,At Risk
211,13,2026-01-01,7,10,9,3,2026-01-20,At Risk
212,13,2026-02-01,3,2,4,7,2026-02-10,Critical
213,13,2026-03-01,2,3,1,3,2026-03-10,Critical
214,13,2026-04-01,2,4,0,4,2026-03-31,Critical
215,13,2026-05-01,6,13,14,1,2026-05-22,At Risk
216,13,2026-06-01,9,13,11,5,2026-06-23,At Risk
217,14,2026-02-01,146,25,24,2,2026-02-24,Healthy
218,14,2026-03-01,107,15,28,0,2026-03-26,Healthy
219,14,2026-04-01,179,30,29,1,2026-04-26,Healthy
220,14,2026-05-01,110,24,29,0,2026-05-27,Healthy
221,14,2026-06-01,117,16,21,2,2026-06-27,Healthy
222,15,2025-01-01,21,17,47,2,2025-01-30,Healthy
223,15,2025-02-01,17,15,40,1,2025-02-28,Healthy
224,15,2025-03-01,8,8,9,3,2025-03-25,At Risk
225,15,2025-04-01,9,5,8,5,2025-04-18,At Risk
226,15,2025-05-01,26,17,47,2,2025-05-29,Healthy
227,15,2025-06-01,17,26,26,0,2025-06-30,Healthy
228,15,2025-07-01,25,29,28,1,2025-07-28,Healthy
229,15,2025-08-01,21,25,44,0,2025-08-26,Healthy
230,15,2025-09-01,11,7,9,5,2025-09-21,At Risk
231,15,2025-10-01,14,27,49,1,2025-10-28,Healthy
232,15,2025-11-01,17,18,50,2,2025-11-26,Healthy
233,15,2025-12-01,15,28,25,0,2025-12-30,Healthy
234,15,2026-01-01,19,21,28,1,2026-01-26,Healthy
235,15,2026-02-01,4,3,3,5,2026-02-06,Critical
236,15,2026-03-01,5,1,5,4,2026-03-04,Critical
237,15,2026-04-01,4,3,7,5,2026-04-04,Critical
238,15,2026-05-01,1,3,6,6,2026-05-02,Critical
239,15,2026-06-01,5,4,6,5,2026-06-02,Critical
240,16,2025-08-01,111,14,10,3,2025-08-20,At Risk
241,16,2025-09-01,79,6,15,4,2025-09-15,At Risk
242,16,2025-10-01,115,8,10,4,2025-10-21,At Risk
243,16,2025-11-01,208,30,33,0,2025-11-28,Healthy
244,16,2025-12-01,225,25,39,1,2025-12-31,Healthy
245,16,2026-01-01,131,12,8,4,2026-01-23,At Risk
246,16,2026-02-01,125,12,18,1,2026-02-22,At Risk
247,16,2026-03-01,39,3,2,7,2026-03-14,Critical
248,16,2026-04-01,64,5,16,2,2026-04-24,At Risk
249,16,2026-05-01,225,27,29,1,2026-05-26,Healthy
250,16,2026-06-01,96,13,18,2,2026-06-22,At Risk
251,17,2024-11-01,450,28,21,2,2024-11-28,Healthy
252,17,2024-12-01,306,22,39,0,2024-12-27,Healthy
253,17,2025-01-01,582,17,40,2,2025-01-27,Healthy
254,17,2025-02-01,430,25,46,0,2025-02-24,Healthy
255,17,2025-03-01,604,21,42,0,2025-03-28,Healthy
256,17,2025-04-01,590,29,41,2,2025-04-29,Healthy
257,17,2025-05-01,468,20,42,1,2025-05-30,Healthy
258,17,2025-06-01,465,25,27,1,2025-06-26,Healthy
259,17,2025-07-01,519,27,39,0,2025-07-28,Healthy
260,17,2025-08-01,406,17,21,2,2025-08-26,Healthy
261,17,2025-09-01,369,24,39,2,2025-09-25,Healthy
262,17,2025-10-01,590,24,24,1,2025-10-31,Healthy
263,17,2025-11-01,435,16,45,2,2025-11-26,Healthy
264,17,2025-12-01,452,23,27,2,2025-12-31,Healthy
265,17,2026-01-01,502,15,43,2,2026-01-29,Healthy
266,17,2026-02-01,215,9,17,5,2026-02-21,At Risk
267,17,2026-03-01,48,0,2,6,2026-03-12,Critical
268,17,2026-04-01,102,3,0,5,2026-04-12,Critical
269,17,2026-05-01,37,3,7,6,2026-05-08,Critical
270,17,2026-06-01,20,4,1,4,2026-06-13,Critical
271,18,2024-09-01,46,23,23,0,2024-09-27,Healthy
272,18,2024-10-01,48,27,24,0,2024-10-31,Healthy
273,18,2024-11-01,25,8,16,1,2024-11-21,At Risk
274,18,2024-12-01,18,7,18,3,2024-12-24,At Risk
275,18,2025-01-01,43,20,40,2,2025-01-27,Healthy
276,18,2025-02-01,60,15,33,1,2025-02-23,Healthy
277,18,2025-03-01,53,26,25,1,2025-03-30,Healthy
278,18,2025-04-01,60,23,23,2,2025-04-26,Healthy
279,18,2025-05-01,66,18,37,2,2025-05-29,Healthy
280,18,2025-06-01,32,10,11,2,2025-06-22,At Risk
281,18,2025-07-01,10,0,5,3,2025-07-12,Critical
282,18,2025-08-01,18,13,15,5,2025-08-20,At Risk
283,18,2025-09-01,14,12,12,4,2025-09-17,At Risk
284,18,2025-10-01,14,14,8,4,2025-10-21,At Risk
285,18,2025-11-01,41,27,41,2,2025-11-28,Healthy
286,18,2025-12-01,68,15,37,0,2025-12-31,Healthy
287,18,2026-01-01,64,18,23,1,2026-01-26,Healthy
288,18,2026-02-01,60,24,41,2,2026-02-27,Healthy
289,18,2026-03-01,26,6,12,1,2026-03-19,At Risk
290,18,2026-04-01,20,10,15,5,2026-04-19,At Risk
291,18,2026-05-01,19,12,12,4,2026-05-24,At Risk
292,18,2026-06-01,53,29,36,2,2026-06-28,Healthy
293,19,2024-05-01,21,17,32,0,2024-05-28,Healthy
294,19,2024-06-01,22,29,27,0,2024-06-28,Healthy
295,19,2024-07-01,23,26,34,1,2024-07-31,Healthy
296,19,2024-08-01,25,25,26,1,2024-08-26,Healthy
297,19,2024-09-01,8,12,9,2,2024-09-17,At Risk
298,19,2024-10-01,29,28,38,0,2024-10-30,Healthy
299,19,2024-11-01,11,7,16,2,2024-11-23,At Risk
300,19,2024-12-01,5,4,3,3,2024-12-05,Critical
301,19,2025-01-01,1,3,5,6,2025-01-10,Critical
302,19,2025-02-01,3,3,4,8,2025-01-31,Critical
303,19,2025-03-01,2,0,7,5,2025-03-14,Critical
304,19,2025-04-01,1,0,5,7,2025-04-14,Critical
305,19,2025-05-01,13,6,16,3,2025-05-16,At Risk
306,19,2025-06-01,11,12,13,1,2025-06-23,At Risk
307,19,2025-07-01,13,12,16,3,2025-07-21,At Risk
308,19,2025-08-01,3,2,3,7,2025-08-07,Critical
309,19,2025-09-01,3,0,0,7,2025-09-01,Critical
310,19,2025-10-01,5,3,4,7,2025-10-04,Critical
311,19,2025-11-01,6,2,2,3,2025-11-09,Critical
312,19,2025-12-01,2,4,1,4,2025-12-02,Critical
313,19,2026-01-01,4,2,1,7,2026-01-06,Critical
314,19,2026-02-01,21,28,42,1,2026-02-25,Healthy
315,19,2026-03-01,20,27,25,1,2026-03-27,Healthy
316,19,2026-04-01,24,23,22,1,2026-04-26,Healthy
317,19,2026-05-01,25,17,34,1,2026-05-29,Healthy
318,19,2026-06-01,22,21,40,2,2026-06-25,Healthy
319,20,2025-05-01,535,23,23,2,2025-05-31,Healthy
320,20,2025-06-01,483,18,41,2,2025-06-28,Healthy
321,20,2025-07-01,702,30,26,2,2025-07-27,Healthy
322,20,2025-08-01,846,25,23,1,2025-08-27,Healthy
323,20,2025-09-01,780,19,31,0,2025-09-26,Healthy
324,20,2025-10-01,800,15,50,1,2025-10-29,Healthy
325,20,2025-11-01,689,29,27,2,2025-11-28,Healthy
326,20,2025-12-01,775,17,31,1,2025-12-28,Healthy
327,20,2026-01-01,684,22,20,1,2026-01-26,Healthy
328,20,2026-02-01,852,17,39,0,2026-02-24,Healthy
329,20,2026-03-01,714,28,26,1,2026-03-30,Healthy
330,20,2026-04-01,893,20,45,1,2026-04-25,Healthy
331,20,2026-05-01,905,30,20,2,2026-05-27,Healthy
332,20,2026-06-01,541,23,45,1,2026-06-30,Healthy
333,21,2024-09-01,15,11,9,4,2024-09-20,At Risk
334,21,2024-10-01,20,9,16,2,2024-10-21,At Risk
335,21,2024-11-01,23,6,11,5,2024-11-24,At Risk
336,21,2024-12-01,28,10,12,2,2024-12-24,At Risk
337,21,2025-01-01,54,23,26,2,2025-01-27,Healthy
338,21,2025-02-01,66,28,23,0,2025-02-25,Healthy
339,21,2025-03-01,15,8,17,4,2025-03-18,At Risk
340,21,2025-04-01,41,19,22,1,2025-04-26,Healthy
341,21,2025-05-01,59,19,42,1,2025-05-30,Healthy
342,21,2025-06-01,47,30,26,2,2025-06-27,Healthy
343,21,2025-07-01,25,5,13,4,2025-07-19,At Risk
344,21,2025-08-01,40,29,41,1,2025-08-28,Healthy
345,21,2025-09-01,55,19,26,0,2025-09-27,Healthy
346,21,2025-10-01,60,22,22,0,2025-10-30,Healthy
347,21,2025-11-01,59,27,46,1,2025-11-27,Healthy
348,21,2025-12-01,30,14,16,5,2025-12-22,At Risk
349,21,2026-01-01,11,4,4,8,2026-01-15,Critical
350,21,2026-02-01,12,4,5,3,2026-02-04,Critical
351,21,2026-03-01,21,13,9,2,2026-03-16,At Risk
352,21,2026-04-01,9,1,4,7,2026-04-12,Critical
353,21,2026-05-01,33,7,17,5,2026-05-22,At Risk
354,21,2026-06-01,46,28,23,1,2026-06-29,Healthy
355,22,2024-09-01,789,26,22,1,2024-09-26,Healthy
356,22,2024-10-01,74,1,7,6,2024-10-06,Critical
357,22,2024-11-01,159,2,0,5,2024-11-02,Critical
358,22,2024-12-01,169,2,0,5,2024-12-09,Critical
359,22,2025-01-01,169,1,2,8,2025-01-02,Critical
360,22,2025-02-01,49,3,0,7,2025-02-09,Critical
361,22,2025-03-01,382,10,10,4,2025-03-22,At Risk
362,22,2025-04-01,681,29,29,1,2025-04-27,Healthy
363,22,2025-05-01,148,0,3,5,2025-05-13,Critical
364,22,2025-06-01,33,2,4,6,2025-06-08,Critical
365,22,2025-07-01,113,2,0,3,2025-07-07,Critical
366,22,2025-08-01,361,7,14,2,2025-08-18,At Risk
367,22,2025-09-01,457,14,15,4,2025-09-16,At Risk
368,22,2025-10-01,777,19,38,1,2025-10-28,Healthy
369,22,2025-11-01,825,17,50,2,2025-11-25,Healthy
370,22,2025-12-01,338,5,16,4,2025-12-23,At Risk
371,22,2026-01-01,121,4,2,3,2026-01-08,Critical
372,22,2026-02-01,150,2,6,7,2026-02-06,Critical
373,22,2026-03-01,905,22,28,1,2026-03-30,Healthy
374,22,2026-04-01,372,6,18,2,2026-04-20,At Risk
375,22,2026-05-01,377,12,14,2,2026-05-24,At Risk
376,22,2026-06-01,24,4,3,5,2026-06-08,Critical
377,23,2024-10-01,7,6,15,1,2024-10-17,At Risk
378,23,2024-11-01,9,6,12,3,2024-11-16,At Risk
379,23,2024-12-01,25,26,37,0,2024-12-28,Healthy
380,23,2025-01-01,17,30,50,1,2025-01-27,Healthy
381,23,2025-02-01,5,3,6,6,2025-02-07,Critical
382,23,2025-03-01,8,10,15,1,2025-03-24,At Risk
383,23,2025-04-01,10,14,8,4,2025-04-15,At Risk
384,23,2025-05-01,4,2,1,6,2025-05-07,Critical
385,23,2025-06-01,13,13,19,1,2025-06-21,At Risk
386,23,2025-07-01,7,5,8,5,2025-07-25,At Risk
387,23,2025-08-01,11,14,12,3,2025-08-22,At Risk
388,23,2025-09-01,6,7,9,4,2025-09-21,At Risk
389,23,2025-10-01,2,0,5,3,2025-10-07,Critical
390,23,2025-11-01,2,0,7,5,2025-11-08,Critical
391,23,2025-12-01,1,0,3,6,2025-12-01,Critical
392,23,2026-01-01,4,4,6,8,2026-01-12,Critical
393,23,2026-02-01,10,12,14,3,2026-02-21,At Risk
394,23,2026-03-01,26,22,24,1,2026-03-27,Healthy
395,23,2026-04-01,22,26,45,0,2026-04-27,Healthy
396,23,2026-05-01,15,23,30,1,2026-05-26,Healthy
397,23,2026-06-01,19,27,41,1,2026-06-30,Healthy
398,24,2025-04-01,11,20,21,1,2025-04-30,Healthy
399,24,2025-05-01,13,19,49,0,2025-05-27,Healthy
400,24,2025-06-01,12,18,45,2,2025-06-30,Healthy
401,24,2025-07-01,14,29,42,1,2025-07-27,Healthy
402,24,2025-08-01,10,17,36,2,2025-08-27,Healthy
403,24,2025-09-01,13,28,27,1,2025-09-30,Healthy
404,24,2025-10-01,11,28,24,2,2025-10-31,Healthy
405,24,2025-11-01,12,16,49,1,2025-11-25,Healthy
406,24,2025-12-01,6,14,18,5,2025-12-25,At Risk
407,24,2026-01-01,2,2,7,3,2026-01-01,Critical
408,24,2026-02-01,2,0,6,7,2026-01-29,Critical
409,24,2026-03-01,1,0,4,4,2026-03-02,Critical
410,24,2026-04-01,2,0,5,7,2026-04-07,Critical
411,24,2026-05-01,14,20,50,1,2026-05-31,Healthy
412,24,2026-06-01,12,26,34,1,2026-06-29,Healthy
413,25,2024-05-01,101,16,34,2,2024-05-26,Healthy
414,25,2024-06-01,111,23,29,2,2024-06-29,Healthy
415,25,2024-07-01,57,9,16,4,2024-07-17,At Risk
416,25,2024-08-01,93,29,22,1,2024-08-31,Healthy
417,25,2024-09-01,129,29,30,2,2024-09-26,Healthy
418,25,2024-10-01,133,27,26,1,2024-10-27,Healthy
419,25,2024-11-01,84,20,31,2,2024-11-28,Healthy
420,25,2024-12-01,140,19,30,0,2024-12-30,Healthy
421,25,2025-01-01,132,20,37,0,2025-01-26,Healthy
422,25,2025-02-01,59,7,19,4,2025-02-15,At Risk
423,25,2025-03-01,61,9,9,1,2025-03-19,At Risk
424,25,2025-04-01,5,4,3,8,2025-04-14,Critical
425,25,2025-05-01,68,5,18,4,2025-05-16,At Risk
426,25,2025-06-01,69,13,11,4,2025-06-23,At Risk
427,25,2025-07-01,16,0,5,4,2025-07-04,Critical
428,25,2025-08-01,26,4,5,3,2025-08-06,Critical
429,25,2025-09-01,26,1,4,5,2025-09-08,Critical
430,25,2025-10-01,43,14,15,4,2025-10-25,At Risk
431,25,2025-11-01,47,14,17,1,2025-11-15,At Risk
432,25,2025-12-01,86,24,37,0,2025-12-26,Healthy
433,25,2026-01-01,72,18,44,1,2026-01-31,Healthy
434,25,2026-02-01,123,27,39,0,2026-02-24,Healthy
435,25,2026-03-01,77,21,25,0,2026-03-29,Healthy
436,25,2026-04-01,67,14,11,4,2026-04-16,At Risk
437,25,2026-05-01,41,7,11,4,2026-05-16,At Risk
438,25,2026-06-01,58,8,15,4,2026-06-18,At Risk
439,26,2025-12-01,108,12,19,5,2025-12-24,At Risk
440,26,2026-01-01,74,5,11,5,2026-01-22,At Risk
441,26,2026-02-01,50,6,15,5,2026-02-16,At Risk
442,26,2026-03-01,82,8,18,1,2026-03-23,At Risk
443,26,2026-04-01,16,3,4,6,2026-04-10,Critical
444,26,2026-05-01,29,1,2,5,2026-05-06,Critical
445,26,2026-06-01,19,2,4,7,2026-06-12,Critical
446,27,2024-04-01,17,7,18,2,2024-04-15,At Risk
447,27,2024-05-01,28,5,17,5,2024-05-22,At Risk
448,27,2024-06-01,18,8,13,2,2024-06-24,At Risk
449,27,2024-07-01,72,24,34,2,2024-07-29,Healthy
450,27,2024-08-01,48,30,35,2,2024-08-29,Healthy
451,27,2024-09-01,53,26,33,1,2024-09-29,Healthy
452,27,2024-10-01,12,0,5,8,2024-10-10,Critical
453,27,2024-11-01,19,5,12,3,2024-11-20,At Risk
454,27,2024-12-01,43,28,28,1,2024-12-29,Healthy
455,27,2025-01-01,46,24,37,0,2025-01-31,Healthy
456,27,2025-02-01,14,1,1,8,2025-01-29,Critical
457,27,2025-03-01,6,1,7,7,2025-03-07,Critical
458,27,2025-04-01,10,1,5,8,2025-04-01,Critical
459,27,2025-05-01,6,1,5,4,2025-05-03,Critical
460,27,2025-06-01,50,25,35,1,2025-06-26,Healthy
461,27,2025-07-01,72,24,29,0,2025-07-31,Healthy
462,27,2025-08-01,16,9,11,2,2025-08-24,At Risk
463,27,2025-09-01,31,9,16,5,2025-09-19,At Risk
464,27,2025-10-01,70,20,50,0,2025-10-30,Healthy
465,27,2025-11-01,57,29,37,1,2025-11-26,Healthy
466,27,2025-12-01,50,16,31,1,2025-12-26,Healthy
467,27,2026-01-01,58,27,50,2,2026-01-30,Healthy
468,27,2026-02-01,20,10,10,5,2026-02-15,At Risk
469,27,2026-03-01,32,10,12,2,2026-03-18,At Risk
470,27,2026-04-01,46,20,29,1,2026-04-26,Healthy
471,27,2026-05-01,61,15,42,2,2026-05-26,Healthy
472,27,2026-06-01,56,26,41,1,2026-06-29,Healthy
473,28,2024-03-01,110,8,17,3,2024-03-20,At Risk
474,28,2024-04-01,221,22,50,1,2024-04-26,Healthy
475,28,2024-05-01,173,18,46,0,2024-05-26,Healthy
476,28,2024-06-01,37,0,1,6,2024-06-11,Critical
477,28,2024-07-01,21,4,7,6,2024-07-08,Critical
478,28,2024-08-01,52,1,0,4,2024-08-13,Critical
479,28,2024-09-01,283,24,24,0,2024-09-28,Healthy
480,28,2024-10-01,196,23,41,1,2024-10-27,Healthy
481,28,2024-11-01,291,29,28,0,2024-11-28,Healthy
482,28,2024-12-01,263,15,32,2,2024-12-28,Healthy
483,28,2025-01-01,163,19,25,1,2025-01-26,Healthy
484,28,2025-02-01,248,25,43,2,2025-02-26,Healthy
485,28,2025-03-01,145,8,8,3,2025-03-23,At Risk
486,28,2025-04-01,129,7,12,4,2025-04-23,At Risk
487,28,2025-05-01,107,5,17,5,2025-05-22,At Risk
488,28,2025-06-01,22,0,2,5,2025-06-08,Critical
489,28,2025-07-01,28,4,1,7,2025-07-10,Critical
490,28,2025-08-01,13,1,1,7,2025-08-14,Critical
491,28,2025-09-01,22,1,6,7,2025-09-02,Critical
492,28,2025-10-01,137,6,15,2,2025-10-24,At Risk
493,28,2025-11-01,263,27,20,0,2025-11-28,Healthy
494,28,2025-12-01,164,22,47,0,2025-12-27,Healthy
495,28,2026-01-01,314,17,36,0,2026-01-27,Healthy
496,28,2026-02-01,287,22,42,1,2026-02-27,Healthy
497,28,2026-03-01,176,16,27,2,2026-03-30,Healthy
498,28,2026-04-01,267,18,35,0,2026-04-26,Healthy
499,28,2026-05-01,164,30,23,1,2026-05-28,Healthy
500,28,2026-06-01,297,17,31,2,2026-06-25,Healthy
501,29,2024-03-01,35,15,42,1,2024-03-31,Healthy
502,29,2024-04-01,28,26,36,0,2024-04-25,Healthy
503,29,2024-05-01,19,5,14,2,2024-05-24,At Risk
504,29,2024-06-01,5,4,1,6,2024-06-12,Critical
505,29,2024-07-01,1,4,6,4,2024-07-11,Critical
506,29,2024-08-01,6,0,2,7,2024-08-10,Critical
507,29,2024-09-01,41,28,20,2,2024-09-30,Healthy
508,29,2024-10-01,23,27,49,1,2024-10-26,Healthy
509,29,2024-11-01,34,26,32,0,2024-11-25,Healthy
510,29,2024-12-01,28,17,41,0,2024-12-29,Healthy
511,29,2025-01-01,24,26,32,1,2025-01-29,Healthy
512,29,2025-02-01,39,30,50,2,2025-02-28,Healthy
513,29,2025-03-01,31,23,45,1,2025-03-30,Healthy
514,29,2025-04-01,27,15,49,0,2025-04-30,Healthy
515,29,2025-05-01,39,26,39,2,2025-05-26,Healthy
516,29,2025-06-01,31,27,41,2,2025-06-29,Healthy
517,29,2025-07-01,23,30,37,1,2025-07-26,Healthy
518,29,2025-08-01,6,3,0,5,2025-08-10,Critical
519,29,2025-09-01,7,0,7,6,2025-09-06,Critical
520,29,2025-10-01,8,14,14,3,2025-10-16,At Risk
521,29,2025-11-01,23,23,38,1,2025-11-26,Healthy
522,29,2025-12-01,37,16,32,1,2025-12-27,Healthy
523,29,2026-01-01,16,14,14,2,2026-01-20,At Risk
524,29,2026-02-01,41,30,40,0,2026-02-24,Healthy
525,29,2026-03-01,33,20,26,1,2026-03-28,Healthy
526,29,2026-04-01,41,15,45,2,2026-04-27,Healthy
527,29,2026-05-01,40,25,47,2,2026-05-28,Healthy
528,29,2026-06-01,31,24,41,1,2026-06-28,Healthy
529,30,2024-04-01,17,20,31,0,2024-04-25,Healthy
530,30,2024-05-01,19,16,48,2,2024-05-29,Healthy
531,30,2024-06-01,24,23,38,0,2024-06-28,Healthy
532,30,2024-07-01,25,18,43,0,2024-07-27,Healthy
533,30,2024-08-01,28,16,39,1,2024-08-26,Healthy
534,30,2024-09-01,31,21,41,1,2024-09-25,Healthy
535,30,2024-10-01,11,5,19,3,2024-10-20,At Risk
536,30,2024-11-01,19,22,47,1,2024-11-26,Healthy
537,30,2024-12-01,22,15,36,0,2024-12-30,Healthy
538,30,2025-01-01,28,26,32,2,2025-01-30,Healthy
539,30,2025-02-01,22,26,29,2,2025-02-26,Healthy
540,30,2025-03-01,18,19,42,2,2025-03-26,Healthy
541,30,2025-04-01,27,25,36,0,2025-04-27,Healthy
542,30,2025-05-01,29,17,33,2,2025-05-26,Healthy
543,30,2025-06-01,12,9,9,4,2025-06-16,At Risk
544,30,2025-07-01,7,8,17,5,2025-07-24,At Risk
545,30,2025-08-01,23,22,21,2,2025-08-27,Healthy
546,30,2025-09-01,22,22,39,1,2025-09-26,Healthy
547,30,2025-10-01,16,20,31,2,2025-10-26,Healthy
548,30,2025-11-01,11,10,10,5,2025-11-23,At Risk
549,30,2025-12-01,22,26,33,2,2025-12-31,Healthy
550,30,2026-01-01,25,24,46,2,2026-01-29,Healthy
551,30,2026-02-01,9,6,16,4,2026-02-18,At Risk
552,30,2026-03-01,17,26,47,2,2026-03-29,Healthy
553,30,2026-04-01,30,24,30,2,2026-04-28,Healthy
554,30,2026-05-01,30,18,27,1,2026-05-30,Healthy
555,30,2026-06-01,6,9,14,2,2026-06-22,At Risk
556,31,2025-07-01,25,16,25,2,2025-07-30,Healthy
557,31,2025-08-01,25,22,40,2,2025-08-26,Healthy
558,31,2025-09-01,30,29,46,0,2025-09-30,Healthy
559,31,2025-10-01,28,30,47,1,2025-10-29,Healthy
560,31,2025-11-01,24,25,35,1,2025-11-25,Healthy
561,31,2025-12-01,37,28,28,1,2025-12-31,Healthy
562,31,2026-01-01,41,16,30,0,2026-01-28,Healthy
563,31,2026-02-01,38,30,29,2,2026-02-28,Healthy
564,31,2026-03-01,33,16,39,0,2026-03-30,Healthy
565,31,2026-04-01,27,22,43,0,2026-04-30,Healthy
566,31,2026-05-01,33,30,20,1,2026-05-26,Healthy
567,31,2026-06-01,22,22,50,0,2026-06-26,Healthy
568,32,2025-05-01,10,8,8,1,2025-05-19,At Risk
569,32,2025-06-01,15,11,19,1,2025-06-23,At Risk
570,32,2025-07-01,1,3,1,8,2025-07-11,Critical
571,32,2025-08-01,4,3,6,4,2025-08-10,Critical
572,32,2025-09-01,3,3,2,8,2025-09-13,Critical
573,32,2025-10-01,3,0,6,3,2025-10-14,Critical
574,32,2025-11-01,2,1,5,3,2025-11-07,Critical
575,32,2025-12-01,3,3,3,7,2025-12-04,Critical
576,32,2026-01-01,8,12,15,2,2026-01-17,At Risk
577,32,2026-02-01,10,10,8,2,2026-02-16,At Risk
578,32,2026-03-01,14,13,17,1,2026-03-20,At Risk
579,32,2026-04-01,7,10,13,4,2026-04-21,At Risk
580,32,2026-05-01,12,13,18,5,2026-05-18,At Risk
581,32,2026-06-01,11,5,12,2,2026-06-18,At Risk
582,33,2024-12-01,42,23,45,1,2024-12-31,Healthy
583,33,2025-01-01,38,22,42,1,2025-01-27,Healthy
584,33,2025-02-01,68,23,20,0,2025-02-23,Healthy
585,33,2025-03-01,13,4,7,7,2025-03-05,Critical
586,33,2025-04-01,6,1,6,7,2025-04-06,Critical
587,33,2025-05-01,11,0,4,7,2025-05-08,Critical
588,33,2025-06-01,57,15,22,1,2025-06-27,Healthy
589,33,2025-07-01,56,25,23,0,2025-07-27,Healthy
590,33,2025-08-01,3,2,2,5,2025-08-05,Critical
591,33,2025-09-01,5,2,1,6,2025-09-08,Critical
592,33,2025-10-01,8,0,1,8,2025-10-07,Critical
593,33,2025-11-01,6,0,4,6,2025-11-05,Critical
594,33,2025-12-01,27,10,18,5,2025-12-25,At Risk
595,33,2026-01-01,66,28,46,1,2026-01-28,Healthy
596,33,2026-02-01,37,29,24,0,2026-02-23,Healthy
597,33,2026-03-01,61,19,30,2,2026-03-30,Healthy
598,33,2026-04-01,32,12,10,5,2026-04-19,At Risk
599,33,2026-05-01,60,30,23,0,2026-05-29,Healthy
600,33,2026-06-01,55,26,21,2,2026-06-27,Healthy
601,34,2025-05-01,104,24,44,2,2025-05-28,Healthy
602,34,2025-06-01,90,24,24,2,2025-06-25,Healthy
603,34,2025-07-01,106,20,22,1,2025-07-26,Healthy
604,34,2025-08-01,98,29,35,0,2025-08-28,Healthy
605,34,2025-09-01,51,8,8,1,2025-09-19,At Risk
606,34,2025-10-01,46,14,12,3,2025-10-18,At Risk
607,34,2025-11-01,53,12,8,2,2025-11-23,At Risk
608,34,2025-12-01,116,30,27,0,2025-12-28,Healthy
609,34,2026-01-01,30,13,12,2,2026-01-24,At Risk
610,34,2026-02-01,6,0,3,5,2026-02-12,Critical
611,34,2026-03-01,23,1,2,6,2026-03-08,Critical
612,34,2026-04-01,63,8,13,2,2026-04-15,At Risk
613,34,2026-05-01,37,14,16,3,2026-05-24,At Risk
614,34,2026-06-01,88,15,34,1,2026-06-30,Healthy
615,35,2025-03-01,19,20,49,1,2025-03-27,Healthy
616,35,2025-04-01,36,27,25,2,2025-04-27,Healthy
617,35,2025-05-01,32,15,40,2,2025-05-30,Healthy
618,35,2025-06-01,21,17,29,1,2025-06-28,Healthy
619,35,2025-07-01,35,17,28,0,2025-07-27,Healthy
620,35,2025-08-01,6,2,0,6,2025-08-15,Critical
621,35,2025-09-01,15,11,19,5,2025-09-16,At Risk
622,35,2025-10-01,18,12,13,5,2025-10-17,At Risk
623,35,2025-11-01,11,11,9,3,2025-11-16,At Risk
624,35,2025-12-01,33,23,40,1,2025-12-30,Healthy
625,35,2026-01-01,34,15,30,0,2026-01-28,Healthy
626,35,2026-02-01,32,30,46,1,2026-02-24,Healthy
627,35,2026-03-01,3,4,7,3,2026-03-03,Critical
628,35,2026-04-01,12,13,11,3,2026-04-24,At Risk
629,35,2026-05-01,14,12,16,2,2026-05-22,At Risk
630,35,2026-06-01,9,12,8,5,2026-06-23,At Risk
631,36,2025-08-01,87,21,20,1,2025-08-29,Healthy
632,36,2025-09-01,126,25,43,2,2025-09-30,Healthy
633,36,2025-10-01,40,12,18,2,2025-10-16,At Risk
634,36,2025-11-01,63,8,12,1,2025-11-21,At Risk
635,36,2025-12-01,54,5,13,1,2025-12-23,At Risk
636,36,2026-01-01,39,13,12,4,2026-01-19,At Risk
637,36,2026-02-01,30,12,9,2,2026-02-16,At Risk
638,36,2026-03-01,83,18,27,2,2026-03-26,Healthy
639,36,2026-04-01,80,22,49,0,2026-04-28,Healthy
640,36,2026-05-01,46,5,11,4,2026-05-18,At Risk
641,36,2026-06-01,8,2,5,8,2026-06-12,Critical
642,37,2025-09-01,122,16,36,1,2025-09-26,Healthy
643,37,2025-10-01,76,22,26,2,2025-10-29,Healthy
644,37,2025-11-01,96,28,31,2,2025-11-28,Healthy
645,37,2025-12-01,129,22,25,1,2025-12-31,Healthy
646,37,2026-01-01,120,25,33,2,2026-01-30,Healthy
647,37,2026-02-01,94,19,49,0,2026-02-28,Healthy
648,37,2026-03-01,94,25,31,0,2026-03-31,Healthy
649,37,2026-04-01,145,23,50,0,2026-04-25,Healthy
650,37,2026-05-01,26,3,1,3,2026-05-04,Critical
651,37,2026-06-01,68,13,16,3,2026-06-16,At Risk
652,38,2025-04-01,210,25,20,0,2025-04-27,Healthy
653,38,2025-05-01,232,15,44,0,2025-05-28,Healthy
654,38,2025-06-01,195,25,47,0,2025-06-30,Healthy
655,38,2025-07-01,169,22,43,0,2025-07-27,Healthy
656,38,2025-08-01,128,17,41,0,2025-08-31,Healthy
657,38,2025-09-01,251,30,38,2,2025-09-27,Healthy
658,38,2025-10-01,126,9,13,4,2025-10-17,At Risk
659,38,2025-11-01,207,22,34,0,2025-11-27,Healthy
660,38,2025-12-01,157,16,38,0,2025-12-27,Healthy
661,38,2026-01-01,154,27,49,2,2026-01-28,Healthy
662,38,2026-02-01,146,19,34,1,2026-02-28,Healthy
663,38,2026-03-01,228,30,37,2,2026-03-26,Healthy
664,38,2026-04-01,183,17,46,0,2026-04-27,Healthy
665,38,2026-05-01,130,17,42,2,2026-05-26,Healthy
666,38,2026-06-01,148,25,22,0,2026-06-29,Healthy
667,39,2024-06-01,42,21,21,2,2024-06-25,Healthy
668,39,2024-07-01,48,21,49,1,2024-07-27,Healthy
669,39,2024-08-01,36,23,24,1,2024-08-30,Healthy
670,39,2024-09-01,44,18,46,1,2024-09-30,Healthy
671,39,2024-10-01,34,18,29,2,2024-10-30,Healthy
672,39,2024-11-01,31,21,44,0,2024-11-27,Healthy
673,39,2024-12-01,16,5,15,4,2024-12-22,At Risk
674,39,2025-01-01,38,26,45,1,2025-01-26,Healthy
675,39,2025-02-01,47,24,50,2,2025-02-27,Healthy
676,39,2025-03-01,41,30,46,1,2025-03-27,Healthy
677,39,2025-04-01,10,7,15,3,2025-04-23,At Risk
678,39,2025-05-01,19,11,16,4,2025-05-17,At Risk
679,39,2025-06-01,11,6,14,3,2025-06-16,At Risk
680,39,2025-07-01,25,9,16,2,2025-07-23,At Risk
681,39,2025-08-01,16,11,13,2,2025-08-16,At Risk
682,39,2025-09-01,24,11,11,1,2025-09-17,At Risk
683,39,2025-10-01,17,12,13,4,2025-10-17,At Risk
684,39,2025-11-01,22,13,10,5,2025-11-23,At Risk
685,39,2025-12-01,27,22,27,2,2025-12-30,Healthy
686,39,2026-01-01,37,20,46,1,2026-01-31,Healthy
687,39,2026-02-01,50,19,25,0,2026-02-25,Healthy
688,39,2026-03-01,33,22,39,1,2026-03-29,Healthy
689,39,2026-04-01,21,14,19,2,2026-04-21,At Risk
690,39,2026-05-01,11,12,14,5,2026-05-16,At Risk
691,39,2026-06-01,10,9,9,3,2026-06-21,At Risk
692,40,2024-03-01,89,9,17,4,2024-03-16,At Risk
693,40,2024-04-01,66,9,15,1,2024-04-15,At Risk
694,40,2024-05-01,22,2,6,7,2024-05-02,Critical
695,40,2024-06-01,26,3,4,8,2024-06-02,Critical
696,40,2024-07-01,38,0,0,7,2024-07-12,Critical
697,40,2024-08-01,129,27,43,1,2024-08-29,Healthy
698,40,2024-09-01,149,26,40,1,2024-09-29,Healthy
699,40,2024-10-01,239,24,41,2,2024-10-28,Healthy
700,40,2024-11-01,208,25,50,1,2024-11-28,Healthy
701,40,2024-12-01,167,19,40,2,2024-12-27,Healthy
702,40,2025-01-01,169,16,43,1,2025-01-31,Healthy
703,40,2025-02-01,128,19,32,1,2025-02-25,Healthy
704,40,2025-03-01,195,29,37,2,2025-03-28,Healthy
705,40,2025-04-01,195,27,34,2,2025-04-30,Healthy
706,40,2025-05-01,55,13,9,2,2025-05-22,At Risk
707,40,2025-06-01,117,14,13,4,2025-06-17,At Risk
708,40,2025-07-01,228,19,46,0,2025-07-26,Healthy
709,40,2025-08-01,130,29,48,0,2025-08-29,Healthy
710,40,2025-09-01,65,6,19,5,2025-09-22,At Risk
711,40,2025-10-01,62,7,14,2,2025-10-20,At Risk
712,40,2025-11-01,65,10,19,4,2025-11-18,At Risk
713,40,2025-12-01,95,11,10,3,2025-12-20,At Risk
714,40,2026-01-01,74,13,9,5,2026-01-19,At Risk
715,40,2026-02-01,8,0,7,3,2026-01-29,Critical
716,40,2026-03-01,27,1,1,3,2026-03-08,Critical
717,40,2026-04-01,17,4,6,3,2026-04-08,Critical
718,40,2026-05-01,57,12,19,3,2026-05-20,At Risk
719,40,2026-06-01,131,29,41,0,2026-06-25,Healthy
720,41,2024-04-01,282,18,27,0,2024-04-25,Healthy
721,41,2024-05-01,361,30,31,1,2024-05-30,Healthy
722,41,2024-06-01,40,4,0,3,2024-06-04,Critical
723,41,2024-07-01,103,13,10,5,2024-07-18,At Risk
724,41,2024-08-01,73,5,12,3,2024-08-22,At Risk
725,41,2024-09-01,76,8,19,1,2024-09-15,At Risk
726,41,2024-10-01,314,30,37,1,2024-10-28,Healthy
727,41,2024-11-01,233,25,35,1,2024-11-30,Healthy
728,41,2024-12-01,134,8,10,1,2024-12-16,At Risk
729,41,2025-01-01,116,13,10,5,2025-01-16,At Risk
730,41,2025-02-01,221,30,27,2,2025-02-25,Healthy
731,41,2025-03-01,170,5,15,2,2025-03-22,At Risk
732,41,2025-04-01,158,11,15,3,2025-04-19,At Risk
733,41,2025-05-01,136,5,19,5,2025-05-16,At Risk
734,41,2025-06-01,136,12,13,4,2025-06-15,At Risk
735,41,2025-07-01,124,5,19,5,2025-07-23,At Risk
736,41,2025-08-01,152,11,14,3,2025-08-22,At Risk
737,41,2025-09-01,361,23,37,1,2025-09-29,Healthy
738,41,2025-10-01,345,18,40,0,2025-10-26,Healthy
739,41,2025-11-01,36,3,2,4,2025-11-02,Critical
740,41,2025-12-01,276,19,48,2,2025-12-29,Healthy
741,41,2026-01-01,93,7,8,2,2026-01-24,At Risk
742,41,2026-02-01,171,10,15,3,2026-02-20,At Risk
743,41,2026-03-01,353,25,30,1,2026-03-28,Healthy
744,41,2026-04-01,240,20,42,0,2026-04-30,Healthy
745,41,2026-05-01,341,18,23,1,2026-05-31,Healthy
746,41,2026-06-01,323,18,47,1,2026-06-26,Healthy
747,42,2024-08-01,133,26,28,2,2024-08-31,Healthy
748,42,2024-09-01,147,24,43,2,2024-09-29,Healthy
749,42,2024-10-01,145,16,23,1,2024-10-27,Healthy
750,42,2024-11-01,34,8,15,4,2024-11-21,At Risk
751,42,2024-12-01,100,20,43,0,2024-12-31,Healthy
752,42,2025-01-01,107,25,37,1,2025-01-29,Healthy
753,42,2025-02-01,146,18,35,2,2025-02-28,Healthy
754,42,2025-03-01,81,30,21,1,2025-03-30,Healthy
755,42,2025-04-01,72,7,17,4,2025-04-17,At Risk
756,42,2025-05-01,39,10,14,3,2025-05-22,At Risk
757,42,2025-06-01,57,11,8,1,2025-06-22,At Risk
758,42,2025-07-01,28,4,4,5,2025-07-04,Critical
759,42,2025-08-01,47,14,18,2,2025-08-16,At Risk
760,42,2025-09-01,96,20,50,1,2025-09-26,Healthy
761,42,2025-10-01,113,30,46,2,2025-10-26,Healthy
762,42,2025-11-01,124,30,27,0,2025-11-27,Healthy
763,42,2025-12-01,91,17,42,1,2025-12-26,Healthy
764,42,2026-01-01,104,29,37,0,2026-01-26,Healthy
765,42,2026-02-01,108,26,49,1,2026-02-24,Healthy
766,42,2026-03-01,134,21,46,1,2026-03-27,Healthy
767,42,2026-04-01,107,26,49,0,2026-04-25,Healthy
768,42,2026-05-01,112,25,49,0,2026-05-27,Healthy
769,42,2026-06-01,138,27,37,2,2026-06-26,Healthy
770,43,2024-08-01,365,20,48,1,2024-08-31,Healthy
771,43,2024-09-01,650,20,39,2,2024-09-25,Healthy
772,43,2024-10-01,496,29,44,0,2024-10-26,Healthy
773,43,2024-11-01,658,27,47,2,2024-11-26,Healthy
774,43,2024-12-01,691,29,30,1,2024-12-30,Healthy
775,43,2025-01-01,211,5,16,2,2025-01-20,At Risk
776,43,2025-02-01,191,8,14,2,2025-02-14,At Risk
777,43,2025-03-01,201,9,12,3,2025-03-16,At Risk
778,43,2025-04-01,246,14,15,1,2025-04-22,At Risk
779,43,2025-05-01,244,13,9,2,2025-05-19,At Risk
780,43,2025-06-01,286,10,16,5,2025-06-23,At Risk
781,43,2025-07-01,262,7,17,3,2025-07-22,At Risk
782,43,2025-08-01,337,11,19,3,2025-08-17,At Risk
783,43,2025-09-01,112,2,2,5,2025-09-01,Critical
784,43,2025-10-01,42,4,0,3,2025-10-01,Critical
785,43,2025-11-01,44,4,1,3,2025-11-14,Critical
786,43,2025-12-01,48,0,2,6,2025-12-08,Critical
787,43,2026-01-01,18,4,1,3,2026-01-15,Critical
788,43,2026-02-01,245,12,18,2,2026-02-20,At Risk
789,43,2026-03-01,280,9,18,3,2026-03-16,At Risk
790,43,2026-04-01,214,7,10,4,2026-04-20,At Risk
791,43,2026-05-01,61,0,7,6,2026-05-06,Critical
792,43,2026-06-01,215,6,16,4,2026-06-16,At Risk
793,44,2025-07-01,15,10,13,3,2025-07-21,At Risk
794,44,2025-08-01,16,5,18,4,2025-08-25,At Risk
795,44,2025-09-01,15,12,9,2,2025-09-19,At Risk
796,44,2025-10-01,19,12,17,1,2025-10-17,At Risk
797,44,2025-11-01,44,19,22,1,2025-11-27,Healthy
798,44,2025-12-01,5,0,4,5,2025-12-07,Critical
799,44,2026-01-01,9,1,1,5,2026-01-05,Critical
800,44,2026-02-01,12,10,11,2,2026-02-17,At Risk
801,44,2026-03-01,42,17,25,2,2026-03-27,Healthy
802,44,2026-04-01,34,22,39,0,2026-04-25,Healthy
803,44,2026-05-01,50,18,50,0,2026-05-31,Healthy
804,44,2026-06-01,45,18,46,2,2026-06-28,Healthy
805,45,2025-10-01,195,23,32,2,2025-10-30,Healthy
806,45,2025-11-01,298,26,25,1,2025-11-25,Healthy
807,45,2025-12-01,300,16,37,0,2025-12-27,Healthy
808,45,2026-01-01,49,4,1,5,2026-01-09,Critical
809,45,2026-02-01,111,14,9,5,2026-02-19,At Risk
810,45,2026-03-01,111,9,17,1,2026-03-17,At Risk
811,45,2026-04-01,105,5,18,1,2026-04-23,At Risk
812,45,2026-05-01,248,29,34,0,2026-05-29,Healthy
813,45,2026-06-01,271,22,50,2,2026-06-28,Healthy
814,46,2025-09-01,40,19,22,1,2025-09-28,Healthy
815,46,2025-10-01,32,18,29,1,2025-10-30,Healthy
816,46,2025-11-01,29,24,40,2,2025-11-28,Healthy
817,46,2025-12-01,21,23,28,1,2025-12-30,Healthy
818,46,2026-01-01,31,25,38,1,2026-01-30,Healthy
819,46,2026-02-01,24,20,50,1,2026-02-26,Healthy
820,46,2026-03-01,1,4,0,5,2026-03-04,Critical
821,46,2026-04-01,14,9,11,2,2026-04-19,At Risk
822,46,2026-05-01,9,12,16,1,2026-05-16,At Risk
823,46,2026-06-01,10,9,9,3,2026-06-22,At Risk
824,47,2025-05-01,731,12,16,5,2025-05-22,At Risk
825,47,2025-06-01,455,2,3,3,2025-06-03,Critical
826,47,2025-07-01,1124,14,16,4,2025-07-19,At Risk
827,47,2025-08-01,696,10,15,2,2025-08-20,At Risk
828,47,2025-09-01,701,10,17,5,2025-09-15,At Risk
829,47,2025-10-01,1466,5,19,4,2025-10-21,At Risk
830,47,2025-11-01,961,5,9,4,2025-11-20,At Risk
831,47,2025-12-01,1224,12,8,1,2025-12-23,At Risk
832,47,2026-01-01,621,10,9,1,2026-01-21,At Risk
833,47,2026-02-01,1473,12,13,4,2026-02-21,At Risk
834,47,2026-03-01,478,0,2,4,2026-03-07,Critical
835,47,2026-04-01,506,4,7,6,2026-04-01,Critical
836,47,2026-05-01,1125,14,9,1,2026-05-19,At Risk
837,47,2026-06-01,282,1,3,6,2026-05-31,Critical
838,48,2024-08-01,15,12,16,4,2024-08-23,At Risk
839,48,2024-09-01,26,21,44,2,2024-09-27,Healthy
840,48,2024-10-01,20,11,19,5,2024-10-24,At Risk
841,48,2024-11-01,16,5,11,2,2024-11-15,At Risk
842,48,2024-12-01,13,11,12,5,2024-12-23,At Risk
843,48,2025-01-01,4,4,1,6,2025-01-07,Critical
844,48,2025-02-01,44,21,48,0,2025-02-24,Healthy
845,48,2025-03-01,43,28,21,0,2025-03-31,Healthy
846,48,2025-04-01,33,30,25,1,2025-04-26,Healthy
847,48,2025-05-01,40,22,50,2,2025-05-31,Healthy
848,48,2025-06-01,25,21,46,0,2025-06-29,Healthy
849,48,2025-07-01,23,14,14,5,2025-07-20,At Risk
850,48,2025-08-01,43,28,44,2,2025-08-29,Healthy
851,48,2025-09-01,2,3,6,5,2025-09-01,Critical
852,48,2025-10-01,16,8,9,3,2025-10-23,At Risk
853,48,2025-11-01,47,19,40,0,2025-11-29,Healthy
854,48,2025-12-01,46,25,23,1,2025-12-29,Healthy
855,48,2026-01-01,27,20,29,0,2026-01-29,Healthy
856,48,2026-02-01,29,27,20,2,2026-02-26,Healthy
857,48,2026-03-01,42,21,23,0,2026-03-29,Healthy
858,48,2026-04-01,44,28,49,0,2026-04-25,Healthy
859,48,2026-05-01,26,17,39,1,2026-05-29,Healthy
860,48,2026-06-01,37,19,25,0,2026-06-29,Healthy
861,49,2024-07-01,241,15,40,0,2024-07-30,Healthy
862,49,2024-08-01,240,25,20,1,2024-08-30,Healthy
863,49,2024-09-01,90,12,15,2,2024-09-16,At Risk
864,49,2024-10-01,130,8,19,3,2024-10-20,At Risk
865,49,2024-11-01,91,11,15,3,2024-11-19,At Risk
866,49,2024-12-01,136,10,19,1,2024-12-17,At Risk
867,49,2025-01-01,128,8,15,4,2025-01-24,At Risk
868,49,2025-02-01,93,14,11,4,2025-02-16,At Risk
869,49,2025-03-01,112,9,12,1,2025-03-21,At Risk
870,49,2025-04-01,23,3,6,3,2025-04-09,Critical
871,49,2025-05-01,13,2,4,3,2025-05-09,Critical
872,49,2025-06-01,33,2,6,7,2025-06-06,Critical
873,49,2025-07-01,44,4,4,5,2025-07-09,Critical
874,49,2025-08-01,147,6,19,2,2025-08-17,At Risk
875,49,2025-09-01,160,11,15,3,2025-09-21,At Risk
876,49,2025-10-01,151,6,8,5,2025-10-25,At Risk
877,49,2025-11-01,296,26,32,0,2025-11-26,Healthy
878,49,2025-12-01,240,27,44,1,2025-12-28,Healthy
879,49,2026-01-01,297,15,49,0,2026-01-26,Healthy
880,49,2026-02-01,373,20,26,0,2026-02-25,Healthy
881,49,2026-03-01,215,20,49,1,2026-03-31,Healthy
882,49,2026-04-01,368,23,48,1,2026-04-28,Healthy
883,49,2026-05-01,195,29,48,0,2026-05-29,Healthy
884,49,2026-06-01,361,18,50,0,2026-06-30,Healthy
885,50,2025-12-01,370,27,49,1,2025-12-28,Healthy
886,50,2026-01-01,124,6,11,5,2026-01-20,At Risk
887,50,2026-02-01,243,17,38,0,2026-02-26,Healthy
888,50,2026-03-01,237,25,38,1,2026-03-30,Healthy
889,50,2026-04-01,132,13,17,4,2026-04-19,At Risk
890,50,2026-05-01,161,11,9,2,2026-05-18,At Risk
891,50,2026-06-01,117,9,19,5,2026-06-18,At Risk
892,51,2024-09-01,620,18,20,0,2024-09-25,Healthy
893,51,2024-10-01,257,5,12,1,2024-10-19,At Risk
894,51,2024-11-01,299,8,14,4,2024-11-23,At Risk
895,51,2024-12-01,63,3,1,3,2024-12-15,Critical
896,51,2025-01-01,21,0,7,5,2025-01-03,Critical
897,51,2025-02-01,266,14,11,3,2025-02-14,At Risk
898,51,2025-03-01,143,6,9,1,2025-03-22,At Risk
899,51,2025-04-01,178,13,13,5,2025-04-24,At Risk
900,51,2025-05-01,138,6,10,3,2025-05-18,At Risk
901,51,2025-06-01,153,10,9,2,2025-06-19,At Risk
902,51,2025-07-01,100,1,2,6,2025-07-01,Critical
903,51,2025-08-01,54,4,0,3,2025-08-02,Critical
904,51,2025-09-01,97,0,5,6,2025-09-01,Critical
905,51,2025-10-01,50,0,4,5,2025-10-04,Critical
906,51,2025-11-01,103,2,7,3,2025-11-06,Critical
907,51,2025-12-01,204,7,8,1,2025-12-22,At Risk
908,51,2026-01-01,280,6,13,5,2026-01-20,At Risk
909,51,2026-02-01,448,27,30,1,2026-02-24,Healthy
910,51,2026-03-01,58,4,6,7,2026-03-04,Critical
911,51,2026-04-01,46,1,0,4,2026-04-04,Critical
912,51,2026-05-01,123,0,7,8,2026-05-06,Critical
913,51,2026-06-01,113,0,5,3,2026-06-09,Critical
914,52,2024-09-01,44,23,36,0,2024-09-28,Healthy
915,52,2024-10-01,58,29,33,2,2024-10-29,Healthy
916,52,2024-11-01,46,22,44,2,2024-11-28,Healthy
917,52,2024-12-01,19,11,8,4,2024-12-24,At Risk
918,52,2025-01-01,33,9,11,5,2025-01-24,At Risk
919,52,2025-02-01,32,12,19,5,2025-02-13,At Risk
920,52,2025-03-01,7,2,0,5,2025-03-11,Critical
921,52,2025-04-01,24,9,18,3,2025-04-18,At Risk
922,52,2025-05-01,67,28,35,2,2025-05-30,Healthy
923,52,2025-06-01,41,30,43,2,2025-06-27,Healthy
924,52,2025-07-01,69,19,40,0,2025-07-26,Healthy
925,52,2025-08-01,14,6,15,1,2025-08-21,At Risk
926,52,2025-09-01,24,8,10,2,2025-09-19,At Risk
927,52,2025-10-01,16,13,9,3,2025-10-19,At Risk
928,52,2025-11-01,63,19,37,1,2025-11-25,Healthy
929,52,2025-12-01,59,15,50,0,2025-12-30,Healthy
930,52,2026-01-01,57,27,24,2,2026-01-28,Healthy
931,52,2026-02-01,61,24,24,2,2026-02-27,Healthy
932,52,2026-03-01,51,25,45,0,2026-03-28,Healthy
933,52,2026-04-01,25,11,18,1,2026-04-24,At Risk
934,52,2026-05-01,32,13,19,1,2026-05-16,At Risk
935,52,2026-06-01,15,6,14,1,2026-06-21,At Risk
936,53,2025-03-01,2,5,11,4,2025-03-23,At Risk
937,53,2025-04-01,4,19,35,2,2025-04-27,Healthy
938,53,2025-05-01,6,26,42,2,2025-05-26,Healthy
939,53,2025-06-01,6,26,45,2,2025-06-26,Healthy
940,53,2025-07-01,7,21,23,2,2025-07-31,Healthy
941,53,2025-08-01,6,27,27,1,2025-08-30,Healthy
942,53,2025-09-01,4,22,47,1,2025-09-29,Healthy
943,53,2025-10-01,5,26,20,0,2025-10-28,Healthy
944,53,2025-11-01,3,5,12,3,2025-11-19,At Risk
945,53,2025-12-01,1,0,1,3,2025-12-02,Critical
946,53,2026-01-01,5,16,20,0,2026-01-26,Healthy
947,53,2026-02-01,4,21,49,2,2026-02-27,Healthy
948,53,2026-03-01,4,21,26,0,2026-03-26,Healthy
949,53,2026-04-01,7,27,22,1,2026-04-27,Healthy
950,53,2026-05-01,2,6,12,1,2026-05-25,At Risk
951,53,2026-06-01,6,22,47,2,2026-06-26,Healthy
952,54,2025-11-01,13,30,46,0,2025-11-29,Healthy
953,54,2025-12-01,13,21,23,0,2025-12-29,Healthy
954,54,2026-01-01,13,26,40,0,2026-01-29,Healthy
955,54,2026-02-01,16,26,45,2,2026-02-25,Healthy
956,54,2026-03-01,6,7,12,2,2026-03-20,At Risk
957,54,2026-04-01,9,12,13,5,2026-04-20,At Risk
958,54,2026-05-01,6,14,10,5,2026-05-19,At Risk
959,54,2026-06-01,9,6,16,4,2026-06-16,At Risk
960,55,2025-05-01,47,20,36,0,2025-05-27,Healthy
961,55,2025-06-01,57,19,28,1,2025-06-29,Healthy
962,55,2025-07-01,34,24,46,2,2025-07-30,Healthy
963,55,2025-08-01,56,19,21,2,2025-08-28,Healthy
964,55,2025-09-01,45,24,42,2,2025-09-26,Healthy
965,55,2025-10-01,8,4,6,4,2025-10-14,Critical
966,55,2025-11-01,9,2,1,7,2025-11-08,Critical
967,55,2025-12-01,28,14,12,2,2025-12-19,At Risk
968,55,2026-01-01,27,10,14,2,2026-01-25,At Risk
969,55,2026-02-01,18,8,11,5,2026-02-17,At Risk
970,55,2026-03-01,24,7,9,5,2026-03-16,At Risk
971,55,2026-04-01,18,8,16,5,2026-04-23,At Risk
972,55,2026-05-01,22,12,13,2,2026-05-19,At Risk
973,55,2026-06-01,30,11,13,5,2026-06-17,At Risk
974,56,2025-03-01,27,11,9,1,2025-03-18,At Risk
975,56,2025-04-01,3,3,6,3,2025-04-11,Critical
976,56,2025-05-01,11,4,6,5,2025-05-04,Critical
977,56,2025-06-01,11,4,7,3,2025-06-14,Critical
978,56,2025-07-01,12,3,2,7,2025-07-02,Critical
979,56,2025-08-01,12,0,6,6,2025-08-15,Critical
980,56,2025-09-01,4,2,4,3,2025-09-08,Critical
981,56,2025-10-01,31,7,8,1,2025-10-25,At Risk
982,56,2025-11-01,15,13,13,4,2025-11-21,At Risk
983,56,2025-12-01,25,14,8,3,2025-12-17,At Risk
984,56,2026-01-01,22,10,18,2,2026-01-22,At Risk
985,56,2026-02-01,13,8,10,3,2026-02-17,At Risk
986,56,2026-03-01,13,5,19,2,2026-03-22,At Risk
987,56,2026-04-01,58,25,40,1,2026-04-26,Healthy
988,56,2026-05-01,39,24,44,2,2026-05-30,Healthy
989,56,2026-06-01,56,28,44,0,2026-06-29,Healthy
990,57,2025-08-01,34,16,36,2,2025-08-29,Healthy
991,57,2025-09-01,34,21,42,2,2025-09-27,Healthy
992,57,2025-10-01,27,30,34,1,2025-10-29,Healthy
993,57,2025-11-01,23,17,40,0,2025-11-30,Healthy
994,57,2025-12-01,34,16,47,0,2025-12-30,Healthy
995,57,2026-01-01,34,26,36,1,2026-01-26,Healthy
996,57,2026-02-01,29,16,24,1,2026-02-26,Healthy
997,57,2026-03-01,34,26,46,2,2026-03-31,Healthy
998,57,2026-04-01,27,22,40,2,2026-04-25,Healthy
999,57,2026-05-01,33,17,43,2,2026-05-27,Healthy
1000,57,2026-06-01,39,15,23,1,2026-06-25,Healthy
1001,58,2025-06-01,26,21,50,1,2025-06-26,Healthy
1002,58,2025-07-01,38,19,30,0,2025-07-27,Healthy
1003,58,2025-08-01,34,17,26,1,2025-08-29,Healthy
1004,58,2025-09-01,36,28,45,2,2025-09-29,Healthy
1005,58,2025-10-01,30,21,37,2,2025-10-31,Healthy
1006,58,2025-11-01,3,4,6,7,2025-11-09,Critical
1007,58,2025-12-01,5,3,4,4,2025-12-09,Critical
1008,58,2026-01-01,23,30,30,0,2026-01-28,Healthy
1009,58,2026-02-01,28,21,47,1,2026-02-24,Healthy
1010,58,2026-03-01,30,17,34,1,2026-03-31,Healthy
1011,58,2026-04-01,11,13,12,5,2026-04-20,At Risk
1012,58,2026-05-01,9,11,14,1,2026-05-16,At Risk
1013,58,2026-06-01,16,12,12,2,2026-06-20,At Risk
1014,59,2025-03-01,11,17,29,0,2025-03-31,Healthy
1015,59,2025-04-01,12,29,21,1,2025-04-30,Healthy
1016,59,2025-05-01,8,16,44,0,2025-05-26,Healthy
1017,59,2025-06-01,9,20,31,0,2025-06-29,Healthy
1018,59,2025-07-01,10,22,46,0,2025-07-26,Healthy
1019,59,2025-08-01,14,20,37,2,2025-08-27,Healthy
1020,59,2025-09-01,12,22,25,2,2025-09-26,Healthy
1021,59,2025-10-01,6,12,16,2,2025-10-25,At Risk
1022,59,2025-11-01,4,6,18,2,2025-11-15,At Risk
1023,59,2025-12-01,13,18,21,2,2025-12-29,Healthy
1024,59,2026-01-01,8,26,38,2,2026-01-30,Healthy
1025,59,2026-02-01,9,23,30,0,2026-02-27,Healthy
1026,59,2026-03-01,9,18,20,1,2026-03-29,Healthy
1027,59,2026-04-01,14,18,22,2,2026-04-25,Healthy
1028,59,2026-05-01,8,22,21,2,2026-05-31,Healthy
1029,59,2026-06-01,13,15,26,1,2026-06-29,Healthy
1030,60,2025-06-01,11,23,29,0,2025-06-30,Healthy
1031,60,2025-07-01,11,15,35,1,2025-07-30,Healthy
1032,60,2025-08-01,14,16,30,2,2025-08-29,Healthy
1033,60,2025-09-01,10,25,37,1,2025-09-25,Healthy
1034,60,2025-10-01,4,11,12,4,2025-10-21,At Risk
1035,60,2025-11-01,3,8,9,2,2025-11-17,At Risk
1036,60,2025-12-01,2,3,2,7,2025-12-14,Critical
1037,60,2026-01-01,2,2,7,5,2026-01-11,Critical
1038,60,2026-02-01,7,13,8,5,2026-02-21,At Risk
1039,60,2026-03-01,13,19,27,2,2026-03-30,Healthy
1040,60,2026-04-01,12,28,22,2,2026-04-29,Healthy
1041,60,2026-05-01,7,16,34,2,2026-05-31,Healthy
1042,60,2026-06-01,10,25,42,2,2026-06-28,Healthy
1043,61,2026-01-01,699,18,43,1,2026-01-26,Healthy
1044,61,2026-02-01,784,29,21,1,2026-02-28,Healthy
1045,61,2026-03-01,856,24,32,1,2026-03-30,Healthy
1046,61,2026-04-01,685,29,36,2,2026-04-26,Healthy
1047,61,2026-05-01,742,23,26,1,2026-05-27,Healthy
1048,61,2026-06-01,648,25,21,0,2026-06-27,Healthy
1049,62,2025-08-01,16,21,20,1,2025-08-30,Healthy
1050,62,2025-09-01,15,17,21,2,2025-09-29,Healthy
1051,62,2025-10-01,18,23,45,1,2025-10-27,Healthy
1052,62,2025-11-01,13,19,29,2,2025-11-27,Healthy
1053,62,2025-12-01,5,10,10,2,2025-12-17,At Risk
1054,62,2026-01-01,6,11,11,2,2026-01-25,At Risk
1055,62,2026-02-01,7,11,17,1,2026-02-20,At Risk
1056,62,2026-03-01,12,18,31,1,2026-03-29,Healthy
1057,62,2026-04-01,17,25,46,2,2026-04-26,Healthy
1058,62,2026-05-01,13,15,23,0,2026-05-27,Healthy
1059,62,2026-06-01,1,4,2,3,2026-06-06,Critical
1060,63,2024-12-01,13,2,7,3,2024-12-09,Critical
1061,63,2025-01-01,7,2,4,3,2025-01-02,Critical
1062,63,2025-02-01,9,4,4,4,2025-02-02,Critical
1063,63,2025-03-01,4,3,3,3,2025-03-05,Critical
1064,63,2025-04-01,9,0,7,4,2025-04-08,Critical
1065,63,2025-05-01,60,18,23,0,2025-05-29,Healthy
1066,63,2025-06-01,29,14,16,5,2025-06-20,At Risk
1067,63,2025-07-01,23,14,19,5,2025-07-20,At Risk
1068,63,2025-08-01,12,2,0,6,2025-08-07,Critical
1069,63,2025-09-01,8,0,4,4,2025-09-13,Critical
1070,63,2025-10-01,3,1,3,5,2025-10-02,Critical
1071,63,2025-11-01,7,1,3,3,2025-11-13,Critical
1072,63,2025-12-01,19,12,11,4,2025-12-22,At Risk
1073,63,2026-01-01,56,23,40,2,2026-01-27,Healthy
1074,63,2026-02-01,66,26,37,1,2026-02-24,Healthy
1075,63,2026-03-01,56,21,23,0,2026-03-29,Healthy
1076,63,2026-04-01,55,26,39,0,2026-04-30,Healthy
1077,63,2026-05-01,52,29,40,0,2026-05-26,Healthy
1078,63,2026-06-01,65,15,50,0,2026-06-25,Healthy
1079,64,2024-04-01,13,17,26,0,2024-04-25,Healthy
1080,64,2024-05-01,17,29,49,0,2024-05-27,Healthy
1081,64,2024-06-01,1,3,3,3,2024-06-12,Critical
1082,64,2024-07-01,9,6,13,4,2024-07-18,At Risk
1083,64,2024-08-01,6,6,11,4,2024-08-22,At Risk
1084,64,2024-09-01,5,5,9,4,2024-09-15,At Risk
1085,64,2024-10-01,1,2,2,7,2024-10-05,Critical
1086,64,2024-11-01,2,1,4,8,2024-11-04,Critical
1087,64,2024-12-01,10,5,9,3,2024-12-18,At Risk
1088,64,2025-01-01,8,5,10,4,2025-01-18,At Risk
1089,64,2025-02-01,9,7,16,5,2025-02-15,At Risk
1090,64,2025-03-01,2,4,0,5,2025-03-09,Critical
1091,64,2025-04-01,3,2,3,3,2025-04-01,Critical
1092,64,2025-05-01,10,14,14,5,2025-05-16,At Risk
1093,64,2025-06-01,8,6,13,4,2025-06-17,At Risk
1094,64,2025-07-01,7,5,8,1,2025-07-19,At Risk
1095,64,2025-08-01,16,15,24,1,2025-08-26,Healthy
1096,64,2025-09-01,19,16,20,2,2025-09-26,Healthy
1097,64,2025-10-01,18,26,42,0,2025-10-30,Healthy
1098,64,2025-11-01,15,24,34,0,2025-11-29,Healthy
1099,64,2025-12-01,17,20,41,0,2025-12-31,Healthy
1100,64,2026-01-01,18,28,34,2,2026-01-27,Healthy
1101,64,2026-02-01,11,28,36,2,2026-02-25,Healthy
1102,64,2026-03-01,19,24,30,0,2026-03-29,Healthy
1103,64,2026-04-01,12,16,48,2,2026-04-25,Healthy
1104,64,2026-05-01,19,27,34,2,2026-05-30,Healthy
1105,64,2026-06-01,20,20,47,1,2026-06-26,Healthy
1106,65,2025-06-01,174,12,17,4,2025-06-19,At Risk
1107,65,2025-07-01,205,14,16,4,2025-07-16,At Risk
1108,65,2025-08-01,466,21,45,2,2025-08-28,Healthy
1109,65,2025-09-01,416,27,27,2,2025-09-28,Healthy
1110,65,2025-10-01,161,5,13,3,2025-10-17,At Risk
1111,65,2025-11-01,443,21,38,0,2025-11-29,Healthy
1112,65,2025-12-01,384,15,27,2,2025-12-30,Healthy
1113,65,2026-01-01,19,1,7,6,2026-01-09,Critical
1114,65,2026-02-01,409,22,40,2,2026-02-28,Healthy
1115,65,2026-03-01,566,23,39,0,2026-03-28,Healthy
1116,65,2026-04-01,574,15,35,0,2026-04-29,Healthy
1117,65,2026-05-01,559,16,29,0,2026-05-30,Healthy
1118,65,2026-06-01,384,17,33,0,2026-06-26,Healthy
1119,66,2025-01-01,12,21,44,2,2025-01-28,Healthy
1120,66,2025-02-01,11,25,43,1,2025-02-23,Healthy
1121,66,2025-03-01,5,13,10,3,2025-03-21,At Risk
1122,66,2025-04-01,8,7,11,4,2025-04-17,At Risk
1123,66,2025-05-01,3,8,17,2,2025-05-23,At Risk
1124,66,2025-06-01,4,8,17,3,2025-06-19,At Risk
1125,66,2025-07-01,12,30,36,1,2025-07-29,Healthy
1126,66,2025-08-01,14,15,27,2,2025-08-30,Healthy
1127,66,2025-09-01,8,9,11,2,2025-09-16,At Risk
1128,66,2025-10-01,8,13,18,1,2025-10-20,At Risk
1129,66,2025-11-01,4,5,17,4,2025-11-21,At Risk
1130,66,2025-12-01,8,11,10,3,2025-12-23,At Risk
1131,66,2026-01-01,8,12,16,5,2026-01-17,At Risk
1132,66,2026-02-01,6,13,13,1,2026-02-18,At Risk
1133,66,2026-03-01,6,11,9,1,2026-03-25,At Risk
1134,66,2026-04-01,4,10,10,5,2026-04-17,At Risk
1135,66,2026-05-01,2,3,1,5,2026-05-02,Critical
1136,66,2026-06-01,1,4,1,8,2026-06-09,Critical
1137,67,2025-01-01,22,26,33,2,2025-01-31,Healthy
1138,67,2025-02-01,42,29,27,2,2025-02-25,Healthy
1139,67,2025-03-01,11,10,13,5,2025-03-23,At Risk
1140,67,2025-04-01,21,8,11,1,2025-04-15,At Risk
1141,67,2025-05-01,6,1,1,8,2025-05-06,Critical
1142,67,2025-06-01,21,5,18,1,2025-06-21,At Risk
1143,67,2025-07-01,14,11,18,3,2025-07-24,At Risk
1144,67,2025-08-01,42,22,22,2,2025-08-30,Healthy
1145,67,2025-09-01,38,29,29,2,2025-09-28,Healthy
1146,67,2025-10-01,33,28,46,1,2025-10-26,Healthy
1147,67,2025-11-01,40,27,49,0,2025-11-28,Healthy
1148,67,2025-12-01,37,18,29,0,2025-12-30,Healthy
1149,67,2026-01-01,27,17,22,1,2026-01-31,Healthy
1150,67,2026-02-01,41,25,44,1,2026-02-26,Healthy
1151,67,2026-03-01,23,23,45,2,2026-03-27,Healthy
1152,67,2026-04-01,37,25,26,1,2026-04-28,Healthy
1153,67,2026-05-01,1,2,6,6,2026-05-05,Critical
1154,67,2026-06-01,21,6,9,3,2026-06-24,At Risk
1155,68,2024-11-01,10,22,38,1,2024-11-28,Healthy
1156,68,2024-12-01,9,23,44,1,2024-12-29,Healthy
1157,68,2025-01-01,11,15,47,2,2025-01-28,Healthy
1158,68,2025-02-01,7,26,26,2,2025-02-27,Healthy
1159,68,2025-03-01,10,20,38,2,2025-03-26,Healthy
1160,68,2025-04-01,6,6,13,4,2025-04-19,At Risk
1161,68,2025-05-01,2,0,4,7,2025-05-01,Critical
1162,68,2025-06-01,1,2,5,7,2025-06-07,Critical
1163,68,2025-07-01,2,1,2,7,2025-07-11,Critical
1164,68,2025-08-01,1,4,0,7,2025-08-08,Critical
1165,68,2025-09-01,1,3,2,3,2025-08-31,Critical
1166,68,2025-10-01,2,1,5,4,2025-10-07,Critical
1167,68,2025-11-01,1,3,5,6,2025-11-07,Critical
1168,68,2025-12-01,1,0,5,8,2025-12-08,Critical
1169,68,2026-01-01,1,3,1,5,2026-01-04,Critical
1170,68,2026-02-01,2,4,5,3,2026-02-03,Critical
1171,68,2026-03-01,2,0,7,6,2026-03-04,Critical
1172,68,2026-04-01,1,1,0,4,2026-04-13,Critical
1173,68,2026-05-01,3,11,16,4,2026-05-17,At Risk
1174,68,2026-06-01,11,23,29,2,2026-06-27,Healthy
1175,69,2024-04-01,31,8,13,5,2024-04-20,At Risk
1176,69,2024-05-01,34,12,18,1,2024-05-16,At Risk
1177,69,2024-06-01,114,19,22,2,2024-06-27,Healthy
1178,69,2024-07-01,82,24,30,0,2024-07-31,Healthy
1179,69,2024-08-01,92,27,28,1,2024-08-30,Healthy
1180,69,2024-09-01,114,18,47,1,2024-09-25,Healthy
1181,69,2024-10-01,79,29,35,1,2024-10-29,Healthy
1182,69,2024-11-01,82,30,45,0,2024-11-30,Healthy
1183,69,2024-12-01,45,8,12,5,2024-12-25,At Risk
1184,69,2025-01-01,9,4,6,4,2025-01-13,Critical
1185,69,2025-02-01,43,7,9,2,2025-02-21,At Risk
1186,69,2025-03-01,48,9,9,4,2025-03-19,At Risk
1187,69,2025-04-01,11,2,0,6,2025-04-10,Critical
1188,69,2025-05-01,90,27,36,1,2025-05-27,Healthy
1189,69,2025-06-01,78,20,49,1,2025-06-27,Healthy
1190,69,2025-07-01,62,8,16,5,2025-07-21,At Risk
1191,69,2025-08-01,9,1,0,8,2025-08-03,Critical
1192,69,2025-09-01,9,4,1,8,2025-09-02,Critical
1193,69,2025-10-01,22,4,1,4,2025-10-06,Critical
1194,69,2025-11-01,57,11,15,2,2025-11-16,At Risk
1195,69,2025-12-01,18,0,0,7,2025-12-08,Critical
1196,69,2026-01-01,19,4,0,5,2026-01-15,Critical
1197,69,2026-02-01,9,1,6,4,2026-02-12,Critical
1198,69,2026-03-01,69,6,18,4,2026-03-20,At Risk
1199,69,2026-04-01,51,11,15,1,2026-04-15,At Risk
1200,69,2026-05-01,17,4,5,8,2026-05-12,Critical
1201,69,2026-06-01,90,23,21,0,2026-06-28,Healthy
1202,70,2024-04-01,56,8,9,3,2024-04-16,At Risk
1203,70,2024-05-01,105,10,16,5,2024-05-24,At Risk
1204,70,2024-06-01,67,12,8,2,2024-06-18,At Risk
1205,70,2024-07-01,63,10,10,1,2024-07-21,At Risk
1206,70,2024-08-01,11,4,1,7,2024-08-07,Critical
1207,70,2024-09-01,17,0,5,8,2024-09-09,Critical
1208,70,2024-10-01,189,25,22,1,2024-10-26,Healthy
1209,70,2024-11-01,154,22,30,1,2024-11-30,Healthy
1210,70,2024-12-01,221,22,34,0,2024-12-28,Healthy
1211,70,2025-01-01,132,26,34,1,2025-01-27,Healthy
1212,70,2025-02-01,192,23,40,1,2025-02-26,Healthy
1213,70,2025-03-01,140,23,46,1,2025-03-28,Healthy
1214,70,2025-04-01,121,22,29,0,2025-04-26,Healthy
1215,70,2025-05-01,165,29,50,2,2025-05-30,Healthy
1216,70,2025-06-01,31,0,1,7,2025-06-02,Critical
1217,70,2025-07-01,35,1,1,5,2025-07-07,Critical
1218,70,2025-08-01,108,12,8,4,2025-08-25,At Risk
1219,70,2025-09-01,65,13,19,1,2025-09-22,At Risk
1220,70,2025-10-01,64,6,9,4,2025-10-21,At Risk
1221,70,2025-11-01,85,11,12,5,2025-11-20,At Risk
1222,70,2025-12-01,27,3,0,7,2025-12-05,Critical
1223,70,2026-01-01,28,2,4,5,2026-01-11,Critical
1224,70,2026-02-01,38,4,0,6,2026-02-12,Critical
1225,70,2026-03-01,108,10,18,2,2026-03-25,At Risk
1226,70,2026-04-01,54,13,9,3,2026-04-20,At Risk
1227,70,2026-05-01,82,14,8,5,2026-05-18,At Risk
1228,70,2026-06-01,171,29,21,0,2026-06-30,Healthy
1229,71,2024-09-01,15,16,46,2,2024-09-29,Healthy
1230,71,2024-10-01,15,30,36,0,2024-10-30,Healthy
1231,71,2024-11-01,16,18,47,1,2024-11-30,Healthy
1232,71,2024-12-01,12,21,45,1,2024-12-30,Healthy
1233,71,2025-01-01,8,12,9,5,2025-01-19,At Risk
1234,71,2025-02-01,3,2,5,6,2025-02-03,Critical
1235,71,2025-03-01,2,0,6,7,2025-03-14,Critical
1236,71,2025-04-01,11,15,26,2,2025-04-26,Healthy
1237,71,2025-05-01,10,26,46,2,2025-05-29,Healthy
1238,71,2025-06-01,10,25,29,1,2025-06-29,Healthy
1239,71,2025-07-01,11,22,44,2,2025-07-27,Healthy
1240,71,2025-08-01,13,25,35,1,2025-08-28,Healthy
1241,71,2025-09-01,12,21,49,1,2025-09-28,Healthy
1242,71,2025-10-01,15,26,31,2,2025-10-31,Healthy
1243,71,2025-11-01,16,15,21,0,2025-11-25,Healthy
1244,71,2025-12-01,7,6,12,1,2025-12-21,At Risk
1245,71,2026-01-01,16,15,28,2,2026-01-29,Healthy
1246,71,2026-02-01,15,26,43,0,2026-02-26,Healthy
1247,71,2026-03-01,11,27,45,1,2026-03-29,Healthy
1248,71,2026-04-01,1,4,7,7,2026-04-02,Critical
1249,71,2026-05-01,8,10,14,4,2026-05-17,At Risk
1250,71,2026-06-01,6,8,10,1,2026-06-16,At Risk
1251,72,2025-09-01,33,28,31,2,2025-09-29,Healthy
1252,72,2025-10-01,18,9,12,3,2025-10-23,At Risk
1253,72,2025-11-01,8,12,12,3,2025-11-16,At Risk
1254,72,2025-12-01,33,16,29,2,2025-12-29,Healthy
1255,72,2026-01-01,38,29,41,1,2026-01-29,Healthy
1256,72,2026-02-01,23,16,42,1,2026-02-23,Healthy
1257,72,2026-03-01,40,25,26,0,2026-03-29,Healthy
1258,72,2026-04-01,41,26,44,0,2026-04-27,Healthy
1259,72,2026-05-01,31,17,33,2,2026-05-27,Healthy
1260,72,2026-06-01,40,20,40,2,2026-06-28,Healthy
1261,73,2025-02-01,34,28,27,1,2025-02-24,Healthy
1262,73,2025-03-01,32,18,44,0,2025-03-29,Healthy
1263,73,2025-04-01,43,21,48,0,2025-04-28,Healthy
1264,73,2025-05-01,2,4,0,4,2025-05-04,Critical
1265,73,2025-06-01,40,30,24,0,2025-06-25,Healthy
1266,73,2025-07-01,4,1,5,3,2025-07-10,Critical
1267,73,2025-08-01,8,1,1,5,2025-08-08,Critical
1268,73,2025-09-01,7,0,0,6,2025-09-10,Critical
1269,73,2025-10-01,3,3,6,4,2025-10-09,Critical
1270,73,2025-11-01,1,3,6,3,2025-11-08,Critical
1271,73,2025-12-01,3,0,2,4,2025-12-06,Critical
1272,73,2026-01-01,2,2,5,4,2026-01-03,Critical
1273,73,2026-02-01,3,3,4,7,2026-02-04,Critical
1274,73,2026-03-01,5,2,7,8,2026-03-06,Critical
1275,73,2026-04-01,17,12,14,5,2026-04-23,At Risk
1276,73,2026-05-01,1,0,0,4,2026-05-12,Critical
1277,73,2026-06-01,12,9,19,5,2026-06-23,At Risk
1278,74,2024-08-01,1155,28,34,1,2024-08-28,Healthy
1279,74,2024-09-01,1986,29,26,0,2024-09-27,Healthy
1280,74,2024-10-01,1310,18,23,1,2024-10-30,Healthy
1281,74,2024-11-01,1184,29,24,2,2024-11-30,Healthy
1282,74,2024-12-01,1377,26,38,1,2024-12-30,Healthy
1283,74,2025-01-01,1557,27,37,1,2025-01-26,Healthy
1284,74,2025-02-01,1549,16,25,1,2025-02-23,Healthy
1285,74,2025-03-01,1642,19,21,1,2025-03-27,Healthy
1286,74,2025-04-01,1382,20,49,2,2025-04-25,Healthy
1287,74,2025-05-01,1849,26,25,2,2025-05-26,Healthy
1288,74,2025-06-01,1926,26,32,1,2025-06-29,Healthy
1289,74,2025-07-01,440,10,9,5,2025-07-20,At Risk
1290,74,2025-08-01,1374,23,23,0,2025-08-26,Healthy
1291,74,2025-09-01,1564,22,28,1,2025-09-28,Healthy
1292,74,2025-10-01,1749,16,29,0,2025-10-29,Healthy
1293,74,2025-11-01,1104,27,36,2,2025-11-30,Healthy
1294,74,2025-12-01,1154,25,38,1,2025-12-27,Healthy
1295,74,2026-01-01,1085,22,29,1,2026-01-29,Healthy
1296,74,2026-02-01,1162,23,35,0,2026-02-23,Healthy
1297,74,2026-03-01,1920,16,36,0,2026-03-29,Healthy
1298,74,2026-04-01,1346,29,38,1,2026-04-26,Healthy
1299,74,2026-05-01,1906,16,32,1,2026-05-30,Healthy
1300,74,2026-06-01,1319,19,44,0,2026-06-30,Healthy
1301,75,2025-09-01,23,19,26,2,2025-09-25,Healthy
1302,75,2025-10-01,12,26,20,0,2025-10-30,Healthy
1303,75,2025-11-01,12,23,33,2,2025-11-26,Healthy
1304,75,2025-12-01,22,25,27,1,2025-12-30,Healthy
1305,75,2026-01-01,9,5,17,5,2026-01-17,At Risk
1306,75,2026-02-01,2,0,6,5,2026-02-06,Critical
1307,75,2026-03-01,3,3,4,8,2026-03-03,Critical
1308,75,2026-04-01,3,1,5,4,2026-04-09,Critical
1309,75,2026-05-01,2,0,2,3,2026-05-07,Critical
1310,75,2026-06-01,3,0,1,3,2026-06-12,Critical
1311,76,2025-08-01,221,25,34,0,2025-08-26,Healthy
1312,76,2025-09-01,234,21,39,0,2025-09-25,Healthy
1313,76,2025-10-01,115,5,9,5,2025-10-20,At Risk
1314,76,2025-11-01,224,18,49,2,2025-11-27,Healthy
1315,76,2025-12-01,198,15,27,0,2025-12-26,Healthy
1316,76,2026-01-01,232,18,44,2,2026-01-30,Healthy
1317,76,2026-02-01,206,15,47,1,2026-02-24,Healthy
1318,76,2026-03-01,106,12,18,4,2026-03-22,At Risk
1319,76,2026-04-01,64,9,15,5,2026-04-23,At Risk
1320,76,2026-05-01,58,7,9,4,2026-05-22,At Risk
1321,76,2026-06-01,112,10,19,1,2026-06-20,At Risk
1322,77,2025-05-01,228,17,35,2,2025-05-26,Healthy
1323,77,2025-06-01,222,16,31,1,2025-06-25,Healthy
1324,77,2025-07-01,271,21,32,1,2025-07-29,Healthy
1325,77,2025-08-01,282,27,46,1,2025-08-30,Healthy
1326,77,2025-09-01,77,11,18,2,2025-09-16,At Risk
1327,77,2025-10-01,327,20,23,2,2025-10-28,Healthy
1328,77,2025-11-01,146,8,19,3,2025-11-18,At Risk
1329,77,2025-12-01,41,0,1,3,2025-12-12,Critical
1330,77,2026-01-01,33,2,2,7,2026-01-07,Critical
1331,77,2026-02-01,57,1,1,5,2026-02-02,Critical
1332,77,2026-03-01,22,2,4,7,2026-03-06,Critical
1333,77,2026-04-01,137,10,16,4,2026-04-24,At Risk
1334,77,2026-05-01,143,11,18,5,2026-05-18,At Risk
1335,77,2026-06-01,133,5,16,4,2026-06-17,At Risk
1336,78,2026-02-01,20,8,13,3,2026-02-13,At Risk
1337,78,2026-03-01,25,7,17,2,2026-03-18,At Risk
1338,78,2026-04-01,39,30,34,0,2026-04-25,Healthy
1339,78,2026-05-01,45,28,33,2,2026-05-30,Healthy
1340,78,2026-06-01,53,16,27,0,2026-06-27,Healthy
1341,79,2025-10-01,560,29,26,0,2025-10-27,Healthy
1342,79,2025-11-01,514,27,23,1,2025-11-29,Healthy
1343,79,2025-12-01,512,15,27,1,2025-12-29,Healthy
1344,79,2026-01-01,910,21,36,2,2026-01-27,Healthy
1345,79,2026-02-01,832,15,20,2,2026-02-26,Healthy
1346,79,2026-03-01,566,19,37,0,2026-03-27,Healthy
1347,79,2026-04-01,814,15,20,1,2026-04-26,Healthy
1348,79,2026-05-01,648,23,30,2,2026-05-28,Healthy
1349,79,2026-06-01,578,22,38,1,2026-06-27,Healthy
1350,80,2025-07-01,222,19,40,2,2025-07-30,Healthy
1351,80,2025-08-01,241,22,27,1,2025-08-31,Healthy
1352,80,2025-09-01,235,23,28,1,2025-09-30,Healthy
1353,80,2025-10-01,278,15,40,1,2025-10-29,Healthy
1354,80,2025-11-01,88,8,15,1,2025-11-23,At Risk
1355,80,2025-12-01,167,12,17,3,2025-12-20,At Risk
1356,80,2026-01-01,223,25,40,1,2026-01-26,Healthy
1357,80,2026-02-01,266,18,43,1,2026-02-27,Healthy
1358,80,2026-03-01,312,25,29,1,2026-03-26,Healthy
1359,80,2026-04-01,106,10,11,1,2026-04-21,At Risk
1360,80,2026-05-01,108,10,10,1,2026-05-22,At Risk
1361,80,2026-06-01,242,19,36,0,2026-06-28,Healthy
1362,81,2025-07-01,176,18,50,0,2025-07-29,Healthy
1363,81,2025-08-01,45,10,14,1,2025-08-23,At Risk
1364,81,2025-09-01,7,2,5,5,2025-09-13,Critical
1365,81,2025-10-01,18,2,3,6,2025-10-12,Critical
1366,81,2025-11-01,76,7,11,2,2025-11-22,At Risk
1367,81,2025-12-01,60,6,16,5,2025-12-17,At Risk
1368,81,2026-01-01,66,11,11,3,2026-01-24,At Risk
1369,81,2026-02-01,44,9,15,1,2026-02-21,At Risk
1370,81,2026-03-01,42,7,12,1,2026-03-22,At Risk
1371,81,2026-04-01,123,18,42,1,2026-04-30,Healthy
1372,81,2026-05-01,171,17,28,0,2026-05-26,Healthy
1373,81,2026-06-01,37,6,17,1,2026-06-23,At Risk
1374,82,2024-06-01,4,7,10,3,2024-06-19,At Risk
1375,82,2024-07-01,5,7,8,3,2024-07-25,At Risk
1376,82,2024-08-01,2,3,3,4,2024-08-07,Critical
1377,82,2024-09-01,2,1,6,7,2024-09-14,Critical
1378,82,2024-10-01,7,5,15,2,2024-10-18,At Risk
1379,82,2024-11-01,1,4,1,3,2024-11-05,Critical
1380,82,2024-12-01,7,11,9,1,2024-12-22,At Risk
1381,82,2025-01-01,2,0,6,5,2025-01-03,Critical
1382,82,2025-02-01,1,3,1,4,2025-02-07,Critical
1383,82,2025-03-01,1,0,7,6,2025-03-09,Critical
1384,82,2025-04-01,2,2,7,4,2025-04-04,Critical
1385,82,2025-05-01,5,13,12,1,2025-05-22,At Risk
1386,82,2025-06-01,6,13,18,3,2025-06-20,At Risk
1387,82,2025-07-01,1,0,0,7,2025-07-11,Critical
1388,82,2025-08-01,5,11,13,1,2025-08-24,At Risk
1389,82,2025-09-01,14,15,44,1,2025-09-29,Healthy
1390,82,2025-10-01,10,17,30,1,2025-10-30,Healthy
1391,82,2025-11-01,5,8,9,3,2025-11-20,At Risk
1392,82,2025-12-01,2,2,6,4,2025-12-09,Critical
1393,82,2026-01-01,2,2,6,8,2026-01-07,Critical
1394,82,2026-02-01,2,0,4,5,2026-02-09,Critical
1395,82,2026-03-01,6,10,10,5,2026-03-25,At Risk
1396,82,2026-04-01,3,14,13,3,2026-04-23,At Risk
1397,82,2026-05-01,13,16,50,0,2026-05-30,Healthy
1398,82,2026-06-01,14,24,34,0,2026-06-26,Healthy
1399,83,2025-03-01,79,15,44,1,2025-03-30,Healthy
1400,83,2025-04-01,11,1,5,4,2025-04-12,Critical
1401,83,2025-05-01,16,2,2,4,2025-05-03,Critical
1402,83,2025-06-01,39,8,10,4,2025-06-23,At Risk
1403,83,2025-07-01,7,0,7,6,2025-07-12,Critical
1404,83,2025-08-01,10,4,7,3,2025-08-06,Critical
1405,83,2025-09-01,17,4,4,5,2025-08-31,Critical
1406,83,2025-10-01,20,14,19,4,2025-10-23,At Risk
1407,83,2025-11-01,49,13,12,3,2025-11-16,At Risk
1408,83,2025-12-01,41,8,8,3,2025-12-23,At Risk
1409,83,2026-01-01,47,5,16,1,2026-01-19,At Risk
1410,83,2026-02-01,25,13,9,3,2026-02-19,At Risk
1411,83,2026-03-01,25,12,14,5,2026-03-18,At Risk
1412,83,2026-04-01,36,12,14,1,2026-04-15,At Risk
1413,83,2026-05-01,42,12,17,4,2026-05-24,At Risk
1414,83,2026-06-01,12,2,6,4,2026-06-06,Critical
1415,84,2024-03-01,26,21,24,0,2024-03-26,Healthy
1416,84,2024-04-01,26,26,32,1,2024-04-26,Healthy
1417,84,2024-05-01,14,6,15,5,2024-05-19,At Risk
1418,84,2024-06-01,32,20,33,2,2024-06-26,Healthy
1419,84,2024-07-01,16,14,16,3,2024-07-17,At Risk
1420,84,2024-08-01,32,27,30,1,2024-08-29,Healthy
1421,84,2024-09-01,21,18,44,1,2024-09-26,Healthy
1422,84,2024-10-01,9,5,12,1,2024-10-22,At Risk
1423,84,2024-11-01,11,13,9,2,2024-11-19,At Risk
1424,84,2024-12-01,13,13,17,2,2024-12-23,At Risk
1425,84,2025-01-01,39,25,37,0,2025-01-31,Healthy
1426,84,2025-02-01,37,29,29,1,2025-02-27,Healthy
1427,84,2025-03-01,9,11,17,3,2025-03-17,At Risk
1428,84,2025-04-01,18,6,19,3,2025-04-24,At Risk
1429,84,2025-05-01,34,16,46,2,2025-05-29,Healthy
1430,84,2025-06-01,29,17,23,2,2025-06-28,Healthy
1431,84,2025-07-01,29,23,26,1,2025-07-30,Healthy
1432,84,2025-08-01,35,16,26,1,2025-08-27,Healthy
1433,84,2025-09-01,21,28,20,1,2025-09-30,Healthy
1434,84,2025-10-01,17,9,8,2,2025-10-17,At Risk
1435,84,2025-11-01,27,25,48,2,2025-11-30,Healthy
1436,84,2025-12-01,33,26,36,0,2025-12-29,Healthy
1437,84,2026-01-01,27,29,24,1,2026-01-30,Healthy
1438,84,2026-02-01,31,24,44,2,2026-02-25,Healthy
1439,84,2026-03-01,11,14,10,3,2026-03-18,At Risk
1440,84,2026-04-01,14,9,14,3,2026-04-18,At Risk
1441,84,2026-05-01,8,10,10,4,2026-05-21,At Risk
1442,84,2026-06-01,21,15,35,2,2026-06-29,Healthy
1443,85,2024-06-01,32,16,20,0,2024-06-29,Healthy
1444,85,2024-07-01,27,17,24,0,2024-07-29,Healthy
1445,85,2024-08-01,9,13,8,4,2024-08-21,At Risk
1446,85,2024-09-01,31,17,30,2,2024-09-27,Healthy
1447,85,2024-10-01,42,24,48,1,2024-10-27,Healthy
1448,85,2024-11-01,36,18,48,0,2024-11-29,Healthy
1449,85,2024-12-01,24,22,29,2,2024-12-28,Healthy
1450,85,2025-01-01,33,27,43,0,2025-01-31,Healthy
1451,85,2025-02-01,25,28,35,2,2025-02-28,Healthy
1452,85,2025-03-01,32,23,22,1,2025-03-31,Healthy
1453,85,2025-04-01,26,22,22,1,2025-04-26,Healthy
1454,85,2025-05-01,34,16,28,0,2025-05-28,Healthy
1455,85,2025-06-01,22,30,39,1,2025-06-26,Healthy
1456,85,2025-07-01,8,5,18,4,2025-07-17,At Risk
1457,85,2025-08-01,11,9,15,5,2025-08-20,At Risk
1458,85,2025-09-01,5,2,1,4,2025-09-03,Critical
1459,85,2025-10-01,2,0,3,4,2025-10-15,Critical
1460,85,2025-11-01,36,22,50,0,2025-11-27,Healthy
1461,85,2025-12-01,41,18,45,0,2025-12-30,Healthy
1462,85,2026-01-01,31,22,46,2,2026-01-29,Healthy
1463,85,2026-02-01,28,24,38,2,2026-02-24,Healthy
1464,85,2026-03-01,41,25,20,0,2026-03-27,Healthy
1465,85,2026-04-01,30,18,28,1,2026-04-25,Healthy
1466,85,2026-05-01,32,21,31,0,2026-05-28,Healthy
1467,85,2026-06-01,40,28,41,1,2026-06-25,Healthy
1468,86,2024-05-01,17,17,34,2,2024-05-26,Healthy
1469,86,2024-06-01,21,29,44,1,2024-06-27,Healthy
1470,86,2024-07-01,21,15,34,2,2024-07-31,Healthy
1471,86,2024-08-01,19,21,30,0,2024-08-29,Healthy
1472,86,2024-09-01,15,15,23,0,2024-09-25,Healthy
1473,86,2024-10-01,16,28,31,2,2024-10-28,Healthy
1474,86,2024-11-01,18,25,38,2,2024-11-25,Healthy
1475,86,2024-12-01,18,21,49,2,2024-12-28,Healthy
1476,86,2025-01-01,5,7,9,5,2025-01-20,At Risk
1477,86,2025-02-01,10,10,16,1,2025-02-16,At Risk
1478,86,2025-03-01,9,5,14,3,2025-03-16,At Risk
1479,86,2025-04-01,4,7,12,4,2025-04-24,At Risk
1480,86,2025-05-01,15,27,32,2,2025-05-27,Healthy
1481,86,2025-06-01,5,14,12,4,2025-06-19,At Risk
1482,86,2025-07-01,19,24,50,2,2025-07-26,Healthy
1483,86,2025-08-01,19,18,49,0,2025-08-28,Healthy
1484,86,2025-09-01,14,17,29,2,2025-09-26,Healthy
1485,86,2025-10-01,20,15,21,0,2025-10-31,Healthy
1486,86,2025-11-01,20,28,35,0,2025-11-27,Healthy
1487,86,2025-12-01,12,17,27,1,2025-12-29,Healthy
1488,86,2026-01-01,17,20,27,1,2026-01-29,Healthy
1489,86,2026-02-01,17,26,22,0,2026-02-24,Healthy
1490,86,2026-03-01,19,20,43,1,2026-03-31,Healthy
1491,86,2026-04-01,18,20,49,0,2026-04-28,Healthy
1492,86,2026-05-01,20,23,45,0,2026-05-30,Healthy
1493,86,2026-06-01,4,10,9,5,2026-06-18,At Risk
1494,87,2024-02-01,38,18,36,1,2024-02-28,Healthy
1495,87,2024-03-01,46,15,48,1,2024-03-26,Healthy
1496,87,2024-04-01,50,23,36,1,2024-04-28,Healthy
1497,87,2024-05-01,40,21,38,0,2024-05-28,Healthy
1498,87,2024-06-01,9,1,0,7,2024-06-14,Critical
1499,87,2024-07-01,3,0,6,5,2024-07-06,Critical
1500,87,2024-08-01,3,4,4,3,2024-08-11,Critical
1501,87,2024-09-01,11,2,4,8,2024-09-01,Critical
1502,87,2024-10-01,2,3,1,5,2024-10-01,Critical
1503,87,2024-11-01,5,0,5,6,2024-11-07,Critical
1504,87,2024-12-01,26,11,19,3,2024-12-16,At Risk
1505,87,2025-01-01,30,11,14,1,2025-01-22,At Risk
1506,87,2025-02-01,19,9,15,1,2025-02-15,At Risk
1507,87,2025-03-01,6,2,0,5,2025-03-02,Critical
1508,87,2025-04-01,8,3,1,3,2025-04-06,Critical
1509,87,2025-05-01,16,12,18,5,2025-05-23,At Risk
1510,87,2025-06-01,3,3,5,4,2025-06-05,Critical
1511,87,2025-07-01,5,4,2,5,2025-07-01,Critical
1512,87,2025-08-01,2,1,0,4,2025-08-15,Critical
1513,87,2025-09-01,8,2,4,7,2025-09-05,Critical
1514,87,2025-10-01,9,1,6,6,2025-10-14,Critical
1515,87,2025-11-01,8,0,2,7,2025-10-31,Critical
1516,87,2025-12-01,16,7,9,1,2025-12-25,At Risk
1517,87,2026-01-01,23,11,8,2,2026-01-20,At Risk
1518,87,2026-02-01,27,9,8,4,2026-02-15,At Risk
1519,87,2026-03-01,56,27,40,0,2026-03-26,Healthy
1520,87,2026-04-01,51,27,28,2,2026-04-27,Healthy
1521,87,2026-05-01,33,23,27,2,2026-05-28,Healthy
1522,87,2026-06-01,50,16,43,0,2026-06-25,Healthy
1523,88,2024-10-01,32,3,0,8,2024-10-02,Critical
1524,88,2024-11-01,267,22,26,0,2024-11-30,Healthy
1525,88,2024-12-01,152,26,35,1,2024-12-27,Healthy
1526,88,2025-01-01,42,0,3,7,2025-01-15,Critical
1527,88,2025-02-01,10,0,5,5,2025-01-29,Critical
1528,88,2025-03-01,53,3,2,6,2025-03-10,Critical
1529,88,2025-04-01,36,0,7,5,2025-04-09,Critical
1530,88,2025-05-01,145,10,12,4,2025-05-17,At Risk
1531,88,2025-06-01,110,6,13,5,2025-06-24,At Risk
1532,88,2025-07-01,66,10,17,1,2025-07-22,At Risk
1533,88,2025-08-01,265,16,33,0,2025-08-28,Healthy
1534,88,2025-09-01,231,17,27,2,2025-09-28,Healthy
1535,88,2025-10-01,111,9,10,5,2025-10-23,At Risk
1536,88,2025-11-01,95,6,19,1,2025-11-17,At Risk
1537,88,2025-12-01,71,5,8,4,2025-12-25,At Risk
1538,88,2026-01-01,67,5,14,3,2026-01-22,At Risk
1539,88,2026-02-01,223,29,33,0,2026-02-25,Healthy
1540,88,2026-03-01,219,17,20,1,2026-03-31,Healthy
1541,88,2026-04-01,256,17,21,2,2026-04-28,Healthy
1542,88,2026-05-01,225,23,35,2,2026-05-30,Healthy
1543,88,2026-06-01,162,27,22,2,2026-06-29,Healthy
1544,89,2025-06-01,944,13,16,2,2025-06-23,At Risk
1545,89,2025-07-01,1245,10,14,3,2025-07-21,At Risk
1546,89,2025-08-01,3218,28,39,1,2025-08-29,Healthy
1547,89,2025-09-01,773,6,18,1,2025-09-15,At Risk
1548,89,2025-10-01,766,9,19,5,2025-10-22,At Risk
1549,89,2025-11-01,1412,14,13,3,2025-11-17,At Risk
1550,89,2025-12-01,304,1,0,8,2025-12-11,Critical
1551,89,2026-01-01,500,1,7,3,2026-01-03,Critical
1552,89,2026-02-01,643,4,3,4,2026-01-30,Critical
1553,89,2026-03-01,329,1,6,7,2026-03-09,Critical
1554,89,2026-04-01,1140,9,19,3,2026-04-24,At Risk
1555,89,2026-05-01,2223,21,32,1,2026-05-26,Healthy
1556,89,2026-06-01,3021,28,38,0,2026-06-28,Healthy
1557,90,2025-06-01,35,28,50,2,2025-06-25,Healthy
1558,90,2025-07-01,26,29,22,2,2025-07-29,Healthy
1559,90,2025-08-01,31,23,34,2,2025-08-30,Healthy
1560,90,2025-09-01,45,20,49,2,2025-09-29,Healthy
1561,90,2025-10-01,43,30,40,0,2025-10-27,Healthy
1562,90,2025-11-01,45,22,22,1,2025-11-25,Healthy
1563,90,2025-12-01,38,17,32,2,2025-12-31,Healthy
1564,90,2026-01-01,48,19,29,0,2026-01-31,Healthy
1565,90,2026-02-01,38,26,39,2,2026-02-23,Healthy
1566,90,2026-03-01,29,21,41,0,2026-03-30,Healthy
1567,90,2026-04-01,39,23,49,0,2026-04-28,Healthy
1568,90,2026-05-01,38,24,31,1,2026-05-28,Healthy
1569,90,2026-06-01,19,12,10,4,2026-06-15,At Risk
1570,91,2026-03-01,151,15,45,2,2026-03-31,Healthy
1571,91,2026-04-01,46,13,13,1,2026-04-19,At Risk
1572,91,2026-05-01,97,14,8,5,2026-05-22,At Risk
1573,91,2026-06-01,30,3,1,4,2026-06-03,Critical
1574,92,2024-05-01,230,23,39,1,2024-05-26,Healthy
1575,92,2024-06-01,152,9,11,3,2024-06-21,At Risk
1576,92,2024-07-01,28,3,2,8,2024-07-07,Critical
1577,92,2024-08-01,38,0,3,5,2024-08-08,Critical
1578,92,2024-09-01,140,13,11,2,2024-09-24,At Risk
1579,92,2024-10-01,128,9,13,4,2024-10-19,At Risk
1580,92,2024-11-01,160,14,12,4,2024-11-17,At Risk
1581,92,2024-12-01,117,13,19,4,2024-12-18,At Risk
1582,92,2025-01-01,103,10,16,2,2025-01-22,At Risk
1583,92,2025-02-01,180,14,18,4,2025-02-13,At Risk
1584,92,2025-03-01,311,21,25,0,2025-03-29,Healthy
1585,92,2025-04-01,333,24,35,0,2025-04-25,Healthy
1586,92,2025-05-01,331,22,40,1,2025-05-29,Healthy
1587,92,2025-06-01,199,27,42,1,2025-06-30,Healthy
1588,92,2025-07-01,368,29,38,2,2025-07-26,Healthy
1589,92,2025-08-01,10,3,3,6,2025-08-05,Critical
1590,92,2025-09-01,332,23,46,0,2025-09-27,Healthy
1591,92,2025-10-01,255,16,20,2,2025-10-28,Healthy
1592,92,2025-11-01,360,16,47,2,2025-11-26,Healthy
1593,92,2025-12-01,297,24,25,2,2025-12-29,Healthy
1594,92,2026-01-01,346,25,22,1,2026-01-28,Healthy
1595,92,2026-02-01,284,15,36,2,2026-02-25,Healthy
1596,92,2026-03-01,209,22,33,0,2026-03-27,Healthy
1597,92,2026-04-01,317,22,48,2,2026-04-28,Healthy
1598,92,2026-05-01,215,27,22,0,2026-05-26,Healthy
1599,92,2026-06-01,139,13,19,5,2026-06-15,At Risk
1600,93,2024-02-01,14,12,18,5,2024-02-21,At Risk
1601,93,2024-03-01,18,5,8,1,2024-03-25,At Risk
1602,93,2024-04-01,14,12,9,3,2024-04-19,At Risk
1603,93,2024-05-01,36,16,43,0,2024-05-28,Healthy
1604,93,2024-06-01,49,23,28,0,2024-06-27,Healthy
1605,93,2024-07-01,52,29,37,2,2024-07-30,Healthy
1606,93,2024-08-01,33,19,46,1,2024-08-28,Healthy
1607,93,2024-09-01,5,3,7,4,2024-09-12,Critical
1608,93,2024-10-01,31,28,21,0,2024-10-30,Healthy
1609,93,2024-11-01,27,29,48,1,2024-11-28,Healthy
1610,93,2024-12-01,39,19,40,0,2024-12-31,Healthy
1611,93,2025-01-01,48,17,41,1,2025-01-29,Healthy
1612,93,2025-02-01,2,4,7,5,2025-02-05,Critical
1613,93,2025-03-01,9,1,3,3,2025-03-11,Critical
1614,93,2025-04-01,2,0,7,4,2025-04-13,Critical
1615,93,2025-05-01,29,29,31,1,2025-05-27,Healthy
1616,93,2025-06-01,31,30,20,1,2025-06-29,Healthy
1617,93,2025-07-01,9,4,7,6,2025-07-04,Critical
1618,93,2025-08-01,18,11,13,3,2025-08-21,At Risk
1619,93,2025-09-01,12,5,11,1,2025-09-22,At Risk
1620,93,2025-10-01,25,8,16,5,2025-10-20,At Risk
1621,93,2025-11-01,25,12,14,5,2025-11-19,At Risk
1622,93,2025-12-01,31,29,49,2,2025-12-31,Healthy
1623,93,2026-01-01,8,1,3,3,2026-01-13,Critical
1624,93,2026-02-01,24,5,16,1,2026-02-15,At Risk
1625,93,2026-03-01,39,29,49,2,2026-03-27,Healthy
1626,93,2026-04-01,33,16,48,2,2026-04-28,Healthy
1627,93,2026-05-01,31,22,46,1,2026-05-28,Healthy
1628,93,2026-06-01,34,22,30,2,2026-06-27,Healthy
1629,94,2024-05-01,39,27,41,2,2024-05-26,Healthy
1630,94,2024-06-01,54,15,31,0,2024-06-26,Healthy
1631,94,2024-07-01,52,28,33,1,2024-07-28,Healthy
1632,94,2024-08-01,38,27,20,0,2024-08-28,Healthy
1633,94,2024-09-01,7,0,3,6,2024-08-31,Critical
1634,94,2024-10-01,25,5,18,4,2024-10-25,At Risk
1635,94,2024-11-01,22,9,17,3,2024-11-21,At Risk
1636,94,2024-12-01,8,0,3,3,2024-12-07,Critical
1637,94,2025-01-01,21,12,18,4,2025-01-22,At Risk
1638,94,2025-02-01,29,9,10,5,2025-02-14,At Risk
1639,94,2025-03-01,6,3,5,6,2025-03-14,Critical
1640,94,2025-04-01,21,9,14,5,2025-04-19,At Risk
1641,94,2025-05-01,13,10,12,4,2025-05-17,At Risk
1642,94,2025-06-01,51,26,25,1,2025-06-26,Healthy
1643,94,2025-07-01,56,17,34,0,2025-07-27,Healthy
1644,94,2025-08-01,47,19,44,2,2025-08-29,Healthy
1645,94,2025-09-01,41,26,27,0,2025-09-30,Healthy
1646,94,2025-10-01,48,27,33,1,2025-10-30,Healthy
1647,94,2025-11-01,53,25,22,2,2025-11-25,Healthy
1648,94,2025-12-01,42,18,50,2,2025-12-28,Healthy
1649,94,2026-01-01,42,22,49,1,2026-01-28,Healthy
1650,94,2026-02-01,30,18,43,2,2026-02-25,Healthy
1651,94,2026-03-01,48,28,33,2,2026-03-27,Healthy
1652,94,2026-04-01,46,22,26,0,2026-04-29,Healthy
1653,94,2026-05-01,50,22,31,1,2026-05-26,Healthy
1654,94,2026-06-01,51,30,23,0,2026-06-25,Healthy
1655,95,2025-01-01,243,15,43,1,2025-01-27,Healthy
1656,95,2025-02-01,188,15,39,1,2025-02-26,Healthy
1657,95,2025-03-01,170,21,40,2,2025-03-27,Healthy
1658,95,2025-04-01,124,8,12,5,2025-04-23,At Risk
1659,95,2025-05-01,25,2,1,4,2025-05-09,Critical
1660,95,2025-06-01,37,3,3,5,2025-05-31,Critical
1661,95,2025-07-01,37,2,7,3,2025-07-14,Critical
1662,95,2025-08-01,75,12,8,5,2025-08-19,At Risk
1663,95,2025-09-01,264,26,45,2,2025-09-28,Healthy
1664,95,2025-10-01,210,16,39,1,2025-10-27,Healthy
1665,95,2025-11-01,211,19,35,0,2025-11-30,Healthy
1666,95,2025-12-01,174,30,40,1,2025-12-26,Healthy
1667,95,2026-01-01,142,8,9,5,2026-01-24,At Risk
1668,95,2026-02-01,75,10,19,5,2026-02-19,At Risk
1669,95,2026-03-01,137,7,15,5,2026-03-21,At Risk
1670,95,2026-04-01,53,3,4,5,2026-04-06,Critical
1671,95,2026-05-01,93,9,9,5,2026-05-19,At Risk
1672,95,2026-06-01,11,1,7,5,2026-06-14,Critical
1673,96,2025-11-01,96,3,1,3,2025-11-09,Critical
1674,96,2025-12-01,22,1,2,8,2025-12-08,Critical
1675,96,2026-01-01,22,4,5,7,2026-01-11,Critical
1676,96,2026-02-01,58,2,2,3,2026-02-06,Critical
1677,96,2026-03-01,94,1,4,7,2026-03-08,Critical
1678,96,2026-04-01,153,10,12,2,2026-04-21,At Risk
1679,96,2026-05-01,423,28,48,0,2026-05-26,Healthy
1680,96,2026-06-01,186,13,11,5,2026-06-17,At Risk
1681,97,2024-03-01,42,24,25,2,2024-03-27,Healthy
1682,97,2024-04-01,70,17,24,2,2024-04-26,Healthy
1683,97,2024-05-01,41,21,37,0,2024-05-28,Healthy
1684,97,2024-06-01,52,30,26,0,2024-06-27,Healthy
1685,97,2024-07-01,12,1,5,6,2024-07-10,Critical
1686,97,2024-08-01,34,10,8,2,2024-08-22,At Risk
1687,97,2024-09-01,8,4,6,4,2024-09-07,Critical
1688,97,2024-10-01,67,29,29,0,2024-10-29,Healthy
1689,97,2024-11-01,54,27,32,0,2024-11-26,Healthy
1690,97,2024-12-01,54,27,35,1,2024-12-26,Healthy
1691,97,2025-01-01,44,16,27,1,2025-01-30,Healthy
1692,97,2025-02-01,22,5,10,4,2025-02-18,At Risk
1693,97,2025-03-01,28,12,8,3,2025-03-25,At Risk
1694,97,2025-04-01,25,9,19,2,2025-04-21,At Risk
1695,97,2025-05-01,23,5,11,3,2025-05-25,At Risk
1696,97,2025-06-01,22,6,14,4,2025-06-19,At Risk
1697,97,2025-07-01,9,3,1,4,2025-07-15,Critical
1698,97,2025-08-01,26,13,8,2,2025-08-24,At Risk
1699,97,2025-09-01,18,5,9,2,2025-09-18,At Risk
1700,97,2025-10-01,8,4,6,4,2025-10-07,Critical
1701,97,2025-11-01,10,3,2,7,2025-11-03,Critical
1702,97,2025-12-01,26,7,10,4,2025-12-24,At Risk
1703,97,2026-01-01,22,8,16,2,2026-01-20,At Risk
1704,97,2026-02-01,30,10,15,5,2026-02-19,At Risk
1705,97,2026-03-01,25,8,12,4,2026-03-16,At Risk
1706,97,2026-04-01,33,8,17,1,2026-04-15,At Risk
1707,97,2026-05-01,33,7,9,3,2026-05-20,At Risk
1708,97,2026-06-01,11,4,3,7,2026-06-05,Critical
1709,98,2025-04-01,8,16,44,0,2025-04-29,Healthy
1710,98,2025-05-01,3,9,15,2,2025-05-17,At Risk
1711,98,2025-06-01,4,9,10,1,2025-06-19,At Risk
1712,98,2025-07-01,9,26,32,0,2025-07-29,Healthy
1713,98,2025-08-01,5,24,48,2,2025-08-27,Healthy
1714,98,2025-09-01,8,15,24,2,2025-09-26,Healthy
1715,98,2025-10-01,9,17,37,0,2025-10-27,Healthy
1716,98,2025-11-01,2,7,17,3,2025-11-20,At Risk
1717,98,2025-12-01,5,8,9,5,2025-12-17,At Risk
1718,98,2026-01-01,10,30,41,0,2026-01-31,Healthy
1719,98,2026-02-01,4,12,11,4,2026-02-17,At Risk
1720,98,2026-03-01,4,13,15,1,2026-03-22,At Risk
1721,98,2026-04-01,4,11,9,5,2026-04-24,At Risk
1722,98,2026-05-01,4,7,10,1,2026-05-22,At Risk
1723,98,2026-06-01,10,24,21,2,2026-06-28,Healthy
1724,99,2025-05-01,27,7,19,4,2025-05-22,At Risk
1725,99,2025-06-01,32,6,9,3,2025-06-18,At Risk
1726,99,2025-07-01,55,27,31,0,2025-07-30,Healthy
1727,99,2025-08-01,48,28,35,2,2025-08-26,Healthy
1728,99,2025-09-01,48,23,50,0,2025-09-29,Healthy
1729,99,2025-10-01,54,17,36,2,2025-10-26,Healthy
1730,99,2025-11-01,43,20,29,0,2025-11-27,Healthy
1731,99,2025-12-01,62,21,34,2,2025-12-30,Healthy
1732,99,2026-01-01,31,9,8,3,2026-01-20,At Risk
1733,99,2026-02-01,37,12,17,2,2026-02-15,At Risk
1734,99,2026-03-01,14,0,2,7,2026-03-01,Critical
1735,99,2026-04-01,8,4,4,6,2026-04-13,Critical
1736,99,2026-05-01,13,2,7,3,2026-05-07,Critical
1737,99,2026-06-01,30,11,12,2,2026-06-18,At Risk
1738,100,2026-02-01,1178,17,43,0,2026-02-28,Healthy
1739,100,2026-03-01,1105,15,30,0,2026-03-26,Healthy
1740,100,2026-04-01,1364,20,35,2,2026-04-30,Healthy
1741,100,2026-05-01,1839,22,45,1,2026-05-31,Healthy
1742,100,2026-06-01,1868,20,32,1,2026-06-25,Healthy
1743,101,2025-03-01,28,11,13,1,2025-03-19,At Risk
1744,101,2025-04-01,3,4,5,3,2025-04-14,Critical
1745,101,2025-05-01,4,4,5,5,2025-05-08,Critical
1746,101,2025-06-01,7,0,4,4,2025-06-03,Critical
1747,101,2025-07-01,9,3,1,6,2025-07-03,Critical
1748,101,2025-08-01,59,19,21,1,2025-08-27,Healthy
1749,101,2025-09-01,5,3,2,6,2025-09-10,Critical
1750,101,2025-10-01,34,14,15,3,2025-10-22,At Risk
1751,101,2025-11-01,27,8,12,4,2025-11-18,At Risk
1752,101,2025-12-01,15,10,19,4,2025-12-16,At Risk
1753,101,2026-01-01,23,7,12,5,2026-01-25,At Risk
1754,101,2026-02-01,18,6,11,3,2026-02-16,At Risk
1755,101,2026-03-01,56,21,24,0,2026-03-26,Healthy
1756,101,2026-04-01,36,27,24,1,2026-04-27,Healthy
1757,101,2026-05-01,47,15,26,1,2026-05-28,Healthy
1758,101,2026-06-01,62,29,25,0,2026-06-30,Healthy
1759,102,2025-05-01,47,17,24,0,2025-05-28,Healthy
1760,102,2025-06-01,69,24,24,1,2025-06-29,Healthy
1761,102,2025-07-01,55,28,28,1,2025-07-31,Healthy
1762,102,2025-08-01,55,25,26,1,2025-08-31,Healthy
1763,102,2025-09-01,56,24,42,2,2025-09-28,Healthy
1764,102,2025-10-01,42,17,49,2,2025-10-28,Healthy
1765,102,2025-11-01,72,29,50,0,2025-11-30,Healthy
1766,102,2025-12-01,47,19,26,1,2025-12-28,Healthy
1767,102,2026-01-01,53,24,44,0,2026-01-30,Healthy
1768,102,2026-02-01,67,25,45,1,2026-02-23,Healthy
1769,102,2026-03-01,46,15,36,2,2026-03-30,Healthy
1770,102,2026-04-01,59,18,33,2,2026-04-29,Healthy
1771,102,2026-05-01,54,20,35,0,2026-05-26,Healthy
1772,102,2026-06-01,7,2,0,8,2026-06-06,Critical
1773,103,2024-09-01,35,28,21,2,2024-09-25,Healthy
1774,103,2024-10-01,21,22,46,2,2024-10-28,Healthy
1775,103,2024-11-01,30,19,45,1,2024-11-25,Healthy
1776,103,2024-12-01,38,18,32,2,2024-12-27,Healthy
1777,103,2025-01-01,32,24,36,2,2025-01-26,Healthy
1778,103,2025-02-01,24,26,43,0,2025-02-25,Healthy
1779,103,2025-03-01,32,25,45,1,2025-03-31,Healthy
1780,103,2025-04-01,29,15,37,0,2025-04-27,Healthy
1781,103,2025-05-01,25,28,38,0,2025-05-27,Healthy
1782,103,2025-06-01,38,26,30,1,2025-06-27,Healthy
1783,103,2025-07-01,28,21,46,0,2025-07-26,Healthy
1784,103,2025-08-01,39,28,22,1,2025-08-29,Healthy
1785,103,2025-09-01,24,18,42,0,2025-09-25,Healthy
1786,103,2025-10-01,9,5,14,4,2025-10-19,At Risk
1787,103,2025-11-01,16,5,10,4,2025-11-21,At Risk
1788,103,2025-12-01,11,8,15,2,2025-12-19,At Risk
1789,103,2026-01-01,10,9,10,5,2026-01-23,At Risk
1790,103,2026-02-01,20,23,35,1,2026-02-28,Healthy
1791,103,2026-03-01,34,25,39,0,2026-03-27,Healthy
1792,103,2026-04-01,8,12,11,1,2026-04-16,At Risk
1793,103,2026-05-01,1,2,2,4,2026-05-06,Critical
1794,103,2026-06-01,2,0,4,5,2026-06-08,Critical
1795,104,2025-01-01,22,17,31,0,2025-01-28,Healthy
1796,104,2025-02-01,16,25,23,2,2025-02-26,Healthy
1797,104,2025-03-01,15,30,33,0,2025-03-28,Healthy
1798,104,2025-04-01,20,16,44,1,2025-04-25,Healthy
1799,104,2025-05-01,21,15,20,2,2025-05-26,Healthy
1800,104,2025-06-01,22,18,42,2,2025-06-27,Healthy
1801,104,2025-07-01,18,21,32,0,2025-07-29,Healthy
1802,104,2025-08-01,17,21,22,2,2025-08-27,Healthy
1803,104,2025-09-01,21,16,29,1,2025-09-26,Healthy
1804,104,2025-10-01,23,28,32,1,2025-10-29,Healthy
1805,104,2025-11-01,8,7,19,4,2025-11-19,At Risk
1806,104,2025-12-01,4,0,4,7,2025-12-05,Critical
1807,104,2026-01-01,1,2,1,4,2026-01-11,Critical
1808,104,2026-02-01,2,2,0,8,2026-02-09,Critical
1809,104,2026-03-01,4,1,5,4,2026-03-10,Critical
1810,104,2026-04-01,3,3,6,4,2026-04-04,Critical
1811,104,2026-05-01,5,13,10,5,2026-05-23,At Risk
1812,104,2026-06-01,8,8,13,4,2026-06-24,At Risk
1813,105,2025-08-01,33,24,27,1,2025-08-28,Healthy
1814,105,2025-09-01,44,18,45,0,2025-09-28,Healthy
1815,105,2025-10-01,45,24,27,1,2025-10-28,Healthy
1816,105,2025-11-01,34,30,40,0,2025-11-27,Healthy
1817,105,2025-12-01,32,30,26,0,2025-12-26,Healthy
1818,105,2026-01-01,7,3,2,6,2026-01-05,Critical
1819,105,2026-02-01,8,3,1,3,2026-02-10,Critical
1820,105,2026-03-01,6,4,4,6,2026-03-10,Critical
1821,105,2026-04-01,2,3,3,6,2026-04-13,Critical
1822,105,2026-05-01,19,8,9,3,2026-05-18,At Risk
1823,105,2026-06-01,3,0,0,6,2026-06-07,Critical
1824,106,2025-09-01,6,19,21,0,2025-09-25,Healthy
1825,106,2025-10-01,10,22,20,2,2025-10-26,Healthy
1826,106,2025-11-01,7,20,20,2,2025-11-26,Healthy
1827,106,2025-12-01,6,27,44,1,2025-12-27,Healthy
1828,106,2026-01-01,6,26,26,1,2026-01-30,Healthy
1829,106,2026-02-01,9,16,40,0,2026-02-26,Healthy
1830,106,2026-03-01,9,28,45,1,2026-03-31,Healthy
1831,106,2026-04-01,7,15,26,0,2026-04-29,Healthy
1832,106,2026-05-01,8,16,39,2,2026-05-28,Healthy
1833,106,2026-06-01,4,14,19,4,2026-06-15,At Risk
1834,107,2025-04-01,1711,24,42,2,2025-04-28,Healthy
1835,107,2025-05-01,1679,27,44,2,2025-05-31,Healthy
1836,107,2025-06-01,1355,26,42,1,2025-06-26,Healthy
1837,107,2025-07-01,1731,20,32,0,2025-07-27,Healthy
1838,107,2025-08-01,1660,23,24,0,2025-08-31,Healthy
1839,107,2025-09-01,1911,27,32,0,2025-09-27,Healthy
1840,107,2025-10-01,1321,28,40,0,2025-10-30,Healthy
1841,107,2025-11-01,1799,30,26,0,2025-11-28,Healthy
1842,107,2025-12-01,1661,19,28,1,2025-12-27,Healthy
1843,107,2026-01-01,1379,19,50,2,2026-01-30,Healthy
1844,107,2026-02-01,2462,26,29,2,2026-02-26,Healthy
1845,107,2026-03-01,1502,26,42,2,2026-03-31,Healthy
1846,107,2026-04-01,1573,16,48,0,2026-04-28,Healthy
1847,107,2026-05-01,1423,20,32,2,2026-05-29,Healthy
1848,107,2026-06-01,757,9,10,3,2026-06-21,At Risk
1849,108,2025-12-01,1064,26,47,2,2025-12-26,Healthy
1850,108,2026-01-01,388,5,9,2,2026-01-20,At Risk
1851,108,2026-02-01,725,21,50,2,2026-02-26,Healthy
1852,108,2026-03-01,377,14,15,3,2026-03-21,At Risk
1853,108,2026-04-01,429,10,11,1,2026-04-18,At Risk
1854,108,2026-05-01,866,26,31,0,2026-05-26,Healthy
1855,108,2026-06-01,984,27,32,0,2026-06-26,Healthy
1856,109,2024-02-01,49,15,23,2,2024-02-25,Healthy
1857,109,2024-03-01,52,29,41,1,2024-03-30,Healthy
1858,109,2024-04-01,10,0,4,3,2024-04-06,Critical
1859,109,2024-05-01,6,3,6,4,2024-05-05,Critical
1860,109,2024-06-01,6,4,0,6,2024-06-07,Critical
1861,109,2024-07-01,20,8,18,5,2024-07-16,At Risk
1862,109,2024-08-01,23,8,13,5,2024-08-21,At Risk
1863,109,2024-09-01,18,6,9,3,2024-09-21,At Risk
1864,109,2024-10-01,3,0,5,8,2024-10-03,Critical
1865,109,2024-11-01,3,2,5,4,2024-11-05,Critical
1866,109,2024-12-01,10,1,2,6,2024-12-15,Critical
1867,109,2025-01-01,5,4,2,8,2025-01-09,Critical
1868,109,2025-02-01,4,4,1,5,2025-02-02,Critical
1869,109,2025-03-01,15,13,17,3,2025-03-16,At Risk
1870,109,2025-04-01,13,5,13,2,2025-04-15,At Risk
1871,109,2025-05-01,25,13,13,1,2025-05-18,At Risk
1872,109,2025-06-01,3,1,5,8,2025-06-01,Critical
1873,109,2025-07-01,5,3,4,6,2025-07-03,Critical
1874,109,2025-08-01,42,18,29,0,2025-08-29,Healthy
1875,109,2025-09-01,53,27,36,2,2025-09-30,Healthy
1876,109,2025-10-01,32,23,33,2,2025-10-28,Healthy
1877,109,2025-11-01,44,27,27,0,2025-11-25,Healthy
1878,109,2025-12-01,52,17,38,1,2025-12-30,Healthy
1879,109,2026-01-01,48,30,23,0,2026-01-30,Healthy
1880,109,2026-02-01,15,12,10,4,2026-02-16,At Risk
1881,109,2026-03-01,33,15,36,1,2026-03-26,Healthy
1882,109,2026-04-01,31,25,45,0,2026-04-27,Healthy
1883,109,2026-05-01,40,17,41,2,2026-05-28,Healthy
1884,109,2026-06-01,12,7,15,4,2026-06-23,At Risk
1885,110,2024-12-01,213,25,27,0,2024-12-27,Healthy
1886,110,2025-01-01,126,21,41,2,2025-01-28,Healthy
1887,110,2025-02-01,171,19,44,2,2025-02-28,Healthy
1888,110,2025-03-01,185,18,47,0,2025-03-28,Healthy
1889,110,2025-04-01,172,26,38,1,2025-04-25,Healthy
1890,110,2025-05-01,134,23,23,2,2025-05-30,Healthy
1891,110,2025-06-01,178,22,45,2,2025-06-25,Healthy
1892,110,2025-07-01,121,30,42,1,2025-07-27,Healthy
1893,110,2025-08-01,61,12,10,2,2025-08-25,At Risk
1894,110,2025-09-01,192,17,49,1,2025-09-29,Healthy
1895,110,2025-10-01,119,29,24,2,2025-10-27,Healthy
1896,110,2025-11-01,53,11,13,4,2025-11-15,At Risk
1897,110,2025-12-01,86,9,14,5,2025-12-17,At Risk
1898,110,2026-01-01,86,7,10,4,2026-01-21,At Risk
1899,110,2026-02-01,12,3,2,5,2026-02-08,Critical
1900,110,2026-03-01,36,0,4,7,2026-03-04,Critical
1901,110,2026-04-01,9,1,7,3,2026-04-08,Critical
1902,110,2026-05-01,33,4,0,5,2026-05-04,Critical
1903,110,2026-06-01,74,12,15,1,2026-06-22,At Risk
1904,111,2024-03-01,23,16,38,1,2024-03-29,Healthy
1905,111,2024-04-01,25,24,40,1,2024-04-26,Healthy
1906,111,2024-05-01,29,24,20,1,2024-05-30,Healthy
1907,111,2024-06-01,36,29,27,1,2024-06-30,Healthy
1908,111,2024-07-01,12,6,16,4,2024-07-20,At Risk
1909,111,2024-08-01,8,12,19,3,2024-08-21,At Risk
1910,111,2024-09-01,16,6,13,3,2024-09-23,At Risk
1911,111,2024-10-01,37,26,38,2,2024-10-31,Healthy
1912,111,2024-11-01,9,9,11,3,2024-11-17,At Risk
1913,111,2024-12-01,15,5,19,1,2024-12-25,At Risk
1914,111,2025-01-01,9,14,13,1,2025-01-16,At Risk
1915,111,2025-02-01,17,11,14,1,2025-02-22,At Risk
1916,111,2025-03-01,21,28,31,0,2025-03-27,Healthy
1917,111,2025-04-01,34,21,38,2,2025-04-25,Healthy
1918,111,2025-05-01,34,15,29,1,2025-05-31,Healthy
1919,111,2025-06-01,25,18,50,0,2025-06-26,Healthy
1920,111,2025-07-01,26,19,33,1,2025-07-26,Healthy
1921,111,2025-08-01,23,25,33,1,2025-08-30,Healthy
1922,111,2025-09-01,24,20,20,1,2025-09-26,Healthy
1923,111,2025-10-01,22,25,31,0,2025-10-29,Healthy
1924,111,2025-11-01,32,22,42,2,2025-11-25,Healthy
1925,111,2025-12-01,20,27,36,2,2025-12-29,Healthy
1926,111,2026-01-01,6,3,2,7,2026-01-15,Critical
1927,111,2026-02-01,7,8,16,5,2026-02-22,At Risk
1928,111,2026-03-01,7,6,16,1,2026-03-20,At Risk
1929,111,2026-04-01,3,0,5,3,2026-04-02,Critical
1930,111,2026-05-01,1,1,1,8,2026-05-04,Critical
1931,111,2026-06-01,11,6,18,3,2026-06-24,At Risk
1932,112,2024-09-01,216,19,30,2,2024-09-29,Healthy
1933,112,2024-10-01,275,15,25,2,2024-10-26,Healthy
1934,112,2024-11-01,375,18,39,2,2024-11-30,Healthy
1935,112,2024-12-01,255,19,36,1,2024-12-31,Healthy
1936,112,2025-01-01,89,10,18,5,2025-01-19,At Risk
1937,112,2025-02-01,332,27,33,0,2025-02-27,Healthy
1938,112,2025-03-01,196,29,24,1,2025-03-27,Healthy
1939,112,2025-04-01,115,10,10,1,2025-04-15,At Risk
1940,112,2025-05-01,63,0,5,5,2025-05-02,Critical
1941,112,2025-06-01,16,2,4,8,2025-06-11,Critical
1942,112,2025-07-01,320,23,49,1,2025-07-29,Healthy
1943,112,2025-08-01,110,11,10,4,2025-08-18,At Risk
1944,112,2025-09-01,92,7,18,5,2025-09-20,At Risk
1945,112,2025-10-01,191,30,32,1,2025-10-31,Healthy
1946,112,2025-11-01,309,22,46,0,2025-11-28,Healthy
1947,112,2025-12-01,348,20,26,1,2025-12-27,Healthy
1948,112,2026-01-01,101,7,11,4,2026-01-16,At Risk
1949,112,2026-02-01,82,6,16,4,2026-02-17,At Risk
1950,112,2026-03-01,147,12,19,4,2026-03-17,At Risk
1951,112,2026-04-01,54,0,7,7,2026-04-06,Critical
1952,112,2026-05-01,120,6,11,1,2026-05-19,At Risk
1953,112,2026-06-01,235,26,32,0,2026-06-25,Healthy
1954,113,2025-07-01,2,2,0,6,2025-07-13,Critical
1955,113,2025-08-01,19,14,13,5,2025-08-23,At Risk
1956,113,2025-09-01,19,7,19,1,2025-09-24,At Risk
1957,113,2025-10-01,25,25,34,2,2025-10-30,Healthy
1958,113,2025-11-01,26,26,39,0,2025-11-28,Healthy
1959,113,2025-12-01,32,21,46,0,2025-12-30,Healthy
1960,113,2026-01-01,37,29,31,1,2026-01-30,Healthy
1961,113,2026-02-01,40,25,35,0,2026-02-27,Healthy
1962,113,2026-03-01,34,22,48,1,2026-03-29,Healthy
1963,113,2026-04-01,28,15,44,2,2026-04-28,Healthy
1964,113,2026-05-01,38,28,32,1,2026-05-29,Healthy
1965,113,2026-06-01,46,30,26,0,2026-06-26,Healthy
1966,114,2024-09-01,22,17,35,1,2024-09-27,Healthy
1967,114,2024-10-01,18,17,20,2,2024-10-30,Healthy
1968,114,2024-11-01,34,20,36,0,2024-11-29,Healthy
1969,114,2024-12-01,35,21,39,1,2024-12-31,Healthy
1970,114,2025-01-01,35,26,33,2,2025-01-30,Healthy
1971,114,2025-02-01,30,24,35,2,2025-02-25,Healthy
1972,114,2025-03-01,15,12,10,1,2025-03-22,At Risk
1973,114,2025-04-01,9,8,12,5,2025-04-24,At Risk
1974,114,2025-05-01,16,6,14,3,2025-05-25,At Risk
1975,114,2025-06-01,2,1,3,3,2025-06-06,Critical
1976,114,2025-07-01,9,10,19,5,2025-07-24,At Risk
1977,114,2025-08-01,6,0,0,4,2025-08-07,Critical
1978,114,2025-09-01,7,11,18,1,2025-09-17,At Risk
1979,114,2025-10-01,33,28,42,0,2025-10-28,Healthy
1980,114,2025-11-01,23,28,28,0,2025-11-29,Healthy
1981,114,2025-12-01,33,20,27,0,2025-12-26,Healthy
1982,114,2026-01-01,28,24,25,2,2026-01-26,Healthy
1983,114,2026-02-01,9,5,15,4,2026-02-19,At Risk
1984,114,2026-03-01,6,1,4,6,2026-03-08,Critical
1985,114,2026-04-01,16,9,8,2,2026-04-20,At Risk
1986,114,2026-05-01,24,26,40,1,2026-05-31,Healthy
1987,114,2026-06-01,20,24,24,2,2026-06-29,Healthy
1988,115,2024-05-01,3,4,4,6,2024-05-10,Critical
1989,115,2024-06-01,2,0,1,5,2024-06-14,Critical
1990,115,2024-07-01,12,28,38,2,2024-07-30,Healthy
1991,115,2024-08-01,12,29,38,0,2024-08-30,Healthy
1992,115,2024-09-01,7,8,9,4,2024-09-24,At Risk
1993,115,2024-10-01,3,4,0,6,2024-10-04,Critical
1994,115,2024-11-01,9,5,17,5,2024-11-17,At Risk
1995,115,2024-12-01,5,9,11,1,2024-12-16,At Risk
1996,115,2025-01-01,7,10,13,4,2025-01-20,At Risk
1997,115,2025-02-01,1,2,1,8,2025-02-05,Critical
1998,115,2025-03-01,2,0,7,4,2025-03-15,Critical
1999,115,2025-04-01,2,1,6,4,2025-04-09,Critical
2000,115,2025-05-01,1,4,3,3,2025-05-01,Critical
2001,115,2025-06-01,7,9,16,4,2025-06-18,At Risk
2002,115,2025-07-01,13,15,28,2,2025-07-30,Healthy
2003,115,2025-08-01,14,23,23,0,2025-08-26,Healthy
2004,115,2025-09-01,11,23,21,0,2025-09-25,Healthy
2005,115,2025-10-01,4,5,15,3,2025-10-19,At Risk
2006,115,2025-11-01,4,5,8,1,2025-11-23,At Risk
2007,115,2025-12-01,15,21,40,1,2025-12-30,Healthy
2008,115,2026-01-01,15,20,21,0,2026-01-29,Healthy
2009,115,2026-02-01,8,10,14,2,2026-02-14,At Risk
2010,115,2026-03-01,1,4,5,3,2026-03-15,Critical
2011,115,2026-04-01,9,17,32,1,2026-04-28,Healthy
2012,115,2026-05-01,13,18,24,0,2026-05-26,Healthy
2013,115,2026-06-01,10,21,48,0,2026-06-30,Healthy
2014,116,2024-12-01,17,15,39,0,2024-12-26,Healthy
2015,116,2025-01-01,25,27,42,0,2025-01-29,Healthy
2016,116,2025-02-01,26,17,47,0,2025-02-25,Healthy
2017,116,2025-03-01,10,12,9,4,2025-03-19,At Risk
2018,116,2025-04-01,6,12,16,2,2025-04-18,At Risk
2019,116,2025-05-01,4,2,5,8,2025-05-01,Critical
2020,116,2025-06-01,12,10,8,2,2025-06-20,At Risk
2021,116,2025-07-01,5,2,6,3,2025-07-14,Critical
2022,116,2025-08-01,1,1,4,6,2025-08-09,Critical
2023,116,2025-09-01,23,21,47,1,2025-09-27,Healthy
2024,116,2025-10-01,12,11,15,3,2025-10-17,At Risk
2025,116,2025-11-01,3,2,7,4,2025-11-02,Critical
2026,116,2025-12-01,4,3,5,8,2025-12-09,Critical
2027,116,2026-01-01,1,4,6,4,2026-01-02,Critical
2028,116,2026-02-01,3,1,3,8,2026-02-11,Critical
2029,116,2026-03-01,2,0,2,8,2026-03-07,Critical
2030,116,2026-04-01,2,3,3,7,2026-04-06,Critical
2031,116,2026-05-01,23,29,27,0,2026-05-28,Healthy
2032,116,2026-06-01,25,29,27,1,2026-06-25,Healthy
2033,117,2025-10-01,163,24,29,0,2025-10-29,Healthy
2034,117,2025-11-01,138,13,8,4,2025-11-18,At Risk
2035,117,2025-12-01,57,7,15,5,2025-12-21,At Risk
2036,117,2026-01-01,204,27,29,0,2026-01-29,Healthy
2037,117,2026-02-01,246,21,29,2,2026-02-25,Healthy
2038,117,2026-03-01,179,27,28,1,2026-03-30,Healthy
2039,117,2026-04-01,246,20,25,0,2026-04-27,Healthy
2040,117,2026-05-01,253,21,48,0,2026-05-26,Healthy
2041,117,2026-06-01,53,10,9,2,2026-06-24,At Risk
2042,118,2025-04-01,68,11,17,2,2025-04-20,At Risk
2043,118,2025-05-01,39,10,11,4,2025-05-25,At Risk
2044,118,2025-06-01,36,10,10,4,2025-06-24,At Risk
2045,118,2025-07-01,114,15,26,1,2025-07-26,Healthy
2046,118,2025-08-01,5,3,2,6,2025-08-04,Critical
2047,118,2025-09-01,36,13,12,2,2025-09-16,At Risk
2048,118,2025-10-01,33,5,16,5,2025-10-24,At Risk
2049,118,2025-11-01,36,7,14,2,2025-11-23,At Risk
2050,118,2025-12-01,17,4,1,3,2025-12-07,Critical
2051,118,2026-01-01,23,0,0,8,2026-01-15,Critical
2052,118,2026-02-01,17,4,7,6,2026-01-30,Critical
2053,118,2026-03-01,39,5,13,1,2026-03-16,At Risk
2054,118,2026-04-01,104,17,44,0,2026-04-26,Healthy
2055,118,2026-05-01,115,30,49,2,2026-05-28,Healthy
2056,118,2026-06-01,129,25,30,1,2026-06-29,Healthy
2057,119,2025-12-01,124,13,12,4,2025-12-18,At Risk
2058,119,2026-01-01,30,0,6,4,2026-01-08,Critical
2059,119,2026-02-01,75,9,12,3,2026-02-15,At Risk
2060,119,2026-03-01,207,27,33,1,2026-03-29,Healthy
2061,119,2026-04-01,206,27,23,2,2026-04-30,Healthy
2062,119,2026-05-01,351,24,44,0,2026-05-27,Healthy
2063,119,2026-06-01,226,22,43,2,2026-06-29,Healthy
2064,120,2025-04-01,47,24,24,2,2025-04-27,Healthy
2065,120,2025-05-01,42,27,44,0,2025-05-27,Healthy
2066,120,2025-06-01,51,19,29,2,2025-06-29,Healthy
2067,120,2025-07-01,61,24,43,0,2025-07-26,Healthy
2068,120,2025-08-01,63,26,27,1,2025-08-28,Healthy
2069,120,2025-09-01,60,27,48,1,2025-09-26,Healthy
2070,120,2025-10-01,39,28,34,2,2025-10-26,Healthy
2071,120,2025-11-01,13,8,15,3,2025-11-19,At Risk
2072,120,2025-12-01,27,12,19,3,2025-12-24,At Risk
2073,120,2026-01-01,24,7,16,1,2026-01-22,At Risk
2074,120,2026-02-01,9,4,7,3,2026-02-01,Critical
2075,120,2026-03-01,3,2,5,4,2026-03-04,Critical
2076,120,2026-04-01,5,4,7,3,2026-04-13,Critical
2077,120,2026-05-01,9,2,1,8,2026-05-14,Critical
2078,120,2026-06-01,12,4,2,7,2026-06-11,Critical
2079,121,2024-05-01,15,27,21,1,2024-05-31,Healthy
2080,121,2024-06-01,12,22,36,1,2024-06-30,Healthy
2081,121,2024-07-01,14,17,28,2,2024-07-27,Healthy
2082,121,2024-08-01,13,23,40,1,2024-08-27,Healthy
2083,121,2024-09-01,13,25,38,1,2024-09-25,Healthy
2084,121,2024-10-01,11,24,26,1,2024-10-30,Healthy
2085,121,2024-11-01,14,26,46,2,2024-11-25,Healthy
2086,121,2024-12-01,18,27,43,2,2024-12-29,Healthy
2087,121,2025-01-01,11,23,40,2,2025-01-30,Healthy
2088,121,2025-02-01,16,19,20,2,2025-02-23,Healthy
2089,121,2025-03-01,11,29,29,2,2025-03-28,Healthy
2090,121,2025-04-01,18,21,42,1,2025-04-26,Healthy
2091,121,2025-05-01,17,19,23,0,2025-05-28,Healthy
2092,121,2025-06-01,15,17,48,2,2025-06-26,Healthy
2093,121,2025-07-01,16,18,40,1,2025-07-31,Healthy
2094,121,2025-08-01,2,4,6,5,2025-08-15,Critical
2095,121,2025-09-01,3,0,7,4,2025-09-09,Critical
2096,121,2025-10-01,5,7,13,1,2025-10-22,At Risk
2097,121,2025-11-01,2,3,1,6,2025-11-11,Critical
2098,121,2025-12-01,6,6,15,2,2025-12-20,At Risk
2099,121,2026-01-01,9,7,14,2,2026-01-16,At Risk
2100,121,2026-02-01,9,6,17,3,2026-02-16,At Risk
2101,121,2026-03-01,1,2,2,3,2026-03-12,Critical
2102,121,2026-04-01,3,3,0,7,2026-04-06,Critical
2103,121,2026-05-01,7,7,12,3,2026-05-24,At Risk
2104,121,2026-06-01,9,8,8,1,2026-06-16,At Risk
2105,122,2025-05-01,18,2,0,6,2025-05-03,Critical
2106,122,2025-06-01,10,2,3,4,2025-06-11,Critical
2107,122,2025-07-01,47,14,18,3,2025-07-21,At Risk
2108,122,2025-08-01,41,11,18,1,2025-08-16,At Risk
2109,122,2025-09-01,62,21,28,0,2025-09-27,Healthy
2110,122,2025-10-01,72,27,24,1,2025-10-26,Healthy
2111,122,2025-11-01,51,12,15,3,2025-11-18,At Risk
2112,122,2025-12-01,106,28,27,0,2025-12-28,Healthy
2113,122,2026-01-01,92,19,23,0,2026-01-31,Healthy
2114,122,2026-02-01,80,23,25,0,2026-02-23,Healthy
2115,122,2026-03-01,97,17,41,1,2026-03-26,Healthy
2116,122,2026-04-01,121,15,40,1,2026-04-30,Healthy
2117,122,2026-05-01,106,21,44,2,2026-05-27,Healthy
2118,122,2026-06-01,86,28,32,1,2026-06-25,Healthy
2119,123,2025-05-01,10,13,17,3,2025-05-19,At Risk
2120,123,2025-06-01,10,8,18,4,2025-06-16,At Risk
2121,123,2025-07-01,1,2,5,7,2025-07-02,Critical
2122,123,2025-08-01,10,12,18,5,2025-08-22,At Risk
2123,123,2025-09-01,6,12,12,1,2025-09-21,At Risk
2124,123,2025-10-01,10,14,10,5,2025-10-24,At Risk
2125,123,2025-11-01,12,26,45,2,2025-11-25,Healthy
2126,123,2025-12-01,20,15,45,1,2025-12-28,Healthy
2127,123,2026-01-01,20,15,42,1,2026-01-31,Healthy
2128,123,2026-02-01,3,4,0,3,2026-01-31,Critical
2129,123,2026-03-01,4,4,6,5,2026-03-02,Critical
2130,123,2026-04-01,3,1,4,8,2026-04-02,Critical
2131,123,2026-05-01,2,2,0,8,2026-05-06,Critical
2132,123,2026-06-01,3,3,5,8,2026-06-13,Critical
2133,124,2025-02-01,127,28,39,0,2025-02-25,Healthy
2134,124,2025-03-01,43,7,8,1,2025-03-16,At Risk
2135,124,2025-04-01,8,2,6,5,2025-04-09,Critical
2136,124,2025-05-01,41,10,16,4,2025-05-23,At Risk
2137,124,2025-06-01,108,17,45,1,2025-06-28,Healthy
2138,124,2025-07-01,82,20,36,2,2025-07-31,Healthy
2139,124,2025-08-01,92,18,37,2,2025-08-29,Healthy
2140,124,2025-09-01,88,15,32,1,2025-09-28,Healthy
2141,124,2025-10-01,35,8,11,5,2025-10-23,At Risk
2142,124,2025-11-01,97,24,40,0,2025-11-26,Healthy
2143,124,2025-12-01,75,17,25,2,2025-12-31,Healthy
2144,124,2026-01-01,115,22,35,0,2026-01-30,Healthy
2145,124,2026-02-01,134,16,26,0,2026-02-24,Healthy
2146,124,2026-03-01,121,29,38,2,2026-03-29,Healthy
2147,124,2026-04-01,103,19,48,1,2026-04-27,Healthy
2148,124,2026-05-01,75,17,44,1,2026-05-27,Healthy
2149,124,2026-06-01,67,9,19,1,2026-06-16,At Risk
2150,125,2025-12-01,2,4,2,8,2025-12-13,Critical
2151,125,2026-01-01,4,1,1,4,2026-01-04,Critical
2152,125,2026-02-01,5,4,7,3,2026-01-30,Critical
2153,125,2026-03-01,23,18,29,0,2026-03-28,Healthy
2154,125,2026-04-01,18,17,39,0,2026-04-26,Healthy
2155,125,2026-05-01,21,29,29,1,2026-05-30,Healthy
2156,125,2026-06-01,19,15,42,2,2026-06-29,Healthy
2157,126,2024-06-01,6,14,12,2,2024-06-22,At Risk
2158,126,2024-07-01,1,3,6,4,2024-07-15,Critical
2159,126,2024-08-01,7,7,8,3,2024-08-24,At Risk
2160,126,2024-09-01,10,23,24,1,2024-09-28,Healthy
2161,126,2024-10-01,6,12,9,1,2024-10-17,At Risk
2162,126,2024-11-01,13,30,37,1,2024-11-27,Healthy
2163,126,2024-12-01,11,26,43,0,2024-12-31,Healthy
2164,126,2025-01-01,8,15,48,2,2025-01-26,Healthy
2165,126,2025-02-01,3,6,13,1,2025-02-22,At Risk
2166,126,2025-03-01,8,7,19,4,2025-03-25,At Risk
2167,126,2025-04-01,11,17,25,1,2025-04-26,Healthy
2168,126,2025-05-01,9,20,25,0,2025-05-27,Healthy
2169,126,2025-06-01,15,20,24,2,2025-06-29,Healthy
2170,126,2025-07-01,15,29,49,2,2025-07-27,Healthy
2171,126,2025-08-01,13,27,37,0,2025-08-31,Healthy
2172,126,2025-09-01,9,19,46,0,2025-09-29,Healthy
2173,126,2025-10-01,9,28,43,0,2025-10-26,Healthy
2174,126,2025-11-01,4,14,16,2,2025-11-22,At Risk
2175,126,2025-12-01,5,7,17,3,2025-12-25,At Risk
2176,126,2026-01-01,11,20,48,1,2026-01-27,Healthy
2177,126,2026-02-01,12,24,43,1,2026-02-25,Healthy
2178,126,2026-03-01,8,25,45,0,2026-03-27,Healthy
2179,126,2026-04-01,10,29,23,1,2026-04-27,Healthy
2180,126,2026-05-01,10,21,28,1,2026-05-28,Healthy
2181,126,2026-06-01,9,24,43,0,2026-06-30,Healthy
2182,127,2026-03-01,146,26,33,1,2026-03-29,Healthy
2183,127,2026-04-01,157,22,50,1,2026-04-28,Healthy
2184,127,2026-05-01,162,16,37,2,2026-05-28,Healthy
2185,127,2026-06-01,143,19,42,0,2026-06-28,Healthy
2186,128,2025-04-01,35,3,1,8,2025-04-07,Critical
2187,128,2025-05-01,18,0,7,3,2025-05-13,Critical
2188,128,2025-06-01,167,22,45,1,2025-06-29,Healthy
2189,128,2025-07-01,182,28,31,2,2025-07-31,Healthy
2190,128,2025-08-01,135,20,37,0,2025-08-27,Healthy
2191,128,2025-09-01,115,23,36,0,2025-09-28,Healthy
2192,128,2025-10-01,28,3,2,3,2025-10-14,Critical
2193,128,2025-11-01,56,11,14,2,2025-11-16,At Risk
2194,128,2025-12-01,51,13,11,3,2025-12-17,At Risk
2195,128,2026-01-01,128,30,46,0,2026-01-29,Healthy
2196,128,2026-02-01,175,30,30,2,2026-02-28,Healthy
2197,128,2026-03-01,113,30,29,1,2026-03-29,Healthy
2198,128,2026-04-01,93,14,19,3,2026-04-15,At Risk
2199,128,2026-05-01,56,8,8,5,2026-05-20,At Risk
2200,128,2026-06-01,59,8,16,1,2026-06-17,At Risk
2201,129,2025-10-01,20,9,15,3,2025-10-20,At Risk
2202,129,2025-11-01,9,4,2,7,2025-11-02,Critical
2203,129,2025-12-01,5,4,7,7,2025-12-13,Critical
2204,129,2026-01-01,28,10,8,3,2026-01-20,At Risk
2205,129,2026-02-01,3,2,7,8,2026-01-29,Critical
2206,129,2026-03-01,2,2,0,6,2026-03-01,Critical
2207,129,2026-04-01,48,20,48,1,2026-04-27,Healthy
2208,129,2026-05-01,64,22,50,2,2026-05-27,Healthy
2209,129,2026-06-01,50,15,30,2,2026-06-30,Healthy
2210,130,2025-12-01,3009,24,46,0,2025-12-28,Healthy
2211,130,2026-01-01,3827,24,45,0,2026-01-27,Healthy
2212,130,2026-02-01,3891,23,35,1,2026-02-27,Healthy
2213,130,2026-03-01,1488,12,17,4,2026-03-18,At Risk
2214,130,2026-04-01,1351,11,10,3,2026-04-18,At Risk
2215,130,2026-05-01,967,9,8,5,2026-05-17,At Risk
2216,130,2026-06-01,2808,23,35,0,2026-06-25,Healthy
2217,131,2025-11-01,218,21,38,1,2025-11-29,Healthy
2218,131,2025-12-01,195,22,30,0,2025-12-26,Healthy
2219,131,2026-01-01,141,28,35,1,2026-01-30,Healthy
2220,131,2026-02-01,147,30,40,2,2026-02-25,Healthy
2221,131,2026-03-01,210,25,31,1,2026-03-30,Healthy
2222,131,2026-04-01,154,18,42,2,2026-04-30,Healthy
2223,131,2026-05-01,185,27,25,0,2026-05-29,Healthy
2224,131,2026-06-01,199,30,34,1,2026-06-29,Healthy
2225,132,2025-10-01,29,18,46,2,2025-10-26,Healthy
2226,132,2025-11-01,17,15,22,1,2025-11-27,Healthy
2227,132,2025-12-01,31,30,26,1,2025-12-30,Healthy
2228,132,2026-01-01,28,17,27,0,2026-01-27,Healthy
2229,132,2026-02-01,19,27,38,1,2026-02-23,Healthy
2230,132,2026-03-01,9,9,12,3,2026-03-21,At Risk
2231,132,2026-04-01,16,29,34,2,2026-04-28,Healthy
2232,132,2026-05-01,14,7,8,1,2026-05-18,At Risk
2233,132,2026-06-01,25,23,41,0,2026-06-26,Healthy
2234,133,2025-04-01,11,14,10,4,2025-04-19,At Risk
2235,133,2025-05-01,18,9,9,1,2025-05-25,At Risk
2236,133,2025-06-01,4,3,2,5,2025-06-06,Critical
2237,133,2025-07-01,26,23,33,1,2025-07-30,Healthy
2238,133,2025-08-01,23,12,12,4,2025-08-18,At Risk
2239,133,2025-09-01,24,14,11,2,2025-09-19,At Risk
2240,133,2025-10-01,12,12,11,1,2025-10-19,At Risk
2241,133,2025-11-01,3,4,2,8,2025-11-04,Critical
2242,133,2025-12-01,6,4,0,8,2025-12-07,Critical
2243,133,2026-01-01,19,8,15,4,2026-01-19,At Risk
2244,133,2026-02-01,10,11,11,2,2026-02-15,At Risk
2245,133,2026-03-01,21,10,16,3,2026-03-19,At Risk
2246,133,2026-04-01,22,12,19,3,2026-04-23,At Risk
2247,133,2026-05-01,38,18,46,1,2026-05-30,Healthy
2248,133,2026-06-01,19,12,10,2,2026-06-23,At Risk
2249,134,2025-12-01,3,2,6,6,2025-12-07,Critical
2250,134,2026-01-01,9,4,5,4,2026-01-13,Critical
2251,134,2026-02-01,9,4,1,5,2026-02-04,Critical
2252,134,2026-03-01,5,1,4,8,2026-03-04,Critical
2253,134,2026-04-01,45,17,32,1,2026-04-25,Healthy
2254,134,2026-05-01,50,29,23,2,2026-05-28,Healthy
2255,134,2026-06-01,49,19,39,2,2026-06-25,Healthy
2256,135,2024-05-01,45,19,39,2,2024-05-29,Healthy
2257,135,2024-06-01,54,23,27,0,2024-06-26,Healthy
2258,135,2024-07-01,52,17,30,0,2024-07-28,Healthy
2259,135,2024-08-01,40,30,36,0,2024-08-26,Healthy
2260,135,2024-09-01,33,16,25,0,2024-09-26,Healthy
2261,135,2024-10-01,52,25,36,0,2024-10-29,Healthy
2262,135,2024-11-01,48,23,20,1,2024-11-26,Healthy
2263,135,2024-12-01,24,14,8,3,2024-12-17,At Risk
2264,135,2025-01-01,20,9,8,1,2025-01-22,At Risk
2265,135,2025-02-01,14,10,10,4,2025-02-17,At Risk
2266,135,2025-03-01,28,11,15,5,2025-03-19,At Risk
2267,135,2025-04-01,46,22,27,1,2025-04-26,Healthy
2268,135,2025-05-01,57,28,42,2,2025-05-27,Healthy
2269,135,2025-06-01,47,27,46,1,2025-06-30,Healthy
2270,135,2025-07-01,49,29,49,1,2025-07-31,Healthy
2271,135,2025-08-01,51,30,36,2,2025-08-29,Healthy
2272,135,2025-09-01,30,14,8,1,2025-09-21,At Risk
2273,135,2025-10-01,14,13,14,5,2025-10-19,At Risk
2274,135,2025-11-01,56,15,33,2,2025-11-30,Healthy
2275,135,2025-12-01,57,30,35,1,2025-12-30,Healthy
2276,135,2026-01-01,56,17,41,2,2026-01-31,Healthy
2277,135,2026-02-01,56,16,31,0,2026-02-25,Healthy
2278,135,2026-03-01,59,23,22,1,2026-03-28,Healthy
2279,135,2026-04-01,32,20,47,2,2026-04-27,Healthy
2280,135,2026-05-01,59,27,49,0,2026-05-30,Healthy
2281,135,2026-06-01,47,23,46,2,2026-06-26,Healthy
2282,136,2025-12-01,90,17,42,1,2025-12-26,Healthy
2283,136,2026-01-01,72,17,28,1,2026-01-26,Healthy
2284,136,2026-02-01,43,11,8,3,2026-02-13,At Risk
2285,136,2026-03-01,31,12,15,1,2026-03-25,At Risk
2286,136,2026-04-01,33,7,18,3,2026-04-16,At Risk
2287,136,2026-05-01,15,0,2,5,2026-05-15,Critical
2288,136,2026-06-01,4,3,1,7,2026-06-12,Critical
2289,137,2024-04-01,14,22,35,2,2024-04-25,Healthy
2290,137,2024-05-01,21,20,48,0,2024-05-29,Healthy
2291,137,2024-06-01,15,20,22,2,2024-06-30,Healthy
2292,137,2024-07-01,21,22,42,1,2024-07-30,Healthy
2293,137,2024-08-01,1,2,5,6,2024-08-09,Critical
2294,137,2024-09-01,5,3,5,5,2024-09-02,Critical
2295,137,2024-10-01,12,7,17,3,2024-10-18,At Risk
2296,137,2024-11-01,4,1,5,8,2024-11-13,Critical
2297,137,2024-12-01,12,6,19,4,2024-12-24,At Risk
2298,137,2025-01-01,11,8,14,4,2025-01-18,At Risk
2299,137,2025-02-01,11,13,8,1,2025-02-22,At Risk
2300,137,2025-03-01,1,3,5,4,2025-03-11,Critical
2301,137,2025-04-01,2,4,6,8,2025-04-06,Critical
2302,137,2025-05-01,1,0,0,7,2025-05-10,Critical
2303,137,2025-06-01,20,23,49,2,2025-06-28,Healthy
2304,137,2025-07-01,18,26,33,1,2025-07-30,Healthy
2305,137,2025-08-01,12,11,14,2,2025-08-20,At Risk
2306,137,2025-09-01,25,15,25,1,2025-09-25,Healthy
2307,137,2025-10-01,15,27,34,1,2025-10-28,Healthy
2308,137,2025-11-01,17,18,43,2,2025-11-27,Healthy
2309,137,2025-12-01,22,23,50,1,2025-12-29,Healthy
2310,137,2026-01-01,15,25,42,2,2026-01-28,Healthy
2311,137,2026-02-01,2,1,0,3,2026-02-12,Critical
2312,137,2026-03-01,2,2,6,7,2026-03-04,Critical
2313,137,2026-04-01,2,4,7,4,2026-04-12,Critical
2314,137,2026-05-01,1,1,1,8,2026-05-15,Critical
2315,137,2026-06-01,3,3,6,4,2026-06-02,Critical
2316,138,2024-10-01,262,26,26,2,2024-10-28,Healthy
2317,138,2024-11-01,232,27,40,0,2024-11-30,Healthy
2318,138,2024-12-01,111,10,19,5,2024-12-16,At Risk
2319,138,2025-01-01,134,6,19,2,2025-01-25,At Risk
2320,138,2025-02-01,127,6,11,2,2025-02-21,At Risk
2321,138,2025-03-01,113,7,15,1,2025-03-16,At Risk
2322,138,2025-04-01,56,2,1,6,2025-03-31,Critical
2323,138,2025-05-01,25,3,1,5,2025-05-07,Critical
2324,138,2025-06-01,52,1,5,6,2025-06-11,Critical
2325,138,2025-07-01,288,16,33,0,2025-07-27,Healthy
2326,138,2025-08-01,18,3,0,3,2025-08-07,Critical
2327,138,2025-09-01,73,11,16,1,2025-09-19,At Risk
2328,138,2025-10-01,13,0,3,8,2025-10-12,Critical
2329,138,2025-11-01,48,4,2,6,2025-11-09,Critical
2330,138,2025-12-01,105,5,12,1,2025-12-23,At Risk
2331,138,2026-01-01,79,5,18,4,2026-01-17,At Risk
2332,138,2026-02-01,180,16,33,2,2026-02-27,Healthy
2333,138,2026-03-01,79,9,10,1,2026-03-16,At Risk
2334,138,2026-04-01,80,6,11,5,2026-04-23,At Risk
2335,138,2026-05-01,141,12,8,5,2026-05-24,At Risk
2336,138,2026-06-01,322,18,42,2,2026-06-27,Healthy
2337,139,2025-05-01,35,24,36,1,2025-05-30,Healthy
2338,139,2025-06-01,26,16,42,2,2025-06-29,Healthy
2339,139,2025-07-01,29,26,40,1,2025-07-27,Healthy
2340,139,2025-08-01,34,26,31,0,2025-08-30,Healthy
2341,139,2025-09-01,36,28,49,2,2025-09-28,Healthy
2342,139,2025-10-01,8,5,19,4,2025-10-20,At Risk
2343,139,2025-11-01,9,7,10,2,2025-11-15,At Risk
2344,139,2025-12-01,19,14,19,1,2025-12-18,At Risk
2345,139,2026-01-01,9,12,17,2,2026-01-21,At Risk
2346,139,2026-02-01,16,9,12,1,2026-02-21,At Risk
2347,139,2026-03-01,11,6,16,2,2026-03-18,At Risk
2348,139,2026-04-01,15,14,8,3,2026-04-15,At Risk
2349,139,2026-05-01,31,18,29,2,2026-05-28,Healthy
2350,139,2026-06-01,40,28,38,1,2026-06-30,Healthy
2351,140,2024-03-01,11,6,12,4,2024-03-19,At Risk
2352,140,2024-04-01,17,7,18,4,2024-04-16,At Risk
2353,140,2024-05-01,7,1,1,6,2024-05-06,Critical
2354,140,2024-06-01,2,0,3,3,2024-06-03,Critical
2355,140,2024-07-01,2,1,6,7,2024-07-14,Critical
2356,140,2024-08-01,11,6,17,4,2024-08-21,At Risk
2357,140,2024-09-01,9,13,15,3,2024-09-24,At Risk
2358,140,2024-10-01,6,2,5,4,2024-10-06,Critical
2359,140,2024-11-01,45,15,26,1,2024-11-30,Healthy
2360,140,2024-12-01,23,30,29,0,2024-12-29,Healthy
2361,140,2025-01-01,38,22,36,1,2025-01-26,Healthy
2362,140,2025-02-01,10,13,15,5,2025-02-19,At Risk
2363,140,2025-03-01,20,6,9,2,2025-03-17,At Risk
2364,140,2025-04-01,42,26,40,2,2025-04-27,Healthy
2365,140,2025-05-01,24,28,25,1,2025-05-31,Healthy
2366,140,2025-06-01,32,24,20,2,2025-06-29,Healthy
2367,140,2025-07-01,38,15,24,2,2025-07-30,Healthy
2368,140,2025-08-01,27,30,46,0,2025-08-26,Healthy
2369,140,2025-09-01,42,16,33,2,2025-09-28,Healthy
2370,140,2025-10-01,23,16,40,0,2025-10-30,Healthy
2371,140,2025-11-01,31,18,27,2,2025-11-25,Healthy
2372,140,2025-12-01,14,8,15,5,2025-12-17,At Risk
2373,140,2026-01-01,11,9,17,1,2026-01-25,At Risk
2374,140,2026-02-01,13,9,19,1,2026-02-15,At Risk
2375,140,2026-03-01,3,2,3,6,2026-03-11,Critical
2376,140,2026-04-01,21,12,15,2,2026-04-24,At Risk
2377,140,2026-05-01,32,26,33,0,2026-05-28,Healthy
2378,140,2026-06-01,25,29,22,1,2026-06-27,Healthy
2379,141,2024-05-01,20,23,37,1,2024-05-30,Healthy
2380,141,2024-06-01,21,29,20,0,2024-06-25,Healthy
2381,141,2024-07-01,15,6,9,4,2024-07-25,At Risk
2382,141,2024-08-01,12,9,9,5,2024-08-24,At Risk
2383,141,2024-09-01,11,6,18,3,2024-09-16,At Risk
2384,141,2024-10-01,8,11,8,1,2024-10-22,At Risk
2385,141,2024-11-01,24,26,26,0,2024-11-27,Healthy
2386,141,2024-12-01,22,15,41,0,2024-12-26,Healthy
2387,141,2025-01-01,15,6,8,4,2025-01-18,At Risk
2388,141,2025-02-01,12,7,15,4,2025-02-19,At Risk
2389,141,2025-03-01,9,13,17,4,2025-03-17,At Risk
2390,141,2025-04-01,12,10,13,1,2025-04-19,At Risk
2391,141,2025-05-01,15,9,17,3,2025-05-23,At Risk
2392,141,2025-06-01,4,0,3,5,2025-06-03,Critical
2393,141,2025-07-01,3,2,4,8,2025-07-08,Critical
2394,141,2025-08-01,1,1,6,8,2025-08-06,Critical
2395,141,2025-09-01,8,10,15,1,2025-09-18,At Risk
2396,141,2025-10-01,3,3,7,3,2025-10-13,Critical
2397,141,2025-11-01,6,4,1,6,2025-11-12,Critical
2398,141,2025-12-01,11,13,18,5,2025-12-24,At Risk
2399,141,2026-01-01,28,16,45,0,2026-01-30,Healthy
2400,141,2026-02-01,24,28,32,1,2026-02-24,Healthy
2401,141,2026-03-01,18,17,40,0,2026-03-31,Healthy
2402,141,2026-04-01,34,22,27,2,2026-04-26,Healthy
2403,141,2026-05-01,32,25,29,2,2026-05-31,Healthy
2404,141,2026-06-01,30,22,50,1,2026-06-30,Healthy
2405,142,2024-03-01,56,21,32,2,2024-03-29,Healthy
2406,142,2024-04-01,50,30,45,1,2024-04-30,Healthy
2407,142,2024-05-01,18,11,15,1,2024-05-18,At Risk
2408,142,2024-06-01,9,3,1,4,2024-06-03,Critical
2409,142,2024-07-01,26,8,15,1,2024-07-25,At Risk
2410,142,2024-08-01,14,6,14,3,2024-08-16,At Risk
2411,142,2024-09-01,47,25,29,1,2024-09-27,Healthy
2412,142,2024-10-01,18,5,14,1,2024-10-17,At Risk
2413,142,2024-11-01,26,13,11,5,2024-11-21,At Risk
2414,142,2024-12-01,6,2,7,4,2024-12-08,Critical
2415,142,2025-01-01,11,2,0,6,2025-01-07,Critical
2416,142,2025-02-01,7,4,1,7,2025-02-08,Critical
2417,142,2025-03-01,6,0,5,4,2025-03-14,Critical
2418,142,2025-04-01,4,1,3,8,2025-04-02,Critical
2419,142,2025-05-01,3,0,0,5,2025-05-01,Critical
2420,142,2025-06-01,6,2,6,3,2025-06-06,Critical
2421,142,2025-07-01,29,11,14,4,2025-07-25,At Risk
2422,142,2025-08-01,43,26,32,1,2025-08-29,Healthy
2423,142,2025-09-01,63,29,32,1,2025-09-25,Healthy
2424,142,2025-10-01,19,11,8,3,2025-10-25,At Risk
2425,142,2025-11-01,16,9,15,3,2025-11-22,At Risk
2426,142,2025-12-01,24,14,8,4,2025-12-25,At Risk
2427,142,2026-01-01,2,2,6,4,2026-01-08,Critical
2428,142,2026-02-01,14,13,10,2,2026-02-21,At Risk
2429,142,2026-03-01,49,25,37,0,2026-03-27,Healthy
2430,142,2026-04-01,53,20,48,1,2026-04-28,Healthy
2431,142,2026-05-01,59,17,31,0,2026-05-31,Healthy
2432,142,2026-06-01,47,19,27,1,2026-06-27,Healthy
2433,143,2025-04-01,29,20,34,1,2025-04-29,Healthy
2434,143,2025-05-01,29,24,21,0,2025-05-30,Healthy
2435,143,2025-06-01,38,30,45,2,2025-06-26,Healthy
2436,143,2025-07-01,5,0,4,8,2025-07-08,Critical
2437,143,2025-08-01,19,13,13,2,2025-08-17,At Risk
2438,143,2025-09-01,13,11,12,4,2025-09-16,At Risk
2439,143,2025-10-01,32,28,27,1,2025-10-27,Healthy
2440,143,2025-11-01,16,8,11,5,2025-11-17,At Risk
2441,143,2025-12-01,12,11,12,2,2025-12-16,At Risk
2442,143,2026-01-01,28,16,37,0,2026-01-31,Healthy
2443,143,2026-02-01,38,26,36,0,2026-02-27,Healthy
2444,143,2026-03-01,17,7,15,5,2026-03-16,At Risk
2445,143,2026-04-01,40,20,26,2,2026-04-27,Healthy
2446,143,2026-05-01,33,27,39,2,2026-05-29,Healthy
2447,143,2026-06-01,31,23,42,0,2026-06-28,Healthy
2448,144,2024-07-01,45,28,24,0,2024-07-26,Healthy
2449,144,2024-08-01,60,21,26,1,2024-08-28,Healthy
2450,144,2024-09-01,62,16,25,1,2024-09-27,Healthy
2451,144,2024-10-01,63,26,28,0,2024-10-29,Healthy
2452,144,2024-11-01,41,30,38,2,2024-11-25,Healthy
2453,144,2024-12-01,59,22,21,2,2024-12-29,Healthy
2454,144,2025-01-01,36,25,35,2,2025-01-26,Healthy
2455,144,2025-02-01,40,29,48,1,2025-02-27,Healthy
2456,144,2025-03-01,55,21,21,2,2025-03-26,Healthy
2457,144,2025-04-01,3,1,2,3,2025-04-09,Critical
2458,144,2025-05-01,7,0,7,8,2025-05-01,Critical
2459,144,2025-06-01,11,1,1,7,2025-06-09,Critical
2460,144,2025-07-01,30,12,15,3,2025-07-16,At Risk
2461,144,2025-08-01,65,26,40,1,2025-08-26,Healthy
2462,144,2025-09-01,36,26,34,1,2025-09-28,Healthy
2463,144,2025-10-01,32,13,14,4,2025-10-17,At Risk
2464,144,2025-11-01,56,26,39,0,2025-11-27,Healthy
2465,144,2025-12-01,37,16,27,2,2025-12-28,Healthy
2466,144,2026-01-01,48,27,28,1,2026-01-27,Healthy
2467,144,2026-02-01,55,15,46,0,2026-02-25,Healthy
2468,144,2026-03-01,13,10,11,2,2026-03-25,At Risk
2469,144,2026-04-01,42,16,46,1,2026-04-27,Healthy
2470,144,2026-05-01,20,14,9,3,2026-05-19,At Risk
2471,144,2026-06-01,20,6,17,1,2026-06-18,At Risk
2472,145,2025-08-01,20,14,18,2,2025-08-18,At Risk
2473,145,2025-09-01,7,3,5,6,2025-09-11,Critical
2474,145,2025-10-01,8,3,0,6,2025-10-02,Critical
2475,145,2025-11-01,10,0,0,5,2025-11-07,Critical
2476,145,2025-12-01,6,1,7,8,2025-12-03,Critical
2477,145,2026-01-01,27,10,11,3,2026-01-20,At Risk
2478,145,2026-02-01,15,9,12,2,2026-02-21,At Risk
2479,145,2026-03-01,43,15,37,0,2026-03-26,Healthy
2480,145,2026-04-01,68,17,36,1,2026-04-30,Healthy
2481,145,2026-05-01,51,24,25,0,2026-05-27,Healthy
2482,145,2026-06-01,58,28,20,1,2026-06-28,Healthy
2483,146,2025-01-01,52,4,6,8,2025-01-04,Critical
2484,146,2025-02-01,17,4,7,5,2025-01-29,Critical
2485,146,2025-03-01,78,14,12,5,2025-03-17,At Risk
2486,146,2025-04-01,16,1,4,4,2025-04-13,Critical
2487,146,2025-05-01,32,2,3,6,2025-05-01,Critical
2488,146,2025-06-01,167,20,47,2,2025-06-28,Healthy
2489,146,2025-07-01,201,17,50,2,2025-07-28,Healthy
2490,146,2025-08-01,120,6,13,3,2025-08-23,At Risk
2491,146,2025-09-01,68,9,8,1,2025-09-24,At Risk
2492,146,2025-10-01,159,5,11,1,2025-10-20,At Risk
2493,146,2025-11-01,58,3,4,6,2025-11-04,Critical
2494,146,2025-12-01,13,1,1,8,2025-12-04,Critical
2495,146,2026-01-01,64,14,12,3,2026-01-17,At Risk
2496,146,2026-02-01,109,7,19,4,2026-02-16,At Risk
2497,146,2026-03-01,131,5,12,1,2026-03-24,At Risk
2498,146,2026-04-01,106,9,17,1,2026-04-23,At Risk
2499,146,2026-05-01,81,6,9,3,2026-05-19,At Risk
2500,146,2026-06-01,70,5,16,3,2026-06-24,At Risk
2501,147,2026-02-01,847,8,9,2,2026-02-17,At Risk
2502,147,2026-03-01,953,12,9,4,2026-03-16,At Risk
2503,147,2026-04-01,871,10,13,2,2026-04-20,At Risk
2504,147,2026-05-01,2404,22,26,1,2026-05-30,Healthy
2505,147,2026-06-01,1684,20,30,0,2026-06-26,Healthy
2506,148,2025-05-01,36,19,33,1,2025-05-30,Healthy
2507,148,2025-06-01,34,20,45,1,2025-06-26,Healthy
2508,148,2025-07-01,23,18,24,0,2025-07-27,Healthy
2509,148,2025-08-01,36,23,38,2,2025-08-31,Healthy
2510,148,2025-09-01,27,24,40,1,2025-09-26,Healthy
2511,148,2025-10-01,35,19,46,0,2025-10-31,Healthy
2512,148,2025-11-01,39,30,22,0,2025-11-30,Healthy
2513,148,2025-12-01,24,27,31,2,2025-12-29,Healthy
2514,148,2026-01-01,41,24,44,2,2026-01-30,Healthy
2515,148,2026-02-01,19,10,17,1,2026-02-21,At Risk
2516,148,2026-03-01,1,1,2,4,2026-03-04,Critical
2517,148,2026-04-01,24,24,36,1,2026-04-28,Healthy
2518,148,2026-05-01,37,23,22,1,2026-05-26,Healthy
2519,148,2026-06-01,20,6,8,5,2026-06-23,At Risk
2520,149,2025-12-01,115,22,49,1,2025-12-26,Healthy
2521,149,2026-01-01,121,24,31,0,2026-01-31,Healthy
2522,149,2026-02-01,131,25,45,0,2026-02-26,Healthy
2523,149,2026-03-01,154,27,36,0,2026-03-30,Healthy
2524,149,2026-04-01,120,29,48,2,2026-04-30,Healthy
2525,149,2026-05-01,81,23,42,0,2026-05-31,Healthy
2526,149,2026-06-01,93,18,43,1,2026-06-28,Healthy
2527,150,2025-11-01,133,27,39,1,2025-11-28,Healthy
2528,150,2025-12-01,186,19,26,0,2025-12-31,Healthy
2529,150,2026-01-01,220,29,33,0,2026-01-29,Healthy
2530,150,2026-02-01,58,7,13,1,2026-02-22,At Risk
2531,150,2026-03-01,68,9,9,2,2026-03-19,At Risk
2532,150,2026-04-01,23,3,1,6,2026-04-12,Critical
2533,150,2026-05-01,31,1,2,7,2026-05-05,Critical
2534,150,2026-06-01,23,1,7,3,2026-06-06,Critical
2535,151,2025-08-01,204,18,32,2,2025-08-28,Healthy
2536,151,2025-09-01,135,27,32,1,2025-09-28,Healthy
2537,151,2025-10-01,184,30,29,1,2025-10-30,Healthy
2538,151,2025-11-01,169,24,20,1,2025-11-26,Healthy
2539,151,2025-12-01,126,30,50,0,2025-12-29,Healthy
2540,151,2026-01-01,120,26,30,1,2026-01-27,Healthy
2541,151,2026-02-01,152,18,44,1,2026-02-26,Healthy
2542,151,2026-03-01,121,23,47,0,2026-03-28,Healthy
2543,151,2026-04-01,21,4,2,6,2026-04-14,Critical
2544,151,2026-05-01,22,1,2,8,2026-05-15,Critical
2545,151,2026-06-01,150,23,45,0,2026-06-30,Healthy
2546,152,2025-10-01,2081,28,45,0,2025-10-26,Healthy
2547,152,2025-11-01,3345,16,35,0,2025-11-26,Healthy
2548,152,2025-12-01,1571,10,9,5,2025-12-17,At Risk
2549,152,2026-01-01,137,0,0,4,2026-01-05,Critical
2550,152,2026-02-01,911,8,9,4,2026-02-17,At Risk
2551,152,2026-03-01,3187,16,36,0,2026-03-30,Healthy
2552,152,2026-04-01,3260,21,34,2,2026-04-29,Healthy
2553,152,2026-05-01,2352,21,39,2,2026-05-28,Healthy
2554,152,2026-06-01,2117,19,27,2,2026-06-30,Healthy
2555,153,2025-04-01,8,16,27,1,2025-04-30,Healthy
2556,153,2025-05-01,8,22,23,2,2025-05-31,Healthy
2557,153,2025-06-01,6,27,20,0,2025-06-28,Healthy
2558,153,2025-07-01,6,24,44,2,2025-07-31,Healthy
2559,153,2025-08-01,9,20,36,1,2025-08-30,Healthy
2560,153,2025-09-01,6,21,48,0,2025-09-28,Healthy
2561,153,2025-10-01,6,22,44,2,2025-10-28,Healthy
2562,153,2025-11-01,9,21,21,0,2025-11-26,Healthy
2563,153,2025-12-01,6,21,36,1,2025-12-31,Healthy
2564,153,2026-01-01,11,20,42,2,2026-01-31,Healthy
2565,153,2026-02-01,5,11,11,3,2026-02-16,At Risk
2566,153,2026-03-01,4,6,10,2,2026-03-23,At Risk
2567,153,2026-04-01,1,1,7,8,2026-03-31,Critical
2568,153,2026-05-01,1,4,6,5,2026-05-09,Critical
2569,153,2026-06-01,1,4,4,7,2026-06-13,Critical
2570,154,2025-02-01,13,20,50,0,2025-02-25,Healthy
2571,154,2025-03-01,7,5,9,4,2025-03-19,At Risk
2572,154,2025-04-01,4,8,11,4,2025-04-20,At Risk
2573,154,2025-05-01,4,14,8,4,2025-05-25,At Risk
2574,154,2025-06-01,5,8,9,2,2025-06-22,At Risk
2575,154,2025-07-01,2,4,3,5,2025-07-07,Critical
2576,154,2025-08-01,12,23,47,2,2025-08-30,Healthy
2577,154,2025-09-01,1,3,3,5,2025-09-04,Critical
2578,154,2025-10-01,3,11,19,5,2025-10-24,At Risk
2579,154,2025-11-01,10,21,38,2,2025-11-30,Healthy
2580,154,2025-12-01,13,15,48,1,2025-12-27,Healthy
2581,154,2026-01-01,11,19,37,1,2026-01-27,Healthy
2582,154,2026-02-01,6,12,14,2,2026-02-22,At Risk
2583,154,2026-03-01,6,11,10,1,2026-03-16,At Risk
2584,154,2026-04-01,4,6,19,3,2026-04-22,At Risk
2585,154,2026-05-01,11,28,42,1,2026-05-31,Healthy
2586,154,2026-06-01,14,21,32,0,2026-06-27,Healthy
2587,155,2024-12-01,59,6,17,2,2024-12-22,At Risk
2588,155,2025-01-01,130,24,32,1,2025-01-27,Healthy
2589,155,2025-02-01,217,21,35,0,2025-02-24,Healthy
2590,155,2025-03-01,206,20,47,0,2025-03-30,Healthy
2591,155,2025-04-01,146,26,42,0,2025-04-30,Healthy
2592,155,2025-05-01,183,20,20,0,2025-05-29,Healthy
2593,155,2025-06-01,157,22,40,0,2025-06-26,Healthy
2594,155,2025-07-01,217,27,30,1,2025-07-29,Healthy
2595,155,2025-08-01,218,27,38,0,2025-08-27,Healthy
2596,155,2025-09-01,129,30,25,0,2025-09-28,Healthy
2597,155,2025-10-01,184,17,50,1,2025-10-27,Healthy
2598,155,2025-11-01,142,26,30,1,2025-11-30,Healthy
2599,155,2025-12-01,204,26,35,2,2025-12-29,Healthy
2600,155,2026-01-01,111,15,46,1,2026-01-31,Healthy
2601,155,2026-02-01,168,23,31,2,2026-02-23,Healthy
2602,155,2026-03-01,128,25,25,0,2026-03-29,Healthy
2603,155,2026-04-01,176,21,41,0,2026-04-26,Healthy
2604,155,2026-05-01,172,29,26,2,2026-05-30,Healthy
2605,155,2026-06-01,118,15,22,0,2026-06-27,Healthy
2606,156,2025-02-01,2590,26,50,0,2025-02-26,Healthy
2607,156,2025-03-01,2836,23,49,2,2025-03-27,Healthy
2608,156,2025-04-01,2939,26,32,0,2025-04-28,Healthy
2609,156,2025-05-01,240,3,2,3,2025-05-02,Critical
2610,156,2025-06-01,465,3,4,3,2025-05-31,Critical
2611,156,2025-07-01,266,3,7,8,2025-07-04,Critical
2612,156,2025-08-01,191,4,5,4,2025-08-11,Critical
2613,156,2025-09-01,239,1,4,4,2025-09-14,Critical
2614,156,2025-10-01,1204,13,16,2,2025-10-20,At Risk
2615,156,2025-11-01,1095,10,8,5,2025-11-16,At Risk
2616,156,2025-12-01,628,5,10,5,2025-12-20,At Risk
2617,156,2026-01-01,630,12,15,4,2026-01-16,At Risk
2618,156,2026-02-01,714,13,8,4,2026-02-14,At Risk
2619,156,2026-03-01,812,13,14,4,2026-03-18,At Risk
2620,156,2026-04-01,1480,10,16,5,2026-04-16,At Risk
2621,156,2026-05-01,900,8,8,5,2026-05-24,At Risk
2622,156,2026-06-01,1033,7,16,2,2026-06-21,At Risk
2623,157,2024-09-01,71,19,35,0,2024-09-30,Healthy
2624,157,2024-10-01,125,29,40,2,2024-10-28,Healthy
2625,157,2024-11-01,55,14,12,3,2024-11-19,At Risk
2626,157,2024-12-01,36,7,13,5,2024-12-21,At Risk
2627,157,2025-01-01,37,6,17,2,2025-01-16,At Risk
2628,157,2025-02-01,107,25,43,0,2025-02-24,Healthy
2629,157,2025-03-01,66,9,19,5,2025-03-23,At Risk
2630,157,2025-04-01,13,0,6,6,2025-04-14,Critical
2631,157,2025-05-01,9,0,3,7,2025-05-07,Critical
2632,157,2025-06-01,42,13,15,4,2025-06-15,At Risk
2633,157,2025-07-01,25,1,2,4,2025-07-08,Critical
2634,157,2025-08-01,7,1,0,4,2025-08-06,Critical
2635,157,2025-09-01,24,2,0,8,2025-09-07,Critical
2636,157,2025-10-01,19,0,2,6,2025-10-03,Critical
2637,157,2025-11-01,14,4,0,4,2025-11-14,Critical
2638,157,2025-12-01,14,0,2,8,2025-12-15,Critical
2639,157,2026-01-01,12,2,0,3,2026-01-14,Critical
2640,157,2026-02-01,20,1,6,5,2026-02-02,Critical
2641,157,2026-03-01,135,17,31,1,2026-03-30,Healthy
2642,157,2026-04-01,127,21,28,1,2026-04-29,Healthy
2643,157,2026-05-01,76,25,40,0,2026-05-26,Healthy
2644,157,2026-06-01,128,19,46,1,2026-06-28,Healthy
2645,158,2026-02-01,258,4,1,6,2026-01-31,Critical
2646,158,2026-03-01,1239,13,19,2,2026-03-23,At Risk
2647,158,2026-04-01,1138,6,12,1,2026-04-23,At Risk
2648,158,2026-05-01,1913,9,15,1,2026-05-23,At Risk
2649,158,2026-06-01,2564,29,27,1,2026-06-29,Healthy
2650,159,2025-05-01,330,24,44,1,2025-05-28,Healthy
2651,159,2025-06-01,366,29,32,2,2025-06-29,Healthy
2652,159,2025-07-01,151,6,8,5,2025-07-24,At Risk
2653,159,2025-08-01,118,9,17,5,2025-08-20,At Risk
2654,159,2025-09-01,247,24,22,1,2025-09-27,Healthy
2655,159,2025-10-01,282,22,23,1,2025-10-29,Healthy
2656,159,2025-11-01,356,23,34,0,2025-11-26,Healthy
2657,159,2025-12-01,72,11,16,1,2025-12-19,At Risk
2658,159,2026-01-01,57,1,6,7,2026-01-08,Critical
2659,159,2026-02-01,60,3,0,5,2026-02-08,Critical
2660,159,2026-03-01,95,9,9,3,2026-03-19,At Risk
2661,159,2026-04-01,218,28,27,1,2026-04-28,Healthy
2662,159,2026-05-01,223,20,42,2,2026-05-29,Healthy
2663,159,2026-06-01,263,28,36,1,2026-06-28,Healthy
2664,160,2026-01-01,33,22,38,0,2026-01-28,Healthy
2665,160,2026-02-01,27,23,41,0,2026-02-23,Healthy
2666,160,2026-03-01,28,16,42,0,2026-03-30,Healthy
2667,160,2026-04-01,22,23,42,0,2026-04-28,Healthy
2668,160,2026-05-01,34,22,40,1,2026-05-31,Healthy
2669,160,2026-06-01,24,24,30,1,2026-06-29,Healthy
2670,161,2024-12-01,35,22,26,1,2024-12-27,Healthy
2671,161,2025-01-01,19,30,26,2,2025-01-28,Healthy
2672,161,2025-02-01,22,29,36,2,2025-02-25,Healthy
2673,161,2025-03-01,15,13,19,4,2025-03-19,At Risk
2674,161,2025-04-01,17,12,9,2,2025-04-15,At Risk
2675,161,2025-05-01,30,22,44,0,2025-05-27,Healthy
2676,161,2025-06-01,13,12,10,2,2025-06-18,At Risk
2677,161,2025-07-01,17,7,11,2,2025-07-19,At Risk
2678,161,2025-08-01,34,15,34,1,2025-08-30,Healthy
2679,161,2025-09-01,28,17,38,1,2025-09-27,Healthy
2680,161,2025-10-01,27,23,34,1,2025-10-28,Healthy
2681,161,2025-11-01,20,16,23,1,2025-11-27,Healthy
2682,161,2025-12-01,19,22,43,0,2025-12-31,Healthy
2683,161,2026-01-01,24,26,21,0,2026-01-30,Healthy
2684,161,2026-02-01,28,16,36,2,2026-02-25,Healthy
2685,161,2026-03-01,20,19,25,0,2026-03-26,Healthy
2686,161,2026-04-01,19,20,32,0,2026-04-25,Healthy
2687,161,2026-05-01,25,24,27,0,2026-05-27,Healthy
2688,161,2026-06-01,32,23,32,0,2026-06-30,Healthy
2689,162,2025-04-01,25,26,23,1,2025-04-30,Healthy
2690,162,2025-05-01,16,27,30,2,2025-05-28,Healthy
2691,162,2025-06-01,13,13,11,4,2025-06-24,At Risk
2692,162,2025-07-01,13,6,14,3,2025-07-21,At Risk
2693,162,2025-08-01,23,27,31,1,2025-08-28,Healthy
2694,162,2025-09-01,21,26,34,1,2025-09-29,Healthy
2695,162,2025-10-01,15,24,31,0,2025-10-28,Healthy
2696,162,2025-11-01,25,18,40,2,2025-11-30,Healthy
2697,162,2025-12-01,24,25,47,0,2025-12-27,Healthy
2698,162,2026-01-01,17,16,48,1,2026-01-31,Healthy
2699,162,2026-02-01,15,18,45,1,2026-02-26,Healthy
2700,162,2026-03-01,17,16,37,0,2026-03-27,Healthy
2701,162,2026-04-01,14,27,30,2,2026-04-25,Healthy
2702,162,2026-05-01,23,20,26,2,2026-05-27,Healthy
2703,162,2026-06-01,13,12,17,2,2026-06-21,At Risk
2704,163,2025-01-01,107,30,45,1,2025-01-30,Healthy
2705,163,2025-02-01,134,19,39,0,2025-02-24,Healthy
2706,163,2025-03-01,38,13,18,3,2025-03-19,At Risk
2707,163,2025-04-01,87,28,27,2,2025-04-29,Healthy
2708,163,2025-05-01,131,29,20,1,2025-05-26,Healthy
2709,163,2025-06-01,105,29,40,0,2025-06-27,Healthy
2710,163,2025-07-01,62,11,14,5,2025-07-21,At Risk
2711,163,2025-08-01,91,25,29,0,2025-08-30,Healthy
2712,163,2025-09-01,94,19,45,2,2025-09-28,Healthy
2713,163,2025-10-01,67,10,18,2,2025-10-17,At Risk
2714,163,2025-11-01,108,30,32,1,2025-11-25,Healthy
2715,163,2025-12-01,96,19,28,0,2025-12-28,Healthy
2716,163,2026-01-01,76,25,37,0,2026-01-29,Healthy
2717,163,2026-02-01,98,25,50,1,2026-02-25,Healthy
2718,163,2026-03-01,100,20,49,2,2026-03-30,Healthy
2719,163,2026-04-01,109,15,47,1,2026-04-28,Healthy
2720,163,2026-05-01,78,26,29,1,2026-05-28,Healthy
2721,163,2026-06-01,73,30,46,2,2026-06-26,Healthy
2722,164,2025-12-01,465,23,24,2,2025-12-26,Healthy
2723,164,2026-01-01,169,11,15,2,2026-01-23,At Risk
2724,164,2026-02-01,132,6,10,2,2026-02-16,At Risk
2725,164,2026-03-01,17,0,3,4,2026-03-07,Critical
2726,164,2026-04-01,147,13,18,3,2026-04-20,At Risk
2727,164,2026-05-01,235,13,19,4,2026-05-22,At Risk
2728,164,2026-06-01,138,14,8,2,2026-06-19,At Risk
2729,165,2025-09-01,163,14,11,4,2025-09-19,At Risk
2730,165,2025-10-01,68,3,3,7,2025-10-04,Critical
2731,165,2025-11-01,42,2,3,8,2025-11-08,Critical
2732,165,2025-12-01,297,22,45,1,2025-12-26,Healthy
2733,165,2026-01-01,145,7,17,2,2026-01-19,At Risk
2734,165,2026-02-01,131,8,14,5,2026-02-15,At Risk
2735,165,2026-03-01,334,23,27,1,2026-03-30,Healthy
2736,165,2026-04-01,217,24,39,0,2026-04-28,Healthy
2737,165,2026-05-01,37,3,4,8,2026-05-06,Critical
2738,165,2026-06-01,40,4,0,3,2026-06-01,Critical
2739,166,2025-10-01,1203,5,18,2,2025-10-25,At Risk
2740,166,2025-11-01,3176,27,38,2,2025-11-29,Healthy
2741,166,2025-12-01,3340,24,30,1,2025-12-31,Healthy
2742,166,2026-01-01,2608,20,40,1,2026-01-30,Healthy
2743,166,2026-02-01,2571,27,43,1,2026-02-25,Healthy
2744,166,2026-03-01,2143,21,37,1,2026-03-31,Healthy
2745,166,2026-04-01,3758,24,34,2,2026-04-30,Healthy
2746,166,2026-05-01,554,2,1,5,2026-05-08,Critical
2747,166,2026-06-01,1959,11,10,5,2026-06-19,At Risk
2748,167,2025-11-01,664,22,44,0,2025-11-29,Healthy
2749,167,2025-12-01,688,21,37,0,2025-12-31,Healthy
2750,167,2026-01-01,689,30,45,2,2026-01-28,Healthy
2751,167,2026-02-01,515,21,42,2,2026-02-24,Healthy
2752,167,2026-03-01,517,16,23,0,2026-03-29,Healthy
2753,167,2026-04-01,788,20,25,1,2026-04-28,Healthy
2754,167,2026-05-01,854,17,47,2,2026-05-31,Healthy
2755,167,2026-06-01,906,19,26,2,2026-06-27,Healthy
2756,168,2025-07-01,623,16,27,0,2025-07-26,Healthy
2757,168,2025-08-01,782,20,36,2,2025-08-27,Healthy
2758,168,2025-09-01,701,17,24,1,2025-09-30,Healthy
2759,168,2025-10-01,445,6,18,5,2025-10-17,At Risk
2760,168,2025-11-01,795,21,43,0,2025-11-28,Healthy
2761,168,2025-12-01,612,25,30,1,2025-12-26,Healthy
2762,168,2026-01-01,654,25,40,1,2026-01-29,Healthy
2763,168,2026-02-01,776,26,28,0,2026-02-26,Healthy
2764,168,2026-03-01,589,28,34,2,2026-03-30,Healthy
2765,168,2026-04-01,935,28,47,2,2026-04-27,Healthy
2766,168,2026-05-01,625,18,45,1,2026-05-31,Healthy
2767,168,2026-06-01,563,16,29,2,2026-06-28,Healthy
2768,169,2024-12-01,1128,5,14,2,2024-12-19,At Risk
2769,169,2025-01-01,993,9,12,5,2025-01-19,At Risk
2770,169,2025-02-01,914,8,15,5,2025-02-16,At Risk
2771,169,2025-03-01,1697,18,21,1,2025-03-31,Healthy
2772,169,2025-04-01,1769,24,27,2,2025-04-27,Healthy
2773,169,2025-05-01,1380,10,14,5,2025-05-17,At Risk
2774,169,2025-06-01,897,13,18,3,2025-06-17,At Risk
2775,169,2025-07-01,1116,7,9,5,2025-07-20,At Risk
2776,169,2025-08-01,1282,5,18,4,2025-08-21,At Risk
2777,169,2025-09-01,605,7,10,3,2025-09-17,At Risk
2778,169,2025-10-01,752,12,9,2,2025-10-20,At Risk
2779,169,2025-11-01,3061,30,33,0,2025-11-28,Healthy
2780,169,2025-12-01,713,10,9,2,2025-12-25,At Risk
2781,169,2026-01-01,1867,17,31,0,2026-01-31,Healthy
2782,169,2026-02-01,1992,30,35,2,2026-02-27,Healthy
2783,169,2026-03-01,3015,30,48,1,2026-03-29,Healthy
2784,169,2026-04-01,306,1,6,8,2026-04-02,Critical
2785,169,2026-05-01,1907,19,21,1,2026-05-31,Healthy
2786,169,2026-06-01,1717,30,45,2,2026-06-29,Healthy
2787,170,2024-06-01,10,19,50,2,2024-06-30,Healthy
2788,170,2024-07-01,8,23,46,0,2024-07-26,Healthy
2789,170,2024-08-01,11,30,25,2,2024-08-31,Healthy
2790,170,2024-09-01,5,14,13,3,2024-09-15,At Risk
2791,170,2024-10-01,8,26,32,2,2024-10-29,Healthy
2792,170,2024-11-01,3,13,10,2,2024-11-21,At Risk
2793,170,2024-12-01,6,8,12,5,2024-12-17,At Risk
2794,170,2025-01-01,3,8,11,4,2025-01-22,At Risk
2795,170,2025-02-01,12,16,45,0,2025-02-26,Healthy
2796,170,2025-03-01,12,15,38,0,2025-03-31,Healthy
2797,170,2025-04-01,8,17,40,2,2025-04-25,Healthy
2798,170,2025-05-01,7,21,25,2,2025-05-28,Healthy
2799,170,2025-06-01,8,21,40,0,2025-06-25,Healthy
2800,170,2025-07-01,4,8,12,1,2025-07-16,At Risk
2801,170,2025-08-01,10,26,31,2,2025-08-26,Healthy
2802,170,2025-09-01,6,23,49,1,2025-09-28,Healthy
2803,170,2025-10-01,11,21,44,0,2025-10-26,Healthy
2804,170,2025-11-01,11,15,21,2,2025-11-29,Healthy
2805,170,2025-12-01,9,28,30,1,2025-12-30,Healthy
2806,170,2026-01-01,11,27,44,0,2026-01-29,Healthy
2807,170,2026-02-01,11,21,32,2,2026-02-28,Healthy
2808,170,2026-03-01,8,26,27,2,2026-03-27,Healthy
2809,170,2026-04-01,7,18,43,2,2026-04-25,Healthy
2810,170,2026-05-01,7,16,25,0,2026-05-31,Healthy
2811,170,2026-06-01,8,15,22,2,2026-06-25,Healthy
2812,171,2025-05-01,39,19,34,2,2025-05-28,Healthy
2813,171,2025-06-01,59,17,45,2,2025-06-29,Healthy
2814,171,2025-07-01,47,29,37,1,2025-07-29,Healthy
2815,171,2025-08-01,43,16,36,1,2025-08-26,Healthy
2816,171,2025-09-01,60,15,41,0,2025-09-25,Healthy
2817,171,2025-10-01,49,20,49,0,2025-10-28,Healthy
2818,171,2025-11-01,56,16,34,0,2025-11-26,Healthy
2819,171,2025-12-01,32,13,8,5,2025-12-18,At Risk
2820,171,2026-01-01,30,7,13,5,2026-01-17,At Risk
2821,171,2026-02-01,14,13,17,4,2026-02-19,At Risk
2822,171,2026-03-01,21,9,11,3,2026-03-16,At Risk
2823,171,2026-04-01,56,19,50,1,2026-04-28,Healthy
2824,171,2026-05-01,47,26,47,0,2026-05-27,Healthy
2825,171,2026-06-01,62,17,33,2,2026-06-26,Healthy
2826,172,2025-01-01,47,22,29,0,2025-01-30,Healthy
2827,172,2025-02-01,36,26,34,0,2025-02-24,Healthy
2828,172,2025-03-01,45,29,30,2,2025-03-30,Healthy
2829,172,2025-04-01,28,27,32,2,2025-04-29,Healthy
2830,172,2025-05-01,37,17,47,0,2025-05-28,Healthy
2831,172,2025-06-01,30,28,30,1,2025-06-27,Healthy
2832,172,2025-07-01,33,29,44,1,2025-07-30,Healthy
2833,172,2025-08-01,49,19,38,2,2025-08-27,Healthy
2834,172,2025-09-01,32,17,22,2,2025-09-30,Healthy
2835,172,2025-10-01,47,17,24,0,2025-10-31,Healthy
2836,172,2025-11-01,34,16,21,0,2025-11-28,Healthy
2837,172,2025-12-01,46,19,30,2,2025-12-27,Healthy
2838,172,2026-01-01,49,17,36,1,2026-01-26,Healthy
2839,172,2026-02-01,9,1,4,8,2026-01-31,Critical
2840,172,2026-03-01,9,4,0,6,2026-03-03,Critical
2841,172,2026-04-01,15,10,16,1,2026-04-24,At Risk
2842,172,2026-05-01,9,4,4,4,2026-05-05,Critical
2843,172,2026-06-01,6,2,7,7,2026-06-04,Critical
2844,173,2025-10-01,1311,22,24,1,2025-10-30,Healthy
2845,173,2025-11-01,856,23,33,0,2025-11-30,Healthy
2846,173,2025-12-01,1155,15,37,2,2025-12-28,Healthy
2847,173,2026-01-01,1246,24,37,0,2026-01-26,Healthy
2848,173,2026-02-01,935,17,20,1,2026-02-26,Healthy
2849,173,2026-03-01,851,18,47,1,2026-03-28,Healthy
2850,173,2026-04-01,927,15,38,2,2026-04-29,Healthy
2851,173,2026-05-01,943,25,37,2,2026-05-28,Healthy
2852,173,2026-06-01,903,17,24,2,2026-06-26,Healthy
2853,174,2024-11-01,69,15,46,0,2024-11-30,Healthy
2854,174,2024-12-01,26,13,17,5,2024-12-16,At Risk
2855,174,2025-01-01,21,7,9,3,2025-01-25,At Risk
2856,174,2025-02-01,10,3,4,3,2025-02-07,Critical
2857,174,2025-03-01,12,4,1,5,2025-03-13,Critical
2858,174,2025-04-01,27,6,17,1,2025-04-20,At Risk
2859,174,2025-05-01,32,13,15,3,2025-05-17,At Risk
2860,174,2025-06-01,17,11,10,2,2025-06-17,At Risk
2861,174,2025-07-01,36,20,35,0,2025-07-31,Healthy
2862,174,2025-08-01,66,24,43,0,2025-08-26,Healthy
2863,174,2025-09-01,39,18,41,0,2025-09-25,Healthy
2864,174,2025-10-01,62,15,47,1,2025-10-27,Healthy
2865,174,2025-11-01,37,27,41,2,2025-11-27,Healthy
2866,174,2025-12-01,40,20,49,2,2025-12-28,Healthy
2867,174,2026-01-01,40,22,44,1,2026-01-30,Healthy
2868,174,2026-02-01,41,15,34,0,2026-02-28,Healthy
2869,174,2026-03-01,68,30,22,1,2026-03-31,Healthy
2870,174,2026-04-01,49,21,34,2,2026-04-27,Healthy
2871,174,2026-05-01,21,11,14,2,2026-05-18,At Risk
2872,174,2026-06-01,18,12,11,2,2026-06-18,At Risk
2873,175,2025-03-01,38,12,10,3,2025-03-20,At Risk
2874,175,2025-04-01,62,26,39,2,2025-04-26,Healthy
2875,175,2025-05-01,76,25,33,2,2025-05-31,Healthy
2876,175,2025-06-01,60,27,49,0,2025-06-25,Healthy
2877,175,2025-07-01,53,21,30,0,2025-07-29,Healthy
2878,175,2025-08-01,51,20,47,0,2025-08-30,Healthy
2879,175,2025-09-01,58,28,36,1,2025-09-27,Healthy
2880,175,2025-10-01,52,24,41,2,2025-10-28,Healthy
2881,175,2025-11-01,63,21,29,1,2025-11-27,Healthy
2882,175,2025-12-01,77,29,37,1,2025-12-30,Healthy
2883,175,2026-01-01,69,30,20,1,2026-01-31,Healthy
2884,175,2026-02-01,73,16,38,0,2026-02-24,Healthy
2885,175,2026-03-01,70,19,38,1,2026-03-30,Healthy
2886,175,2026-04-01,42,18,36,2,2026-04-29,Healthy
2887,175,2026-05-01,59,17,43,2,2026-05-31,Healthy
2888,175,2026-06-01,41,15,21,2,2026-06-29,Healthy
2889,176,2024-10-01,20,4,6,7,2024-10-06,Critical
2890,176,2024-11-01,28,4,5,6,2024-11-06,Critical
2891,176,2024-12-01,8,0,1,3,2024-12-05,Critical
2892,176,2025-01-01,48,5,12,5,2025-01-20,At Risk
2893,176,2025-02-01,67,8,17,4,2025-02-16,At Risk
2894,176,2025-03-01,117,15,39,1,2025-03-28,Healthy
2895,176,2025-04-01,155,22,48,1,2025-04-25,Healthy
2896,176,2025-05-01,101,22,40,2,2025-05-27,Healthy
2897,176,2025-06-01,143,17,29,2,2025-06-29,Healthy
2898,176,2025-07-01,173,17,21,1,2025-07-30,Healthy
2899,176,2025-08-01,162,27,24,0,2025-08-27,Healthy
2900,176,2025-09-01,148,16,30,2,2025-09-25,Healthy
2901,176,2025-10-01,152,18,40,2,2025-10-26,Healthy
2902,176,2025-11-01,142,21,45,2,2025-11-29,Healthy
2903,176,2025-12-01,53,11,8,3,2025-12-19,At Risk
2904,176,2026-01-01,23,4,1,4,2026-01-07,Critical
2905,176,2026-02-01,14,4,2,7,2026-02-06,Critical
2906,176,2026-03-01,87,10,17,1,2026-03-24,At Risk
2907,176,2026-04-01,45,10,15,1,2026-04-23,At Risk
2908,176,2026-05-01,22,2,2,8,2026-05-03,Critical
2909,176,2026-06-01,23,2,7,7,2026-06-12,Critical
2910,177,2025-11-01,172,22,39,2,2025-11-30,Healthy
2911,177,2025-12-01,153,11,9,3,2025-12-22,At Risk
2912,177,2026-01-01,76,11,18,4,2026-01-18,At Risk
2913,177,2026-02-01,260,25,32,0,2026-02-27,Healthy
2914,177,2026-03-01,272,30,49,2,2026-03-28,Healthy
2915,177,2026-04-01,94,9,13,5,2026-04-18,At Risk
2916,177,2026-05-01,255,23,21,2,2026-05-27,Healthy
2917,177,2026-06-01,125,6,8,1,2026-06-22,At Risk
2918,178,2024-04-01,51,1,7,3,2024-04-02,Critical
2919,178,2024-05-01,183,14,18,1,2024-05-19,At Risk
2920,178,2024-06-01,60,2,7,4,2024-05-31,Critical
2921,178,2024-07-01,182,6,19,2,2024-07-23,At Risk
2922,178,2024-08-01,157,8,17,3,2024-08-23,At Risk
2923,178,2024-09-01,268,23,42,0,2024-09-28,Healthy
2924,178,2024-10-01,56,2,6,3,2024-10-09,Critical
2925,178,2024-11-01,100,8,13,5,2024-11-16,At Risk
2926,178,2024-12-01,17,4,1,8,2024-12-05,Critical
2927,178,2025-01-01,48,2,3,6,2025-01-07,Critical
2928,178,2025-02-01,52,3,5,8,2025-01-30,Critical
2929,178,2025-03-01,12,3,6,4,2025-03-07,Critical
2930,178,2025-04-01,81,7,9,1,2025-04-17,At Risk
2931,178,2025-05-01,310,24,27,2,2025-05-31,Healthy
2932,178,2025-06-01,198,28,39,2,2025-06-30,Healthy
2933,178,2025-07-01,334,18,32,1,2025-07-31,Healthy
2934,178,2025-08-01,210,20,44,1,2025-08-29,Healthy
2935,178,2025-09-01,335,23,22,2,2025-09-29,Healthy
2936,178,2025-10-01,312,19,35,2,2025-10-31,Healthy
2937,178,2025-11-01,211,25,24,0,2025-11-30,Healthy
2938,178,2025-12-01,157,8,17,2,2025-12-16,At Risk
2939,178,2026-01-01,139,8,10,3,2026-01-25,At Risk
2940,178,2026-02-01,273,18,24,0,2026-02-28,Healthy
2941,178,2026-03-01,291,25,29,2,2026-03-28,Healthy
2942,178,2026-04-01,221,24,30,1,2026-04-30,Healthy
2943,178,2026-05-01,268,15,44,1,2026-05-26,Healthy
2944,178,2026-06-01,231,28,37,0,2026-06-25,Healthy
2945,179,2025-07-01,31,20,45,1,2025-07-28,Healthy
2946,179,2025-08-01,36,27,40,0,2025-08-30,Healthy
2947,179,2025-09-01,18,14,10,4,2025-09-20,At Risk
2948,179,2025-10-01,32,23,45,1,2025-10-30,Healthy
2949,179,2025-11-01,39,26,27,0,2025-11-30,Healthy
2950,179,2025-12-01,30,30,37,2,2025-12-27,Healthy
2951,179,2026-01-01,33,24,26,2,2026-01-26,Healthy
2952,179,2026-02-01,37,17,29,1,2026-02-27,Healthy
2953,179,2026-03-01,24,23,48,0,2026-03-27,Healthy
2954,179,2026-04-01,27,26,22,0,2026-04-29,Healthy
2955,179,2026-05-01,33,25,47,2,2026-05-26,Healthy
2956,179,2026-06-01,33,20,33,0,2026-06-30,Healthy
2957,180,2025-11-01,1919,23,25,0,2025-11-25,Healthy
2958,180,2025-12-01,1970,28,27,1,2025-12-29,Healthy
2959,180,2026-01-01,2556,21,41,2,2026-01-27,Healthy
2960,180,2026-02-01,1094,5,18,5,2026-02-17,At Risk
2961,180,2026-03-01,561,2,7,6,2026-03-08,Critical
2962,180,2026-04-01,358,4,3,8,2026-04-12,Critical
2963,180,2026-05-01,187,2,7,8,2026-05-11,Critical
2964,180,2026-06-01,565,2,3,5,2026-06-13,Critical
2965,181,2025-12-01,72,15,33,2,2025-12-30,Healthy
2966,181,2026-01-01,97,24,41,1,2026-01-26,Healthy
2967,181,2026-02-01,97,29,23,1,2026-02-24,Healthy
2968,181,2026-03-01,94,25,47,1,2026-03-31,Healthy
2969,181,2026-04-01,59,17,35,2,2026-04-26,Healthy
2970,181,2026-05-01,70,17,34,2,2026-05-29,Healthy
2971,181,2026-06-01,65,30,40,2,2026-06-30,Healthy
2972,182,2024-09-01,18,27,29,2,2024-09-25,Healthy
2973,182,2024-10-01,21,24,39,0,2024-10-29,Healthy
2974,182,2024-11-01,20,25,34,0,2024-11-28,Healthy
2975,182,2024-12-01,5,2,0,7,2024-12-01,Critical
2976,182,2025-01-01,4,1,6,5,2025-01-05,Critical
2977,182,2025-02-01,2,0,2,8,2025-01-30,Critical
2978,182,2025-03-01,8,10,10,3,2025-03-17,At Risk
2979,182,2025-04-01,15,25,48,1,2025-04-27,Healthy
2980,182,2025-05-01,22,26,31,2,2025-05-28,Healthy
2981,182,2025-06-01,24,22,28,0,2025-06-25,Healthy
2982,182,2025-07-01,18,17,21,1,2025-07-30,Healthy
2983,182,2025-08-01,19,28,43,0,2025-08-30,Healthy
2984,182,2025-09-01,26,22,50,1,2025-09-30,Healthy
2985,182,2025-10-01,9,12,9,3,2025-10-24,At Risk
2986,182,2025-11-01,3,0,6,3,2025-11-07,Critical
2987,182,2025-12-01,6,13,9,2,2025-12-25,At Risk
2988,182,2026-01-01,6,12,17,2,2026-01-18,At Risk
2989,182,2026-02-01,14,19,43,1,2026-02-23,Healthy
2990,182,2026-03-01,24,21,49,1,2026-03-26,Healthy
2991,182,2026-04-01,19,23,34,1,2026-04-29,Healthy
2992,182,2026-05-01,19,22,35,0,2026-05-31,Healthy
2993,182,2026-06-01,16,22,47,1,2026-06-25,Healthy
2994,183,2024-07-01,17,6,10,4,2024-07-22,At Risk
2995,183,2024-08-01,33,21,37,0,2024-08-31,Healthy
2996,183,2024-09-01,35,15,42,1,2024-09-30,Healthy
2997,183,2024-10-01,42,21,35,1,2024-10-26,Healthy
2998,183,2024-11-01,35,16,20,2,2024-11-29,Healthy
2999,183,2024-12-01,24,25,37,0,2024-12-31,Healthy
3000,183,2025-01-01,45,20,32,2,2025-01-27,Healthy
3001,183,2025-02-01,41,28,46,2,2025-02-25,Healthy
3002,183,2025-03-01,44,26,20,0,2025-03-29,Healthy
3003,183,2025-04-01,32,22,33,1,2025-04-25,Healthy
3004,183,2025-05-01,15,10,11,3,2025-05-24,At Risk
3005,183,2025-06-01,12,7,18,1,2025-06-16,At Risk
3006,183,2025-07-01,18,13,18,1,2025-07-21,At Risk
3007,183,2025-08-01,19,12,9,5,2025-08-21,At Risk
3008,183,2025-09-01,23,8,19,1,2025-09-24,At Risk
3009,183,2025-10-01,41,20,34,1,2025-10-31,Healthy
3010,183,2025-11-01,30,16,41,2,2025-11-25,Healthy
3011,183,2025-12-01,18,11,15,1,2025-12-20,At Risk
3012,183,2026-01-01,10,9,12,4,2026-01-23,At Risk
3013,183,2026-02-01,3,3,7,6,2026-01-29,Critical
3014,183,2026-03-01,16,9,11,5,2026-03-20,At Risk
3015,183,2026-04-01,8,2,0,4,2026-04-08,Critical
3016,183,2026-05-01,3,2,1,7,2026-05-07,Critical
3017,183,2026-06-01,5,1,1,8,2026-06-13,Critical
3018,184,2025-10-01,92,21,22,0,2025-10-30,Healthy
3019,184,2025-11-01,61,26,34,2,2025-11-30,Healthy
3020,184,2025-12-01,109,17,42,2,2025-12-27,Healthy
3021,184,2026-01-01,83,22,47,0,2026-01-28,Healthy
3022,184,2026-02-01,90,20,34,2,2026-02-26,Healthy
3023,184,2026-03-01,79,21,38,2,2026-03-29,Healthy
3024,184,2026-04-01,101,18,22,1,2026-04-26,Healthy
3025,184,2026-05-01,91,29,28,0,2026-05-31,Healthy
3026,184,2026-06-01,43,7,8,4,2026-06-20,At Risk
3027,185,2025-05-01,34,26,32,0,2025-05-29,Healthy
3028,185,2025-06-01,34,19,38,1,2025-06-25,Healthy
3029,185,2025-07-01,40,21,40,0,2025-07-29,Healthy
3030,185,2025-08-01,18,9,18,5,2025-08-17,At Risk
3031,185,2025-09-01,19,5,19,4,2025-09-17,At Risk
3032,185,2025-10-01,25,15,41,0,2025-10-28,Healthy
3033,185,2025-11-01,35,18,26,2,2025-11-27,Healthy
3034,185,2025-12-01,39,30,32,1,2025-12-29,Healthy
3035,185,2026-01-01,28,27,25,0,2026-01-29,Healthy
3036,185,2026-02-01,34,20,20,1,2026-02-28,Healthy
3037,185,2026-03-01,39,28,38,1,2026-03-31,Healthy
3038,185,2026-04-01,37,22,41,2,2026-04-26,Healthy
3039,185,2026-05-01,27,30,47,0,2026-05-30,Healthy
3040,185,2026-06-01,35,22,29,1,2026-06-30,Healthy
3041,186,2025-01-01,12,19,41,2,2025-01-31,Healthy
3042,186,2025-02-01,11,18,40,0,2025-02-27,Healthy
3043,186,2025-03-01,11,19,38,2,2025-03-26,Healthy
3044,186,2025-04-01,14,22,25,0,2025-04-26,Healthy
3045,186,2025-05-01,8,13,19,1,2025-05-24,At Risk
3046,186,2025-06-01,1,2,0,7,2025-06-03,Critical
3047,186,2025-07-01,1,4,4,7,2025-07-01,Critical
3048,186,2025-08-01,8,6,12,5,2025-08-18,At Risk
3049,186,2025-09-01,5,7,15,4,2025-09-21,At Risk
3050,186,2025-10-01,12,27,41,0,2025-10-30,Healthy
3051,186,2025-11-01,10,21,49,0,2025-11-27,Healthy
3052,186,2025-12-01,13,27,32,0,2025-12-29,Healthy
3053,186,2026-01-01,17,26,32,0,2026-01-28,Healthy
3054,186,2026-02-01,18,27,45,1,2026-02-27,Healthy
3055,186,2026-03-01,15,25,27,0,2026-03-26,Healthy
3056,186,2026-04-01,16,21,27,2,2026-04-29,Healthy
3057,186,2026-05-01,2,4,3,7,2026-05-15,Critical
3058,186,2026-06-01,3,3,4,5,2026-06-13,Critical
3059,187,2024-09-01,5,18,48,2,2024-09-28,Healthy
3060,187,2024-10-01,3,11,19,2,2024-10-24,At Risk
3061,187,2024-11-01,2,5,15,2,2024-11-22,At Risk
3062,187,2024-12-01,6,17,33,1,2024-12-27,Healthy
3063,187,2025-01-01,1,3,3,4,2025-01-07,Critical
3064,187,2025-02-01,1,1,0,4,2025-02-09,Critical
3065,187,2025-03-01,2,11,13,3,2025-03-20,At Risk
3066,187,2025-04-01,6,28,46,1,2025-04-25,Healthy
3067,187,2025-05-01,5,23,22,1,2025-05-28,Healthy
3068,187,2025-06-01,5,17,27,1,2025-06-26,Healthy
3069,187,2025-07-01,1,0,5,5,2025-07-06,Critical
3070,187,2025-08-01,1,0,7,5,2025-08-07,Critical
3071,187,2025-09-01,1,0,5,6,2025-09-14,Critical
3072,187,2025-10-01,1,4,0,8,2025-10-02,Critical
3073,187,2025-11-01,7,21,29,2,2025-11-29,Healthy
3074,187,2025-12-01,8,17,27,1,2025-12-26,Healthy
3075,187,2026-01-01,5,21,40,1,2026-01-27,Healthy
3076,187,2026-02-01,6,23,50,1,2026-02-27,Healthy
3077,187,2026-03-01,6,28,43,0,2026-03-28,Healthy
3078,187,2026-04-01,4,8,11,5,2026-04-23,At Risk
3079,187,2026-05-01,4,11,8,2,2026-05-18,At Risk
3080,187,2026-06-01,6,22,44,0,2026-06-30,Healthy
3081,188,2025-03-01,7,28,29,1,2025-03-27,Healthy
3082,188,2025-04-01,4,19,37,0,2025-04-29,Healthy
3083,188,2025-05-01,8,17,50,0,2025-05-30,Healthy
3084,188,2025-06-01,7,19,38,1,2025-06-30,Healthy
3085,188,2025-07-01,1,2,0,7,2025-07-13,Critical
3086,188,2025-08-01,3,14,8,1,2025-08-24,At Risk
3087,188,2025-09-01,2,7,13,2,2025-09-15,At Risk
3088,188,2025-10-01,5,16,42,1,2025-10-31,Healthy
3089,188,2025-11-01,5,29,43,0,2025-11-25,Healthy
3090,188,2025-12-01,7,18,45,2,2025-12-26,Healthy
3091,188,2026-01-01,7,26,41,0,2026-01-30,Healthy
3092,188,2026-02-01,4,8,12,4,2026-02-19,At Risk
3093,188,2026-03-01,2,5,10,3,2026-03-20,At Risk
3094,188,2026-04-01,4,18,23,0,2026-04-27,Healthy
3095,188,2026-05-01,5,28,44,0,2026-05-26,Healthy
3096,188,2026-06-01,2,10,9,2,2026-06-24,At Risk
3097,189,2024-06-01,23,2,7,7,2024-05-31,Critical
3098,189,2024-07-01,28,1,7,8,2024-07-11,Critical
3099,189,2024-08-01,32,7,13,5,2024-08-24,At Risk
3100,189,2024-09-01,39,12,17,1,2024-09-19,At Risk
3101,189,2024-10-01,34,8,12,1,2024-10-17,At Risk
3102,189,2024-11-01,36,7,17,1,2024-11-15,At Risk
3103,189,2024-12-01,103,18,32,2,2024-12-27,Healthy
3104,189,2025-01-01,85,29,39,2,2025-01-31,Healthy
3105,189,2025-02-01,96,18,37,0,2025-02-24,Healthy
3106,189,2025-03-01,129,28,38,0,2025-03-30,Healthy
3107,189,2025-04-01,118,21,28,0,2025-04-30,Healthy
3108,189,2025-05-01,112,22,21,0,2025-05-28,Healthy
3109,189,2025-06-01,136,28,42,0,2025-06-28,Healthy
3110,189,2025-07-01,123,27,33,0,2025-07-29,Healthy
3111,189,2025-08-01,98,24,44,2,2025-08-28,Healthy
3112,189,2025-09-01,97,17,32,2,2025-09-29,Healthy
3113,189,2025-10-01,45,6,17,4,2025-10-23,At Risk
3114,189,2025-11-01,75,13,12,1,2025-11-21,At Risk
3115,189,2025-12-01,80,9,10,2,2025-12-22,At Risk
3116,189,2026-01-01,41,8,14,3,2026-01-25,At Risk
3117,189,2026-02-01,11,4,1,6,2026-02-06,Critical
3118,189,2026-03-01,4,4,2,6,2026-03-12,Critical
3119,189,2026-04-01,155,27,37,2,2026-04-26,Healthy
3120,189,2026-05-01,82,29,25,2,2026-05-26,Healthy
3121,189,2026-06-01,145,16,48,1,2026-06-28,Healthy
3122,190,2025-01-01,53,30,34,0,2025-01-27,Healthy
3123,190,2025-02-01,52,22,40,0,2025-02-27,Healthy
3124,190,2025-03-01,33,28,44,2,2025-03-31,Healthy
3125,190,2025-04-01,52,29,45,2,2025-04-29,Healthy
3126,190,2025-05-01,32,17,45,2,2025-05-31,Healthy
3127,190,2025-06-01,31,16,33,1,2025-06-25,Healthy
3128,190,2025-07-01,43,24,30,2,2025-07-26,Healthy
3129,190,2025-08-01,43,17,48,1,2025-08-27,Healthy
3130,190,2025-09-01,34,22,20,1,2025-09-26,Healthy
3131,190,2025-10-01,15,6,17,3,2025-10-16,At Risk
3132,190,2025-11-01,10,0,2,3,2025-10-31,Critical
3133,190,2025-12-01,3,4,5,8,2025-12-04,Critical
3134,190,2026-01-01,5,4,0,3,2026-01-07,Critical
3135,190,2026-02-01,6,0,7,4,2026-02-06,Critical
3136,190,2026-03-01,7,1,3,7,2026-03-09,Critical
3137,190,2026-04-01,57,30,37,1,2026-04-29,Healthy
3138,190,2026-05-01,3,3,7,4,2026-05-15,Critical
3139,190,2026-06-01,4,2,6,3,2026-06-07,Critical
3140,191,2024-06-01,108,20,37,1,2024-06-27,Healthy
3141,191,2024-07-01,143,27,45,0,2024-07-29,Healthy
3142,191,2024-08-01,141,17,22,2,2024-08-26,Healthy
3143,191,2024-09-01,20,4,5,7,2024-09-13,Critical
3144,191,2024-10-01,26,1,6,8,2024-10-05,Critical
3145,191,2024-11-01,113,23,37,1,2024-11-28,Healthy
3146,191,2024-12-01,163,18,28,1,2024-12-27,Healthy
3147,191,2025-01-01,89,7,19,4,2025-01-16,At Risk
3148,191,2025-02-01,16,4,2,4,2025-02-12,Critical
3149,191,2025-03-01,16,1,5,6,2025-03-06,Critical
3150,191,2025-04-01,27,0,3,4,2025-04-08,Critical
3151,191,2025-05-01,7,3,6,6,2025-05-14,Critical
3152,191,2025-06-01,29,4,0,7,2025-05-31,Critical
3153,191,2025-07-01,84,6,14,5,2025-07-16,At Risk
3154,191,2025-08-01,36,5,19,5,2025-08-21,At Risk
3155,191,2025-09-01,184,29,25,2,2025-09-29,Healthy
3156,191,2025-10-01,116,24,31,2,2025-10-28,Healthy
3157,191,2025-11-01,94,23,35,0,2025-11-30,Healthy
3158,191,2025-12-01,159,24,42,0,2025-12-31,Healthy
3159,191,2026-01-01,160,23,50,0,2026-01-26,Healthy
3160,191,2026-02-01,144,24,25,1,2026-02-26,Healthy
3161,191,2026-03-01,98,23,42,1,2026-03-26,Healthy
3162,191,2026-04-01,138,21,49,1,2026-04-29,Healthy
3163,191,2026-05-01,123,17,23,0,2026-05-30,Healthy
3164,191,2026-06-01,152,25,47,0,2026-06-27,Healthy
3165,192,2025-03-01,34,9,19,4,2025-03-17,At Risk
3166,192,2025-04-01,15,12,16,5,2025-04-17,At Risk
3167,192,2025-05-01,59,21,24,0,2025-05-29,Healthy
3168,192,2025-06-01,66,28,29,0,2025-06-30,Healthy
3169,192,2025-07-01,58,28,35,1,2025-07-28,Healthy
3170,192,2025-08-01,51,17,46,2,2025-08-28,Healthy
3171,192,2025-09-01,44,25,36,0,2025-09-30,Healthy
3172,192,2025-10-01,71,19,49,1,2025-10-30,Healthy
3173,192,2025-11-01,51,25,47,2,2025-11-26,Healthy
3174,192,2025-12-01,49,29,24,2,2025-12-29,Healthy
3175,192,2026-01-01,41,19,34,1,2026-01-28,Healthy
3176,192,2026-02-01,52,16,50,2,2026-02-27,Healthy
3177,192,2026-03-01,39,21,48,0,2026-03-29,Healthy
3178,192,2026-04-01,63,28,24,0,2026-04-26,Healthy
3179,192,2026-05-01,29,8,14,5,2026-05-22,At Risk
3180,192,2026-06-01,2,1,1,5,2026-06-09,Critical
3181,193,2024-10-01,42,24,34,1,2024-10-31,Healthy
3182,193,2024-11-01,48,23,47,1,2024-11-26,Healthy
3183,193,2024-12-01,18,7,9,4,2024-12-19,At Risk
3184,193,2025-01-01,37,15,34,0,2025-01-27,Healthy
3185,193,2025-02-01,16,8,11,2,2025-02-17,At Risk
3186,193,2025-03-01,20,12,18,3,2025-03-21,At Risk
3187,193,2025-04-01,71,20,50,0,2025-04-28,Healthy
3188,193,2025-05-01,38,29,39,0,2025-05-27,Healthy
3189,193,2025-06-01,5,1,7,4,2025-06-13,Critical
3190,193,2025-07-01,6,2,0,3,2025-07-03,Critical
3191,193,2025-08-01,13,1,6,4,2025-08-14,Critical
3192,193,2025-09-01,10,0,0,3,2025-09-02,Critical
3193,193,2025-10-01,10,4,0,7,2025-10-01,Critical
3194,193,2025-11-01,8,1,0,3,2025-11-06,Critical
3195,193,2025-12-01,2,2,6,7,2025-12-10,Critical
3196,193,2026-01-01,66,26,44,2,2026-01-28,Healthy
3197,193,2026-02-01,50,28,22,0,2026-02-26,Healthy
3198,193,2026-03-01,52,20,37,0,2026-03-31,Healthy
3199,193,2026-04-01,3,1,1,6,2026-04-06,Critical
3200,193,2026-05-01,14,12,9,2,2026-05-25,At Risk
3201,193,2026-06-01,17,10,11,5,2026-06-18,At Risk
3202,194,2024-03-01,48,25,47,0,2024-03-30,Healthy
3203,194,2024-04-01,37,20,32,2,2024-04-28,Healthy
3204,194,2024-05-01,61,29,44,1,2024-05-30,Healthy
3205,194,2024-06-01,35,29,25,2,2024-06-28,Healthy
3206,194,2024-07-01,52,26,23,1,2024-07-26,Healthy
3207,194,2024-08-01,52,17,28,0,2024-08-26,Healthy
3208,194,2024-09-01,59,19,24,2,2024-09-29,Healthy
3209,194,2024-10-01,8,1,6,5,2024-10-14,Critical
3210,194,2024-11-01,7,3,2,5,2024-11-09,Critical
3211,194,2024-12-01,21,14,18,5,2024-12-17,At Risk
3212,194,2025-01-01,22,6,13,4,2025-01-18,At Risk
3213,194,2025-02-01,28,5,9,5,2025-02-22,At Risk
3214,194,2025-03-01,64,25,33,1,2025-03-26,Healthy
3215,194,2025-04-01,38,25,25,1,2025-04-25,Healthy
3216,194,2025-05-01,57,22,47,1,2025-05-30,Healthy
3217,194,2025-06-01,47,17,34,0,2025-06-28,Healthy
3218,194,2025-07-01,61,27,35,0,2025-07-27,Healthy
3219,194,2025-08-01,34,23,22,0,2025-08-28,Healthy
3220,194,2025-09-01,16,9,16,4,2025-09-18,At Risk
3221,194,2025-10-01,31,14,11,3,2025-10-24,At Risk
3222,194,2025-11-01,29,11,18,2,2025-11-22,At Risk
3223,194,2025-12-01,13,7,13,1,2025-12-25,At Risk
3224,194,2026-01-01,7,0,6,4,2026-01-12,Critical
3225,194,2026-02-01,4,1,6,5,2026-02-01,Critical
3226,194,2026-03-01,4,4,4,6,2026-03-03,Critical
3227,194,2026-04-01,4,3,2,4,2026-04-11,Critical
3228,194,2026-05-01,31,7,16,5,2026-05-20,At Risk
3229,194,2026-06-01,21,12,19,3,2026-06-24,At Risk
3230,195,2024-07-01,111,2,7,4,2024-07-13,Critical
3231,195,2024-08-01,39,3,3,6,2024-08-11,Critical
3232,195,2024-09-01,513,14,16,5,2024-09-16,At Risk
3233,195,2024-10-01,251,2,0,5,2024-10-10,Critical
3234,195,2024-11-01,186,0,6,8,2024-11-12,Critical
3235,195,2024-12-01,143,3,7,7,2024-12-12,Critical
3236,195,2025-01-01,96,4,5,5,2025-01-15,Critical
3237,195,2025-02-01,256,3,3,8,2025-02-03,Critical
3238,195,2025-03-01,61,3,2,7,2025-03-03,Critical
3239,195,2025-04-01,593,13,18,1,2025-04-24,At Risk
3240,195,2025-05-01,86,2,7,3,2025-05-01,Critical
3241,195,2025-06-01,310,7,11,4,2025-06-22,At Risk
3242,195,2025-07-01,428,9,19,3,2025-07-19,At Risk
3243,195,2025-08-01,401,7,16,3,2025-08-21,At Risk
3244,195,2025-09-01,414,13,19,5,2025-09-21,At Risk
3245,195,2025-10-01,417,9,9,3,2025-10-24,At Risk
3246,195,2025-11-01,536,9,9,2,2025-11-24,At Risk
3247,195,2025-12-01,274,10,18,2,2025-12-22,At Risk
3248,195,2026-01-01,1342,25,48,1,2026-01-26,Healthy
3249,195,2026-02-01,1246,19,33,2,2026-02-26,Healthy
3250,195,2026-03-01,1209,20,32,1,2026-03-29,Healthy
3251,195,2026-04-01,1270,19,41,1,2026-04-26,Healthy
3252,195,2026-05-01,1035,15,37,1,2026-05-31,Healthy
3253,195,2026-06-01,1246,16,20,1,2026-06-26,Healthy
3254,196,2025-09-01,15,21,28,0,2025-09-26,Healthy
3255,196,2025-10-01,18,29,41,1,2025-10-28,Healthy
3256,196,2025-11-01,12,15,35,1,2025-11-28,Healthy
3257,196,2025-12-01,13,24,43,2,2025-12-30,Healthy
3258,196,2026-01-01,15,29,45,2,2026-01-27,Healthy
3259,196,2026-02-01,18,23,43,2,2026-02-24,Healthy
3260,196,2026-03-01,20,17,28,1,2026-03-28,Healthy
3261,196,2026-04-01,3,4,4,8,2026-04-01,Critical
3262,196,2026-05-01,7,9,16,3,2026-05-16,At Risk
3263,196,2026-06-01,9,11,9,3,2026-06-23,At Risk
3264,197,2024-12-01,86,27,32,1,2024-12-29,Healthy
3265,197,2025-01-01,51,13,9,1,2025-01-23,At Risk
3266,197,2025-02-01,64,6,8,5,2025-02-15,At Risk
3267,197,2025-03-01,26,1,4,3,2025-03-02,Critical
3268,197,2025-04-01,12,2,2,4,2025-04-10,Critical
3269,197,2025-05-01,34,10,10,2,2025-05-19,At Risk
3270,197,2025-06-01,66,5,13,1,2025-06-19,At Risk
3271,197,2025-07-01,8,0,7,4,2025-07-12,Critical
3272,197,2025-08-01,68,11,10,2,2025-08-21,At Risk
3273,197,2025-09-01,107,18,50,1,2025-09-26,Healthy
3274,197,2025-10-01,82,16,35,0,2025-10-27,Healthy
3275,197,2025-11-01,112,25,39,2,2025-11-29,Healthy
3276,197,2025-12-01,132,26,44,1,2025-12-30,Healthy
3277,197,2026-01-01,111,17,29,2,2026-01-29,Healthy
3278,197,2026-02-01,74,30,31,2,2026-02-25,Healthy
3279,197,2026-03-01,73,22,32,2,2026-03-29,Healthy
3280,197,2026-04-01,80,17,22,2,2026-04-28,Healthy
3281,197,2026-05-01,80,27,24,0,2026-05-31,Healthy
3282,197,2026-06-01,99,21,36,1,2026-06-30,Healthy
3283,198,2025-04-01,2,2,7,5,2025-04-08,Critical
3284,198,2025-05-01,12,3,6,6,2025-05-15,Critical
3285,198,2025-06-01,43,25,23,0,2025-06-30,Healthy
3286,198,2025-07-01,49,29,33,0,2025-07-26,Healthy
3287,198,2025-08-01,74,19,38,0,2025-08-28,Healthy
3288,198,2025-09-01,72,21,41,2,2025-09-25,Healthy
3289,198,2025-10-01,56,17,45,0,2025-10-28,Healthy
3290,198,2025-11-01,30,10,19,3,2025-11-20,At Risk
3291,198,2025-12-01,60,26,47,2,2025-12-29,Healthy
3292,198,2026-01-01,70,29,36,1,2026-01-31,Healthy
3293,198,2026-02-01,45,15,48,2,2026-02-26,Healthy
3294,198,2026-03-01,54,23,45,1,2026-03-26,Healthy
3295,198,2026-04-01,72,30,46,0,2026-04-30,Healthy
3296,198,2026-05-01,21,11,11,1,2026-05-16,At Risk
3297,198,2026-06-01,15,2,2,8,2026-06-06,Critical
3298,199,2024-07-01,732,13,10,5,2024-07-16,At Risk
3299,199,2024-08-01,2394,28,43,0,2024-08-30,Healthy
3300,199,2024-09-01,3004,21,26,0,2024-09-29,Healthy
3301,199,2024-10-01,1753,23,32,0,2024-10-26,Healthy
3302,199,2024-11-01,2446,25,23,2,2024-11-27,Healthy
3303,199,2024-12-01,2090,29,43,1,2024-12-31,Healthy
3304,199,2025-01-01,1710,15,30,0,2025-01-29,Healthy
3305,199,2025-02-01,1758,27,39,0,2025-02-27,Healthy
3306,199,2025-03-01,2482,28,33,2,2025-03-30,Healthy
3307,199,2025-04-01,1163,11,11,1,2025-04-22,At Risk
3308,199,2025-05-01,1095,13,8,5,2025-05-18,At Risk
3309,199,2025-06-01,1557,7,18,2,2025-06-16,At Risk
3310,199,2025-07-01,107,0,5,4,2025-07-02,Critical
3311,199,2025-08-01,1153,9,9,2,2025-08-17,At Risk
3312,199,2025-09-01,782,9,15,4,2025-09-18,At Risk
3313,199,2025-10-01,293,4,4,8,2025-10-09,Critical
3314,199,2025-11-01,2359,16,46,2,2025-11-25,Healthy
3315,199,2025-12-01,3100,29,22,0,2025-12-26,Healthy
3316,199,2026-01-01,1977,22,31,2,2026-01-28,Healthy
3317,199,2026-02-01,1582,15,36,1,2026-02-25,Healthy
3318,199,2026-03-01,1862,15,41,2,2026-03-30,Healthy
3319,199,2026-04-01,2233,22,28,1,2026-04-30,Healthy
3320,199,2026-05-01,1606,19,39,0,2026-05-27,Healthy
3321,199,2026-06-01,2973,20,33,0,2026-06-27,Healthy
3322,200,2024-12-01,37,27,20,1,2024-12-28,Healthy
3323,200,2025-01-01,18,14,15,1,2025-01-23,At Risk
3324,200,2025-02-01,29,10,10,1,2025-02-13,At Risk
3325,200,2025-03-01,34,13,9,1,2025-03-16,At Risk
3326,200,2025-04-01,5,0,0,3,2025-04-02,Critical
3327,200,2025-05-01,8,0,0,7,2025-05-03,Critical
3328,200,2025-06-01,29,12,14,1,2025-06-18,At Risk
3329,200,2025-07-01,8,4,2,7,2025-07-01,Critical
3330,200,2025-08-01,9,0,3,3,2025-08-12,Critical
3331,200,2025-09-01,10,0,0,8,2025-09-05,Critical
3332,200,2025-10-01,13,2,1,4,2025-10-10,Critical
3333,200,2025-11-01,35,12,15,1,2025-11-19,At Risk
3334,200,2025-12-01,34,6,18,5,2025-12-22,At Risk
3335,200,2026-01-01,57,19,39,0,2026-01-28,Healthy
3336,200,2026-02-01,61,22,48,0,2026-02-28,Healthy
3337,200,2026-03-01,57,24,43,0,2026-03-31,Healthy
3338,200,2026-04-01,37,22,32,1,2026-04-29,Healthy
3339,200,2026-05-01,64,25,33,2,2026-05-27,Healthy
3340,200,2026-06-01,64,29,36,2,2026-06-28,Healthy
3341,201,2025-06-01,242,22,45,0,2025-06-27,Healthy
3342,201,2025-07-01,107,6,17,5,2025-07-23,At Risk
3343,201,2025-08-01,175,21,30,2,2025-08-26,Healthy
3344,201,2025-09-01,19,0,1,4,2025-08-31,Critical
3345,201,2025-10-01,127,11,8,2,2025-10-24,At Risk
3346,201,2025-11-01,210,15,44,2,2025-11-26,Healthy
3347,201,2025-12-01,32,3,1,5,2025-12-05,Critical
3348,201,2026-01-01,45,1,1,4,2026-01-04,Critical
3349,201,2026-02-01,84,12,13,1,2026-02-21,At Risk
3350,201,2026-03-01,39,2,1,6,2026-03-11,Critical
3351,201,2026-04-01,34,0,7,6,2026-04-03,Critical
3352,201,2026-05-01,17,0,2,6,2026-05-13,Critical
3353,201,2026-06-01,132,7,12,3,2026-06-24,At Risk
3354,202,2024-12-01,40,21,50,1,2024-12-26,Healthy
3355,202,2025-01-01,34,16,40,0,2025-01-30,Healthy
3356,202,2025-02-01,14,5,8,3,2025-02-17,At Risk
3357,202,2025-03-01,34,18,27,0,2025-03-28,Healthy
3358,202,2025-04-01,26,28,34,1,2025-04-26,Healthy
3359,202,2025-05-01,47,15,42,2,2025-05-30,Healthy
3360,202,2025-06-01,30,20,41,1,2025-06-27,Healthy
3361,202,2025-07-01,16,14,14,5,2025-07-19,At Risk
3362,202,2025-08-01,25,25,40,0,2025-08-28,Healthy
3363,202,2025-09-01,38,21,20,1,2025-09-28,Healthy
3364,202,2025-10-01,33,29,26,0,2025-10-29,Healthy
3365,202,2025-11-01,44,24,32,1,2025-11-27,Healthy
3366,202,2025-12-01,29,19,45,1,2025-12-30,Healthy
3367,202,2026-01-01,26,21,43,1,2026-01-27,Healthy
3368,202,2026-02-01,19,7,14,3,2026-02-13,At Risk
3369,202,2026-03-01,19,10,19,2,2026-03-20,At Risk
3370,202,2026-04-01,13,11,9,4,2026-04-22,At Risk
3371,202,2026-05-01,20,13,15,2,2026-05-19,At Risk
3372,202,2026-06-01,14,6,15,3,2026-06-15,At Risk
3373,203,2024-02-01,10,23,36,0,2024-02-29,Healthy
3374,203,2024-03-01,9,28,34,2,2024-03-26,Healthy
3375,203,2024-04-01,3,6,14,5,2024-04-21,At Risk
3376,203,2024-05-01,10,19,32,1,2024-05-27,Healthy
3377,203,2024-06-01,8,20,35,2,2024-06-26,Healthy
3378,203,2024-07-01,9,21,25,0,2024-07-26,Healthy
3379,203,2024-08-01,7,22,23,0,2024-08-31,Healthy
3380,203,2024-09-01,7,22,44,1,2024-09-27,Healthy
3381,203,2024-10-01,10,24,41,0,2024-10-31,Healthy
3382,203,2024-11-01,11,18,42,1,2024-11-26,Healthy
3383,203,2024-12-01,4,13,16,2,2024-12-22,At Risk
3384,203,2025-01-01,6,17,37,2,2025-01-29,Healthy
3385,203,2025-02-01,4,12,14,2,2025-02-20,At Risk
3386,203,2025-03-01,3,5,15,4,2025-03-20,At Risk
3387,203,2025-04-01,2,8,10,4,2025-04-18,At Risk
3388,203,2025-05-01,3,6,18,3,2025-05-21,At Risk
3389,203,2025-06-01,5,5,12,4,2025-06-24,At Risk
3390,203,2025-07-01,3,8,14,4,2025-07-16,At Risk
3391,203,2025-08-01,11,18,50,2,2025-08-30,Healthy
3392,203,2025-09-01,9,26,22,2,2025-09-30,Healthy
3393,203,2025-10-01,4,5,15,2,2025-10-21,At Risk
3394,203,2025-11-01,3,6,12,4,2025-11-22,At Risk
3395,203,2025-12-01,5,11,9,3,2025-12-25,At Risk
3396,203,2026-01-01,5,14,17,4,2026-01-22,At Risk
3397,203,2026-02-01,1,3,2,5,2026-02-09,Critical
3398,203,2026-03-01,4,6,17,1,2026-03-16,At Risk
3399,203,2026-04-01,11,21,26,0,2026-04-25,Healthy
3400,203,2026-05-01,4,11,8,1,2026-05-21,At Risk
3401,203,2026-06-01,2,0,0,7,2026-06-14,Critical
3402,204,2024-09-01,76,23,38,2,2024-09-29,Healthy
3403,204,2024-10-01,15,3,2,5,2024-10-06,Critical
3404,204,2024-11-01,40,13,9,5,2024-11-16,At Risk
3405,204,2024-12-01,45,14,9,5,2024-12-19,At Risk
3406,204,2025-01-01,7,0,6,7,2025-01-11,Critical
3407,204,2025-02-01,31,7,17,1,2025-02-17,At Risk
3408,204,2025-03-01,30,11,15,3,2025-03-25,At Risk
3409,204,2025-04-01,96,29,25,1,2025-04-25,Healthy
3410,204,2025-05-01,86,16,28,1,2025-05-27,Healthy
3411,204,2025-06-01,81,27,37,2,2025-06-30,Healthy
3412,204,2025-07-01,79,15,26,0,2025-07-31,Healthy
3413,204,2025-08-01,55,16,26,2,2025-08-26,Healthy
3414,204,2025-09-01,96,23,48,1,2025-09-30,Healthy
3415,204,2025-10-01,98,22,27,2,2025-10-29,Healthy
3416,204,2025-11-01,80,27,20,0,2025-11-25,Healthy
3417,204,2025-12-01,47,6,8,2,2025-12-22,At Risk
3418,204,2026-01-01,5,3,3,5,2026-01-05,Critical
3419,204,2026-02-01,47,6,10,3,2026-02-15,At Risk
3420,204,2026-03-01,20,13,13,3,2026-03-23,At Risk
3421,204,2026-04-01,8,2,0,5,2026-04-10,Critical
3422,204,2026-05-01,52,30,46,1,2026-05-31,Healthy
3423,204,2026-06-01,77,29,42,0,2026-06-29,Healthy
3424,205,2025-04-01,65,30,37,0,2025-04-26,Healthy
3425,205,2025-05-01,76,15,20,2,2025-05-27,Healthy
3426,205,2025-06-01,59,16,27,0,2025-06-29,Healthy
3427,205,2025-07-01,48,18,47,0,2025-07-26,Healthy
3428,205,2025-08-01,41,21,42,2,2025-08-27,Healthy
3429,205,2025-09-01,53,21,40,0,2025-09-29,Healthy
3430,205,2025-10-01,41,18,29,2,2025-10-31,Healthy
3431,205,2025-11-01,27,7,11,1,2025-11-19,At Risk
3432,205,2025-12-01,24,5,14,3,2025-12-17,At Risk
3433,205,2026-01-01,11,3,7,4,2026-01-01,Critical
3434,205,2026-02-01,27,6,12,1,2026-02-18,At Risk
3435,205,2026-03-01,40,20,45,2,2026-03-28,Healthy
3436,205,2026-04-01,53,29,50,2,2026-04-25,Healthy
3437,205,2026-05-01,24,10,17,1,2026-05-17,At Risk
3438,205,2026-06-01,67,27,45,1,2026-06-27,Healthy
3439,206,2025-08-01,27,11,16,3,2025-08-24,At Risk
3440,206,2025-09-01,16,13,17,1,2025-09-16,At Risk
3441,206,2025-10-01,27,11,12,3,2025-10-23,At Risk
3442,206,2025-11-01,20,6,12,2,2025-11-16,At Risk
3443,206,2025-12-01,15,13,10,5,2025-12-22,At Risk
3444,206,2026-01-01,58,17,40,1,2026-01-26,Healthy
3445,206,2026-02-01,35,25,30,2,2026-02-25,Healthy
3446,206,2026-03-01,57,22,38,2,2026-03-31,Healthy
3447,206,2026-04-01,37,28,28,0,2026-04-30,Healthy
3448,206,2026-05-01,47,24,24,1,2026-05-30,Healthy
3449,206,2026-06-01,49,19,24,1,2026-06-26,Healthy
3450,207,2024-07-01,118,3,3,5,2024-07-05,Critical
3451,207,2024-08-01,839,7,10,2,2024-08-22,At Risk
3452,207,2024-09-01,2790,29,32,2,2024-09-29,Healthy
3453,207,2024-10-01,647,2,4,7,2024-10-13,Critical
3454,207,2024-11-01,1538,7,10,5,2024-11-17,At Risk
3455,207,2024-12-01,3019,23,31,2,2024-12-29,Healthy
3456,207,2025-01-01,2522,25,43,1,2025-01-29,Healthy
3457,207,2025-02-01,3166,18,33,2,2025-02-24,Healthy
3458,207,2025-03-01,2486,29,31,2,2025-03-26,Healthy
3459,207,2025-04-01,2210,19,20,1,2025-04-29,Healthy
3460,207,2025-05-01,1880,23,26,1,2025-05-29,Healthy
3461,207,2025-06-01,2473,23,31,1,2025-06-25,Healthy
3462,207,2025-07-01,2413,15,44,1,2025-07-27,Healthy
3463,207,2025-08-01,2801,28,22,0,2025-08-29,Healthy
3464,207,2025-09-01,1776,15,28,2,2025-09-27,Healthy
3465,207,2025-10-01,1492,10,8,4,2025-10-21,At Risk
3466,207,2025-11-01,1667,8,10,3,2025-11-21,At Risk
3467,207,2025-12-01,664,11,14,4,2025-12-23,At Risk
3468,207,2026-01-01,1985,17,43,1,2026-01-27,Healthy
3469,207,2026-02-01,2558,20,45,2,2026-02-26,Healthy
3470,207,2026-03-01,3024,29,42,0,2026-03-28,Healthy
3471,207,2026-04-01,3134,22,45,1,2026-04-25,Healthy
3472,207,2026-05-01,2045,18,33,1,2026-05-29,Healthy
3473,207,2026-06-01,1543,14,11,2,2026-06-17,At Risk
3474,208,2024-06-01,22,13,10,4,2024-06-20,At Risk
3475,208,2024-07-01,38,13,11,1,2024-07-16,At Risk
3476,208,2024-08-01,9,3,6,8,2024-08-11,Critical
3477,208,2024-09-01,3,0,1,5,2024-09-02,Critical
3478,208,2024-10-01,11,0,2,4,2024-10-03,Critical
3479,208,2024-11-01,25,14,13,4,2024-11-24,At Risk
3480,208,2024-12-01,34,10,9,4,2024-12-17,At Risk
3481,208,2025-01-01,34,7,13,3,2025-01-22,At Risk
3482,208,2025-02-01,31,9,9,4,2025-02-13,At Risk
3483,208,2025-03-01,19,13,15,2,2025-03-20,At Risk
3484,208,2025-04-01,37,9,19,4,2025-04-23,At Risk
3485,208,2025-05-01,18,8,18,2,2025-05-24,At Risk
3486,208,2025-06-01,41,29,26,2,2025-06-29,Healthy
3487,208,2025-07-01,44,19,24,1,2025-07-31,Healthy
3488,208,2025-08-01,44,20,27,2,2025-08-27,Healthy
3489,208,2025-09-01,48,18,39,0,2025-09-30,Healthy
3490,208,2025-10-01,55,26,29,0,2025-10-30,Healthy
3491,208,2025-11-01,58,28,23,1,2025-11-27,Healthy
3492,208,2025-12-01,8,4,5,4,2025-12-11,Critical
3493,208,2026-01-01,10,2,2,6,2026-01-07,Critical
3494,208,2026-02-01,6,0,7,8,2026-01-29,Critical
3495,208,2026-03-01,8,1,0,6,2026-03-14,Critical
3496,208,2026-04-01,24,8,14,2,2026-04-19,At Risk
3497,208,2026-05-01,38,8,9,1,2026-05-25,At Risk
3498,208,2026-06-01,20,5,17,5,2026-06-23,At Risk
3499,209,2024-05-01,66,7,17,1,2024-05-19,At Risk
3500,209,2024-06-01,91,5,9,2,2024-06-20,At Risk
3501,209,2024-07-01,51,12,14,3,2024-07-20,At Risk
3502,209,2024-08-01,136,21,38,0,2024-08-28,Healthy
3503,209,2024-09-01,206,19,39,2,2024-09-30,Healthy
3504,209,2024-10-01,63,8,19,2,2024-10-18,At Risk
3505,209,2024-11-01,85,6,8,3,2024-11-21,At Risk
3506,209,2024-12-01,76,9,19,3,2024-12-25,At Risk
3507,209,2025-01-01,140,21,31,0,2025-01-27,Healthy
3508,209,2025-02-01,180,22,41,2,2025-02-25,Healthy
3509,209,2025-03-01,33,0,2,8,2025-03-07,Critical
3510,209,2025-04-01,20,0,0,3,2025-04-14,Critical
3511,209,2025-05-01,62,14,10,5,2025-05-16,At Risk
3512,209,2025-06-01,86,5,17,3,2025-06-18,At Risk
3513,209,2025-07-01,11,4,3,8,2025-07-09,Critical
3514,209,2025-08-01,91,10,14,4,2025-08-16,At Risk
3515,209,2025-09-01,13,1,4,4,2025-09-08,Critical
3516,209,2025-10-01,30,4,0,8,2025-10-15,Critical
3517,209,2025-11-01,20,2,0,6,2025-11-07,Critical
3518,209,2025-12-01,16,1,4,7,2025-12-05,Critical
3519,209,2026-01-01,107,9,19,5,2026-01-22,At Risk
3520,209,2026-02-01,154,20,30,2,2026-02-27,Healthy
3521,209,2026-03-01,137,26,46,2,2026-03-26,Healthy
3522,209,2026-04-01,106,8,15,3,2026-04-21,At Risk
3523,209,2026-05-01,39,0,2,8,2026-05-01,Critical
3524,209,2026-06-01,32,1,1,8,2026-06-04,Critical
3525,210,2024-06-01,361,4,4,4,2024-06-14,Critical
3526,210,2024-07-01,215,0,3,4,2024-07-07,Critical
3527,210,2024-08-01,2750,17,46,0,2024-08-30,Healthy
3528,210,2024-09-01,2269,30,37,2,2024-09-27,Healthy
3529,210,2024-10-01,2546,24,35,2,2024-10-30,Healthy
3530,210,2024-11-01,3075,25,49,2,2024-11-25,Healthy
3531,210,2024-12-01,2590,23,24,0,2024-12-28,Healthy
3532,210,2025-01-01,1931,16,36,0,2025-01-26,Healthy
3533,210,2025-02-01,2198,17,25,2,2025-02-23,Healthy
3534,210,2025-03-01,1341,8,9,1,2025-03-23,At Risk
3535,210,2025-04-01,924,11,19,5,2025-04-16,At Risk
3536,210,2025-05-01,1361,12,19,1,2025-05-19,At Risk
3537,210,2025-06-01,849,7,15,2,2025-06-22,At Risk
3538,210,2025-07-01,1306,14,15,3,2025-07-23,At Risk
3539,210,2025-08-01,2751,29,27,0,2025-08-27,Healthy
3540,210,2025-09-01,3187,15,32,1,2025-09-27,Healthy
3541,210,2025-10-01,2173,16,29,2,2025-10-31,Healthy
3542,210,2025-11-01,2151,19,23,0,2025-11-26,Healthy
3543,210,2025-12-01,2126,26,28,0,2025-12-29,Healthy
3544,210,2026-01-01,2840,30,28,2,2026-01-30,Healthy
3545,210,2026-02-01,2655,27,20,1,2026-02-28,Healthy
3546,210,2026-03-01,1383,10,14,3,2026-03-25,At Risk
3547,210,2026-04-01,2074,26,43,1,2026-04-27,Healthy
3548,210,2026-05-01,2711,24,34,2,2026-05-27,Healthy
3549,210,2026-06-01,2117,26,21,2,2026-06-30,Healthy
3550,211,2025-11-01,58,8,15,5,2025-11-22,At Risk
3551,211,2025-12-01,10,1,6,4,2025-12-07,Critical
3552,211,2026-01-01,7,2,6,5,2026-01-04,Critical
3553,211,2026-02-01,14,1,1,6,2026-01-30,Critical
3554,211,2026-03-01,18,4,0,3,2026-03-01,Critical
3555,211,2026-04-01,4,2,6,7,2026-04-03,Critical
3556,211,2026-05-01,4,1,6,7,2026-05-15,Critical
3557,211,2026-06-01,9,1,6,3,2026-06-09,Critical
3558,212,2024-12-01,31,17,30,0,2024-12-28,Healthy
3559,212,2025-01-01,36,22,22,2,2025-01-31,Healthy
3560,212,2025-02-01,40,23,34,1,2025-02-27,Healthy
3561,212,2025-03-01,24,21,22,1,2025-03-27,Healthy
3562,212,2025-04-01,20,7,16,5,2025-04-16,At Risk
3563,212,2025-05-01,19,14,16,1,2025-05-24,At Risk
3564,212,2025-06-01,16,13,13,3,2025-06-20,At Risk
3565,212,2025-07-01,19,14,16,5,2025-07-21,At Risk
3566,212,2025-08-01,16,13,8,2,2025-08-22,At Risk
3567,212,2025-09-01,12,13,14,5,2025-09-20,At Risk
3568,212,2025-10-01,15,12,19,3,2025-10-16,At Risk
3569,212,2025-11-01,14,12,15,5,2025-11-19,At Risk
3570,212,2025-12-01,21,14,8,5,2025-12-25,At Risk
3571,212,2026-01-01,31,24,40,1,2026-01-27,Healthy
3572,212,2026-02-01,30,26,31,2,2026-02-28,Healthy
3573,212,2026-03-01,36,18,46,1,2026-03-31,Healthy
3574,212,2026-04-01,28,18,26,2,2026-04-29,Healthy
3575,212,2026-05-01,34,18,43,1,2026-05-28,Healthy
3576,212,2026-06-01,32,30,44,0,2026-06-27,Healthy
3577,213,2024-03-01,37,26,28,0,2024-03-28,Healthy
3578,213,2024-04-01,15,7,11,3,2024-04-17,At Risk
3579,213,2024-05-01,19,7,14,2,2024-05-16,At Risk
3580,213,2024-06-01,43,20,50,1,2024-06-30,Healthy
3581,213,2024-07-01,15,11,13,2,2024-07-18,At Risk
3582,213,2024-08-01,17,11,12,3,2024-08-19,At Risk
3583,213,2024-09-01,13,9,17,4,2024-09-15,At Risk
3584,213,2024-10-01,9,14,8,4,2024-10-19,At Risk
3585,213,2024-11-01,20,7,12,2,2024-11-17,At Risk
3586,213,2024-12-01,24,22,44,0,2024-12-26,Healthy
3587,213,2025-01-01,13,14,8,2,2025-01-20,At Risk
3588,213,2025-02-01,33,26,49,0,2025-02-28,Healthy
3589,213,2025-03-01,36,28,37,1,2025-03-26,Healthy
3590,213,2025-04-01,28,29,31,0,2025-04-30,Healthy
3591,213,2025-05-01,30,27,29,2,2025-05-28,Healthy
3592,213,2025-06-01,40,24,45,2,2025-06-29,Healthy
3593,213,2025-07-01,43,21,32,0,2025-07-31,Healthy
3594,213,2025-08-01,33,24,21,2,2025-08-29,Healthy
3595,213,2025-09-01,36,19,41,2,2025-09-29,Healthy
3596,213,2025-10-01,27,27,33,1,2025-10-27,Healthy
3597,213,2025-11-01,40,20,39,2,2025-11-30,Healthy
3598,213,2025-12-01,41,25,21,1,2025-12-29,Healthy
3599,213,2026-01-01,28,15,24,2,2026-01-27,Healthy
3600,213,2026-02-01,13,6,15,4,2026-02-16,At Risk
3601,213,2026-03-01,45,24,26,0,2026-03-30,Healthy
3602,213,2026-04-01,43,21,43,0,2026-04-29,Healthy
3603,213,2026-05-01,37,28,42,0,2026-05-28,Healthy
3604,213,2026-06-01,34,18,24,1,2026-06-29,Healthy
3605,214,2026-01-01,27,15,49,2,2026-01-27,Healthy
3606,214,2026-02-01,41,23,23,1,2026-02-27,Healthy
3607,214,2026-03-01,11,14,17,5,2026-03-24,At Risk
3608,214,2026-04-01,1,2,5,8,2026-04-05,Critical
3609,214,2026-05-01,18,12,19,2,2026-05-21,At Risk
3610,214,2026-06-01,13,9,15,3,2026-06-23,At Risk
3611,215,2024-06-01,36,25,22,1,2024-06-27,Healthy
3612,215,2024-07-01,26,24,47,1,2024-07-26,Healthy
3613,215,2024-08-01,16,13,14,5,2024-08-20,At Risk
3614,215,2024-09-01,38,18,26,1,2024-09-27,Healthy
3615,215,2024-10-01,21,11,12,2,2024-10-23,At Risk
3616,215,2024-11-01,2,2,3,4,2024-11-05,Critical
3617,215,2024-12-01,8,0,7,6,2024-12-11,Critical
3618,215,2025-01-01,1,4,1,8,2025-01-04,Critical
3619,215,2025-02-01,8,2,5,3,2025-01-31,Critical
3620,215,2025-03-01,7,4,6,7,2025-03-05,Critical
3621,215,2025-04-01,2,0,4,5,2025-04-03,Critical
3622,215,2025-05-01,22,11,10,4,2025-05-18,At Risk
3623,215,2025-06-01,15,5,18,5,2025-06-16,At Risk
3624,215,2025-07-01,27,24,39,0,2025-07-30,Healthy
3625,215,2025-08-01,23,8,10,2,2025-08-17,At Risk
3626,215,2025-09-01,10,13,18,5,2025-09-23,At Risk
3627,215,2025-10-01,11,10,10,4,2025-10-22,At Risk
3628,215,2025-11-01,17,5,16,5,2025-11-22,At Risk
3629,215,2025-12-01,16,14,12,4,2025-12-21,At Risk
3630,215,2026-01-01,17,8,8,1,2026-01-20,At Risk
3631,215,2026-02-01,17,10,16,5,2026-02-13,At Risk
3632,215,2026-03-01,21,8,16,1,2026-03-18,At Risk
3633,215,2026-04-01,36,23,49,2,2026-04-30,Healthy
3634,215,2026-05-01,28,28,30,1,2026-05-30,Healthy
3635,215,2026-06-01,16,10,11,3,2026-06-24,At Risk
3636,216,2025-03-01,1,0,6,6,2025-03-12,Critical
3637,216,2025-04-01,10,8,18,5,2025-04-24,At Risk
3638,216,2025-05-01,16,21,33,1,2025-05-26,Healthy
3639,216,2025-06-01,9,7,11,5,2025-06-19,At Risk
3640,216,2025-07-01,9,5,11,2,2025-07-18,At Risk
3641,216,2025-08-01,10,9,19,5,2025-08-23,At Risk
3642,216,2025-09-01,9,13,18,4,2025-09-17,At Risk
3643,216,2025-10-01,5,13,16,3,2025-10-25,At Risk
3644,216,2025-11-01,13,23,31,0,2025-11-28,Healthy
3645,216,2025-12-01,15,20,37,0,2025-12-30,Healthy
3646,216,2026-01-01,15,17,28,0,2026-01-28,Healthy
3647,216,2026-02-01,9,12,10,3,2026-02-17,At Risk
3648,216,2026-03-01,4,12,12,2,2026-03-16,At Risk
3649,216,2026-04-01,20,19,45,1,2026-04-25,Healthy
3650,216,2026-05-01,13,21,23,2,2026-05-28,Healthy
3651,216,2026-06-01,12,15,22,1,2026-06-26,Healthy
3652,217,2024-09-01,30,9,9,2,2024-09-24,At Risk
3653,217,2024-10-01,15,13,12,5,2024-10-20,At Risk
3654,217,2024-11-01,32,6,12,5,2024-11-22,At Risk
3655,217,2024-12-01,35,14,12,2,2024-12-24,At Risk
3656,217,2025-01-01,7,4,1,7,2025-01-09,Critical
3657,217,2025-02-01,4,3,4,3,2025-02-06,Critical
3658,217,2025-03-01,18,7,14,3,2025-03-16,At Risk
3659,217,2025-04-01,39,14,11,3,2025-04-24,At Risk
3660,217,2025-05-01,18,6,16,3,2025-05-17,At Risk
3661,217,2025-06-01,16,12,18,2,2025-06-17,At Risk
3662,217,2025-07-01,34,12,12,3,2025-07-16,At Risk
3663,217,2025-08-01,46,17,33,0,2025-08-31,Healthy
3664,217,2025-09-01,40,28,30,1,2025-09-27,Healthy
3665,217,2025-10-01,60,23,49,0,2025-10-26,Healthy
3666,217,2025-11-01,62,23,24,2,2025-11-27,Healthy
3667,217,2025-12-01,74,22,28,0,2025-12-27,Healthy
3668,217,2026-01-01,14,3,0,7,2026-01-10,Critical
3669,217,2026-02-01,5,3,2,8,2026-02-10,Critical
3670,217,2026-03-01,37,11,9,1,2026-03-23,At Risk
3671,217,2026-04-01,36,13,15,2,2026-04-19,At Risk
3672,217,2026-05-01,28,8,17,5,2026-05-25,At Risk
3673,217,2026-06-01,67,24,42,1,2026-06-28,Healthy
3674,218,2025-08-01,10,14,17,2,2025-08-23,At Risk
3675,218,2025-09-01,16,23,27,2,2025-09-28,Healthy
3676,218,2025-10-01,12,8,10,2,2025-10-24,At Risk
3677,218,2025-11-01,9,8,14,5,2025-11-20,At Risk
3678,218,2025-12-01,13,11,12,1,2025-12-18,At Risk
3679,218,2026-01-01,6,9,13,1,2026-01-24,At Risk
3680,218,2026-02-01,27,29,43,1,2026-02-26,Healthy
3681,218,2026-03-01,20,19,45,2,2026-03-29,Healthy
3682,218,2026-04-01,20,28,22,2,2026-04-28,Healthy
3683,218,2026-05-01,27,18,20,1,2026-05-30,Healthy
3684,218,2026-06-01,20,22,26,2,2026-06-27,Healthy
3685,219,2025-08-01,58,20,29,1,2025-08-30,Healthy
3686,219,2025-09-01,37,18,46,0,2025-09-27,Healthy
3687,219,2025-10-01,62,18,42,1,2025-10-26,Healthy
3688,219,2025-11-01,34,30,39,1,2025-11-27,Healthy
3689,219,2025-12-01,58,22,42,1,2025-12-26,Healthy
3690,219,2026-01-01,38,30,34,1,2026-01-31,Healthy
3691,219,2026-02-01,47,26,44,0,2026-02-23,Healthy
3692,219,2026-03-01,65,30,30,2,2026-03-28,Healthy
3693,219,2026-04-01,46,19,35,1,2026-04-26,Healthy
3694,219,2026-05-01,46,25,26,0,2026-05-30,Healthy
3695,219,2026-06-01,42,29,23,0,2026-06-26,Healthy
3696,220,2024-04-01,59,3,0,8,2024-04-08,Critical
3697,220,2024-05-01,43,2,4,7,2024-05-12,Critical
3698,220,2024-06-01,170,9,17,2,2024-06-22,At Risk
3699,220,2024-07-01,260,15,50,2,2024-07-28,Healthy
3700,220,2024-08-01,213,19,38,0,2024-08-31,Healthy
3701,220,2024-09-01,338,27,44,0,2024-09-30,Healthy
3702,220,2024-10-01,210,15,41,1,2024-10-31,Healthy
3703,220,2024-11-01,184,27,43,1,2024-11-25,Healthy
3704,220,2024-12-01,39,0,7,6,2024-12-12,Critical
3705,220,2025-01-01,62,1,1,5,2025-01-08,Critical
3706,220,2025-02-01,57,4,1,6,2025-01-31,Critical
3707,220,2025-03-01,65,4,6,6,2025-03-08,Critical
3708,220,2025-04-01,221,26,48,1,2025-04-25,Healthy
3709,220,2025-05-01,206,19,27,2,2025-05-27,Healthy
3710,220,2025-06-01,340,27,20,0,2025-06-25,Healthy
3711,220,2025-07-01,353,24,39,0,2025-07-26,Healthy
3712,220,2025-08-01,130,14,9,5,2025-08-20,At Risk
3713,220,2025-09-01,339,16,49,2,2025-09-29,Healthy
3714,220,2025-10-01,296,29,22,1,2025-10-31,Healthy
3715,220,2025-11-01,65,2,6,6,2025-11-06,Critical
3716,220,2025-12-01,325,20,28,2,2025-12-31,Healthy
3717,220,2026-01-01,270,27,20,2,2026-01-28,Healthy
3718,220,2026-02-01,209,15,32,1,2026-02-26,Healthy
3719,220,2026-03-01,300,22,49,2,2026-03-26,Healthy
3720,220,2026-04-01,348,30,38,1,2026-04-30,Healthy
3721,220,2026-05-01,245,26,25,0,2026-05-26,Healthy
3722,220,2026-06-01,314,29,36,1,2026-06-29,Healthy
3723,221,2024-09-01,24,15,21,2,2024-09-29,Healthy
3724,221,2024-10-01,19,30,25,2,2024-10-31,Healthy
3725,221,2024-11-01,13,11,10,5,2024-11-23,At Risk
3726,221,2024-12-01,2,1,4,4,2024-12-10,Critical
3727,221,2025-01-01,3,0,7,5,2025-01-15,Critical
3728,221,2025-02-01,4,4,6,3,2025-02-11,Critical
3729,221,2025-03-01,7,3,0,5,2025-03-01,Critical
3730,221,2025-04-01,5,1,2,5,2025-04-05,Critical
3731,221,2025-05-01,6,3,6,5,2025-05-04,Critical
3732,221,2025-06-01,6,4,4,7,2025-06-02,Critical
3733,221,2025-07-01,2,2,7,8,2025-07-10,Critical
3734,221,2025-08-01,5,1,1,5,2025-08-13,Critical
3735,221,2025-09-01,36,23,34,2,2025-09-30,Healthy
3736,221,2025-10-01,29,27,50,1,2025-10-29,Healthy
3737,221,2025-11-01,27,17,23,1,2025-11-29,Healthy
3738,221,2025-12-01,20,18,36,1,2025-12-31,Healthy
3739,221,2026-01-01,24,16,40,2,2026-01-30,Healthy
3740,221,2026-02-01,26,29,36,2,2026-02-23,Healthy
3741,221,2026-03-01,34,26,27,2,2026-03-27,Healthy
3742,221,2026-04-01,34,15,50,2,2026-04-28,Healthy
3743,221,2026-05-01,36,22,26,2,2026-05-27,Healthy
3744,221,2026-06-01,22,29,33,0,2026-06-26,Healthy
3745,222,2025-03-01,203,20,39,1,2025-03-30,Healthy
3746,222,2025-04-01,199,21,29,1,2025-04-29,Healthy
3747,222,2025-05-01,156,19,34,0,2025-05-27,Healthy
3748,222,2025-06-01,170,17,49,0,2025-06-26,Healthy
3749,222,2025-07-01,199,30,22,1,2025-07-27,Healthy
3750,222,2025-08-01,282,19,41,1,2025-08-28,Healthy
3751,222,2025-09-01,107,9,9,1,2025-09-23,At Risk
3752,222,2025-10-01,91,9,16,2,2025-10-22,At Risk
3753,222,2025-11-01,43,3,0,8,2025-11-09,Critical
3754,222,2025-12-01,41,1,3,6,2025-12-13,Critical
3755,222,2026-01-01,18,1,3,7,2026-01-10,Critical
3756,222,2026-02-01,268,20,39,1,2026-02-23,Healthy
3757,222,2026-03-01,80,7,9,2,2026-03-24,At Risk
3758,222,2026-04-01,125,6,14,5,2026-04-18,At Risk
3759,222,2026-05-01,81,11,11,5,2026-05-20,At Risk
3760,222,2026-06-01,110,9,16,2,2026-06-21,At Risk
3761,223,2025-07-01,226,20,28,0,2025-07-29,Healthy
3762,223,2025-08-01,125,8,19,3,2025-08-20,At Risk
3763,223,2025-09-01,91,7,15,1,2025-09-17,At Risk
3764,223,2025-10-01,20,2,2,8,2025-10-06,Critical
3765,223,2025-11-01,40,4,2,8,2025-11-04,Critical
3766,223,2025-12-01,7,3,3,5,2025-12-07,Critical
3767,223,2026-01-01,23,3,7,8,2026-01-04,Critical
3768,223,2026-02-01,25,0,1,7,2026-02-07,Critical
3769,223,2026-03-01,34,3,2,8,2026-03-09,Critical
3770,223,2026-04-01,20,2,0,8,2026-04-08,Critical
3771,223,2026-05-01,93,8,13,1,2026-05-17,At Risk
3772,223,2026-06-01,95,6,9,3,2026-06-21,At Risk
3773,224,2025-05-01,28,28,36,1,2025-05-28,Healthy
3774,224,2025-06-01,35,20,35,1,2025-06-28,Healthy
3775,224,2025-07-01,5,0,4,5,2025-07-13,Critical
3776,224,2025-08-01,14,9,15,3,2025-08-22,At Risk
3777,224,2025-09-01,19,7,13,3,2025-09-23,At Risk
3778,224,2025-10-01,19,7,17,5,2025-10-24,At Risk
3779,224,2025-11-01,32,18,29,2,2025-11-26,Healthy
3780,224,2025-12-01,31,23,35,0,2025-12-30,Healthy
3781,224,2026-01-01,34,18,34,1,2026-01-31,Healthy
3782,224,2026-02-01,22,17,34,0,2026-02-26,Healthy
3783,224,2026-03-01,12,11,19,2,2026-03-25,At Risk
3784,224,2026-04-01,12,13,12,3,2026-04-19,At Risk
3785,224,2026-05-01,22,28,35,0,2026-05-31,Healthy
3786,224,2026-06-01,8,11,14,3,2026-06-22,At Risk
3787,225,2025-11-01,187,23,40,1,2025-11-27,Healthy
3788,225,2025-12-01,134,26,39,1,2025-12-27,Healthy
3789,225,2026-01-01,159,20,34,0,2026-01-27,Healthy
3790,225,2026-02-01,76,7,13,3,2026-02-17,At Risk
3791,225,2026-03-01,105,10,17,5,2026-03-18,At Risk
3792,225,2026-04-01,227,29,37,2,2026-04-29,Healthy
3793,225,2026-05-01,207,20,30,2,2026-05-28,Healthy
3794,225,2026-06-01,86,6,12,2,2026-06-19,At Risk
3795,226,2024-06-01,264,22,29,0,2024-06-25,Healthy
3796,226,2024-07-01,210,30,38,2,2024-07-26,Healthy
3797,226,2024-08-01,298,28,42,0,2024-08-31,Healthy
3798,226,2024-09-01,133,7,17,1,2024-09-17,At Risk
3799,226,2024-10-01,63,4,1,5,2024-10-10,Critical
3800,226,2024-11-01,28,3,3,6,2024-11-10,Critical
3801,226,2024-12-01,166,10,9,2,2024-12-23,At Risk
3802,226,2025-01-01,201,15,47,2,2025-01-31,Healthy
3803,226,2025-02-01,271,18,33,0,2025-02-28,Healthy
3804,226,2025-03-01,197,21,31,1,2025-03-30,Healthy
3805,226,2025-04-01,196,22,27,2,2025-04-27,Healthy
3806,226,2025-05-01,232,29,20,0,2025-05-31,Healthy
3807,226,2025-06-01,337,22,27,0,2025-06-25,Healthy
3808,226,2025-07-01,187,19,31,1,2025-07-30,Healthy
3809,226,2025-08-01,290,27,30,0,2025-08-26,Healthy
3810,226,2025-09-01,342,30,24,2,2025-09-29,Healthy
3811,226,2025-10-01,201,18,32,2,2025-10-26,Healthy
3812,226,2025-11-01,310,19,37,1,2025-11-30,Healthy
3813,226,2025-12-01,318,20,38,1,2025-12-26,Healthy
3814,226,2026-01-01,322,19,44,1,2026-01-30,Healthy
3815,226,2026-02-01,160,9,10,3,2026-02-22,At Risk
3816,226,2026-03-01,104,12,12,4,2026-03-24,At Risk
3817,226,2026-04-01,290,25,27,1,2026-04-28,Healthy
3818,226,2026-05-01,288,25,48,0,2026-05-29,Healthy
3819,226,2026-06-01,356,28,20,2,2026-06-25,Healthy
3820,227,2025-08-01,59,15,35,2,2025-08-28,Healthy
3821,227,2025-09-01,68,21,45,0,2025-09-27,Healthy
3822,227,2025-10-01,49,17,31,0,2025-10-26,Healthy
3823,227,2025-11-01,52,23,48,0,2025-11-28,Healthy
3824,227,2025-12-01,70,26,30,2,2025-12-29,Healthy
3825,227,2026-01-01,38,21,32,0,2026-01-31,Healthy
3826,227,2026-02-01,33,5,8,3,2026-02-15,At Risk
3827,227,2026-03-01,21,10,9,4,2026-03-21,At Risk
3828,227,2026-04-01,38,23,39,2,2026-04-30,Healthy
3829,227,2026-05-01,41,20,42,2,2026-05-27,Healthy
3830,227,2026-06-01,48,26,31,1,2026-06-30,Healthy
3831,228,2025-09-01,10,24,41,1,2025-09-27,Healthy
3832,228,2025-10-01,13,18,22,0,2025-10-27,Healthy
3833,228,2025-11-01,12,24,26,0,2025-11-25,Healthy
3834,228,2025-12-01,14,29,37,1,2025-12-28,Healthy
3835,228,2026-01-01,8,18,34,1,2026-01-26,Healthy
3836,228,2026-02-01,13,22,42,0,2026-02-24,Healthy
3837,228,2026-03-01,8,30,38,2,2026-03-28,Healthy
3838,228,2026-04-01,12,29,33,1,2026-04-27,Healthy
3839,228,2026-05-01,14,30,23,2,2026-05-31,Healthy
3840,228,2026-06-01,13,16,23,1,2026-06-26,Healthy
3841,229,2025-11-01,373,30,30,2,2025-11-26,Healthy
3842,229,2025-12-01,251,27,22,2,2025-12-29,Healthy
3843,229,2026-01-01,223,22,29,2,2026-01-30,Healthy
3844,229,2026-02-01,290,25,23,2,2026-02-26,Healthy
3845,229,2026-03-01,227,27,27,1,2026-03-31,Healthy
3846,229,2026-04-01,81,12,17,4,2026-04-22,At Risk
3847,229,2026-05-01,65,0,7,6,2026-05-12,Critical
3848,229,2026-06-01,29,2,5,6,2026-06-01,Critical
3849,230,2024-03-01,1358,23,35,2,2024-03-27,Healthy
3850,230,2024-04-01,395,2,0,8,2024-04-04,Critical
3851,230,2024-05-01,715,12,8,2,2024-05-22,At Risk
3852,230,2024-06-01,1081,12,14,1,2024-06-21,At Risk
3853,230,2024-07-01,1485,21,40,0,2024-07-30,Healthy
3854,230,2024-08-01,1679,20,47,2,2024-08-31,Healthy
3855,230,2024-09-01,2169,22,44,2,2024-09-30,Healthy
3856,230,2024-10-01,1762,15,27,1,2024-10-27,Healthy
3857,230,2024-11-01,1130,16,23,2,2024-11-30,Healthy
3858,230,2024-12-01,1299,15,41,2,2024-12-30,Healthy
3859,230,2025-01-01,1776,26,23,2,2025-01-26,Healthy
3860,230,2025-02-01,954,11,15,3,2025-02-15,At Risk
3861,230,2025-03-01,499,9,19,5,2025-03-20,At Risk
3862,230,2025-04-01,797,7,15,2,2025-04-15,At Risk
3863,230,2025-05-01,1625,22,48,0,2025-05-28,Healthy
3864,230,2025-06-01,1744,27,25,0,2025-06-26,Healthy
3865,230,2025-07-01,2139,23,32,0,2025-07-26,Healthy
3866,230,2025-08-01,1561,25,20,2,2025-08-31,Healthy
3867,230,2025-09-01,1044,10,19,4,2025-09-16,At Risk
3868,230,2025-10-01,1810,29,48,1,2025-10-28,Healthy
3869,230,2025-11-01,1485,28,44,0,2025-11-27,Healthy
3870,230,2025-12-01,1857,26,33,0,2025-12-26,Healthy
3871,230,2026-01-01,809,12,17,3,2026-01-21,At Risk
3872,230,2026-02-01,1602,29,49,2,2026-02-27,Healthy
3873,230,2026-03-01,1539,22,27,1,2026-03-29,Healthy
3874,230,2026-04-01,1677,29,24,1,2026-04-30,Healthy
3875,230,2026-05-01,490,9,14,2,2026-05-16,At Risk
3876,230,2026-06-01,1507,28,46,0,2026-06-30,Healthy
3877,231,2025-05-01,163,16,40,0,2025-05-27,Healthy
3878,231,2025-06-01,209,16,42,0,2025-06-29,Healthy
3879,231,2025-07-01,131,17,23,0,2025-07-27,Healthy
3880,231,2025-08-01,136,18,35,2,2025-08-26,Healthy
3881,231,2025-09-01,167,19,42,1,2025-09-25,Healthy
3882,231,2025-10-01,53,14,17,1,2025-10-23,At Risk
3883,231,2025-11-01,9,4,4,3,2025-11-01,Critical
3884,231,2025-12-01,10,2,2,3,2025-12-03,Critical
3885,231,2026-01-01,12,2,6,5,2026-01-02,Critical
3886,231,2026-02-01,28,4,6,8,2026-02-04,Critical
3887,231,2026-03-01,10,2,6,4,2026-03-11,Critical
3888,231,2026-04-01,40,3,3,7,2026-04-05,Critical
3889,231,2026-05-01,35,1,5,3,2026-05-02,Critical
3890,231,2026-06-01,38,2,6,7,2026-06-02,Critical
3891,232,2025-08-01,42,15,24,2,2025-08-31,Healthy
3892,232,2025-09-01,54,22,47,0,2025-09-27,Healthy
3893,232,2025-10-01,19,12,15,4,2025-10-17,At Risk
3894,232,2025-11-01,7,4,0,6,2025-11-11,Critical
3895,232,2025-12-01,3,2,5,3,2025-12-14,Critical
3896,232,2026-01-01,1,0,5,7,2026-01-08,Critical
3897,232,2026-02-01,10,2,3,8,2026-02-11,Critical
3898,232,2026-03-01,6,0,7,7,2026-03-15,Critical
3899,232,2026-04-01,8,0,4,8,2026-04-01,Critical
3900,232,2026-05-01,32,19,50,0,2026-05-28,Healthy
3901,232,2026-06-01,9,1,1,8,2026-06-08,Critical
3902,233,2024-02-01,34,20,31,0,2024-02-28,Healthy
3903,233,2024-03-01,35,22,35,2,2024-03-27,Healthy
3904,233,2024-04-01,47,28,34,2,2024-04-28,Healthy
3905,233,2024-05-01,58,17,40,1,2024-05-28,Healthy
3906,233,2024-06-01,55,25,47,0,2024-06-26,Healthy
3907,233,2024-07-01,29,7,8,5,2024-07-20,At Risk
3908,233,2024-08-01,37,30,26,1,2024-08-27,Healthy
3909,233,2024-09-01,55,22,47,1,2024-09-25,Healthy
3910,233,2024-10-01,42,21,45,1,2024-10-26,Healthy
3911,233,2024-11-01,14,5,19,3,2024-11-19,At Risk
3912,233,2024-12-01,7,2,0,5,2024-12-12,Critical
3913,233,2025-01-01,2,3,0,7,2025-01-07,Critical
3914,233,2025-02-01,21,14,11,1,2025-02-14,At Risk
3915,233,2025-03-01,20,10,17,3,2025-03-16,At Risk
3916,233,2025-04-01,14,7,16,4,2025-04-23,At Risk
3917,233,2025-05-01,7,1,0,4,2025-05-06,Critical
3918,233,2025-06-01,12,8,9,3,2025-06-22,At Risk
3919,233,2025-07-01,58,17,44,1,2025-07-27,Healthy
3920,233,2025-08-01,52,23,41,2,2025-08-28,Healthy
3921,233,2025-09-01,50,23,36,2,2025-09-30,Healthy
3922,233,2025-10-01,3,1,1,8,2025-10-12,Critical
3923,233,2025-11-01,20,13,9,1,2025-11-22,At Risk
3924,233,2025-12-01,21,9,18,2,2025-12-19,At Risk
3925,233,2026-01-01,21,6,8,5,2026-01-19,At Risk
3926,233,2026-02-01,18,9,18,2,2026-02-16,At Risk
3927,233,2026-03-01,52,26,48,1,2026-03-29,Healthy
3928,233,2026-04-01,13,14,9,2,2026-04-20,At Risk
3929,233,2026-05-01,18,9,10,2,2026-05-21,At Risk
3930,233,2026-06-01,13,8,10,5,2026-06-18,At Risk
3931,234,2025-03-01,36,21,49,1,2025-03-27,Healthy
3932,234,2025-04-01,34,18,21,0,2025-04-25,Healthy
3933,234,2025-05-01,26,28,34,0,2025-05-31,Healthy
3934,234,2025-06-01,22,12,17,2,2025-06-19,At Risk
3935,234,2025-07-01,16,12,19,4,2025-07-24,At Risk
3936,234,2025-08-01,17,5,16,3,2025-08-20,At Risk
3937,234,2025-09-01,12,11,12,4,2025-09-15,At Risk
3938,234,2025-10-01,9,12,12,1,2025-10-19,At Risk
3939,234,2025-11-01,15,7,11,3,2025-11-18,At Risk
3940,234,2025-12-01,5,3,1,5,2025-12-13,Critical
3941,234,2026-01-01,11,14,19,1,2026-01-21,At Risk
3942,234,2026-02-01,7,3,6,8,2026-02-05,Critical
3943,234,2026-03-01,28,17,40,1,2026-03-27,Healthy
3944,234,2026-04-01,40,28,23,0,2026-04-26,Healthy
3945,234,2026-05-01,36,24,28,0,2026-05-29,Healthy
3946,234,2026-06-01,41,21,41,2,2026-06-29,Healthy
3947,235,2024-08-01,266,16,28,0,2024-08-30,Healthy
3948,235,2024-09-01,286,15,23,1,2024-09-28,Healthy
3949,235,2024-10-01,304,21,33,0,2024-10-27,Healthy
3950,235,2024-11-01,331,22,24,1,2024-11-26,Healthy
3951,235,2024-12-01,279,16,35,0,2024-12-26,Healthy
3952,235,2025-01-01,214,28,42,0,2025-01-31,Healthy
3953,235,2025-02-01,25,2,3,5,2025-02-05,Critical
3954,235,2025-03-01,35,3,0,5,2025-03-10,Critical
3955,235,2025-04-01,101,8,13,2,2025-04-23,At Risk
3956,235,2025-05-01,22,1,3,7,2025-05-06,Critical
3957,235,2025-06-01,50,0,4,7,2025-06-04,Critical
3958,235,2025-07-01,20,3,0,6,2025-07-09,Critical
3959,235,2025-08-01,70,14,16,4,2025-08-20,At Risk
3960,235,2025-09-01,87,6,15,5,2025-09-17,At Risk
3961,235,2025-10-01,142,9,15,4,2025-10-20,At Risk
3962,235,2025-11-01,196,27,32,1,2025-11-29,Healthy
3963,235,2025-12-01,14,3,0,3,2025-12-09,Critical
3964,235,2026-01-01,46,0,6,4,2026-01-06,Critical
3965,235,2026-02-01,68,13,10,1,2026-02-19,At Risk
3966,235,2026-03-01,85,13,18,5,2026-03-23,At Risk
3967,235,2026-04-01,118,7,18,4,2026-04-23,At Risk
3968,235,2026-05-01,35,3,0,8,2026-05-02,Critical
3969,235,2026-06-01,9,1,2,3,2026-06-08,Critical
3970,236,2026-01-01,79,20,22,1,2026-01-31,Healthy
3971,236,2026-02-01,54,27,50,0,2026-02-26,Healthy
3972,236,2026-03-01,35,7,11,5,2026-03-16,At Risk
3973,236,2026-04-01,19,7,10,5,2026-04-21,At Risk
3974,236,2026-05-01,32,6,12,1,2026-05-21,At Risk
3975,236,2026-06-01,39,9,14,4,2026-06-15,At Risk
3976,237,2025-05-01,228,24,23,2,2025-05-26,Healthy
3977,237,2025-06-01,412,16,32,1,2025-06-29,Healthy
3978,237,2025-07-01,355,19,34,1,2025-07-31,Healthy
3979,237,2025-08-01,344,24,20,0,2025-08-31,Healthy
3980,237,2025-09-01,189,13,11,1,2025-09-21,At Risk
3981,237,2025-10-01,32,0,5,6,2025-10-03,Critical
3982,237,2025-11-01,170,9,12,3,2025-11-16,At Risk
3983,237,2025-12-01,112,14,8,3,2025-12-20,At Risk
3984,237,2026-01-01,158,13,16,3,2026-01-16,At Risk
3985,237,2026-02-01,291,24,37,1,2026-02-23,Healthy
3986,237,2026-03-01,228,15,34,0,2026-03-27,Healthy
3987,237,2026-04-01,284,26,38,0,2026-04-25,Healthy
3988,237,2026-05-01,225,24,23,0,2026-05-28,Healthy
3989,237,2026-06-01,284,16,41,1,2026-06-28,Healthy
3990,238,2025-01-01,39,19,31,1,2025-01-29,Healthy
3991,238,2025-02-01,25,8,8,1,2025-02-17,At Risk
3992,238,2025-03-01,56,29,30,0,2025-03-30,Healthy
3993,238,2025-04-01,25,10,13,5,2025-04-15,At Risk
3994,238,2025-05-01,41,28,44,0,2025-05-29,Healthy
3995,238,2025-06-01,49,17,25,1,2025-06-25,Healthy
3996,238,2025-07-01,65,22,33,2,2025-07-31,Healthy
3997,238,2025-08-01,43,18,33,0,2025-08-26,Healthy
3998,238,2025-09-01,50,26,46,1,2025-09-27,Healthy
3999,238,2025-10-01,35,15,22,0,2025-10-31,Healthy
4000,238,2025-11-01,42,29,45,2,2025-11-26,Healthy
4001,238,2025-12-01,43,21,35,2,2025-12-28,Healthy
4002,238,2026-01-01,52,18,21,0,2026-01-28,Healthy
4003,238,2026-02-01,50,17,34,0,2026-02-26,Healthy
4004,238,2026-03-01,19,11,8,5,2026-03-19,At Risk
4005,238,2026-04-01,11,1,2,4,2026-04-03,Critical
4006,238,2026-05-01,21,5,17,2,2026-05-24,At Risk
4007,238,2026-06-01,22,8,12,4,2026-06-17,At Risk
4008,239,2025-07-01,174,17,32,0,2025-07-27,Healthy
4009,239,2025-08-01,162,21,48,2,2025-08-27,Healthy
4010,239,2025-09-01,164,21,30,0,2025-09-30,Healthy
4011,239,2025-10-01,167,28,38,0,2025-10-27,Healthy
4012,239,2025-11-01,158,15,32,1,2025-11-26,Healthy
4013,239,2025-12-01,174,28,23,0,2025-12-28,Healthy
4014,239,2026-01-01,191,20,24,2,2026-01-26,Healthy
4015,239,2026-02-01,174,19,49,0,2026-02-23,Healthy
4016,239,2026-03-01,150,24,36,0,2026-03-26,Healthy
4017,239,2026-04-01,22,4,4,5,2026-04-13,Critical
4018,239,2026-05-01,20,1,0,7,2026-05-08,Critical
4019,239,2026-06-01,7,2,0,3,2026-06-09,Critical
4020,240,2026-01-01,14,18,45,1,2026-01-29,Healthy
4021,240,2026-02-01,15,19,24,2,2026-02-24,Healthy
4022,240,2026-03-01,13,28,22,0,2026-03-31,Healthy
4023,240,2026-04-01,16,23,42,0,2026-04-29,Healthy
4024,240,2026-05-01,19,22,49,0,2026-05-31,Healthy
4025,240,2026-06-01,7,12,11,1,2026-06-16,At Risk
4026,241,2025-10-01,36,29,50,2,2025-10-29,Healthy
4027,241,2025-11-01,49,22,23,0,2025-11-30,Healthy
4028,241,2025-12-01,47,25,50,0,2025-12-29,Healthy
4029,241,2026-01-01,51,28,26,0,2026-01-27,Healthy
4030,241,2026-02-01,59,19,20,1,2026-02-27,Healthy
4031,241,2026-03-01,31,14,12,5,2026-03-20,At Risk
4032,241,2026-04-01,7,1,6,4,2026-04-11,Critical
4033,241,2026-05-01,7,1,6,6,2026-05-13,Critical
4034,241,2026-06-01,3,2,2,8,2026-06-03,Critical
4035,242,2024-12-01,209,29,46,2,2024-12-30,Healthy
4036,242,2025-01-01,242,16,42,0,2025-01-26,Healthy
4037,242,2025-02-01,321,24,44,0,2025-02-25,Healthy
4038,242,2025-03-01,278,22,26,2,2025-03-29,Healthy
4039,242,2025-04-01,321,24,50,2,2025-04-28,Healthy
4040,242,2025-05-01,230,28,39,1,2025-05-30,Healthy
4041,242,2025-06-01,294,20,41,0,2025-06-29,Healthy
4042,242,2025-07-01,357,16,20,2,2025-07-28,Healthy
4043,242,2025-08-01,276,24,27,1,2025-08-28,Healthy
4044,242,2025-09-01,325,20,30,2,2025-09-25,Healthy
4045,242,2025-10-01,85,14,9,1,2025-10-20,At Risk
4046,242,2025-11-01,353,18,23,0,2025-11-26,Healthy
4047,242,2025-12-01,344,16,46,1,2025-12-27,Healthy
4048,242,2026-01-01,320,18,32,0,2026-01-30,Healthy
4049,242,2026-02-01,250,29,35,1,2026-02-24,Healthy
4050,242,2026-03-01,229,29,31,2,2026-03-26,Healthy
4051,242,2026-04-01,163,9,18,5,2026-04-16,At Risk
4052,242,2026-05-01,184,8,9,2,2026-05-16,At Risk
4053,242,2026-06-01,101,7,13,1,2026-06-24,At Risk
4054,243,2026-01-01,23,5,19,5,2026-01-20,At Risk
4055,243,2026-02-01,6,1,3,5,2026-02-04,Critical
4056,243,2026-03-01,5,0,2,8,2026-03-14,Critical
4057,243,2026-04-01,11,0,1,8,2026-04-01,Critical
4058,243,2026-05-01,2,2,3,3,2026-05-02,Critical
4059,243,2026-06-01,25,5,11,2,2026-06-17,At Risk
4060,244,2025-03-01,37,5,12,4,2025-03-16,At Risk
4061,244,2025-04-01,29,12,16,5,2025-04-19,At Risk
4062,244,2025-05-01,25,9,8,2,2025-05-20,At Risk
4063,244,2025-06-01,15,3,2,6,2025-06-14,Critical
4064,244,2025-07-01,6,3,5,7,2025-07-09,Critical
4065,244,2025-08-01,6,0,6,7,2025-08-11,Critical
4066,244,2025-09-01,11,4,4,3,2025-09-07,Critical
4067,244,2025-10-01,12,3,3,6,2025-10-07,Critical
4068,244,2025-11-01,39,6,10,1,2025-11-19,At Risk
4069,244,2025-12-01,20,14,9,3,2025-12-23,At Risk
4070,244,2026-01-01,37,13,15,3,2026-01-19,At Risk
4071,244,2026-02-01,25,14,10,2,2026-02-15,At Risk
4072,244,2026-03-01,86,23,28,0,2026-03-31,Healthy
4073,244,2026-04-01,86,23,31,1,2026-04-25,Healthy
4074,244,2026-05-01,42,12,10,5,2026-05-19,At Risk
4075,244,2026-06-01,62,30,24,2,2026-06-28,Healthy
4076,245,2025-07-01,2228,28,35,0,2025-07-30,Healthy
4077,245,2025-08-01,2143,28,34,2,2025-08-29,Healthy
4078,245,2025-09-01,2447,30,50,2,2025-09-28,Healthy
4079,245,2025-10-01,1858,23,32,0,2025-10-27,Healthy
4080,245,2025-11-01,1996,16,21,2,2025-11-28,Healthy
4081,245,2025-12-01,1304,22,25,1,2025-12-31,Healthy
4082,245,2026-01-01,2332,30,30,1,2026-01-30,Healthy
4083,245,2026-02-01,2370,22,29,2,2026-02-23,Healthy
4084,245,2026-03-01,2364,29,41,1,2026-03-28,Healthy
4085,245,2026-04-01,949,9,9,4,2026-04-15,At Risk
4086,245,2026-05-01,396,4,6,4,2026-05-08,Critical
4087,245,2026-06-01,226,0,7,7,2026-06-07,Critical
4088,246,2024-08-01,788,22,32,1,2024-08-27,Healthy
4089,246,2024-09-01,495,24,21,2,2024-09-30,Healthy
4090,246,2024-10-01,373,7,14,3,2024-10-25,At Risk
4091,246,2024-11-01,136,4,7,4,2024-11-13,Critical
4092,246,2024-12-01,146,3,6,8,2024-12-07,Critical
4093,246,2025-01-01,65,4,2,3,2025-01-14,Critical
4094,246,2025-02-01,114,1,3,4,2025-01-30,Critical
4095,246,2025-03-01,27,0,1,6,2025-03-07,Critical
4096,246,2025-04-01,145,4,6,8,2025-04-06,Critical
4097,246,2025-05-01,108,3,0,8,2025-05-02,Critical
4098,246,2025-06-01,100,1,2,4,2025-06-02,Critical
4099,246,2025-07-01,345,7,15,5,2025-07-16,At Risk
4100,246,2025-08-01,500,30,21,2,2025-08-26,Healthy
4101,246,2025-09-01,717,27,49,0,2025-09-28,Healthy
4102,246,2025-10-01,741,22,29,0,2025-10-30,Healthy
4103,246,2025-11-01,485,25,43,1,2025-11-25,Healthy
4104,246,2025-12-01,449,18,21,0,2025-12-30,Healthy
4105,246,2026-01-01,719,22,41,2,2026-01-31,Healthy
4106,246,2026-02-01,388,11,17,1,2026-02-14,At Risk
4107,246,2026-03-01,221,6,11,2,2026-03-19,At Risk
4108,246,2026-04-01,162,7,10,1,2026-04-20,At Risk
4109,246,2026-05-01,271,14,9,1,2026-05-20,At Risk
4110,246,2026-06-01,568,22,45,0,2026-06-29,Healthy
4111,247,2025-09-01,24,2,3,6,2025-09-08,Critical
4112,247,2025-10-01,91,13,12,5,2025-10-17,At Risk
4113,247,2025-11-01,111,13,15,3,2025-11-23,At Risk
4114,247,2025-12-01,76,11,8,4,2025-12-24,At Risk
4115,247,2026-01-01,98,9,10,1,2026-01-20,At Risk
4116,247,2026-02-01,76,8,16,5,2026-02-21,At Risk
4117,247,2026-03-01,62,6,9,5,2026-03-24,At Risk
4118,247,2026-04-01,136,18,49,0,2026-04-26,Healthy
4119,247,2026-05-01,103,8,9,3,2026-05-23,At Risk
4120,247,2026-06-01,125,23,40,2,2026-06-27,Healthy
4121,248,2024-11-01,29,18,45,2,2024-11-29,Healthy
4122,248,2024-12-01,30,29,44,0,2024-12-31,Healthy
4123,248,2025-01-01,42,19,31,2,2025-01-29,Healthy
4124,248,2025-02-01,30,15,23,2,2025-02-23,Healthy
4125,248,2025-03-01,38,24,42,0,2025-03-28,Healthy
4126,248,2025-04-01,35,26,47,0,2025-04-29,Healthy
4127,248,2025-05-01,24,22,30,1,2025-05-29,Healthy
4128,248,2025-06-01,26,26,23,1,2025-06-25,Healthy
4129,248,2025-07-01,36,30,33,1,2025-07-27,Healthy
4130,248,2025-08-01,30,16,32,0,2025-08-27,Healthy
4131,248,2025-09-01,30,21,43,0,2025-09-30,Healthy
4132,248,2025-10-01,45,24,49,2,2025-10-27,Healthy
4133,248,2025-11-01,11,7,9,1,2025-11-16,At Risk
4134,248,2025-12-01,23,7,16,5,2025-12-18,At Risk
4135,248,2026-01-01,40,25,32,0,2026-01-31,Healthy
4136,248,2026-02-01,29,23,39,1,2026-02-25,Healthy
4137,248,2026-03-01,11,8,9,3,2026-03-16,At Risk
4138,248,2026-04-01,10,11,12,3,2026-04-16,At Risk
4139,248,2026-05-01,18,7,13,1,2026-05-24,At Risk
4140,248,2026-06-01,27,29,35,1,2026-06-30,Healthy
4141,249,2025-02-01,258,20,25,0,2025-02-26,Healthy
4142,249,2025-03-01,238,6,9,1,2025-03-25,At Risk
4143,249,2025-04-01,155,5,8,1,2025-04-23,At Risk
4144,249,2025-05-01,215,11,13,4,2025-05-24,At Risk
4145,249,2025-06-01,139,11,19,5,2025-06-19,At Risk
4146,249,2025-07-01,480,30,23,0,2025-07-29,Healthy
4147,249,2025-08-01,85,3,7,4,2025-08-08,Critical
4148,249,2025-09-01,15,3,7,7,2025-09-03,Critical
4149,249,2025-10-01,29,3,3,6,2025-10-10,Critical
4150,249,2025-11-01,57,2,6,4,2025-11-08,Critical
4151,249,2025-12-01,200,14,11,4,2025-12-18,At Risk
4152,249,2026-01-01,256,7,19,1,2026-01-20,At Risk
4153,249,2026-02-01,125,11,19,3,2026-02-15,At Risk
4154,249,2026-03-01,184,11,15,5,2026-03-18,At Risk
4155,249,2026-04-01,113,9,8,5,2026-04-15,At Risk
4156,249,2026-05-01,120,6,8,5,2026-05-23,At Risk
4157,249,2026-06-01,20,1,6,8,2026-06-12,Critical
4158,250,2025-06-01,6,12,16,5,2025-06-24,At Risk
4159,250,2025-07-01,28,26,21,0,2025-07-26,Healthy
4160,250,2025-08-01,27,24,20,2,2025-08-26,Healthy
4161,250,2025-09-01,19,27,42,2,2025-09-30,Healthy
4162,250,2025-10-01,15,20,31,0,2025-10-27,Healthy
4163,250,2025-11-01,26,28,29,1,2025-11-30,Healthy
4164,250,2025-12-01,14,7,14,5,2025-12-17,At Risk
4165,250,2026-01-01,28,23,47,0,2026-01-26,Healthy
4166,250,2026-02-01,14,9,13,3,2026-02-15,At Risk
4167,250,2026-03-01,25,26,36,2,2026-03-30,Healthy
4168,250,2026-04-01,2,3,4,3,2026-04-10,Critical
4169,250,2026-05-01,4,1,1,4,2026-05-10,Critical
4170,250,2026-06-01,10,12,12,5,2026-06-20,At Risk
4171,251,2024-09-01,7,1,4,4,2024-09-08,Critical
4172,251,2024-10-01,9,2,3,8,2024-10-02,Critical
4173,251,2024-11-01,13,4,6,4,2024-11-12,Critical
4174,251,2024-12-01,73,22,29,0,2024-12-31,Healthy
4175,251,2025-01-01,78,26,31,2,2025-01-29,Healthy
4176,251,2025-02-01,109,24,33,2,2025-02-23,Healthy
4177,251,2025-03-01,82,30,43,0,2025-03-27,Healthy
4178,251,2025-04-01,70,18,27,1,2025-04-30,Healthy
4179,251,2025-05-01,127,28,31,2,2025-05-31,Healthy
4180,251,2025-06-01,85,16,35,0,2025-06-26,Healthy
4181,251,2025-07-01,90,26,46,1,2025-07-27,Healthy
4182,251,2025-08-01,110,29,28,0,2025-08-26,Healthy
4183,251,2025-09-01,47,12,17,1,2025-09-20,At Risk
4184,251,2025-10-01,65,8,18,3,2025-10-16,At Risk
4185,251,2025-11-01,25,1,7,8,2025-11-01,Critical
4186,251,2025-12-01,41,14,17,1,2025-12-23,At Risk
4187,251,2026-01-01,17,3,6,3,2026-01-14,Critical
4188,251,2026-02-01,16,4,3,8,2026-02-02,Critical
4189,251,2026-03-01,108,18,20,2,2026-03-28,Healthy
4190,251,2026-04-01,61,8,17,2,2026-04-20,At Risk
4191,251,2026-05-01,42,7,14,4,2026-05-17,At Risk
4192,251,2026-06-01,25,5,9,1,2026-06-17,At Risk
4193,252,2025-03-01,2620,22,45,1,2025-03-28,Healthy
4194,252,2025-04-01,2017,24,40,2,2025-04-30,Healthy
4195,252,2025-05-01,2298,26,49,0,2025-05-30,Healthy
4196,252,2025-06-01,2218,17,48,1,2025-06-29,Healthy
4197,252,2025-07-01,711,10,9,1,2025-07-19,At Risk
4198,252,2025-08-01,709,10,13,4,2025-08-22,At Risk
4199,252,2025-09-01,136,3,0,8,2025-09-11,Critical
4200,252,2025-10-01,441,0,4,5,2025-10-15,Critical
4201,252,2025-11-01,524,1,2,4,2025-10-31,Critical
4202,252,2025-12-01,746,14,8,5,2025-12-25,At Risk
4203,252,2026-01-01,556,12,9,1,2026-01-17,At Risk
4204,252,2026-02-01,2375,25,39,0,2026-02-26,Healthy
4205,252,2026-03-01,2313,16,42,0,2026-03-29,Healthy
4206,252,2026-04-01,2435,23,20,2,2026-04-30,Healthy
4207,252,2026-05-01,884,14,12,4,2026-05-16,At Risk
4208,252,2026-06-01,2833,22,48,0,2026-06-28,Healthy
4209,253,2024-04-01,7,2,2,3,2024-04-07,Critical
4210,253,2024-05-01,22,7,15,4,2024-05-25,At Risk
4211,253,2024-06-01,47,30,22,2,2024-06-27,Healthy
4212,253,2024-07-01,13,10,9,2,2024-07-17,At Risk
4213,253,2024-08-01,3,3,3,4,2024-08-14,Critical
4214,253,2024-09-01,8,4,3,8,2024-09-01,Critical
4215,253,2024-10-01,7,1,0,5,2024-10-06,Critical
4216,253,2024-11-01,10,10,18,4,2024-11-18,At Risk
4217,253,2024-12-01,26,29,35,0,2024-12-26,Healthy
4218,253,2025-01-01,37,18,47,1,2025-01-30,Healthy
4219,253,2025-02-01,36,18,50,2,2025-02-24,Healthy
4220,253,2025-03-01,34,20,34,1,2025-03-29,Healthy
4221,253,2025-04-01,44,21,46,1,2025-04-30,Healthy
4222,253,2025-05-01,12,6,10,2,2025-05-16,At Risk
4223,253,2025-06-01,46,30,33,1,2025-06-30,Healthy
4224,253,2025-07-01,37,16,45,2,2025-07-30,Healthy
4225,253,2025-08-01,36,17,24,0,2025-08-26,Healthy
4226,253,2025-09-01,36,23,24,1,2025-09-29,Healthy
4227,253,2025-10-01,28,29,42,0,2025-10-29,Healthy
4228,253,2025-11-01,31,18,26,2,2025-11-25,Healthy
4229,253,2025-12-01,41,27,23,1,2025-12-30,Healthy
4230,253,2026-01-01,42,28,35,0,2026-01-28,Healthy
4231,253,2026-02-01,9,10,14,5,2026-02-16,At Risk
4232,253,2026-03-01,23,10,12,4,2026-03-24,At Risk
4233,253,2026-04-01,37,18,29,0,2026-04-26,Healthy
4234,253,2026-05-01,6,1,7,5,2026-05-13,Critical
4235,253,2026-06-01,11,6,17,5,2026-06-17,At Risk
4236,254,2024-05-01,593,14,8,1,2024-05-17,At Risk
4237,254,2024-06-01,163,0,6,6,2024-06-11,Critical
4238,254,2024-07-01,89,1,3,5,2024-07-09,Critical
4239,254,2024-08-01,180,3,7,7,2024-08-12,Critical
4240,254,2024-09-01,133,2,2,6,2024-08-31,Critical
4241,254,2024-10-01,78,3,1,5,2024-10-08,Critical
4242,254,2024-11-01,119,3,3,5,2024-11-12,Critical
4243,254,2024-12-01,394,6,8,3,2024-12-22,At Risk
4244,254,2025-01-01,691,18,50,1,2025-01-27,Healthy
4245,254,2025-02-01,884,22,29,0,2025-02-28,Healthy
4246,254,2025-03-01,850,19,26,1,2025-03-29,Healthy
4247,254,2025-04-01,1153,28,28,0,2025-04-29,Healthy
4248,254,2025-05-01,714,25,22,1,2025-05-30,Healthy
4249,254,2025-06-01,642,23,22,2,2025-06-28,Healthy
4250,254,2025-07-01,1239,22,36,2,2025-07-28,Healthy
4251,254,2025-08-01,375,9,10,5,2025-08-16,At Risk
4252,254,2025-09-01,296,8,19,1,2025-09-16,At Risk
4253,254,2025-10-01,203,2,2,8,2025-10-03,Critical
4254,254,2025-11-01,690,22,23,1,2025-11-25,Healthy
4255,254,2025-12-01,884,22,44,2,2025-12-31,Healthy
4256,254,2026-01-01,688,25,39,1,2026-01-27,Healthy
4257,254,2026-02-01,544,9,12,3,2026-02-19,At Risk
4258,254,2026-03-01,587,10,13,5,2026-03-25,At Risk
4259,254,2026-04-01,185,1,5,3,2026-04-05,Critical
4260,254,2026-05-01,36,2,5,6,2026-05-10,Critical
4261,254,2026-06-01,227,3,4,7,2026-06-08,Critical
4262,255,2024-07-01,50,21,24,2,2024-07-26,Healthy
4263,255,2024-08-01,46,22,50,2,2024-08-27,Healthy
4264,255,2024-09-01,68,20,47,1,2024-09-25,Healthy
4265,255,2024-10-01,67,15,29,1,2024-10-31,Healthy
4266,255,2024-11-01,58,23,30,2,2024-11-25,Healthy
4267,255,2024-12-01,30,11,11,2,2024-12-17,At Risk
4268,255,2025-01-01,8,0,5,3,2025-01-09,Critical
4269,255,2025-02-01,25,7,14,5,2025-02-21,At Risk
4270,255,2025-03-01,46,25,48,1,2025-03-30,Healthy
4271,255,2025-04-01,59,17,41,1,2025-04-26,Healthy
4272,255,2025-05-01,58,30,42,2,2025-05-31,Healthy
4273,255,2025-06-01,48,20,20,1,2025-06-27,Healthy
4274,255,2025-07-01,72,26,46,1,2025-07-30,Healthy
4275,255,2025-08-01,77,27,36,2,2025-08-29,Healthy
4276,255,2025-09-01,74,19,31,0,2025-09-26,Healthy
4277,255,2025-10-01,60,16,24,1,2025-10-31,Healthy
4278,255,2025-11-01,66,28,48,0,2025-11-25,Healthy
4279,255,2025-12-01,71,29,44,0,2025-12-30,Healthy
4280,255,2026-01-01,47,18,38,0,2026-01-27,Healthy
4281,255,2026-02-01,24,5,10,5,2026-02-18,At Risk
4282,255,2026-03-01,29,5,10,2,2026-03-18,At Risk
4283,255,2026-04-01,63,26,23,2,2026-04-26,Healthy
4284,255,2026-05-01,77,27,49,1,2026-05-29,Healthy
4285,255,2026-06-01,44,17,32,0,2026-06-30,Healthy
4286,256,2026-02-01,1560,22,23,2,2026-02-23,Healthy
4287,256,2026-03-01,1758,26,24,0,2026-03-30,Healthy
4288,256,2026-04-01,550,12,17,4,2026-04-23,At Risk
4289,256,2026-05-01,275,2,0,7,2026-05-15,Critical
4290,256,2026-06-01,891,8,13,5,2026-06-15,At Risk
4291,257,2025-10-01,216,23,40,1,2025-10-26,Healthy
4292,257,2025-11-01,281,19,38,2,2025-11-27,Healthy
4293,257,2025-12-01,98,14,12,1,2025-12-24,At Risk
4294,257,2026-01-01,31,3,2,4,2026-01-12,Critical
4295,257,2026-02-01,180,8,14,4,2026-02-18,At Risk
4296,257,2026-03-01,175,5,13,3,2026-03-17,At Risk
4297,257,2026-04-01,50,2,1,7,2026-04-14,Critical
4298,257,2026-05-01,57,2,7,6,2026-05-06,Critical
4299,257,2026-06-01,69,0,0,7,2026-06-14,Critical
4300,258,2025-06-01,9,24,32,2,2025-06-26,Healthy
4301,258,2025-07-01,9,19,43,0,2025-07-29,Healthy
4302,258,2025-08-01,16,23,40,0,2025-08-28,Healthy
4303,258,2025-09-01,8,14,9,2,2025-09-17,At Risk
4304,258,2025-10-01,7,7,13,5,2025-10-16,At Risk
4305,258,2025-11-01,6,6,14,4,2025-11-23,At Risk
4306,258,2025-12-01,7,13,11,1,2025-12-24,At Risk
4307,258,2026-01-01,4,10,19,2,2026-01-17,At Risk
4308,258,2026-02-01,5,14,8,1,2026-02-16,At Risk
4309,258,2026-03-01,14,16,34,2,2026-03-27,Healthy
4310,258,2026-04-01,11,29,39,1,2026-04-28,Healthy
4311,258,2026-05-01,17,17,29,1,2026-05-28,Healthy
4312,258,2026-06-01,6,6,18,3,2026-06-17,At Risk
4313,259,2025-08-01,5,7,11,2,2025-08-16,At Risk
4314,259,2025-09-01,8,30,38,1,2025-09-28,Healthy
4315,259,2025-10-01,13,19,24,0,2025-10-30,Healthy
4316,259,2025-11-01,12,24,44,2,2025-11-27,Healthy
4317,259,2025-12-01,11,26,35,2,2025-12-31,Healthy
4318,259,2026-01-01,9,26,37,0,2026-01-30,Healthy
4319,259,2026-02-01,10,28,26,2,2026-02-28,Healthy
4320,259,2026-03-01,4,8,17,5,2026-03-17,At Risk
4321,259,2026-04-01,5,14,10,3,2026-04-18,At Risk
4322,259,2026-05-01,5,11,16,3,2026-05-24,At Risk
4323,259,2026-06-01,6,8,17,1,2026-06-15,At Risk
4324,260,2024-08-01,43,10,14,2,2024-08-23,At Risk
4325,260,2024-09-01,18,2,7,7,2024-09-05,Critical
4326,260,2024-10-01,132,16,43,1,2024-10-30,Healthy
4327,260,2024-11-01,108,17,23,2,2024-11-27,Healthy
4328,260,2024-12-01,105,20,29,2,2024-12-26,Healthy
4329,260,2025-01-01,150,19,27,1,2025-01-27,Healthy
4330,260,2025-02-01,157,21,22,0,2025-02-24,Healthy
4331,260,2025-03-01,146,22,41,0,2025-03-30,Healthy
4332,260,2025-04-01,164,16,36,0,2025-04-28,Healthy
4333,260,2025-05-01,59,9,16,4,2025-05-21,At Risk
4334,260,2025-06-01,63,14,10,5,2025-06-18,At Risk
4335,260,2025-07-01,71,12,9,2,2025-07-19,At Risk
4336,260,2025-08-01,12,4,1,8,2025-08-04,Critical
4337,260,2025-09-01,72,9,12,2,2025-09-16,At Risk
4338,260,2025-10-01,12,1,2,8,2025-10-12,Critical
4339,260,2025-11-01,44,12,8,1,2025-11-15,At Risk
4340,260,2025-12-01,89,20,32,0,2025-12-27,Healthy
4341,260,2026-01-01,129,25,22,1,2026-01-29,Healthy
4342,260,2026-02-01,155,22,22,1,2026-02-26,Healthy
4343,260,2026-03-01,81,10,15,1,2026-03-17,At Risk
4344,260,2026-04-01,46,5,8,2,2026-04-18,At Risk
4345,260,2026-05-01,41,5,18,5,2026-05-20,At Risk
4346,260,2026-06-01,75,12,17,1,2026-06-23,At Risk
4347,261,2025-05-01,13,21,45,2,2025-05-29,Healthy
4348,261,2025-06-01,17,20,25,2,2025-06-30,Healthy
4349,261,2025-07-01,13,24,28,0,2025-07-31,Healthy
4350,261,2025-08-01,15,22,31,2,2025-08-30,Healthy
4351,261,2025-09-01,14,27,21,0,2025-09-27,Healthy
4352,261,2025-10-01,10,15,31,1,2025-10-30,Healthy
4353,261,2025-11-01,5,5,10,2,2025-11-18,At Risk
4354,261,2025-12-01,7,14,17,2,2025-12-20,At Risk
4355,261,2026-01-01,1,0,5,7,2026-01-02,Critical
4356,261,2026-02-01,2,3,0,6,2026-02-06,Critical
4357,261,2026-03-01,8,14,9,5,2026-03-20,At Risk
4358,261,2026-04-01,4,7,10,1,2026-04-17,At Risk
4359,261,2026-05-01,16,22,24,2,2026-05-28,Healthy
4360,261,2026-06-01,16,30,41,1,2026-06-27,Healthy
4361,262,2024-03-01,44,26,38,1,2024-03-26,Healthy
4362,262,2024-04-01,29,22,49,0,2024-04-30,Healthy
4363,262,2024-05-01,32,19,48,2,2024-05-26,Healthy
4364,262,2024-06-01,28,17,25,2,2024-06-27,Healthy
4365,262,2024-07-01,10,14,8,4,2024-07-19,At Risk
4366,262,2024-08-01,7,0,0,8,2024-08-09,Critical
4367,262,2024-09-01,6,2,4,8,2024-09-13,Critical
4368,262,2024-10-01,19,9,18,3,2024-10-21,At Risk
4369,262,2024-11-01,15,11,12,4,2024-11-21,At Risk
4370,262,2024-12-01,16,12,9,2,2024-12-24,At Risk
4371,262,2025-01-01,14,10,14,3,2025-01-24,At Risk
4372,262,2025-02-01,28,16,38,0,2025-02-23,Healthy
4373,262,2025-03-01,42,22,48,0,2025-03-31,Healthy
4374,262,2025-04-01,33,15,36,2,2025-04-25,Healthy
4375,262,2025-05-01,27,16,34,0,2025-05-26,Healthy
4376,262,2025-06-01,29,29,49,1,2025-06-28,Healthy
4377,262,2025-07-01,23,23,30,2,2025-07-28,Healthy
4378,262,2025-08-01,17,7,12,3,2025-08-20,At Risk
4379,262,2025-09-01,2,0,3,3,2025-09-14,Critical
4380,262,2025-10-01,10,8,11,3,2025-10-23,At Risk
4381,262,2025-11-01,12,12,12,5,2025-11-16,At Risk
4382,262,2025-12-01,16,13,16,4,2025-12-21,At Risk
4383,262,2026-01-01,12,12,12,5,2026-01-18,At Risk
4384,262,2026-02-01,33,22,25,2,2026-02-23,Healthy
4385,262,2026-03-01,41,23,23,1,2026-03-27,Healthy
4386,262,2026-04-01,45,22,29,0,2026-04-25,Healthy
4387,262,2026-05-01,23,26,37,2,2026-05-31,Healthy
4388,262,2026-06-01,26,30,24,1,2026-06-26,Healthy
4389,263,2025-08-01,31,26,45,1,2025-08-28,Healthy
4390,263,2025-09-01,30,24,41,0,2025-09-27,Healthy
4391,263,2025-10-01,17,20,33,1,2025-10-27,Healthy
4392,263,2025-11-01,33,21,28,1,2025-11-30,Healthy
4393,263,2025-12-01,19,26,22,1,2025-12-30,Healthy
4394,263,2026-01-01,17,16,39,0,2026-01-26,Healthy
4395,263,2026-02-01,19,22,23,0,2026-02-26,Healthy
4396,263,2026-03-01,21,18,24,2,2026-03-31,Healthy
4397,263,2026-04-01,29,30,25,2,2026-04-30,Healthy
4398,263,2026-05-01,17,27,49,0,2026-05-27,Healthy
4399,263,2026-06-01,24,16,33,0,2026-06-29,Healthy
4400,264,2024-03-01,6,19,38,2,2024-03-29,Healthy
4401,264,2024-04-01,9,24,37,0,2024-04-29,Healthy
4402,264,2024-05-01,6,30,47,1,2024-05-31,Healthy
4403,264,2024-06-01,6,16,40,1,2024-06-27,Healthy
4404,264,2024-07-01,8,22,26,0,2024-07-29,Healthy
4405,264,2024-08-01,3,6,17,3,2024-08-20,At Risk
4406,264,2024-09-01,2,4,1,4,2024-09-08,Critical
4407,264,2024-10-01,1,4,3,3,2024-10-14,Critical
4408,264,2024-11-01,1,4,0,4,2024-11-08,Critical
4409,264,2024-12-01,2,0,3,8,2024-12-05,Critical
4410,264,2025-01-01,2,3,2,4,2025-01-03,Critical
4411,264,2025-02-01,4,11,14,2,2025-02-17,At Risk
4412,264,2025-03-01,5,13,15,3,2025-03-16,At Risk
4413,264,2025-04-01,2,0,2,8,2025-04-04,Critical
4414,264,2025-05-01,2,4,5,8,2025-05-03,Critical
4415,264,2025-06-01,3,11,16,3,2025-06-20,At Risk
4416,264,2025-07-01,5,12,10,4,2025-07-16,At Risk
4417,264,2025-08-01,1,1,7,4,2025-08-07,Critical
4418,264,2025-09-01,4,12,13,4,2025-09-15,At Risk
4419,264,2025-10-01,10,25,33,1,2025-10-30,Healthy
4420,264,2025-11-01,2,9,10,4,2025-11-20,At Risk
4421,264,2025-12-01,4,12,9,1,2025-12-21,At Risk
4422,264,2026-01-01,4,8,8,5,2026-01-20,At Risk
4423,264,2026-02-01,4,9,11,1,2026-02-17,At Risk
4424,264,2026-03-01,5,6,16,4,2026-03-17,At Risk
4425,264,2026-04-01,7,21,32,1,2026-04-29,Healthy
4426,264,2026-05-01,3,5,15,3,2026-05-18,At Risk
4427,264,2026-06-01,4,7,14,5,2026-06-18,At Risk
4428,265,2025-04-01,56,7,10,1,2025-04-22,At Risk
4429,265,2025-05-01,193,29,39,2,2025-05-31,Healthy
4430,265,2025-06-01,163,30,40,0,2025-06-30,Healthy
4431,265,2025-07-01,182,21,44,2,2025-07-30,Healthy
4432,265,2025-08-01,148,29,49,1,2025-08-26,Healthy
4433,265,2025-09-01,184,29,24,2,2025-09-28,Healthy
4434,265,2025-10-01,284,28,35,2,2025-10-31,Healthy
4435,265,2025-11-01,169,19,31,2,2025-11-26,Healthy
4436,265,2025-12-01,185,27,20,0,2025-12-27,Healthy
4437,265,2026-01-01,238,26,33,0,2026-01-29,Healthy
4438,265,2026-02-01,245,17,29,1,2026-02-28,Healthy
4439,265,2026-03-01,269,15,30,0,2026-03-26,Healthy
4440,265,2026-04-01,277,18,28,1,2026-04-29,Healthy
4441,265,2026-05-01,217,24,48,0,2026-05-26,Healthy
4442,265,2026-06-01,216,17,40,0,2026-06-28,Healthy
4443,266,2025-02-01,39,15,34,1,2025-02-27,Healthy
4444,266,2025-03-01,44,28,23,1,2025-03-27,Healthy
4445,266,2025-04-01,32,30,23,1,2025-04-29,Healthy
4446,266,2025-05-01,33,17,37,2,2025-05-26,Healthy
4447,266,2025-06-01,14,10,9,3,2025-06-17,At Risk
4448,266,2025-07-01,18,5,14,1,2025-07-21,At Risk
4449,266,2025-08-01,5,4,0,4,2025-08-03,Critical
4450,266,2025-09-01,6,0,4,5,2025-09-07,Critical
4451,266,2025-10-01,2,0,4,5,2025-10-08,Critical
4452,266,2025-11-01,4,1,1,4,2025-11-03,Critical
4453,266,2025-12-01,22,14,15,3,2025-12-21,At Risk
4454,266,2026-01-01,25,10,11,5,2026-01-16,At Risk
4455,266,2026-02-01,23,7,18,3,2026-02-16,At Risk
4456,266,2026-03-01,25,7,9,3,2026-03-16,At Risk
4457,266,2026-04-01,24,13,15,5,2026-04-22,At Risk
4458,266,2026-05-01,26,11,10,3,2026-05-24,At Risk
4459,266,2026-06-01,25,8,18,5,2026-06-15,At Risk
4460,267,2025-08-01,327,22,25,2,2025-08-29,Healthy
4461,267,2025-09-01,380,25,38,0,2025-09-29,Healthy
4462,267,2025-10-01,429,18,21,1,2025-10-26,Healthy
4463,267,2025-11-01,54,2,3,7,2025-11-10,Critical
4464,267,2025-12-01,29,3,1,3,2025-12-03,Critical
4465,267,2026-01-01,111,4,6,5,2026-01-11,Critical
4466,267,2026-02-01,78,2,7,7,2026-02-10,Critical
4467,267,2026-03-01,64,2,0,6,2026-03-08,Critical
4468,267,2026-04-01,247,7,13,3,2026-04-23,At Risk
4469,267,2026-05-01,221,8,10,2,2026-05-25,At Risk
4470,267,2026-06-01,206,7,15,3,2026-06-15,At Risk
4471,268,2025-03-01,1302,29,46,2,2025-03-29,Healthy
4472,268,2025-04-01,1771,17,42,2,2025-04-27,Healthy
4473,268,2025-05-01,1023,23,50,1,2025-05-28,Healthy
4474,268,2025-06-01,1930,26,32,1,2025-06-28,Healthy
4475,268,2025-07-01,1770,24,48,2,2025-07-31,Healthy
4476,268,2025-08-01,1876,21,26,2,2025-08-31,Healthy
4477,268,2025-09-01,394,10,12,1,2025-09-15,At Risk
4478,268,2025-10-01,1743,19,29,0,2025-10-27,Healthy
4479,268,2025-11-01,1111,23,33,1,2025-11-25,Healthy
4480,268,2025-12-01,1269,16,40,1,2025-12-30,Healthy
4481,268,2026-01-01,393,7,13,1,2026-01-16,At Risk
4482,268,2026-02-01,1121,23,46,0,2026-02-28,Healthy
4483,268,2026-03-01,1676,28,34,0,2026-03-28,Healthy
4484,268,2026-04-01,770,12,15,2,2026-04-16,At Risk
4485,268,2026-05-01,259,4,3,8,2026-05-03,Critical
4486,268,2026-06-01,502,11,9,1,2026-06-16,At Risk
4487,269,2025-04-01,24,0,7,4,2025-04-03,Critical
4488,269,2025-05-01,58,6,17,1,2025-05-17,At Risk
4489,269,2025-06-01,60,12,16,2,2025-06-21,At Risk
4490,269,2025-07-01,131,28,45,0,2025-07-28,Healthy
4491,269,2025-08-01,91,16,43,0,2025-08-30,Healthy
4492,269,2025-09-01,97,19,36,1,2025-09-25,Healthy
4493,269,2025-10-01,165,29,34,0,2025-10-26,Healthy
4494,269,2025-11-01,84,10,10,5,2025-11-17,At Risk
4495,269,2025-12-01,41,5,17,3,2025-12-17,At Risk
4496,269,2026-01-01,169,15,30,2,2026-01-28,Healthy
4497,269,2026-02-01,141,16,40,1,2026-02-24,Healthy
4498,269,2026-03-01,166,17,44,2,2026-03-27,Healthy
4499,269,2026-04-01,134,23,31,0,2026-04-26,Healthy
4500,269,2026-05-01,110,29,42,1,2026-05-29,Healthy
4501,269,2026-06-01,94,20,45,0,2026-06-29,Healthy
4502,270,2025-10-01,5,15,25,0,2025-10-29,Healthy
4503,270,2025-11-01,1,3,1,7,2025-11-05,Critical
4504,270,2025-12-01,6,18,33,0,2025-12-26,Healthy
4505,270,2026-01-01,3,11,16,5,2026-01-24,At Risk
4506,270,2026-02-01,2,10,11,2,2026-02-17,At Risk
4507,270,2026-03-01,1,3,0,8,2026-03-01,Critical
4508,270,2026-04-01,1,1,7,3,2026-04-01,Critical
4509,270,2026-05-01,1,3,7,6,2026-05-04,Critical
4510,270,2026-06-01,1,4,4,7,2026-06-09,Critical
4511,271,2025-10-01,4,4,6,8,2025-10-06,Critical
4512,271,2025-11-01,12,6,17,1,2025-11-16,At Risk
4513,271,2025-12-01,9,12,15,5,2025-12-20,At Risk
4514,271,2026-01-01,15,26,44,2,2026-01-26,Healthy
4515,271,2026-02-01,17,16,34,0,2026-02-27,Healthy
4516,271,2026-03-01,10,7,16,1,2026-03-18,At Risk
4517,271,2026-04-01,7,14,10,2,2026-04-17,At Risk
4518,271,2026-05-01,8,13,16,4,2026-05-21,At Risk
4519,271,2026-06-01,13,24,37,1,2026-06-29,Healthy
4520,272,2025-01-01,1897,30,43,0,2025-01-31,Healthy
4521,272,2025-02-01,989,13,19,1,2025-02-16,At Risk
4522,272,2025-03-01,735,13,12,2,2025-03-21,At Risk
4523,272,2025-04-01,290,3,4,6,2025-04-13,Critical
4524,272,2025-05-01,409,3,0,7,2025-05-07,Critical
4525,272,2025-06-01,930,6,16,1,2025-06-18,At Risk
4526,272,2025-07-01,1008,12,15,3,2025-07-25,At Risk
4527,272,2025-08-01,975,5,9,4,2025-08-24,At Risk
4528,272,2025-09-01,489,11,15,4,2025-09-19,At Risk
4529,272,2025-10-01,585,7,14,5,2025-10-17,At Risk
4530,272,2025-11-01,583,14,9,1,2025-11-24,At Risk
4531,272,2025-12-01,2162,17,30,0,2025-12-29,Healthy
4532,272,2026-01-01,1670,19,38,0,2026-01-30,Healthy
4533,272,2026-02-01,2039,27,48,0,2026-02-25,Healthy
4534,272,2026-03-01,1394,24,48,0,2026-03-31,Healthy
4535,272,2026-04-01,2161,29,49,1,2026-04-26,Healthy
4536,272,2026-05-01,1213,15,40,1,2026-05-28,Healthy
4537,272,2026-06-01,1297,30,33,1,2026-06-30,Healthy
4538,273,2024-05-01,43,25,34,2,2024-05-28,Healthy
4539,273,2024-06-01,33,19,20,1,2024-06-28,Healthy
4540,273,2024-07-01,30,24,32,2,2024-07-27,Healthy
4541,273,2024-08-01,35,24,35,1,2024-08-31,Healthy
4542,273,2024-09-01,40,24,28,0,2024-09-28,Healthy
4543,273,2024-10-01,29,27,38,0,2024-10-30,Healthy
4544,273,2024-11-01,28,16,47,2,2024-11-25,Healthy
4545,273,2024-12-01,32,18,33,0,2024-12-29,Healthy
4546,273,2025-01-01,31,24,27,2,2025-01-30,Healthy
4547,273,2025-02-01,15,12,15,1,2025-02-13,At Risk
4548,273,2025-03-01,24,5,12,5,2025-03-19,At Risk
4549,273,2025-04-01,46,22,30,2,2025-04-27,Healthy
4550,273,2025-05-01,33,18,24,1,2025-05-29,Healthy
4551,273,2025-06-01,45,25,34,0,2025-06-25,Healthy
4552,273,2025-07-01,37,15,36,2,2025-07-30,Healthy
4553,273,2025-08-01,30,18,26,1,2025-08-31,Healthy
4554,273,2025-09-01,41,18,20,2,2025-09-26,Healthy
4555,273,2025-10-01,44,16,47,2,2025-10-30,Healthy
4556,273,2025-11-01,43,20,45,2,2025-11-30,Healthy
4557,273,2025-12-01,48,28,44,2,2025-12-29,Healthy
4558,273,2026-01-01,46,23,47,2,2026-01-26,Healthy
4559,273,2026-02-01,23,11,18,4,2026-02-18,At Risk
4560,273,2026-03-01,12,13,13,4,2026-03-21,At Risk
4561,273,2026-04-01,14,5,17,4,2026-04-21,At Risk
4562,273,2026-05-01,13,12,17,3,2026-05-23,At Risk
4563,273,2026-06-01,33,19,21,0,2026-06-28,Healthy
4564,274,2025-10-01,52,26,25,0,2025-10-31,Healthy
4565,274,2025-11-01,57,19,45,1,2025-11-28,Healthy
4566,274,2025-12-01,33,27,27,2,2025-12-29,Healthy
4567,274,2026-01-01,52,15,38,2,2026-01-27,Healthy
4568,274,2026-02-01,38,21,45,2,2026-02-26,Healthy
4569,274,2026-03-01,6,0,7,6,2026-03-02,Critical
4570,274,2026-04-01,9,1,6,7,2026-03-31,Critical
4571,274,2026-05-01,3,4,7,7,2026-05-13,Critical
4572,274,2026-06-01,26,14,15,1,2026-06-22,At Risk
4573,275,2025-10-01,42,17,26,1,2025-10-28,Healthy
4574,275,2025-11-01,48,26,39,0,2025-11-26,Healthy
4575,275,2025-12-01,17,10,13,5,2025-12-19,At Risk
4576,275,2026-01-01,38,24,40,2,2026-01-27,Healthy
4577,275,2026-02-01,16,12,8,2,2026-02-22,At Risk
4578,275,2026-03-01,17,14,12,1,2026-03-25,At Risk
4579,275,2026-04-01,27,13,17,2,2026-04-20,At Risk
4580,275,2026-05-01,22,7,18,1,2026-05-25,At Risk
4581,275,2026-06-01,10,0,6,4,2026-06-02,Critical
4582,276,2025-06-01,145,18,27,2,2025-06-27,Healthy
4583,276,2025-07-01,8,0,6,7,2025-07-12,Critical
4584,276,2025-08-01,75,5,13,4,2025-08-24,At Risk
4585,276,2025-09-01,65,7,14,5,2025-09-17,At Risk
4586,276,2025-10-01,42,0,4,7,2025-10-06,Critical
4587,276,2025-11-01,26,2,4,7,2025-11-04,Critical
4588,276,2025-12-01,93,9,15,3,2025-12-24,At Risk
4589,276,2026-01-01,103,8,16,4,2026-01-22,At Risk
4590,276,2026-02-01,61,10,14,5,2026-02-19,At Risk
4591,276,2026-03-01,105,5,15,1,2026-03-24,At Risk
4592,276,2026-04-01,205,23,31,1,2026-04-29,Healthy
4593,276,2026-05-01,60,6,10,2,2026-05-16,At Risk
4594,276,2026-06-01,250,24,26,1,2026-06-27,Healthy
4595,277,2024-10-01,201,16,28,1,2024-10-28,Healthy
4596,277,2024-11-01,262,19,34,2,2024-11-26,Healthy
4597,277,2024-12-01,22,4,6,5,2024-12-08,Critical
4598,277,2025-01-01,64,1,6,4,2025-01-01,Critical
4599,277,2025-02-01,62,3,2,6,2025-02-12,Critical
4600,277,2025-03-01,45,4,2,7,2025-03-02,Critical
4601,277,2025-04-01,77,14,16,3,2025-04-16,At Risk
4602,277,2025-05-01,77,6,14,3,2025-05-22,At Risk
4603,277,2025-06-01,43,0,2,4,2025-06-01,Critical
4604,277,2025-07-01,41,4,1,6,2025-07-08,Critical
4605,277,2025-08-01,31,2,6,7,2025-08-03,Critical
4606,277,2025-09-01,160,6,10,3,2025-09-17,At Risk
4607,277,2025-10-01,92,13,14,2,2025-10-18,At Risk
4608,277,2025-11-01,87,12,14,3,2025-11-20,At Risk
4609,277,2025-12-01,163,11,10,1,2025-12-16,At Risk
4610,277,2026-01-01,28,1,4,7,2026-01-12,Critical
4611,277,2026-02-01,194,17,42,0,2026-02-23,Healthy
4612,277,2026-03-01,112,6,16,2,2026-03-19,At Risk
4613,277,2026-04-01,336,26,34,1,2026-04-29,Healthy
4614,277,2026-05-01,205,20,39,0,2026-05-27,Healthy
4615,277,2026-06-01,254,22,47,2,2026-06-27,Healthy
4616,278,2025-08-01,228,24,21,1,2025-08-30,Healthy
4617,278,2025-09-01,278,28,44,1,2025-09-26,Healthy
4618,278,2025-10-01,313,27,23,0,2025-10-31,Healthy
4619,278,2025-11-01,264,24,46,2,2025-11-26,Healthy
4620,278,2025-12-01,187,15,47,0,2025-12-29,Healthy
4621,278,2026-01-01,321,29,42,0,2026-01-27,Healthy
4622,278,2026-02-01,73,13,19,5,2026-02-16,At Risk
4623,278,2026-03-01,299,21,25,2,2026-03-28,Healthy
4624,278,2026-04-01,286,27,47,0,2026-04-27,Healthy
4625,278,2026-05-01,66,10,14,5,2026-05-23,At Risk
4626,278,2026-06-01,242,24,34,1,2026-06-25,Healthy
4627,279,2025-06-01,570,1,2,5,2025-06-04,Critical
4628,279,2025-07-01,898,11,11,1,2025-07-17,At Risk
4629,279,2025-08-01,812,6,11,2,2025-08-17,At Risk
4630,279,2025-09-01,2630,22,28,1,2025-09-29,Healthy
4631,279,2025-10-01,2674,26,20,0,2025-10-30,Healthy
4632,279,2025-11-01,2914,15,27,0,2025-11-30,Healthy
4633,279,2025-12-01,1728,22,27,0,2025-12-29,Healthy
4634,279,2026-01-01,1988,25,35,1,2026-01-30,Healthy
4635,279,2026-02-01,187,3,3,6,2026-02-09,Critical
4636,279,2026-03-01,1888,19,38,2,2026-03-28,Healthy
4637,279,2026-04-01,3058,24,40,2,2026-04-28,Healthy
4638,279,2026-05-01,1500,7,9,1,2026-05-18,At Risk
4639,279,2026-06-01,1578,18,30,1,2026-06-29,Healthy
4640,280,2025-04-01,56,15,20,0,2025-04-26,Healthy
4641,280,2025-05-01,22,11,16,4,2025-05-19,At Risk
4642,280,2025-06-01,46,17,33,2,2025-06-28,Healthy
4643,280,2025-07-01,62,21,42,2,2025-07-29,Healthy
4644,280,2025-08-01,40,29,28,0,2025-08-29,Healthy
4645,280,2025-09-01,5,2,2,5,2025-09-03,Critical
4646,280,2025-10-01,20,10,8,5,2025-10-23,At Risk
4647,280,2025-11-01,45,16,46,0,2025-11-29,Healthy
4648,280,2025-12-01,29,12,15,4,2025-12-17,At Risk
4649,280,2026-01-01,39,30,23,2,2026-01-26,Healthy
4650,280,2026-02-01,49,22,24,1,2026-02-27,Healthy
4651,280,2026-03-01,54,16,37,1,2026-03-31,Healthy
4652,280,2026-04-01,63,29,32,0,2026-04-28,Healthy
4653,280,2026-05-01,6,0,7,4,2026-05-11,Critical
4654,280,2026-06-01,9,2,5,8,2026-06-11,Critical
4655,281,2024-06-01,41,26,30,2,2024-06-29,Healthy
4656,281,2024-07-01,38,17,44,2,2024-07-30,Healthy
4657,281,2024-08-01,67,27,34,0,2024-08-31,Healthy
4658,281,2024-09-01,61,25,21,1,2024-09-26,Healthy
4659,281,2024-10-01,65,29,22,0,2024-10-27,Healthy
4660,281,2024-11-01,38,27,27,0,2024-11-26,Healthy
4661,281,2024-12-01,69,17,29,0,2024-12-28,Healthy
4662,281,2025-01-01,50,30,35,2,2025-01-30,Healthy
4663,281,2025-02-01,45,20,46,2,2025-02-28,Healthy
4664,281,2025-03-01,21,7,17,2,2025-03-21,At Risk
4665,281,2025-04-01,20,11,10,4,2025-04-19,At Risk
4666,281,2025-05-01,36,12,13,3,2025-05-19,At Risk
4667,281,2025-06-01,70,16,39,1,2025-06-27,Healthy
4668,281,2025-07-01,39,15,30,1,2025-07-30,Healthy
4669,281,2025-08-01,71,24,23,0,2025-08-30,Healthy
4670,281,2025-09-01,64,23,50,0,2025-09-25,Healthy
4671,281,2025-10-01,73,18,40,0,2025-10-31,Healthy
4672,281,2025-11-01,70,25,24,0,2025-11-25,Healthy
4673,281,2025-12-01,46,22,20,1,2025-12-31,Healthy
4674,281,2026-01-01,49,17,28,2,2026-01-30,Healthy
4675,281,2026-02-01,56,20,40,0,2026-02-28,Healthy
4676,281,2026-03-01,64,19,43,1,2026-03-27,Healthy
4677,281,2026-04-01,41,18,46,2,2026-04-26,Healthy
4678,281,2026-05-01,67,28,31,2,2026-05-31,Healthy
4679,281,2026-06-01,31,5,15,3,2026-06-23,At Risk
4680,282,2024-08-01,35,17,40,1,2024-08-27,Healthy
4681,282,2024-09-01,45,18,35,0,2024-09-29,Healthy
4682,282,2024-10-01,61,21,26,2,2024-10-30,Healthy
4683,282,2024-11-01,50,26,23,2,2024-11-26,Healthy
4684,282,2024-12-01,37,18,31,1,2024-12-30,Healthy
4685,282,2025-01-01,59,28,40,1,2025-01-30,Healthy
4686,282,2025-02-01,39,15,21,2,2025-02-28,Healthy
4687,282,2025-03-01,51,24,29,1,2025-03-28,Healthy
4688,282,2025-04-01,43,19,42,0,2025-04-27,Healthy
4689,282,2025-05-01,64,21,41,1,2025-05-29,Healthy
4690,282,2025-06-01,47,22,29,1,2025-06-26,Healthy
4691,282,2025-07-01,49,15,21,1,2025-07-27,Healthy
4692,282,2025-08-01,52,20,22,0,2025-08-26,Healthy
4693,282,2025-09-01,14,14,9,5,2025-09-17,At Risk
4694,282,2025-10-01,62,28,41,0,2025-10-30,Healthy
4695,282,2025-11-01,4,0,1,8,2025-11-01,Critical
4696,282,2025-12-01,2,4,5,8,2025-12-01,Critical
4697,282,2026-01-01,10,1,4,3,2026-01-08,Critical
4698,282,2026-02-01,18,6,16,5,2026-02-16,At Risk
4699,282,2026-03-01,18,6,13,4,2026-03-18,At Risk
4700,282,2026-04-01,16,10,10,1,2026-04-22,At Risk
4701,282,2026-05-01,35,27,49,1,2026-05-27,Healthy
4702,282,2026-06-01,64,25,39,0,2026-06-28,Healthy
4703,283,2025-01-01,18,12,13,4,2025-01-18,At Risk
4704,283,2025-02-01,42,19,49,0,2025-02-26,Healthy
4705,283,2025-03-01,9,2,7,6,2025-03-03,Critical
4706,283,2025-04-01,25,11,19,2,2025-04-17,At Risk
4707,283,2025-05-01,48,24,37,0,2025-05-30,Healthy
4708,283,2025-06-01,28,27,37,0,2025-06-30,Healthy
4709,283,2025-07-01,37,16,23,1,2025-07-30,Healthy
4710,283,2025-08-01,29,25,49,0,2025-08-31,Healthy
4711,283,2025-09-01,32,21,29,2,2025-09-28,Healthy
4712,283,2025-10-01,52,30,41,1,2025-10-29,Healthy
4713,283,2025-11-01,45,23,42,0,2025-11-27,Healthy
4714,283,2025-12-01,43,25,44,2,2025-12-31,Healthy
4715,283,2026-01-01,32,15,20,2,2026-01-27,Healthy
4716,283,2026-02-01,18,11,12,1,2026-02-14,At Risk
4717,283,2026-03-01,12,12,19,3,2026-03-21,At Risk
4718,283,2026-04-01,31,29,45,0,2026-04-25,Healthy
4719,283,2026-05-01,33,30,23,1,2026-05-31,Healthy
4720,283,2026-06-01,29,21,24,0,2026-06-25,Healthy
4721,284,2024-06-01,5,24,22,1,2024-06-26,Healthy
4722,284,2024-07-01,8,20,44,0,2024-07-26,Healthy
4723,284,2024-08-01,6,18,21,2,2024-08-26,Healthy
4724,284,2024-09-01,7,29,45,1,2024-09-30,Healthy
4725,284,2024-10-01,8,27,35,0,2024-10-26,Healthy
4726,284,2024-11-01,3,6,12,1,2024-11-23,At Risk
4727,284,2024-12-01,2,11,16,1,2024-12-21,At Risk
4728,284,2025-01-01,3,11,15,1,2025-01-21,At Risk
4729,284,2025-02-01,3,7,14,3,2025-02-14,At Risk
4730,284,2025-03-01,3,7,10,4,2025-03-19,At Risk
4731,284,2025-04-01,1,4,1,5,2025-04-10,Critical
4732,284,2025-05-01,1,1,5,6,2025-05-14,Critical
4733,284,2025-06-01,1,0,0,3,2025-06-11,Critical
4734,284,2025-07-01,1,2,5,7,2025-07-06,Critical
4735,284,2025-08-01,2,7,17,4,2025-08-19,At Risk
4736,284,2025-09-01,2,14,19,4,2025-09-23,At Risk
4737,284,2025-10-01,6,24,30,1,2025-10-28,Healthy
4738,284,2025-11-01,5,18,24,2,2025-11-26,Healthy
4739,284,2025-12-01,6,15,48,1,2025-12-26,Healthy
4740,284,2026-01-01,6,26,27,1,2026-01-28,Healthy
4741,284,2026-02-01,1,1,0,7,2026-02-06,Critical
4742,284,2026-03-01,1,0,2,6,2026-03-02,Critical
4743,284,2026-04-01,1,0,0,7,2026-04-09,Critical
4744,284,2026-05-01,1,2,5,7,2026-05-06,Critical
4745,284,2026-06-01,1,2,5,4,2026-06-11,Critical
4746,285,2025-11-01,30,24,34,1,2025-11-25,Healthy
4747,285,2025-12-01,10,13,10,5,2025-12-25,At Risk
4748,285,2026-01-01,9,4,0,3,2026-01-09,Critical
4749,285,2026-02-01,36,28,28,1,2026-02-27,Healthy
4750,285,2026-03-01,30,19,48,0,2026-03-27,Healthy
4751,285,2026-04-01,41,29,33,1,2026-04-25,Healthy
4752,285,2026-05-01,27,30,35,0,2026-05-30,Healthy
4753,285,2026-06-01,41,22,28,1,2026-06-25,Healthy
4754,286,2025-05-01,19,11,13,2,2025-05-21,At Risk
4755,286,2025-06-01,7,5,10,3,2025-06-22,At Risk
4756,286,2025-07-01,10,8,19,4,2025-07-22,At Risk
4757,286,2025-08-01,12,5,12,1,2025-08-18,At Risk
4758,286,2025-09-01,3,3,1,5,2025-09-03,Critical
4759,286,2025-10-01,2,1,3,5,2025-10-03,Critical
4760,286,2025-11-01,29,29,28,0,2025-11-27,Healthy
4761,286,2025-12-01,34,25,32,2,2025-12-27,Healthy
4762,286,2026-01-01,33,25,21,1,2026-01-28,Healthy
4763,286,2026-02-01,15,8,15,3,2026-02-21,At Risk
4764,286,2026-03-01,9,10,12,3,2026-03-22,At Risk
4765,286,2026-04-01,19,27,39,1,2026-04-25,Healthy
4766,286,2026-05-01,28,15,29,0,2026-05-28,Healthy
4767,286,2026-06-01,5,0,6,6,2026-06-02,Critical
4768,287,2024-05-01,14,26,49,2,2024-05-30,Healthy
4769,287,2024-06-01,9,20,45,1,2024-06-28,Healthy
4770,287,2024-07-01,10,27,33,0,2024-07-31,Healthy
4771,287,2024-08-01,10,28,48,1,2024-08-26,Healthy
4772,287,2024-09-01,13,28,28,0,2024-09-26,Healthy
4773,287,2024-10-01,9,20,48,0,2024-10-26,Healthy
4774,287,2024-11-01,9,17,25,1,2024-11-29,Healthy
4775,287,2024-12-01,11,20,24,0,2024-12-28,Healthy
4776,287,2025-01-01,15,20,40,2,2025-01-30,Healthy
4777,287,2025-02-01,13,21,29,2,2025-02-27,Healthy
4778,287,2025-03-01,13,27,21,0,2025-03-30,Healthy
4779,287,2025-04-01,13,23,36,2,2025-04-26,Healthy
4780,287,2025-05-01,17,19,43,2,2025-05-26,Healthy
4781,287,2025-06-01,14,25,25,2,2025-06-25,Healthy
4782,287,2025-07-01,13,25,43,1,2025-07-28,Healthy
4783,287,2025-08-01,9,19,28,0,2025-08-26,Healthy
4784,287,2025-09-01,12,25,35,0,2025-09-25,Healthy
4785,287,2025-10-01,10,22,25,1,2025-10-28,Healthy
4786,287,2025-11-01,12,24,43,2,2025-11-30,Healthy
4787,287,2025-12-01,13,20,32,0,2025-12-26,Healthy
4788,287,2026-01-01,11,18,41,0,2026-01-27,Healthy
4789,287,2026-02-01,10,28,30,1,2026-02-28,Healthy
4790,287,2026-03-01,12,29,49,2,2026-03-28,Healthy
4791,287,2026-04-01,16,20,45,0,2026-04-27,Healthy
4792,287,2026-05-01,11,16,21,2,2026-05-28,Healthy
4793,287,2026-06-01,12,22,41,1,2026-06-27,Healthy
4794,288,2024-07-01,13,23,40,2,2024-07-29,Healthy
4795,288,2024-08-01,11,26,36,2,2024-08-26,Healthy
4796,288,2024-09-01,8,29,39,0,2024-09-30,Healthy
4797,288,2024-10-01,13,26,40,2,2024-10-29,Healthy
4798,288,2024-11-01,10,15,45,2,2024-11-27,Healthy
4799,288,2024-12-01,13,23,46,1,2024-12-29,Healthy
4800,288,2025-01-01,1,0,5,6,2025-01-03,Critical
4801,288,2025-02-01,2,0,0,7,2025-01-29,Critical
4802,288,2025-03-01,2,3,5,8,2025-03-04,Critical
4803,288,2025-04-01,2,4,3,5,2025-04-07,Critical
4804,288,2025-05-01,2,2,7,7,2025-05-15,Critical
4805,288,2025-06-01,5,5,15,2,2025-06-20,At Risk
4806,288,2025-07-01,4,8,19,5,2025-07-17,At Risk
4807,288,2025-08-01,3,5,13,4,2025-08-16,At Risk
4808,288,2025-09-01,5,9,19,3,2025-09-20,At Risk
4809,288,2025-10-01,13,22,27,1,2025-10-29,Healthy
4810,288,2025-11-01,12,17,33,1,2025-11-27,Healthy
4811,288,2025-12-01,9,30,33,0,2025-12-30,Healthy
4812,288,2026-01-01,5,13,11,1,2026-01-22,At Risk
4813,288,2026-02-01,2,2,0,4,2026-02-11,Critical
4814,288,2026-03-01,5,9,19,4,2026-03-24,At Risk
4815,288,2026-04-01,4,9,8,3,2026-04-19,At Risk
4816,288,2026-05-01,6,7,18,5,2026-05-24,At Risk
4817,288,2026-06-01,6,11,17,1,2026-06-17,At Risk
4818,289,2024-04-01,147,24,45,2,2024-04-27,Healthy
4819,289,2024-05-01,222,24,32,0,2024-05-26,Healthy
4820,289,2024-06-01,224,15,29,0,2024-06-25,Healthy
4821,289,2024-07-01,45,3,0,3,2024-07-01,Critical
4822,289,2024-08-01,84,5,17,3,2024-08-20,At Risk
4823,289,2024-09-01,81,14,13,2,2024-09-19,At Risk
4824,289,2024-10-01,106,11,12,5,2024-10-20,At Risk
4825,289,2024-11-01,79,14,16,2,2024-11-22,At Risk
4826,289,2024-12-01,117,7,17,2,2024-12-23,At Risk
4827,289,2025-01-01,20,3,6,5,2025-01-08,Critical
4828,289,2025-02-01,28,0,3,8,2025-02-01,Critical
4829,289,2025-03-01,82,9,8,3,2025-03-16,At Risk
4830,289,2025-04-01,124,14,13,3,2025-04-15,At Risk
4831,289,2025-05-01,64,6,10,5,2025-05-20,At Risk
4832,289,2025-06-01,278,26,43,0,2025-06-30,Healthy
4833,289,2025-07-01,220,21,32,0,2025-07-30,Healthy
4834,289,2025-08-01,204,30,31,2,2025-08-29,Healthy
4835,289,2025-09-01,130,6,17,2,2025-09-20,At Risk
4836,289,2025-10-01,109,6,13,1,2025-10-20,At Risk
4837,289,2025-11-01,50,1,2,4,2025-11-13,Critical
4838,289,2025-12-01,35,3,5,3,2025-12-15,Critical
4839,289,2026-01-01,122,6,17,4,2026-01-18,At Risk
4840,289,2026-02-01,112,5,17,2,2026-02-16,At Risk
4841,289,2026-03-01,180,20,36,1,2026-03-28,Healthy
4842,289,2026-04-01,235,27,25,2,2026-04-26,Healthy
4843,289,2026-05-01,252,20,36,1,2026-05-28,Healthy
4844,289,2026-06-01,193,19,27,0,2026-06-28,Healthy
4845,290,2024-10-01,177,14,15,1,2024-10-18,At Risk
4846,290,2024-11-01,715,23,38,0,2024-11-26,Healthy
4847,290,2024-12-01,722,27,45,0,2024-12-30,Healthy
4848,290,2025-01-01,509,21,43,2,2025-01-29,Healthy
4849,290,2025-02-01,202,6,13,3,2025-02-15,At Risk
4850,290,2025-03-01,317,10,12,1,2025-03-16,At Risk
4851,290,2025-04-01,652,29,46,2,2025-04-28,Healthy
4852,290,2025-05-01,534,18,29,1,2025-05-27,Healthy
4853,290,2025-06-01,712,22,33,2,2025-06-27,Healthy
4854,290,2025-07-01,388,23,20,2,2025-07-30,Healthy
4855,290,2025-08-01,157,9,13,4,2025-08-20,At Risk
4856,290,2025-09-01,351,13,16,5,2025-09-18,At Risk
4857,290,2025-10-01,283,14,12,1,2025-10-16,At Risk
4858,290,2025-11-01,136,0,4,5,2025-11-14,Critical
4859,290,2025-12-01,525,17,30,0,2025-12-31,Healthy
4860,290,2026-01-01,588,28,21,2,2026-01-26,Healthy
4861,290,2026-02-01,32,2,4,8,2026-01-29,Critical
4862,290,2026-03-01,20,3,7,5,2026-03-13,Critical
4863,290,2026-04-01,332,14,17,2,2026-04-23,At Risk
4864,290,2026-05-01,83,1,2,6,2026-05-10,Critical
4865,290,2026-06-01,338,9,15,1,2026-06-23,At Risk
4866,291,2025-02-01,13,4,2,3,2025-02-01,Critical
4867,291,2025-03-01,15,13,18,3,2025-03-17,At Risk
4868,291,2025-04-01,22,8,9,1,2025-04-23,At Risk
4869,291,2025-05-01,37,21,26,2,2025-05-31,Healthy
4870,291,2025-06-01,63,30,20,0,2025-06-25,Healthy
4871,291,2025-07-01,35,10,13,4,2025-07-24,At Risk
4872,291,2025-08-01,19,11,12,2,2025-08-20,At Risk
4873,291,2025-09-01,4,3,1,3,2025-09-03,Critical
4874,291,2025-10-01,6,4,7,3,2025-10-10,Critical
4875,291,2025-11-01,13,4,4,3,2025-10-31,Critical
4876,291,2025-12-01,11,3,1,6,2025-12-09,Critical
4877,291,2026-01-01,5,2,3,7,2026-01-08,Critical
4878,291,2026-02-01,9,0,3,6,2026-01-30,Critical
4879,291,2026-03-01,9,1,0,3,2026-03-08,Critical
4880,291,2026-04-01,3,2,6,8,2026-04-05,Critical
4881,291,2026-05-01,9,0,5,5,2026-05-09,Critical
4882,291,2026-06-01,11,3,2,4,2026-06-06,Critical
4883,292,2025-12-01,295,29,42,2,2025-12-28,Healthy
4884,292,2026-01-01,225,16,44,0,2026-01-27,Healthy
4885,292,2026-02-01,328,27,47,1,2026-02-24,Healthy
4886,292,2026-03-01,207,16,34,1,2026-03-29,Healthy
4887,292,2026-04-01,345,18,42,1,2026-04-30,Healthy
4888,292,2026-05-01,310,25,34,2,2026-05-27,Healthy
4889,292,2026-06-01,326,21,37,2,2026-06-25,Healthy
4890,293,2025-05-01,189,13,9,2,2025-05-21,At Risk
4891,293,2025-06-01,60,2,4,5,2025-06-13,Critical
4892,293,2025-07-01,43,2,4,3,2025-07-14,Critical
4893,293,2025-08-01,315,13,8,3,2025-08-17,At Risk
4894,293,2025-09-01,720,19,47,2,2025-09-25,Healthy
4895,293,2025-10-01,590,18,49,2,2025-10-30,Healthy
4896,293,2025-11-01,134,3,7,7,2025-11-07,Critical
4897,293,2025-12-01,42,2,1,6,2025-12-14,Critical
4898,293,2026-01-01,113,4,4,4,2026-01-06,Critical
4899,293,2026-02-01,138,4,2,3,2026-02-02,Critical
4900,293,2026-03-01,62,0,2,4,2026-03-15,Critical
4901,293,2026-04-01,160,11,12,3,2026-04-19,At Risk
4902,293,2026-05-01,546,28,37,1,2026-05-26,Healthy
4903,293,2026-06-01,89,0,6,6,2026-06-12,Critical
4904,294,2024-03-01,69,16,47,0,2024-03-26,Healthy
4905,294,2024-04-01,70,20,28,1,2024-04-26,Healthy
4906,294,2024-05-01,49,28,26,0,2024-05-28,Healthy
4907,294,2024-06-01,79,26,32,0,2024-06-26,Healthy
4908,294,2024-07-01,51,22,26,0,2024-07-29,Healthy
4909,294,2024-08-01,43,19,21,2,2024-08-30,Healthy
4910,294,2024-09-01,64,15,41,2,2024-09-28,Healthy
4911,294,2024-10-01,51,17,41,0,2024-10-27,Healthy
4912,294,2024-11-01,46,18,45,2,2024-11-25,Healthy
4913,294,2024-12-01,45,25,34,1,2024-12-28,Healthy
4914,294,2025-01-01,74,30,42,1,2025-01-28,Healthy
4915,294,2025-02-01,70,16,36,2,2025-02-24,Healthy
4916,294,2025-03-01,63,16,40,0,2025-03-29,Healthy
4917,294,2025-04-01,3,1,7,8,2025-04-13,Critical
4918,294,2025-05-01,7,0,7,5,2025-05-14,Critical
4919,294,2025-06-01,21,5,8,1,2025-06-18,At Risk
4920,294,2025-07-01,78,23,36,2,2025-07-31,Healthy
4921,294,2025-08-01,63,23,40,1,2025-08-26,Healthy
4922,294,2025-09-01,61,29,37,1,2025-09-26,Healthy
4923,294,2025-10-01,55,20,27,1,2025-10-27,Healthy
4924,294,2025-11-01,74,30,31,2,2025-11-25,Healthy
4925,294,2025-12-01,68,26,26,2,2025-12-30,Healthy
4926,294,2026-01-01,46,17,26,0,2026-01-31,Healthy
4927,294,2026-02-01,54,28,48,1,2026-02-25,Healthy
4928,294,2026-03-01,64,25,39,2,2026-03-27,Healthy
4929,294,2026-04-01,62,26,22,1,2026-04-29,Healthy
4930,294,2026-05-01,62,28,43,1,2026-05-30,Healthy
4931,294,2026-06-01,19,6,8,2,2026-06-15,At Risk
4932,295,2025-12-01,116,12,10,2,2025-12-16,At Risk
4933,295,2026-01-01,79,8,19,4,2026-01-20,At Risk
4934,295,2026-02-01,70,14,19,5,2026-02-17,At Risk
4935,295,2026-03-01,43,2,3,3,2026-03-08,Critical
4936,295,2026-04-01,35,1,5,5,2026-03-31,Critical
4937,295,2026-05-01,95,13,9,3,2026-05-21,At Risk
4938,295,2026-06-01,62,7,9,4,2026-06-15,At Risk
4939,296,2025-06-01,36,5,17,1,2025-06-24,At Risk
4940,296,2025-07-01,15,8,15,4,2025-07-25,At Risk
4941,296,2025-08-01,58,17,22,1,2025-08-31,Healthy
4942,296,2025-09-01,22,8,16,2,2025-09-22,At Risk
4943,296,2025-10-01,20,14,13,5,2025-10-18,At Risk
4944,296,2025-11-01,25,10,13,5,2025-11-21,At Risk
4945,296,2025-12-01,4,2,3,5,2025-12-13,Critical
4946,296,2026-01-01,27,5,18,2,2026-01-21,At Risk
4947,296,2026-02-01,15,8,8,3,2026-02-13,At Risk
4948,296,2026-03-01,34,12,11,3,2026-03-23,At Risk
4949,296,2026-04-01,26,5,10,2,2026-04-23,At Risk
4950,296,2026-05-01,21,8,15,1,2026-05-17,At Risk
4951,296,2026-06-01,20,7,18,1,2026-06-17,At Risk
4952,297,2025-09-01,917,16,41,0,2025-09-28,Healthy
4953,297,2025-10-01,49,1,7,7,2025-10-14,Critical
4954,297,2025-11-01,181,3,1,8,2025-11-09,Critical
4955,297,2025-12-01,71,3,3,5,2025-12-07,Critical
4956,297,2026-01-01,651,10,16,1,2026-01-21,At Risk
4957,297,2026-02-01,1006,25,45,1,2026-02-25,Healthy
4958,297,2026-03-01,1056,18,20,1,2026-03-30,Healthy
4959,297,2026-04-01,1115,25,23,0,2026-04-29,Healthy
4960,297,2026-05-01,1019,20,27,1,2026-05-28,Healthy
4961,297,2026-06-01,735,27,38,2,2026-06-28,Healthy
4962,298,2024-10-01,44,29,22,1,2024-10-28,Healthy
4963,298,2024-11-01,48,29,20,2,2024-11-25,Healthy
4964,298,2024-12-01,65,21,31,0,2024-12-28,Healthy
4965,298,2025-01-01,36,27,37,0,2025-01-26,Healthy
4966,298,2025-02-01,65,19,27,2,2025-02-23,Healthy
4967,298,2025-03-01,37,20,42,2,2025-03-29,Healthy
4968,298,2025-04-01,58,17,37,1,2025-04-28,Healthy
4969,298,2025-05-01,65,17,44,2,2025-05-28,Healthy
4970,298,2025-06-01,21,13,18,2,2025-06-20,At Risk
4971,298,2025-07-01,18,10,16,1,2025-07-17,At Risk
4972,298,2025-08-01,28,6,18,4,2025-08-22,At Risk
4973,298,2025-09-01,32,6,18,2,2025-09-20,At Risk
4974,298,2025-10-01,18,14,11,3,2025-10-16,At Risk
4975,298,2025-11-01,2,0,7,6,2025-11-02,Critical
4976,298,2025-12-01,11,3,3,6,2025-12-10,Critical
4977,298,2026-01-01,17,10,11,2,2026-01-23,At Risk
4978,298,2026-02-01,14,12,8,2,2026-02-19,At Risk
4979,298,2026-03-01,14,5,17,1,2026-03-21,At Risk
4980,298,2026-04-01,14,8,11,4,2026-04-18,At Risk
4981,298,2026-05-01,38,18,33,0,2026-05-27,Healthy
4982,298,2026-06-01,43,22,21,1,2026-06-30,Healthy
4983,299,2025-08-01,316,27,41,0,2025-08-26,Healthy
4984,299,2025-09-01,187,20,32,2,2025-09-25,Healthy
4985,299,2025-10-01,176,22,23,0,2025-10-27,Healthy
4986,299,2025-11-01,11,2,5,3,2025-11-06,Critical
4987,299,2025-12-01,165,7,17,4,2025-12-21,At Risk
4988,299,2026-01-01,127,10,13,2,2026-01-19,At Risk
4989,299,2026-02-01,68,5,9,1,2026-02-21,At Risk
4990,299,2026-03-01,139,14,19,2,2026-03-20,At Risk
4991,299,2026-04-01,128,10,17,3,2026-04-17,At Risk
4992,299,2026-05-01,125,8,19,3,2026-05-19,At Risk
4993,299,2026-06-01,85,7,12,1,2026-06-24,At Risk
4994,300,2025-11-01,3082,20,27,0,2025-11-27,Healthy
4995,300,2025-12-01,3237,17,49,2,2025-12-28,Healthy
4996,300,2026-01-01,1795,16,36,0,2026-01-30,Healthy
4997,300,2026-02-01,2070,15,25,2,2026-02-27,Healthy
4998,300,2026-03-01,1773,30,42,0,2026-03-27,Healthy
4999,300,2026-04-01,2174,23,39,0,2026-04-28,Healthy
5000,300,2026-05-01,348,2,6,3,2026-05-07,Critical
5001,300,2026-06-01,1616,12,9,2,2026-06-15,At Risk
5002,301,2025-08-01,2249,19,36,1,2025-08-29,Healthy
5003,301,2025-09-01,2137,27,25,1,2025-09-26,Healthy
5004,301,2025-10-01,2845,28,23,0,2025-10-27,Healthy
5005,301,2025-11-01,2163,29,47,1,2025-11-30,Healthy
5006,301,2025-12-01,1920,23,28,1,2025-12-30,Healthy
5007,301,2026-01-01,1852,24,49,1,2026-01-29,Healthy
5008,301,2026-02-01,2831,24,29,1,2026-02-26,Healthy
5009,301,2026-03-01,1914,22,29,0,2026-03-30,Healthy
5010,301,2026-04-01,685,6,18,2,2026-04-20,At Risk
5011,301,2026-05-01,1371,12,14,2,2026-05-21,At Risk
5012,301,2026-06-01,298,3,7,7,2026-06-10,Critical
5013,302,2025-03-01,10,5,13,3,2025-03-24,At Risk
5014,302,2025-04-01,2,4,4,8,2025-03-31,Critical
5015,302,2025-05-01,9,14,10,5,2025-05-23,At Risk
5016,302,2025-06-01,9,5,11,4,2025-06-21,At Risk
5017,302,2025-07-01,8,7,15,5,2025-07-18,At Risk
5018,302,2025-08-01,9,6,8,5,2025-08-17,At Risk
5019,302,2025-09-01,23,19,41,1,2025-09-27,Healthy
5020,302,2025-10-01,18,20,40,0,2025-10-26,Healthy
5021,302,2025-11-01,13,17,50,2,2025-11-25,Healthy
5022,302,2025-12-01,22,28,44,2,2025-12-27,Healthy
5023,302,2026-01-01,16,20,35,0,2026-01-30,Healthy
5024,302,2026-02-01,20,24,28,1,2026-02-27,Healthy
5025,302,2026-03-01,21,23,29,2,2026-03-29,Healthy
5026,302,2026-04-01,23,30,49,2,2026-04-26,Healthy
5027,302,2026-05-01,19,17,47,0,2026-05-29,Healthy
5028,302,2026-06-01,24,28,31,1,2026-06-30,Healthy
5029,303,2025-06-01,96,28,33,2,2025-06-27,Healthy
5030,303,2025-07-01,46,9,19,2,2025-07-20,At Risk
5031,303,2025-08-01,34,12,15,1,2025-08-18,At Risk
5032,303,2025-09-01,80,18,43,0,2025-09-27,Healthy
5033,303,2025-10-01,99,28,32,1,2025-10-26,Healthy
5034,303,2025-11-01,90,30,22,2,2025-11-30,Healthy
5035,303,2025-12-01,106,29,32,1,2025-12-28,Healthy
5036,303,2026-01-01,142,19,45,0,2026-01-29,Healthy
5037,303,2026-02-01,105,17,39,2,2026-02-26,Healthy
5038,303,2026-03-01,149,24,32,0,2026-03-29,Healthy
5039,303,2026-04-01,146,16,28,2,2026-04-30,Healthy
5040,303,2026-05-01,97,18,45,2,2026-05-28,Healthy
5041,303,2026-06-01,152,15,36,0,2026-06-25,Healthy
5042,304,2024-08-01,17,8,17,2,2024-08-19,At Risk
5043,304,2024-09-01,22,21,27,0,2024-09-26,Healthy
5044,304,2024-10-01,31,27,35,1,2024-10-27,Healthy
5045,304,2024-11-01,32,16,26,2,2024-11-26,Healthy
5046,304,2024-12-01,35,28,49,0,2024-12-26,Healthy
5047,304,2025-01-01,31,16,41,2,2025-01-27,Healthy
5048,304,2025-02-01,26,28,50,1,2025-02-28,Healthy
5049,304,2025-03-01,8,9,19,3,2025-03-16,At Risk
5050,304,2025-04-01,13,10,17,3,2025-04-18,At Risk
5051,304,2025-05-01,3,3,2,5,2025-05-01,Critical
5052,304,2025-06-01,5,1,0,5,2025-06-08,Critical
5053,304,2025-07-01,6,3,1,7,2025-07-09,Critical
5054,304,2025-08-01,6,1,2,3,2025-08-03,Critical
5055,304,2025-09-01,5,3,4,7,2025-09-11,Critical
5056,304,2025-10-01,28,29,38,1,2025-10-29,Healthy
5057,304,2025-11-01,13,5,16,2,2025-11-20,At Risk
5058,304,2025-12-01,30,29,33,1,2025-12-26,Healthy
5059,304,2026-01-01,8,7,17,5,2026-01-24,At Risk
5060,304,2026-02-01,9,11,9,4,2026-02-19,At Risk
5061,304,2026-03-01,8,12,18,1,2026-03-16,At Risk
5062,304,2026-04-01,6,3,5,7,2026-04-03,Critical
5063,304,2026-05-01,33,18,37,2,2026-05-30,Healthy
5064,304,2026-06-01,22,16,46,0,2026-06-28,Healthy
5065,305,2024-10-01,3046,26,45,0,2024-10-28,Healthy
5066,305,2024-11-01,3254,17,35,1,2024-11-26,Healthy
5067,305,2024-12-01,2133,18,21,0,2024-12-30,Healthy
5068,305,2025-01-01,1955,20,48,1,2025-01-26,Healthy
5069,305,2025-02-01,2314,29,21,0,2025-02-24,Healthy
5070,305,2025-03-01,2764,21,22,2,2025-03-28,Healthy
5071,305,2025-04-01,2066,27,45,2,2025-04-27,Healthy
5072,305,2025-05-01,3811,27,20,0,2025-05-31,Healthy
5073,305,2025-06-01,2241,16,50,2,2025-06-28,Healthy
5074,305,2025-07-01,1427,6,12,3,2025-07-23,At Risk
5075,305,2025-08-01,3055,19,31,1,2025-08-29,Healthy
5076,305,2025-09-01,1984,30,37,0,2025-09-26,Healthy
5077,305,2025-10-01,2910,15,47,0,2025-10-27,Healthy
5078,305,2025-11-01,1975,17,24,2,2025-11-26,Healthy
5079,305,2025-12-01,238,2,4,5,2025-12-15,Critical
5080,305,2026-01-01,2013,16,23,1,2026-01-27,Healthy
5081,305,2026-02-01,2588,17,28,2,2026-02-26,Healthy
5082,305,2026-03-01,2419,24,35,1,2026-03-30,Healthy
5083,305,2026-04-01,2353,30,48,0,2026-04-27,Healthy
5084,305,2026-05-01,2542,17,40,1,2026-05-29,Healthy
5085,305,2026-06-01,3789,24,39,0,2026-06-29,Healthy
5086,306,2024-09-01,130,17,28,0,2024-09-28,Healthy
5087,306,2024-10-01,207,18,35,2,2024-10-30,Healthy
5088,306,2024-11-01,133,24,47,0,2024-11-25,Healthy
5089,306,2024-12-01,217,25,48,1,2024-12-27,Healthy
5090,306,2025-01-01,134,16,44,1,2025-01-29,Healthy
5091,306,2025-02-01,161,22,47,0,2025-02-23,Healthy
5092,306,2025-03-01,131,21,50,2,2025-03-27,Healthy
5093,306,2025-04-01,205,22,36,2,2025-04-30,Healthy
5094,306,2025-05-01,109,8,16,2,2025-05-21,At Risk
5095,306,2025-06-01,16,2,1,3,2025-06-08,Critical
5096,306,2025-07-01,41,0,7,5,2025-07-02,Critical
5097,306,2025-08-01,23,3,7,5,2025-08-01,Critical
5098,306,2025-09-01,85,11,8,5,2025-09-22,At Risk
5099,306,2025-10-01,110,16,46,2,2025-10-31,Healthy
5100,306,2025-11-01,169,26,20,2,2025-11-28,Healthy
5101,306,2025-12-01,145,21,24,2,2025-12-31,Healthy
5102,306,2026-01-01,180,16,26,1,2026-01-28,Healthy
5103,306,2026-02-01,218,16,47,0,2026-02-25,Healthy
5104,306,2026-03-01,182,23,49,1,2026-03-30,Healthy
5105,306,2026-04-01,178,30,34,0,2026-04-29,Healthy
5106,306,2026-05-01,189,20,21,0,2026-05-28,Healthy
5107,306,2026-06-01,45,9,14,4,2026-06-24,At Risk
5108,307,2024-10-01,44,14,15,5,2024-10-17,At Risk
5109,307,2024-11-01,64,14,19,4,2024-11-19,At Risk
5110,307,2024-12-01,198,24,46,1,2024-12-28,Healthy
5111,307,2025-01-01,45,5,13,4,2025-01-17,At Risk
5112,307,2025-02-01,199,25,36,2,2025-02-26,Healthy
5113,307,2025-03-01,204,18,39,1,2025-03-26,Healthy
5114,307,2025-04-01,134,25,35,0,2025-04-28,Healthy
5115,307,2025-05-01,127,27,32,0,2025-05-29,Healthy
5116,307,2025-06-01,179,26,50,2,2025-06-26,Healthy
5117,307,2025-07-01,138,26,41,0,2025-07-26,Healthy
5118,307,2025-08-01,185,21,34,0,2025-08-31,Healthy
5119,307,2025-09-01,192,19,47,2,2025-09-26,Healthy
5120,307,2025-10-01,193,24,34,2,2025-10-31,Healthy
5121,307,2025-11-01,129,21,32,2,2025-11-28,Healthy
5122,307,2025-12-01,191,24,25,0,2025-12-29,Healthy
5123,307,2026-01-01,69,12,19,5,2026-01-22,At Risk
5124,307,2026-02-01,101,6,12,1,2026-02-16,At Risk
5125,307,2026-03-01,62,11,12,3,2026-03-21,At Risk
5126,307,2026-04-01,110,12,8,4,2026-04-21,At Risk
5127,307,2026-05-01,50,10,8,5,2026-05-23,At Risk
5128,307,2026-06-01,114,27,30,1,2026-06-29,Healthy
5129,308,2026-02-01,74,22,45,1,2026-02-23,Healthy
5130,308,2026-03-01,34,14,16,1,2026-03-24,At Risk
5131,308,2026-04-01,94,16,47,2,2026-04-30,Healthy
5132,308,2026-05-01,106,16,33,2,2026-05-30,Healthy
5133,308,2026-06-01,91,29,25,1,2026-06-25,Healthy
5134,309,2024-04-01,214,17,38,2,2024-04-27,Healthy
5135,309,2024-05-01,120,17,21,0,2024-05-26,Healthy
5136,309,2024-06-01,188,15,31,0,2024-06-28,Healthy
5137,309,2024-07-01,202,20,24,2,2024-07-29,Healthy
5138,309,2024-08-01,124,23,22,1,2024-08-26,Healthy
5139,309,2024-09-01,212,18,45,1,2024-09-28,Healthy
5140,309,2024-10-01,160,30,48,0,2024-10-26,Healthy
5141,309,2024-11-01,182,15,36,2,2024-11-26,Healthy
5142,309,2024-12-01,212,17,34,1,2024-12-28,Healthy
5143,309,2025-01-01,95,10,16,3,2025-01-21,At Risk
5144,309,2025-02-01,62,7,10,1,2025-02-21,At Risk
5145,309,2025-03-01,182,16,45,1,2025-03-30,Healthy
5146,309,2025-04-01,121,20,33,1,2025-04-27,Healthy
5147,309,2025-05-01,117,20,39,0,2025-05-28,Healthy
5148,309,2025-06-01,104,5,8,2,2025-06-17,At Risk
5149,309,2025-07-01,37,2,2,4,2025-07-07,Critical
5150,309,2025-08-01,64,6,14,1,2025-08-17,At Risk
5151,309,2025-09-01,39,1,3,4,2025-09-05,Critical
5152,309,2025-10-01,37,3,6,6,2025-10-14,Critical
5153,309,2025-11-01,106,8,12,2,2025-11-23,At Risk
5154,309,2025-12-01,28,3,1,3,2025-12-15,Critical
5155,309,2026-01-01,32,2,5,5,2026-01-04,Critical
5156,309,2026-02-01,25,4,7,4,2026-02-04,Critical
5157,309,2026-03-01,12,3,1,4,2026-03-14,Critical
5158,309,2026-04-01,12,4,3,4,2026-04-02,Critical
5159,309,2026-05-01,98,14,11,4,2026-05-21,At Risk
5160,309,2026-06-01,70,14,16,3,2026-06-17,At Risk
5161,310,2024-11-01,243,28,21,1,2024-11-29,Healthy
5162,310,2024-12-01,189,19,27,1,2024-12-29,Healthy
5163,310,2025-01-01,180,28,42,0,2025-01-26,Healthy
5164,310,2025-02-01,268,24,47,0,2025-02-23,Healthy
5165,310,2025-03-01,303,28,27,2,2025-03-27,Healthy
5166,310,2025-04-01,185,18,21,0,2025-04-25,Healthy
5167,310,2025-05-01,124,13,8,4,2025-05-17,At Risk
5168,310,2025-06-01,93,6,17,4,2025-06-16,At Risk
5169,310,2025-07-01,48,1,4,8,2025-07-15,Critical
5170,310,2025-08-01,125,14,9,4,2025-08-24,At Risk
5171,310,2025-09-01,210,28,38,1,2025-09-26,Healthy
5172,310,2025-10-01,133,7,15,5,2025-10-21,At Risk
5173,310,2025-11-01,111,14,8,5,2025-11-16,At Risk
5174,310,2025-12-01,138,7,12,5,2025-12-24,At Risk
5175,310,2026-01-01,111,10,11,2,2026-01-19,At Risk
5176,310,2026-02-01,140,5,9,5,2026-02-19,At Risk
5177,310,2026-03-01,109,12,10,3,2026-03-16,At Risk
5178,310,2026-04-01,50,3,4,8,2026-04-08,Critical
5179,310,2026-05-01,54,2,0,8,2026-05-07,Critical
5180,310,2026-06-01,199,28,22,2,2026-06-27,Healthy
5181,311,2025-05-01,44,0,5,4,2025-05-03,Critical
5182,311,2025-06-01,43,0,2,4,2025-06-11,Critical
5183,311,2025-07-01,89,5,17,3,2025-07-24,At Risk
5184,311,2025-08-01,176,15,30,2,2025-08-31,Healthy
5185,311,2025-09-01,259,25,20,2,2025-09-28,Healthy
5186,311,2025-10-01,181,17,37,2,2025-10-27,Healthy
5187,311,2025-11-01,254,25,44,1,2025-11-25,Healthy
5188,311,2025-12-01,87,12,18,5,2025-12-20,At Risk
5189,311,2026-01-01,174,27,21,0,2026-01-29,Healthy
5190,311,2026-02-01,238,20,35,0,2026-02-24,Healthy
5191,311,2026-03-01,205,30,28,0,2026-03-27,Healthy
5192,311,2026-04-01,180,28,30,2,2026-04-29,Healthy
5193,311,2026-05-01,73,13,16,3,2026-05-16,At Risk
5194,311,2026-06-01,80,9,9,2,2026-06-19,At Risk
5195,312,2025-05-01,5,5,12,5,2025-05-23,At Risk
5196,312,2025-06-01,2,2,2,7,2025-06-11,Critical
5197,312,2025-07-01,4,11,9,1,2025-07-25,At Risk
5198,312,2025-08-01,1,3,7,4,2025-08-13,Critical
5199,312,2025-09-01,1,3,4,3,2025-08-31,Critical
5200,312,2025-10-01,2,2,5,7,2025-10-02,Critical
5201,312,2025-11-01,1,4,5,8,2025-11-11,Critical
5202,312,2025-12-01,1,0,0,3,2025-12-03,Critical
5203,312,2026-01-01,7,24,22,1,2026-01-30,Healthy
5204,312,2026-02-01,8,26,31,2,2026-02-27,Healthy
5205,312,2026-03-01,6,24,43,0,2026-03-29,Healthy
5206,312,2026-04-01,7,22,27,1,2026-04-29,Healthy
5207,312,2026-05-01,11,23,32,0,2026-05-27,Healthy
5208,312,2026-06-01,10,29,30,2,2026-06-29,Healthy
5209,313,2026-01-01,1710,30,47,1,2026-01-29,Healthy
5210,313,2026-02-01,1591,25,37,1,2026-02-28,Healthy
5211,313,2026-03-01,753,6,9,1,2026-03-19,At Risk
5212,313,2026-04-01,382,6,10,5,2026-04-23,At Risk
5213,313,2026-05-01,361,14,12,3,2026-05-18,At Risk
5214,313,2026-06-01,274,2,1,4,2026-06-09,Critical
5215,314,2025-04-01,21,20,25,2,2025-04-28,Healthy
5216,314,2025-05-01,18,30,34,2,2025-05-26,Healthy
5217,314,2025-06-01,29,19,38,1,2025-06-27,Healthy
5218,314,2025-07-01,31,29,25,0,2025-07-30,Healthy
5219,314,2025-08-01,15,13,12,2,2025-08-20,At Risk
5220,314,2025-09-01,18,16,44,0,2025-09-28,Healthy
5221,314,2025-10-01,33,25,25,0,2025-10-26,Healthy
5222,314,2025-11-01,21,21,27,2,2025-11-27,Healthy
5223,314,2025-12-01,25,15,21,0,2025-12-27,Healthy
5224,314,2026-01-01,4,0,1,4,2026-01-02,Critical
5225,314,2026-02-01,6,2,0,5,2026-02-03,Critical
5226,314,2026-03-01,15,11,9,5,2026-03-25,At Risk
5227,314,2026-04-01,16,6,16,3,2026-04-20,At Risk
5228,314,2026-05-01,14,9,15,3,2026-05-16,At Risk
5229,314,2026-06-01,12,8,15,3,2026-06-20,At Risk
5230,315,2025-04-01,26,30,45,2,2025-04-26,Healthy
5231,315,2025-05-01,18,21,24,0,2025-05-31,Healthy
5232,315,2025-06-01,25,29,48,2,2025-06-27,Healthy
5233,315,2025-07-01,16,22,27,1,2025-07-26,Healthy
5234,315,2025-08-01,21,17,23,2,2025-08-30,Healthy
5235,315,2025-09-01,12,12,14,5,2025-09-16,At Risk
5236,315,2025-10-01,1,2,6,3,2025-10-13,Critical
5237,315,2025-11-01,1,4,3,3,2025-11-02,Critical
5238,315,2025-12-01,4,0,4,5,2025-12-11,Critical
5239,315,2026-01-01,12,8,14,1,2026-01-23,At Risk
5240,315,2026-02-01,10,13,12,2,2026-02-18,At Risk
5241,315,2026-03-01,10,8,8,1,2026-03-17,At Risk
5242,315,2026-04-01,2,2,7,3,2026-04-10,Critical
5243,315,2026-05-01,7,10,18,2,2026-05-21,At Risk
5244,315,2026-06-01,1,4,6,4,2026-06-05,Critical
5245,316,2024-10-01,178,25,22,2,2024-10-31,Healthy
5246,316,2024-11-01,161,21,38,2,2024-11-29,Healthy
5247,316,2024-12-01,164,23,50,1,2024-12-30,Healthy
5248,316,2025-01-01,189,21,44,1,2025-01-29,Healthy
5249,316,2025-02-01,117,25,42,2,2025-02-24,Healthy
5250,316,2025-03-01,107,24,43,0,2025-03-28,Healthy
5251,316,2025-04-01,170,22,21,1,2025-04-27,Healthy
5252,316,2025-05-01,8,1,6,7,2025-05-13,Critical
5253,316,2025-06-01,24,2,0,6,2025-06-06,Critical
5254,316,2025-07-01,31,2,0,5,2025-07-01,Critical
5255,316,2025-08-01,22,2,3,5,2025-08-09,Critical
5256,316,2025-09-01,60,9,16,5,2025-09-20,At Risk
5257,316,2025-10-01,94,7,13,5,2025-10-23,At Risk
5258,316,2025-11-01,10,3,1,5,2025-11-04,Critical
5259,316,2025-12-01,28,3,2,5,2025-12-03,Critical
5260,316,2026-01-01,22,3,7,6,2026-01-02,Critical
5261,316,2026-02-01,49,8,8,1,2026-02-13,At Risk
5262,316,2026-03-01,127,23,32,1,2026-03-26,Healthy
5263,316,2026-04-01,109,18,40,1,2026-04-26,Healthy
5264,316,2026-05-01,54,11,12,4,2026-05-23,At Risk
5265,316,2026-06-01,40,5,13,4,2026-06-24,At Risk
5266,317,2025-05-01,51,27,29,2,2025-05-31,Healthy
5267,317,2025-06-01,48,16,34,2,2025-06-25,Healthy
5268,317,2025-07-01,59,26,45,0,2025-07-28,Healthy
5269,317,2025-08-01,54,28,40,0,2025-08-30,Healthy
5270,317,2025-09-01,54,16,41,2,2025-09-28,Healthy
5271,317,2025-10-01,46,21,37,2,2025-10-29,Healthy
5272,317,2025-11-01,46,16,39,1,2025-11-30,Healthy
5273,317,2025-12-01,46,16,28,2,2025-12-31,Healthy
5274,317,2026-01-01,65,30,25,0,2026-01-30,Healthy
5275,317,2026-02-01,52,27,29,1,2026-02-25,Healthy
5276,317,2026-03-01,32,14,12,4,2026-03-25,At Risk
5277,317,2026-04-01,24,6,11,4,2026-04-15,At Risk
5278,317,2026-05-01,15,5,17,2,2026-05-19,At Risk
5279,317,2026-06-01,15,8,14,1,2026-06-21,At Risk
5280,318,2025-02-01,4,12,16,4,2025-02-20,At Risk
5281,318,2025-03-01,7,13,15,2,2025-03-19,At Risk
5282,318,2025-04-01,7,14,19,4,2025-04-22,At Risk
5283,318,2025-05-01,8,7,19,2,2025-05-17,At Risk
5284,318,2025-06-01,4,10,14,4,2025-06-22,At Risk
5285,318,2025-07-01,8,9,11,1,2025-07-20,At Risk
5286,318,2025-08-01,2,3,5,8,2025-08-10,Critical
5287,318,2025-09-01,4,14,19,4,2025-09-23,At Risk
5288,318,2025-10-01,6,5,11,4,2025-10-21,At Risk
5289,318,2025-11-01,6,10,11,3,2025-11-15,At Risk
5290,318,2025-12-01,10,17,28,0,2025-12-31,Healthy
5291,318,2026-01-01,10,17,42,1,2026-01-30,Healthy
5292,318,2026-02-01,11,25,36,1,2026-02-28,Healthy
5293,318,2026-03-01,3,1,4,6,2026-03-05,Critical
5294,318,2026-04-01,2,4,2,7,2026-04-11,Critical
5295,318,2026-05-01,6,8,18,4,2026-05-19,At Risk
5296,318,2026-06-01,3,0,4,6,2026-06-12,Critical
5297,319,2025-05-01,15,5,9,4,2025-05-20,At Risk
5298,319,2025-06-01,38,20,46,1,2025-06-29,Healthy
5299,319,2025-07-01,49,17,47,2,2025-07-30,Healthy
5300,319,2025-08-01,14,9,17,3,2025-08-24,At Risk
5301,319,2025-09-01,21,9,11,2,2025-09-18,At Risk
5302,319,2025-10-01,15,14,17,3,2025-10-21,At Risk
5303,319,2025-11-01,17,11,9,4,2025-11-17,At Risk
5304,319,2025-12-01,10,0,3,3,2025-12-14,Critical
5305,319,2026-01-01,7,0,7,4,2026-01-10,Critical
5306,319,2026-02-01,25,12,18,1,2026-02-17,At Risk
5307,319,2026-03-01,21,6,13,1,2026-03-19,At Risk
5308,319,2026-04-01,12,6,15,5,2026-04-15,At Risk
5309,319,2026-05-01,17,14,19,1,2026-05-25,At Risk
5310,319,2026-06-01,21,9,12,4,2026-06-20,At Risk
5311,320,2026-01-01,99,15,37,0,2026-01-31,Healthy
5312,320,2026-02-01,102,15,36,2,2026-02-23,Healthy
5313,320,2026-03-01,26,14,10,4,2026-03-25,At Risk
5314,320,2026-04-01,40,14,13,1,2026-04-15,At Risk
5315,320,2026-05-01,41,13,10,1,2026-05-22,At Risk
5316,320,2026-06-01,27,9,12,2,2026-06-24,At Risk
5317,321,2024-07-01,218,19,21,1,2024-07-26,Healthy
5318,321,2024-08-01,88,7,12,2,2024-08-24,At Risk
5319,321,2024-09-01,92,9,15,4,2024-09-18,At Risk
5320,321,2024-10-01,81,5,14,1,2024-10-16,At Risk
5321,321,2024-11-01,16,2,6,3,2024-11-03,Critical
5322,321,2024-12-01,166,6,15,4,2024-12-21,At Risk
5323,321,2025-01-01,55,0,3,4,2025-01-08,Critical
5324,321,2025-02-01,26,2,5,5,2025-02-03,Critical
5325,321,2025-03-01,260,21,45,2,2025-03-30,Healthy
5326,321,2025-04-01,161,13,10,1,2025-04-22,At Risk
5327,321,2025-05-01,77,9,10,5,2025-05-25,At Risk
5328,321,2025-06-01,157,7,14,2,2025-06-17,At Risk
5329,321,2025-07-01,156,7,19,5,2025-07-20,At Risk
5330,321,2025-08-01,56,2,7,6,2025-08-13,Critical
5331,321,2025-09-01,72,8,14,5,2025-09-16,At Risk
5332,321,2025-10-01,107,13,19,3,2025-10-19,At Risk
5333,321,2025-11-01,285,20,34,1,2025-11-27,Healthy
5334,321,2025-12-01,76,14,9,1,2025-12-21,At Risk
5335,321,2026-01-01,125,13,9,2,2026-01-25,At Risk
5336,321,2026-02-01,109,14,15,2,2026-02-21,At Risk
5337,321,2026-03-01,79,9,17,4,2026-03-20,At Risk
5338,321,2026-04-01,35,1,6,8,2026-04-01,Critical
5339,321,2026-05-01,231,25,38,1,2026-05-27,Healthy
5340,321,2026-06-01,309,18,28,0,2026-06-26,Healthy
5341,322,2026-01-01,10,26,42,1,2026-01-29,Healthy
5342,322,2026-02-01,11,22,48,0,2026-02-24,Healthy
5343,322,2026-03-01,12,16,47,2,2026-03-26,Healthy
5344,322,2026-04-01,9,28,32,1,2026-04-28,Healthy
5345,322,2026-05-01,5,6,19,5,2026-05-22,At Risk
5346,322,2026-06-01,3,7,15,2,2026-06-24,At Risk
5347,323,2024-10-01,12,30,39,1,2024-10-31,Healthy
5348,323,2024-11-01,10,18,46,0,2024-11-27,Healthy
5349,323,2024-12-01,6,6,8,1,2024-12-17,At Risk
5350,323,2025-01-01,6,10,14,4,2025-01-24,At Risk
5351,323,2025-02-01,4,10,11,5,2025-02-16,At Risk
5352,323,2025-03-01,10,29,44,1,2025-03-29,Healthy
5353,323,2025-04-01,1,0,1,3,2025-04-07,Critical
5354,323,2025-05-01,1,3,5,3,2025-05-13,Critical
5355,323,2025-06-01,1,3,1,4,2025-06-05,Critical
5356,323,2025-07-01,1,2,6,5,2025-07-07,Critical
5357,323,2025-08-01,8,26,46,0,2025-08-29,Healthy
5358,323,2025-09-01,8,28,29,2,2025-09-26,Healthy
5359,323,2025-10-01,10,21,23,2,2025-10-31,Healthy
5360,323,2025-11-01,3,11,10,4,2025-11-21,At Risk
5361,323,2025-12-01,3,14,10,2,2025-12-22,At Risk
5362,323,2026-01-01,11,23,31,2,2026-01-26,Healthy
5363,323,2026-02-01,9,17,24,2,2026-02-26,Healthy
5364,323,2026-03-01,8,24,50,1,2026-03-29,Healthy
5365,323,2026-04-01,10,18,24,1,2026-04-28,Healthy
5366,323,2026-05-01,8,19,20,2,2026-05-29,Healthy
5367,323,2026-06-01,13,23,39,1,2026-06-27,Healthy
5368,324,2025-07-01,97,24,44,1,2025-07-31,Healthy
5369,324,2025-08-01,159,19,50,2,2025-08-29,Healthy
5370,324,2025-09-01,130,25,43,1,2025-09-30,Healthy
5371,324,2025-10-01,110,29,26,0,2025-10-31,Healthy
5372,324,2025-11-01,80,6,19,4,2025-11-22,At Risk
5373,324,2025-12-01,34,14,8,3,2025-12-25,At Risk
5374,324,2026-01-01,22,0,7,8,2026-01-04,Critical
5375,324,2026-02-01,17,0,4,4,2026-02-01,Critical
5376,324,2026-03-01,80,10,14,5,2026-03-18,At Risk
5377,324,2026-04-01,112,15,21,0,2026-04-27,Healthy
5378,324,2026-05-01,83,13,14,3,2026-05-24,At Risk
5379,324,2026-06-01,112,26,31,1,2026-06-27,Healthy
5380,325,2025-06-01,325,23,24,0,2025-06-28,Healthy
5381,325,2025-07-01,338,15,50,1,2025-07-26,Healthy
5382,325,2025-08-01,218,27,46,1,2025-08-29,Healthy
5383,325,2025-09-01,121,14,12,3,2025-09-22,At Risk
5384,325,2025-10-01,285,25,33,2,2025-10-29,Healthy
5385,325,2025-11-01,179,22,32,2,2025-11-30,Healthy
5386,325,2025-12-01,244,19,36,2,2025-12-26,Healthy
5387,325,2026-01-01,233,28,47,1,2026-01-28,Healthy
5388,325,2026-02-01,245,25,40,2,2026-02-28,Healthy
5389,325,2026-03-01,198,30,31,2,2026-03-26,Healthy
5390,325,2026-04-01,54,4,1,3,2026-04-14,Critical
5391,325,2026-05-01,94,11,12,5,2026-05-18,At Risk
5392,325,2026-06-01,157,8,9,3,2026-06-17,At Risk
5393,326,2025-11-01,38,1,2,5,2025-11-08,Critical
5394,326,2025-12-01,192,17,26,0,2025-12-27,Healthy
5395,326,2026-01-01,188,23,35,1,2026-01-29,Healthy
5396,326,2026-02-01,304,18,21,2,2026-02-27,Healthy
5397,326,2026-03-01,210,22,49,2,2026-03-28,Healthy
5398,326,2026-04-01,176,20,50,2,2026-04-29,Healthy
5399,326,2026-05-01,296,19,26,1,2026-05-28,Healthy
5400,326,2026-06-01,135,10,15,3,2026-06-21,At Risk
5401,327,2024-09-01,13,6,9,2,2024-09-20,At Risk
5402,327,2024-10-01,13,5,19,4,2024-10-22,At Risk
5403,327,2024-11-01,36,18,26,0,2024-11-27,Healthy
5404,327,2024-12-01,40,30,33,0,2024-12-29,Healthy
5405,327,2025-01-01,12,11,19,2,2025-01-23,At Risk
5406,327,2025-02-01,18,10,19,5,2025-02-15,At Risk
5407,327,2025-03-01,30,29,31,0,2025-03-26,Healthy
5408,327,2025-04-01,41,17,20,0,2025-04-30,Healthy
5409,327,2025-05-01,42,30,33,1,2025-05-31,Healthy
5410,327,2025-06-01,22,29,26,0,2025-06-30,Healthy
5411,327,2025-07-01,37,19,42,2,2025-07-30,Healthy
5412,327,2025-08-01,21,25,40,0,2025-08-30,Healthy
5413,327,2025-09-01,38,17,41,0,2025-09-27,Healthy
5414,327,2025-10-01,27,27,31,2,2025-10-26,Healthy
5415,327,2025-11-01,34,23,30,0,2025-11-27,Healthy
5416,327,2025-12-01,14,12,14,5,2025-12-22,At Risk
5417,327,2026-01-01,21,11,8,5,2026-01-20,At Risk
5418,327,2026-02-01,4,0,1,3,2026-02-08,Critical
5419,327,2026-03-01,25,19,23,1,2026-03-30,Healthy
5420,327,2026-04-01,30,23,28,0,2026-04-29,Healthy
5421,327,2026-05-01,25,27,31,0,2026-05-27,Healthy
5422,327,2026-06-01,30,24,24,0,2026-06-25,Healthy
5423,328,2024-03-01,155,30,28,0,2024-03-29,Healthy
5424,328,2024-04-01,157,28,41,0,2024-04-30,Healthy
5425,328,2024-05-01,246,21,26,2,2024-05-26,Healthy
5426,328,2024-06-01,150,23,45,2,2024-06-25,Healthy
5427,328,2024-07-01,130,14,18,5,2024-07-21,At Risk
5428,328,2024-08-01,218,21,44,1,2024-08-27,Healthy
5429,328,2024-09-01,146,26,34,1,2024-09-29,Healthy
5430,328,2024-10-01,281,15,30,2,2024-10-31,Healthy
5431,328,2024-11-01,279,28,39,0,2024-11-25,Healthy
5432,328,2024-12-01,206,21,43,2,2024-12-26,Healthy
5433,328,2025-01-01,276,22,37,1,2025-01-28,Healthy
5434,328,2025-02-01,168,18,40,0,2025-02-23,Healthy
5435,328,2025-03-01,201,30,38,0,2025-03-30,Healthy
5436,328,2025-04-01,257,17,46,2,2025-04-30,Healthy
5437,328,2025-05-01,246,26,48,0,2025-05-31,Healthy
5438,328,2025-06-01,225,30,33,1,2025-06-28,Healthy
5439,328,2025-07-01,213,23,28,0,2025-07-27,Healthy
5440,328,2025-08-01,59,12,8,3,2025-08-22,At Risk
5441,328,2025-09-01,34,1,6,6,2025-09-06,Critical
5442,328,2025-10-01,51,3,7,6,2025-10-10,Critical
5443,328,2025-11-01,47,2,0,4,2025-11-11,Critical
5444,328,2025-12-01,148,16,22,0,2025-12-31,Healthy
5445,328,2026-01-01,186,20,31,2,2026-01-30,Healthy
5446,328,2026-02-01,199,21,49,2,2026-02-24,Healthy
5447,328,2026-03-01,247,28,27,0,2026-03-28,Healthy
5448,328,2026-04-01,206,18,41,1,2026-04-25,Healthy
5449,328,2026-05-01,245,17,38,0,2026-05-30,Healthy
5450,328,2026-06-01,181,21,21,1,2026-06-28,Healthy
5451,329,2024-10-01,53,20,42,0,2024-10-31,Healthy
5452,329,2024-11-01,68,17,35,1,2024-11-27,Healthy
5453,329,2024-12-01,69,18,22,1,2024-12-29,Healthy
5454,329,2025-01-01,63,24,37,1,2025-01-26,Healthy
5455,329,2025-02-01,53,30,44,2,2025-02-28,Healthy
5456,329,2025-03-01,71,25,25,1,2025-03-29,Healthy
5457,329,2025-04-01,28,6,17,2,2025-04-24,At Risk
5458,329,2025-05-01,5,0,3,5,2025-05-05,Critical
5459,329,2025-06-01,8,4,0,8,2025-06-13,Critical
5460,329,2025-07-01,6,3,1,8,2025-07-08,Critical
5461,329,2025-08-01,9,2,4,3,2025-08-08,Critical
5462,329,2025-09-01,28,6,12,5,2025-09-15,At Risk
5463,329,2025-10-01,35,10,18,3,2025-10-18,At Risk
5464,329,2025-11-01,4,1,2,6,2025-11-09,Critical
5465,329,2025-12-01,18,7,12,2,2025-12-20,At Risk
5466,329,2026-01-01,34,7,8,4,2026-01-22,At Risk
5467,329,2026-02-01,25,5,8,5,2026-02-16,At Risk
5468,329,2026-03-01,14,14,8,2,2026-03-20,At Risk
5469,329,2026-04-01,26,11,18,2,2026-04-23,At Risk
5470,329,2026-05-01,55,17,37,1,2026-05-26,Healthy
5471,329,2026-06-01,31,6,9,5,2026-06-22,At Risk
5472,330,2026-01-01,470,20,35,1,2026-01-30,Healthy
5473,330,2026-02-01,386,23,38,1,2026-02-25,Healthy
5474,330,2026-03-01,576,21,32,2,2026-03-27,Healthy
5475,330,2026-04-01,408,18,47,1,2026-04-29,Healthy
5476,330,2026-05-01,563,25,33,1,2026-05-31,Healthy
5477,330,2026-06-01,566,26,25,2,2026-06-30,Healthy
5478,331,2025-10-01,8,1,4,8,2025-10-04,Critical
5479,331,2025-11-01,19,11,11,2,2025-11-16,At Risk
5480,331,2025-12-01,9,9,9,4,2025-12-17,At Risk
5481,331,2026-01-01,11,5,15,5,2026-01-19,At Risk
5482,331,2026-02-01,16,12,15,4,2026-02-22,At Risk
5483,331,2026-03-01,14,9,10,2,2026-03-21,At Risk
5484,331,2026-04-01,11,14,9,1,2026-04-22,At Risk
5485,331,2026-05-01,13,8,8,5,2026-05-23,At Risk
5486,331,2026-06-01,29,26,46,2,2026-06-29,Healthy
5487,332,2026-01-01,2846,25,35,0,2026-01-26,Healthy
5488,332,2026-02-01,2653,24,50,0,2026-02-23,Healthy
5489,332,2026-03-01,1329,5,13,1,2026-03-23,At Risk
5490,332,2026-04-01,1610,6,14,1,2026-04-23,At Risk
5491,332,2026-05-01,689,4,0,6,2026-05-13,Critical
5492,332,2026-06-01,626,0,2,5,2026-06-07,Critical
5493,333,2024-07-01,20,24,34,2,2024-07-26,Healthy
5494,333,2024-08-01,27,21,23,2,2024-08-31,Healthy
5495,333,2024-09-01,29,26,42,0,2024-09-27,Healthy
5496,333,2024-10-01,19,17,50,2,2024-10-30,Healthy
5497,333,2024-11-01,9,9,14,4,2024-11-18,At Risk
5498,333,2024-12-01,10,13,10,5,2024-12-18,At Risk
5499,333,2025-01-01,1,2,4,4,2025-01-11,Critical
5500,333,2025-02-01,14,7,16,3,2025-02-20,At Risk
5501,333,2025-03-01,24,15,26,2,2025-03-30,Healthy
5502,333,2025-04-01,26,20,30,1,2025-04-28,Healthy
5503,333,2025-05-01,3,1,7,7,2025-05-05,Critical
5504,333,2025-06-01,5,3,6,8,2025-06-13,Critical
5505,333,2025-07-01,8,13,19,4,2025-07-23,At Risk
5506,333,2025-08-01,1,4,5,8,2025-08-04,Critical
5507,333,2025-09-01,5,0,4,4,2025-09-06,Critical
5508,333,2025-10-01,5,0,2,7,2025-10-14,Critical
5509,333,2025-11-01,12,10,14,4,2025-11-16,At Risk
5510,333,2025-12-01,7,12,19,1,2025-12-23,At Risk
5511,333,2026-01-01,13,13,14,4,2026-01-25,At Risk
5512,333,2026-02-01,21,23,49,0,2026-02-28,Healthy
5513,333,2026-03-01,13,11,19,2,2026-03-20,At Risk
5514,333,2026-04-01,10,6,9,2,2026-04-15,At Risk
5515,333,2026-05-01,8,7,10,1,2026-05-16,At Risk
5516,333,2026-06-01,12,10,15,4,2026-06-22,At Risk
5517,334,2025-07-01,205,30,33,2,2025-07-27,Healthy
5518,334,2025-08-01,251,24,48,0,2025-08-31,Healthy
5519,334,2025-09-01,186,23,20,1,2025-09-26,Healthy
5520,334,2025-10-01,342,25,24,1,2025-10-29,Healthy
5521,334,2025-11-01,336,18,50,1,2025-11-29,Healthy
5522,334,2025-12-01,339,29,34,2,2025-12-26,Healthy
5523,334,2026-01-01,329,17,42,0,2026-01-31,Healthy
5524,334,2026-02-01,78,13,13,4,2026-02-16,At Risk
5525,334,2026-03-01,154,6,16,4,2026-03-23,At Risk
5526,334,2026-04-01,225,25,23,2,2026-04-30,Healthy
5527,334,2026-05-01,196,27,42,0,2026-05-28,Healthy
5528,334,2026-06-01,239,28,26,1,2026-06-26,Healthy
5529,335,2025-01-01,97,17,28,0,2025-01-30,Healthy
5530,335,2025-02-01,110,16,40,2,2025-02-26,Healthy
5531,335,2025-03-01,137,16,38,0,2025-03-29,Healthy
5532,335,2025-04-01,124,26,26,2,2025-04-28,Healthy
5533,335,2025-05-01,141,23,22,2,2025-05-29,Healthy
5534,335,2025-06-01,104,22,28,2,2025-06-29,Healthy
5535,335,2025-07-01,134,21,47,1,2025-07-31,Healthy
5536,335,2025-08-01,155,24,36,0,2025-08-27,Healthy
5537,335,2025-09-01,80,13,13,4,2025-09-23,At Risk
5538,335,2025-10-01,51,9,10,4,2025-10-21,At Risk
5539,335,2025-11-01,158,30,43,2,2025-11-28,Healthy
5540,335,2025-12-01,148,24,49,1,2025-12-30,Healthy
5541,335,2026-01-01,131,19,48,1,2026-01-26,Healthy
5542,335,2026-02-01,131,21,22,2,2026-02-25,Healthy
5543,335,2026-03-01,65,6,18,2,2026-03-23,At Risk
5544,335,2026-04-01,25,0,4,8,2026-04-05,Critical
5545,335,2026-05-01,57,8,18,3,2026-05-18,At Risk
5546,335,2026-06-01,77,8,12,2,2026-06-24,At Risk
5547,336,2024-07-01,63,29,45,0,2024-07-30,Healthy
5548,336,2024-08-01,54,21,29,1,2024-08-26,Healthy
5549,336,2024-09-01,62,25,39,0,2024-09-28,Healthy
5550,336,2024-10-01,42,22,44,2,2024-10-31,Healthy
5551,336,2024-11-01,14,10,19,1,2024-11-18,At Risk
5552,336,2024-12-01,19,7,19,2,2024-12-22,At Risk
5553,336,2025-01-01,28,7,19,3,2025-01-21,At Risk
5554,336,2025-02-01,13,2,1,7,2025-02-01,Critical
5555,336,2025-03-01,6,1,6,4,2025-03-01,Critical
5556,336,2025-04-01,7,3,1,4,2025-04-09,Critical
5557,336,2025-05-01,23,7,18,1,2025-05-22,At Risk
5558,336,2025-06-01,57,28,29,2,2025-06-27,Healthy
5559,336,2025-07-01,54,29,24,2,2025-07-29,Healthy
5560,336,2025-08-01,63,25,40,0,2025-08-26,Healthy
5561,336,2025-09-01,8,1,6,4,2025-09-12,Critical
5562,336,2025-10-01,7,1,3,3,2025-10-02,Critical
5563,336,2025-11-01,11,3,5,7,2025-11-11,Critical
5564,336,2025-12-01,12,1,5,4,2025-12-13,Critical
5565,336,2026-01-01,23,9,12,4,2026-01-22,At Risk
5566,336,2026-02-01,2,0,1,4,2026-01-31,Critical
5567,336,2026-03-01,6,0,2,3,2026-03-12,Critical
5568,336,2026-04-01,17,13,18,3,2026-04-23,At Risk
5569,336,2026-05-01,11,0,2,6,2026-05-06,Critical
5570,336,2026-06-01,10,3,6,6,2026-06-11,Critical
5571,337,2025-03-01,15,14,18,3,2025-03-17,At Risk
5572,337,2025-04-01,30,16,24,2,2025-04-27,Healthy
5573,337,2025-05-01,29,15,30,0,2025-05-27,Healthy
5574,337,2025-06-01,21,25,47,0,2025-06-25,Healthy
5575,337,2025-07-01,24,17,44,0,2025-07-26,Healthy
5576,337,2025-08-01,31,21,40,2,2025-08-26,Healthy
5577,337,2025-09-01,10,5,16,5,2025-09-19,At Risk
5578,337,2025-10-01,13,9,15,1,2025-10-20,At Risk
5579,337,2025-11-01,19,5,8,4,2025-11-24,At Risk
5580,337,2025-12-01,16,7,15,2,2025-12-19,At Risk
5581,337,2026-01-01,7,14,8,4,2026-01-23,At Risk
5582,337,2026-02-01,10,11,15,5,2026-02-21,At Risk
5583,337,2026-03-01,11,9,8,3,2026-03-18,At Risk
5584,337,2026-04-01,25,27,34,2,2026-04-26,Healthy
5585,337,2026-05-01,17,10,17,2,2026-05-16,At Risk
5586,337,2026-06-01,11,8,12,2,2026-06-22,At Risk
5587,338,2025-03-01,1319,21,20,2,2025-03-31,Healthy
5588,338,2025-04-01,1603,27,42,0,2025-04-28,Healthy
5589,338,2025-05-01,2216,23,28,0,2025-05-26,Healthy
5590,338,2025-06-01,1171,21,21,0,2025-06-27,Healthy
5591,338,2025-07-01,1379,26,38,0,2025-07-28,Healthy
5592,338,2025-08-01,1819,27,22,2,2025-08-27,Healthy
5593,338,2025-09-01,1355,30,38,0,2025-09-29,Healthy
5594,338,2025-10-01,799,5,8,4,2025-10-18,At Risk
5595,338,2025-11-01,574,11,18,4,2025-11-21,At Risk
5596,338,2025-12-01,1362,21,39,2,2025-12-29,Healthy
5597,338,2026-01-01,537,9,8,5,2026-01-16,At Risk
5598,338,2026-02-01,1953,27,20,2,2026-02-28,Healthy
5599,338,2026-03-01,1508,21,20,2,2026-03-29,Healthy
5600,338,2026-04-01,1415,18,43,1,2026-04-28,Healthy
5601,338,2026-05-01,2193,25,40,1,2026-05-26,Healthy
5602,338,2026-06-01,1737,16,47,2,2026-06-26,Healthy
5603,339,2025-06-01,32,29,26,1,2025-06-25,Healthy
5604,339,2025-07-01,17,30,29,0,2025-07-27,Healthy
5605,339,2025-08-01,19,28,32,1,2025-08-26,Healthy
5606,339,2025-09-01,5,4,2,6,2025-09-10,Critical
5607,339,2025-10-01,8,11,11,4,2025-10-17,At Risk
5608,339,2025-11-01,7,12,16,5,2025-11-17,At Risk
5609,339,2025-12-01,8,14,8,3,2025-12-20,At Risk
5610,339,2026-01-01,3,3,2,3,2026-01-12,Critical
5611,339,2026-02-01,15,11,18,5,2026-02-15,At Risk
5612,339,2026-03-01,16,8,14,4,2026-03-17,At Risk
5613,339,2026-04-01,2,0,3,8,2026-04-07,Critical
5614,339,2026-05-01,4,2,3,6,2026-05-11,Critical
5615,339,2026-06-01,3,2,6,4,2026-06-07,Critical
5616,340,2025-08-01,198,30,31,2,2025-08-27,Healthy
5617,340,2025-09-01,330,29,44,1,2025-09-27,Healthy
5618,340,2025-10-01,169,24,44,1,2025-10-28,Healthy
5619,340,2025-11-01,288,20,21,2,2025-11-25,Healthy
5620,340,2025-12-01,114,10,18,3,2025-12-22,At Risk
5621,340,2026-01-01,30,3,6,3,2026-01-08,Critical
5622,340,2026-02-01,156,6,17,5,2026-02-15,At Risk
5623,340,2026-03-01,252,28,45,0,2026-03-27,Healthy
5624,340,2026-04-01,165,10,19,4,2026-04-23,At Risk
5625,340,2026-05-01,48,4,3,8,2026-05-07,Critical
5626,340,2026-06-01,55,2,7,8,2026-06-11,Critical
5627,341,2025-12-01,1993,20,40,0,2025-12-31,Healthy
5628,341,2026-01-01,2996,30,50,2,2026-01-31,Healthy
5629,341,2026-02-01,3284,20,31,1,2026-02-27,Healthy
5630,341,2026-03-01,3190,17,40,1,2026-03-29,Healthy
5631,341,2026-04-01,1893,23,46,0,2026-04-30,Healthy
5632,341,2026-05-01,3395,24,31,1,2026-05-30,Healthy
5633,341,2026-06-01,2981,17,48,1,2026-06-27,Healthy
5634,342,2024-12-01,8,1,6,6,2024-12-09,Critical
5635,342,2025-01-01,188,26,49,2,2025-01-27,Healthy
5636,342,2025-02-01,74,14,19,3,2025-02-18,At Risk
5637,342,2025-03-01,66,9,11,2,2025-03-18,At Risk
5638,342,2025-04-01,68,9,12,2,2025-04-20,At Risk
5639,342,2025-05-01,100,19,45,2,2025-05-27,Healthy
5640,342,2025-06-01,132,28,41,1,2025-06-26,Healthy
5641,342,2025-07-01,13,4,2,7,2025-07-01,Critical
5642,342,2025-08-01,68,12,9,2,2025-08-16,At Risk
5643,342,2025-09-01,50,8,13,5,2025-09-24,At Risk
5644,342,2025-10-01,45,14,16,3,2025-10-17,At Risk
5645,342,2025-11-01,134,18,36,1,2025-11-28,Healthy
5646,342,2025-12-01,91,5,10,5,2025-12-19,At Risk
5647,342,2026-01-01,71,8,12,4,2026-01-20,At Risk
5648,342,2026-02-01,31,2,5,3,2026-02-03,Critical
5649,342,2026-03-01,23,0,2,6,2026-03-12,Critical
5650,342,2026-04-01,17,1,7,6,2026-04-06,Critical
5651,342,2026-05-01,55,8,17,5,2026-05-20,At Risk
5652,342,2026-06-01,83,11,9,5,2026-06-15,At Risk
5653,343,2025-01-01,39,18,23,0,2025-01-31,Healthy
5654,343,2025-02-01,11,4,7,5,2025-02-05,Critical
5655,343,2025-03-01,28,9,11,1,2025-03-24,At Risk
5656,343,2025-04-01,24,7,8,1,2025-04-15,At Risk
5657,343,2025-05-01,24,13,18,5,2025-05-25,At Risk
5658,343,2025-06-01,39,29,20,0,2025-06-25,Healthy
5659,343,2025-07-01,39,21,50,1,2025-07-30,Healthy
5660,343,2025-08-01,42,16,23,0,2025-08-28,Healthy
5661,343,2025-09-01,15,12,19,4,2025-09-18,At Risk
5662,343,2025-10-01,45,28,30,0,2025-10-29,Healthy
5663,343,2025-11-01,41,28,23,2,2025-11-29,Healthy
5664,343,2025-12-01,6,2,2,5,2025-12-15,Critical
5665,343,2026-01-01,2,4,2,5,2026-01-02,Critical
5666,343,2026-02-01,46,18,44,1,2026-02-24,Healthy
5667,343,2026-03-01,35,24,49,1,2026-03-30,Healthy
5668,343,2026-04-01,36,23,22,1,2026-04-30,Healthy
5669,343,2026-05-01,36,17,48,2,2026-05-28,Healthy
5670,343,2026-06-01,23,12,15,2,2026-06-22,At Risk
5671,344,2024-03-01,35,29,47,1,2024-03-29,Healthy
5672,344,2024-04-01,23,16,20,1,2024-04-29,Healthy
5673,344,2024-05-01,35,24,35,0,2024-05-28,Healthy
5674,344,2024-06-01,17,10,8,4,2024-06-16,At Risk
5675,344,2024-07-01,17,7,18,3,2024-07-21,At Risk
5676,344,2024-08-01,26,21,34,0,2024-08-28,Healthy
5677,344,2024-09-01,29,25,40,1,2024-09-28,Healthy
5678,344,2024-10-01,14,8,15,2,2024-10-21,At Risk
5679,344,2024-11-01,37,19,50,2,2024-11-29,Healthy
5680,344,2024-12-01,45,30,43,1,2024-12-31,Healthy
5681,344,2025-01-01,19,8,13,3,2025-01-20,At Risk
5682,344,2025-02-01,16,12,19,1,2025-02-14,At Risk
5683,344,2025-03-01,11,12,15,4,2025-03-17,At Risk
5684,344,2025-04-01,46,30,40,0,2025-04-29,Healthy
5685,344,2025-05-01,38,18,50,0,2025-05-31,Healthy
5686,344,2025-06-01,9,12,8,5,2025-06-17,At Risk
5687,344,2025-07-01,19,6,12,4,2025-07-18,At Risk
5688,344,2025-08-01,5,0,1,7,2025-08-03,Critical
5689,344,2025-09-01,5,3,1,7,2025-09-04,Critical
5690,344,2025-10-01,1,2,0,3,2025-10-13,Critical
5691,344,2025-11-01,39,24,44,0,2025-11-25,Healthy
5692,344,2025-12-01,33,26,44,0,2025-12-29,Healthy
5693,344,2026-01-01,22,5,15,5,2026-01-17,At Risk
5694,344,2026-02-01,13,13,13,3,2026-02-15,At Risk
5695,344,2026-03-01,22,6,15,1,2026-03-25,At Risk
5696,344,2026-04-01,18,10,17,2,2026-04-17,At Risk
5697,344,2026-05-01,13,11,19,5,2026-05-16,At Risk
5698,344,2026-06-01,33,27,50,1,2026-06-27,Healthy
5699,345,2025-04-01,432,22,21,1,2025-04-25,Healthy
5700,345,2025-05-01,240,6,10,4,2025-05-22,At Risk
5701,345,2025-06-01,211,10,19,3,2025-06-15,At Risk
5702,345,2025-07-01,317,10,13,4,2025-07-23,At Risk
5703,345,2025-08-01,46,3,5,5,2025-08-05,Critical
5704,345,2025-09-01,47,2,2,3,2025-09-10,Critical
5705,345,2025-10-01,70,3,3,4,2025-10-04,Critical
5706,345,2025-11-01,122,1,6,4,2025-11-07,Critical
5707,345,2025-12-01,526,28,50,2,2025-12-31,Healthy
5708,345,2026-01-01,473,23,28,1,2026-01-29,Healthy
5709,345,2026-02-01,689,21,41,1,2026-02-23,Healthy
5710,345,2026-03-01,61,1,2,5,2026-03-15,Critical
5711,345,2026-04-01,284,6,11,3,2026-04-20,At Risk
5712,345,2026-05-01,554,20,33,2,2026-05-29,Healthy
5713,345,2026-06-01,135,4,2,3,2026-06-01,Critical
5714,346,2025-02-01,5,1,0,8,2025-02-12,Critical
5715,346,2025-03-01,40,27,45,2,2025-03-28,Healthy
5716,346,2025-04-01,46,15,43,2,2025-04-25,Healthy
5717,346,2025-05-01,31,15,42,0,2025-05-27,Healthy
5718,346,2025-06-01,15,6,10,2,2025-06-15,At Risk
5719,346,2025-07-01,19,6,12,4,2025-07-20,At Risk
5720,346,2025-08-01,18,11,14,2,2025-08-20,At Risk
5721,346,2025-09-01,25,5,11,1,2025-09-20,At Risk
5722,346,2025-10-01,50,19,40,0,2025-10-27,Healthy
5723,346,2025-11-01,12,5,17,5,2025-11-15,At Risk
5724,346,2025-12-01,25,9,11,1,2025-12-24,At Risk
5725,346,2026-01-01,23,6,11,3,2026-01-21,At Risk
5726,346,2026-02-01,19,11,11,3,2026-02-18,At Risk
5727,346,2026-03-01,36,28,49,1,2026-03-27,Healthy
5728,346,2026-04-01,33,26,25,2,2026-04-29,Healthy
5729,346,2026-05-01,51,29,47,1,2026-05-27,Healthy
5730,346,2026-06-01,30,29,32,2,2026-06-25,Healthy
5731,347,2024-07-01,27,18,31,2,2024-07-26,Healthy
5732,347,2024-08-01,24,30,32,2,2024-08-26,Healthy
5733,347,2024-09-01,24,27,27,1,2024-09-26,Healthy
5734,347,2024-10-01,1,1,2,7,2024-10-08,Critical
5735,347,2024-11-01,11,13,14,5,2024-11-20,At Risk
5736,347,2024-12-01,27,26,42,0,2024-12-26,Healthy
5737,347,2025-01-01,17,16,38,0,2025-01-28,Healthy
5738,347,2025-02-01,26,18,26,2,2025-02-24,Healthy
5739,347,2025-03-01,17,20,43,1,2025-03-29,Healthy
5740,347,2025-04-01,17,18,20,2,2025-04-30,Healthy
5741,347,2025-05-01,14,23,42,2,2025-05-28,Healthy
5742,347,2025-06-01,23,28,41,1,2025-06-28,Healthy
5743,347,2025-07-01,12,13,15,3,2025-07-22,At Risk
5744,347,2025-08-01,6,14,11,1,2025-08-16,At Risk
5745,347,2025-09-01,6,13,12,2,2025-09-21,At Risk
5746,347,2025-10-01,13,9,10,5,2025-10-24,At Risk
5747,347,2025-11-01,16,17,30,2,2025-11-29,Healthy
5748,347,2025-12-01,21,17,30,2,2025-12-29,Healthy
5749,347,2026-01-01,26,29,25,2,2026-01-26,Healthy
5750,347,2026-02-01,24,24,44,1,2026-02-23,Healthy
5751,347,2026-03-01,8,5,17,4,2026-03-16,At Risk
5752,347,2026-04-01,13,12,9,2,2026-04-22,At Risk
5753,347,2026-05-01,25,27,33,1,2026-05-26,Healthy
5754,347,2026-06-01,29,18,25,1,2026-06-26,Healthy
5755,348,2025-04-01,39,19,41,0,2025-04-26,Healthy
5756,348,2025-05-01,26,28,49,2,2025-05-26,Healthy
5757,348,2025-06-01,36,27,37,1,2025-06-26,Healthy
5758,348,2025-07-01,19,9,16,4,2025-07-20,At Risk
5759,348,2025-08-01,18,6,16,1,2025-08-16,At Risk
5760,348,2025-09-01,20,7,14,5,2025-09-16,At Risk
5761,348,2025-10-01,39,22,30,2,2025-10-30,Healthy
5762,348,2025-11-01,39,16,36,0,2025-11-30,Healthy
5763,348,2025-12-01,36,25,30,1,2025-12-28,Healthy
5764,348,2026-01-01,48,22,41,2,2026-01-26,Healthy
5765,348,2026-02-01,48,22,45,0,2026-02-25,Healthy
5766,348,2026-03-01,42,21,27,1,2026-03-26,Healthy
5767,348,2026-04-01,40,18,45,0,2026-04-26,Healthy
5768,348,2026-05-01,2,3,5,8,2026-05-06,Critical
5769,348,2026-06-01,12,13,19,5,2026-06-17,At Risk
5770,349,2025-03-01,56,15,40,2,2025-03-27,Healthy
5771,349,2025-04-01,60,17,47,0,2025-04-27,Healthy
5772,349,2025-05-01,56,17,42,1,2025-05-27,Healthy
5773,349,2025-06-01,44,20,21,2,2025-06-25,Healthy
5774,349,2025-07-01,30,10,18,2,2025-07-17,At Risk
5775,349,2025-08-01,7,0,2,4,2025-08-13,Critical
5776,349,2025-09-01,14,10,9,1,2025-09-18,At Risk
5777,349,2025-10-01,47,15,37,1,2025-10-28,Healthy
5778,349,2025-11-01,52,16,35,2,2025-11-26,Healthy
5779,349,2025-12-01,36,25,37,2,2025-12-28,Healthy
5780,349,2026-01-01,25,6,13,3,2026-01-19,At Risk
5781,349,2026-02-01,32,14,13,3,2026-02-22,At Risk
5782,349,2026-03-01,32,11,13,4,2026-03-24,At Risk
5783,349,2026-04-01,25,11,18,5,2026-04-20,At Risk
5784,349,2026-05-01,30,8,19,4,2026-05-16,At Risk
5785,349,2026-06-01,32,12,16,5,2026-06-22,At Risk
5786,350,2024-09-01,67,8,18,1,2024-09-20,At Risk
5787,350,2024-10-01,23,4,4,3,2024-10-03,Critical
5788,350,2024-11-01,69,12,15,1,2024-11-17,At Risk
5789,350,2024-12-01,107,10,9,2,2024-12-19,At Risk
5790,350,2025-01-01,37,2,4,6,2025-01-03,Critical
5791,350,2025-02-01,29,2,5,4,2025-02-06,Critical
5792,350,2025-03-01,37,3,5,4,2025-03-07,Critical
5793,350,2025-04-01,37,3,7,5,2025-03-31,Critical
5794,350,2025-05-01,11,3,4,4,2025-05-12,Critical
5795,350,2025-06-01,97,6,19,2,2025-06-20,At Risk
5796,350,2025-07-01,47,10,9,1,2025-07-16,At Risk
5797,350,2025-08-01,133,22,23,1,2025-08-28,Healthy
5798,350,2025-09-01,162,24,50,0,2025-09-25,Healthy
5799,350,2025-10-01,176,21,22,1,2025-10-27,Healthy
5800,350,2025-11-01,41,8,11,5,2025-11-24,At Risk
5801,350,2025-12-01,117,15,33,1,2025-12-27,Healthy
5802,350,2026-01-01,185,17,23,1,2026-01-29,Healthy
5803,350,2026-02-01,206,19,21,0,2026-02-25,Healthy
5804,350,2026-03-01,202,26,38,1,2026-03-28,Healthy
5805,350,2026-04-01,212,26,21,0,2026-04-28,Healthy
5806,350,2026-05-01,189,26,25,0,2026-05-27,Healthy
5807,350,2026-06-01,209,19,33,2,2026-06-26,Healthy
5808,351,2025-12-01,29,30,21,1,2025-12-30,Healthy
5809,351,2026-01-01,16,29,44,2,2026-01-27,Healthy
5810,351,2026-02-01,25,22,48,1,2026-02-28,Healthy
5811,351,2026-03-01,11,12,8,3,2026-03-23,At Risk
5812,351,2026-04-01,1,0,6,8,2026-04-13,Critical
5813,351,2026-05-01,13,14,8,2,2026-05-17,At Risk
5814,351,2026-06-01,5,1,2,3,2026-06-03,Critical
5815,352,2024-07-01,237,28,27,0,2024-07-28,Healthy
5816,352,2024-08-01,272,18,49,1,2024-08-30,Healthy
5817,352,2024-09-01,197,23,43,2,2024-09-29,Healthy
5818,352,2024-10-01,9,4,0,6,2024-10-11,Critical
5819,352,2024-11-01,85,5,13,1,2024-11-22,At Risk
5820,352,2024-12-01,120,9,18,1,2024-12-18,At Risk
5821,352,2025-01-01,208,15,38,2,2025-01-26,Healthy
5822,352,2025-02-01,60,13,14,1,2025-02-20,At Risk
5823,352,2025-03-01,101,11,10,1,2025-03-23,At Risk
5824,352,2025-04-01,280,22,32,1,2025-04-30,Healthy
5825,352,2025-05-01,184,23,40,1,2025-05-31,Healthy
5826,352,2025-06-01,288,30,33,0,2025-06-26,Healthy
5827,352,2025-07-01,274,28,23,2,2025-07-29,Healthy
5828,352,2025-08-01,79,13,12,3,2025-08-17,At Risk
5829,352,2025-09-01,104,11,14,5,2025-09-21,At Risk
5830,352,2025-10-01,146,14,9,1,2025-10-19,At Risk
5831,352,2025-11-01,281,24,34,1,2025-11-28,Healthy
5832,352,2025-12-01,164,29,41,1,2025-12-26,Healthy
5833,352,2026-01-01,163,20,29,0,2026-01-28,Healthy
5834,352,2026-02-01,261,30,50,2,2026-02-23,Healthy
5835,352,2026-03-01,139,11,12,4,2026-03-16,At Risk
5836,352,2026-04-01,79,7,14,3,2026-04-16,At Risk
5837,352,2026-05-01,307,20,28,1,2026-05-29,Healthy
5838,352,2026-06-01,208,22,31,2,2026-06-25,Healthy
5839,353,2024-09-01,267,15,42,0,2024-09-26,Healthy
5840,353,2024-10-01,214,16,28,0,2024-10-26,Healthy
5841,353,2024-11-01,136,9,10,1,2024-11-16,At Risk
5842,353,2024-12-01,91,12,16,2,2024-12-25,At Risk
5843,353,2025-01-01,113,10,19,3,2025-01-19,At Risk
5844,353,2025-02-01,104,6,16,2,2025-02-19,At Risk
5845,353,2025-03-01,154,13,18,1,2025-03-23,At Risk
5846,353,2025-04-01,78,6,9,3,2025-04-19,At Risk
5847,353,2025-05-01,268,20,50,1,2025-05-30,Healthy
5848,353,2025-06-01,270,27,20,1,2025-06-25,Healthy
5849,353,2025-07-01,280,19,30,2,2025-07-28,Healthy
5850,353,2025-08-01,60,1,4,3,2025-08-02,Critical
5851,353,2025-09-01,229,17,47,1,2025-09-26,Healthy
5852,353,2025-10-01,204,18,45,2,2025-10-31,Healthy
5853,353,2025-11-01,181,21,49,2,2025-11-26,Healthy
5854,353,2025-12-01,311,27,48,1,2025-12-29,Healthy
5855,353,2026-01-01,240,26,34,1,2026-01-30,Healthy
5856,353,2026-02-01,223,25,38,1,2026-02-23,Healthy
5857,353,2026-03-01,287,16,22,2,2026-03-29,Healthy
5858,353,2026-04-01,289,30,26,1,2026-04-29,Healthy
5859,353,2026-05-01,111,12,13,5,2026-05-22,At Risk
5860,353,2026-06-01,47,1,7,7,2026-06-11,Critical
5861,354,2024-12-01,67,30,45,2,2024-12-27,Healthy
5862,354,2025-01-01,60,27,25,1,2025-01-31,Healthy
5863,354,2025-02-01,71,26,27,2,2025-02-27,Healthy
5864,354,2025-03-01,57,26,37,2,2025-03-30,Healthy
5865,354,2025-04-01,75,29,50,0,2025-04-25,Healthy
5866,354,2025-05-01,50,27,38,1,2025-05-27,Healthy
5867,354,2025-06-01,34,9,14,2,2025-06-23,At Risk
5868,354,2025-07-01,26,8,9,3,2025-07-25,At Risk
5869,354,2025-08-01,71,19,20,2,2025-08-28,Healthy
5870,354,2025-09-01,29,9,10,4,2025-09-16,At Risk
5871,354,2025-10-01,14,0,1,6,2025-10-08,Critical
5872,354,2025-11-01,16,7,11,5,2025-11-17,At Risk
5873,354,2025-12-01,17,13,8,5,2025-12-16,At Risk
5874,354,2026-01-01,70,16,30,2,2026-01-28,Healthy
5875,354,2026-02-01,39,8,19,4,2026-02-22,At Risk
5876,354,2026-03-01,26,12,12,2,2026-03-23,At Risk
5877,354,2026-04-01,64,19,38,2,2026-04-28,Healthy
5878,354,2026-05-01,42,27,21,0,2026-05-30,Healthy
5879,354,2026-06-01,43,18,27,1,2026-06-29,Healthy
5880,355,2025-06-01,24,21,43,1,2025-06-26,Healthy
5881,355,2025-07-01,26,18,44,2,2025-07-31,Healthy
5882,355,2025-08-01,24,22,45,2,2025-08-30,Healthy
5883,355,2025-09-01,19,25,32,0,2025-09-27,Healthy
5884,355,2025-10-01,17,28,36,0,2025-10-29,Healthy
5885,355,2025-11-01,17,24,30,1,2025-11-29,Healthy
5886,355,2025-12-01,17,19,39,2,2025-12-31,Healthy
5887,355,2026-01-01,26,26,42,0,2026-01-29,Healthy
5888,355,2026-02-01,17,18,25,1,2026-02-26,Healthy
5889,355,2026-03-01,15,21,34,2,2026-03-27,Healthy
5890,355,2026-04-01,19,23,40,0,2026-04-25,Healthy
5891,355,2026-05-01,21,30,46,0,2026-05-29,Healthy
5892,355,2026-06-01,5,4,5,7,2026-06-09,Critical
5893,356,2025-12-01,56,25,41,2,2025-12-27,Healthy
5894,356,2026-01-01,32,25,24,1,2026-01-27,Healthy
5895,356,2026-02-01,46,24,26,2,2026-02-28,Healthy
5896,356,2026-03-01,4,2,5,5,2026-03-01,Critical
5897,356,2026-04-01,19,9,14,5,2026-04-23,At Risk
5898,356,2026-05-01,42,20,32,0,2026-05-26,Healthy
5899,356,2026-06-01,32,19,32,1,2026-06-25,Healthy
5900,357,2025-03-01,33,25,26,2,2025-03-27,Healthy
5901,357,2025-04-01,24,17,45,0,2025-04-28,Healthy
5902,357,2025-05-01,45,30,24,2,2025-05-29,Healthy
5903,357,2025-06-01,41,17,36,2,2025-06-27,Healthy
5904,357,2025-07-01,32,27,29,0,2025-07-28,Healthy
5905,357,2025-08-01,28,21,45,1,2025-08-31,Healthy
5906,357,2025-09-01,41,29,26,0,2025-09-27,Healthy
5907,357,2025-10-01,36,18,28,0,2025-10-30,Healthy
5908,357,2025-11-01,48,29,36,1,2025-11-29,Healthy
5909,357,2025-12-01,42,27,34,2,2025-12-31,Healthy
5910,357,2026-01-01,48,26,33,0,2026-01-29,Healthy
5911,357,2026-02-01,33,17,27,0,2026-02-27,Healthy
5912,357,2026-03-01,29,16,46,2,2026-03-29,Healthy
5913,357,2026-04-01,31,27,28,2,2026-04-29,Healthy
5914,357,2026-05-01,34,23,44,1,2026-05-28,Healthy
5915,357,2026-06-01,27,18,34,0,2026-06-25,Healthy
5916,358,2025-05-01,80,13,9,1,2025-05-20,At Risk
5917,358,2025-06-01,130,14,15,4,2025-06-16,At Risk
5918,358,2025-07-01,49,4,1,7,2025-07-06,Critical
5919,358,2025-08-01,98,8,16,4,2025-08-21,At Risk
5920,358,2025-09-01,57,3,7,3,2025-09-13,Critical
5921,358,2025-10-01,152,14,10,1,2025-10-25,At Risk
5922,358,2025-11-01,365,21,41,2,2025-11-30,Healthy
5923,358,2025-12-01,309,20,48,0,2025-12-29,Healthy
5924,358,2026-01-01,265,30,23,1,2026-01-27,Healthy
5925,358,2026-02-01,245,30,21,2,2026-02-26,Healthy
5926,358,2026-03-01,180,11,8,5,2026-03-19,At Risk
5927,358,2026-04-01,73,6,18,1,2026-04-16,At Risk
5928,358,2026-05-01,37,3,6,5,2026-05-15,Critical
5929,358,2026-06-01,19,2,6,8,2026-06-13,Critical
5930,359,2025-03-01,17,28,25,2,2025-03-27,Healthy
5931,359,2025-04-01,20,22,44,0,2025-04-26,Healthy
5932,359,2025-05-01,23,25,38,2,2025-05-27,Healthy
5933,359,2025-06-01,24,24,39,0,2025-06-30,Healthy
5934,359,2025-07-01,18,17,50,0,2025-07-30,Healthy
5935,359,2025-08-01,8,7,18,5,2025-08-21,At Risk
5936,359,2025-09-01,7,11,10,1,2025-09-17,At Risk
5937,359,2025-10-01,14,6,19,4,2025-10-23,At Risk
5938,359,2025-11-01,14,11,11,4,2025-11-20,At Risk
5939,359,2025-12-01,13,9,19,3,2025-12-16,At Risk
5940,359,2026-01-01,10,13,17,3,2026-01-19,At Risk
5941,359,2026-02-01,7,9,10,2,2026-02-14,At Risk
5942,359,2026-03-01,6,9,9,4,2026-03-23,At Risk
5943,359,2026-04-01,6,7,12,5,2026-04-23,At Risk
5944,359,2026-05-01,28,24,35,2,2026-05-30,Healthy
5945,359,2026-06-01,17,27,50,2,2026-06-26,Healthy
5946,360,2024-02-01,3,3,7,5,2024-02-01,Critical
5947,360,2024-03-01,19,5,9,3,2024-03-16,At Risk
5948,360,2024-04-01,7,1,7,4,2024-04-06,Critical
5949,360,2024-05-01,2,0,0,8,2024-05-04,Critical
5950,360,2024-06-01,3,4,7,3,2024-06-13,Critical
5951,360,2024-07-01,2,4,1,6,2024-07-12,Critical
5952,360,2024-08-01,8,1,5,8,2024-08-12,Critical
5953,360,2024-09-01,7,4,0,8,2024-09-03,Critical
5954,360,2024-10-01,8,2,7,5,2024-10-03,Critical
5955,360,2024-11-01,20,11,18,3,2024-11-16,At Risk
5956,360,2024-12-01,5,1,5,7,2024-12-15,Critical
5957,360,2025-01-01,6,1,2,4,2025-01-05,Critical
5958,360,2025-02-01,16,13,12,5,2025-02-14,At Risk
5959,360,2025-03-01,22,5,14,5,2025-03-20,At Risk
5960,360,2025-04-01,12,13,19,5,2025-04-22,At Risk
5961,360,2025-05-01,20,8,19,3,2025-05-23,At Risk
5962,360,2025-06-01,14,11,12,3,2025-06-18,At Risk
5963,360,2025-07-01,25,18,38,1,2025-07-29,Healthy
5964,360,2025-08-01,7,4,6,6,2025-08-02,Critical
5965,360,2025-09-01,4,3,4,3,2025-09-08,Critical
5966,360,2025-10-01,16,7,14,5,2025-10-18,At Risk
5967,360,2025-11-01,5,1,7,4,2025-11-02,Critical
5968,360,2025-12-01,1,3,5,8,2025-12-11,Critical
5969,360,2026-01-01,6,3,2,6,2026-01-10,Critical
5970,360,2026-02-01,2,1,2,7,2026-02-03,Critical
5971,360,2026-03-01,2,0,3,6,2026-03-11,Critical
5972,360,2026-04-01,7,2,5,8,2026-04-06,Critical
5973,360,2026-05-01,11,8,8,4,2026-05-16,At Risk
5974,360,2026-06-01,30,24,47,1,2026-06-30,Healthy
5975,361,2024-05-01,9,1,0,3,2024-05-06,Critical
5976,361,2024-06-01,4,2,7,4,2024-06-10,Critical
5977,361,2024-07-01,5,3,3,7,2024-07-05,Critical
5978,361,2024-08-01,7,1,5,7,2024-08-13,Critical
5979,361,2024-09-01,25,9,16,3,2024-09-20,At Risk
5980,361,2024-10-01,44,28,33,1,2024-10-30,Healthy
5981,361,2024-11-01,46,24,48,0,2024-11-28,Healthy
5982,361,2024-12-01,59,26,32,2,2024-12-31,Healthy
5983,361,2025-01-01,45,21,29,2,2025-01-31,Healthy
5984,361,2025-02-01,38,24,27,2,2025-02-23,Healthy
5985,361,2025-03-01,64,21,48,1,2025-03-28,Healthy
5986,361,2025-04-01,52,23,21,0,2025-04-27,Healthy
5987,361,2025-05-01,36,17,42,2,2025-05-28,Healthy
5988,361,2025-06-01,50,15,35,0,2025-06-25,Healthy
5989,361,2025-07-01,23,7,11,2,2025-07-21,At Risk
5990,361,2025-08-01,24,12,8,3,2025-08-17,At Risk
5991,361,2025-09-01,34,20,47,2,2025-09-30,Healthy
5992,361,2025-10-01,40,17,35,1,2025-10-27,Healthy
5993,361,2025-11-01,48,25,33,1,2025-11-25,Healthy
5994,361,2025-12-01,57,21,46,2,2025-12-29,Healthy
5995,361,2026-01-01,41,27,43,2,2026-01-28,Healthy
5996,361,2026-02-01,55,16,28,0,2026-02-25,Healthy
5997,361,2026-03-01,48,15,29,2,2026-03-30,Healthy
5998,361,2026-04-01,26,6,13,3,2026-04-17,At Risk
5999,361,2026-05-01,64,29,23,1,2026-05-26,Healthy
6000,361,2026-06-01,57,30,38,0,2026-06-27,Healthy
6001,362,2026-02-01,1037,17,27,1,2026-02-25,Healthy
6002,362,2026-03-01,1747,16,49,1,2026-03-27,Healthy
6003,362,2026-04-01,1110,20,34,1,2026-04-25,Healthy
6004,362,2026-05-01,1903,30,21,0,2026-05-29,Healthy
6005,362,2026-06-01,1470,19,34,2,2026-06-28,Healthy
6006,363,2024-02-01,22,28,29,0,2024-02-26,Healthy
6007,363,2024-03-01,18,26,26,0,2024-03-30,Healthy
6008,363,2024-04-01,27,30,36,1,2024-04-30,Healthy
6009,363,2024-05-01,21,30,21,0,2024-05-31,Healthy
6010,363,2024-06-01,28,21,27,2,2024-06-28,Healthy
6011,363,2024-07-01,27,19,43,0,2024-07-26,Healthy
6012,363,2024-08-01,9,9,8,2,2024-08-25,At Risk
6013,363,2024-09-01,5,4,0,3,2024-09-04,Critical
6014,363,2024-10-01,13,11,9,2,2024-10-23,At Risk
6015,363,2024-11-01,25,21,25,2,2024-11-26,Healthy
6016,363,2024-12-01,33,15,49,1,2024-12-28,Healthy
6017,363,2025-01-01,11,10,14,1,2025-01-20,At Risk
6018,363,2025-02-01,4,1,2,4,2025-01-29,Critical
6019,363,2025-03-01,5,0,5,5,2025-03-02,Critical
6020,363,2025-04-01,6,1,0,4,2025-04-13,Critical
6021,363,2025-05-01,2,2,2,8,2025-05-12,Critical
6022,363,2025-06-01,4,0,1,3,2025-06-04,Critical
6023,363,2025-07-01,16,7,13,1,2025-07-24,At Risk
6024,363,2025-08-01,6,4,1,6,2025-08-01,Critical
6025,363,2025-09-01,11,10,9,4,2025-09-18,At Risk
6026,363,2025-10-01,20,19,31,1,2025-10-27,Healthy
6027,363,2025-11-01,31,15,21,2,2025-11-29,Healthy
6028,363,2025-12-01,17,24,39,0,2025-12-26,Healthy
6029,363,2026-01-01,1,4,5,6,2026-01-07,Critical
6030,363,2026-02-01,3,3,1,6,2026-02-09,Critical
6031,363,2026-03-01,20,25,47,0,2026-03-27,Healthy
6032,363,2026-04-01,22,27,28,0,2026-04-27,Healthy
6033,363,2026-05-01,20,30,39,2,2026-05-30,Healthy
6034,363,2026-06-01,28,24,26,1,2026-06-29,Healthy
6035,364,2024-05-01,13,1,1,7,2024-05-02,Critical
6036,364,2024-06-01,44,24,20,1,2024-06-27,Healthy
6037,364,2024-07-01,47,18,35,2,2024-07-28,Healthy
6038,364,2024-08-01,45,29,40,0,2024-08-28,Healthy
6039,364,2024-09-01,44,18,20,2,2024-09-27,Healthy
6040,364,2024-10-01,62,15,20,2,2024-10-29,Healthy
6041,364,2024-11-01,66,27,46,1,2024-11-30,Healthy
6042,364,2024-12-01,70,30,41,0,2024-12-28,Healthy
6043,364,2025-01-01,43,21,40,1,2025-01-29,Healthy
6044,364,2025-02-01,62,15,24,2,2025-02-26,Healthy
6045,364,2025-03-01,40,25,23,1,2025-03-29,Healthy
6046,364,2025-04-01,61,28,35,2,2025-04-30,Healthy
6047,364,2025-05-01,41,21,35,2,2025-05-29,Healthy
6048,364,2025-06-01,69,20,30,0,2025-06-28,Healthy
6049,364,2025-07-01,61,30,25,0,2025-07-28,Healthy
6050,364,2025-08-01,30,10,12,2,2025-08-19,At Risk
6051,364,2025-09-01,26,9,13,1,2025-09-20,At Risk
6052,364,2025-10-01,36,8,10,5,2025-10-24,At Risk
6053,364,2025-11-01,12,1,3,5,2025-11-10,Critical
6054,364,2025-12-01,28,11,16,4,2025-12-24,At Risk
6055,364,2026-01-01,76,16,27,1,2026-01-26,Healthy
6056,364,2026-02-01,51,21,49,1,2026-02-28,Healthy
6057,364,2026-03-01,73,29,34,0,2026-03-29,Healthy
6058,364,2026-04-01,21,12,17,5,2026-04-20,At Risk
6059,364,2026-05-01,9,1,2,5,2026-05-01,Critical
6060,364,2026-06-01,6,1,2,7,2026-06-09,Critical
6061,365,2024-06-01,725,27,32,2,2024-06-25,Healthy
6062,365,2024-07-01,818,18,25,1,2024-07-31,Healthy
6063,365,2024-08-01,467,26,40,1,2024-08-28,Healthy
6064,365,2024-09-01,646,25,47,2,2024-09-28,Healthy
6065,365,2024-10-01,404,12,17,4,2024-10-17,At Risk
6066,365,2024-11-01,417,10,17,2,2024-11-15,At Risk
6067,365,2024-12-01,186,12,16,2,2024-12-23,At Risk
6068,365,2025-01-01,261,8,12,5,2025-01-25,At Risk
6069,365,2025-02-01,542,15,38,1,2025-02-28,Healthy
6070,365,2025-03-01,655,22,32,1,2025-03-27,Healthy
6071,365,2025-04-01,452,12,17,2,2025-04-17,At Risk
6072,365,2025-05-01,330,8,8,4,2025-05-21,At Risk
6073,365,2025-06-01,853,15,48,1,2025-06-26,Healthy
6074,365,2025-07-01,585,19,40,2,2025-07-30,Healthy
6075,365,2025-08-01,764,25,48,1,2025-08-27,Healthy
6076,365,2025-09-01,519,29,38,2,2025-09-29,Healthy
6077,365,2025-10-01,464,30,30,0,2025-10-30,Healthy
6078,365,2025-11-01,896,19,43,0,2025-11-28,Healthy
6079,365,2025-12-01,659,24,47,2,2025-12-31,Healthy
6080,365,2026-01-01,829,22,46,1,2026-01-29,Healthy
6081,365,2026-02-01,203,14,19,3,2026-02-20,At Risk
6082,365,2026-03-01,716,22,31,0,2026-03-27,Healthy
6083,365,2026-04-01,868,27,36,1,2026-04-25,Healthy
6084,365,2026-05-01,421,5,11,2,2026-05-23,At Risk
6085,365,2026-06-01,65,1,5,8,2026-06-13,Critical
6086,366,2024-11-01,440,19,24,0,2024-11-28,Healthy
6087,366,2024-12-01,773,30,45,0,2024-12-28,Healthy
6088,366,2025-01-01,797,19,45,1,2025-01-30,Healthy
6089,366,2025-02-01,479,15,35,0,2025-02-27,Healthy
6090,366,2025-03-01,30,0,4,6,2025-03-08,Critical
6091,366,2025-04-01,139,4,7,7,2025-04-05,Critical
6092,366,2025-05-01,349,13,19,1,2025-05-17,At Risk
6093,366,2025-06-01,464,27,24,0,2025-06-27,Healthy
6094,366,2025-07-01,571,20,50,2,2025-07-28,Healthy
6095,366,2025-08-01,740,17,50,1,2025-08-29,Healthy
6096,366,2025-09-01,789,23,23,1,2025-09-29,Healthy
6097,366,2025-10-01,565,24,28,2,2025-10-27,Healthy
6098,366,2025-11-01,630,20,32,2,2025-11-25,Healthy
6099,366,2025-12-01,654,24,50,1,2025-12-27,Healthy
6100,366,2026-01-01,534,21,37,1,2026-01-31,Healthy
6101,366,2026-02-01,352,11,12,4,2026-02-19,At Risk
6102,366,2026-03-01,352,5,13,4,2026-03-22,At Risk
6103,366,2026-04-01,242,7,11,2,2026-04-20,At Risk
6104,366,2026-05-01,512,17,38,0,2026-05-26,Healthy
6105,366,2026-06-01,410,15,31,0,2026-06-27,Healthy
6106,367,2024-11-01,44,17,23,0,2024-11-30,Healthy
6107,367,2024-12-01,30,18,32,2,2024-12-27,Healthy
6108,367,2025-01-01,19,11,16,4,2025-01-17,At Risk
6109,367,2025-02-01,9,13,9,4,2025-02-20,At Risk
6110,367,2025-03-01,7,1,1,5,2025-03-13,Critical
6111,367,2025-04-01,7,2,2,4,2025-04-06,Critical
6112,367,2025-05-01,5,1,3,3,2025-05-13,Critical
6113,367,2025-06-01,3,3,4,4,2025-06-10,Critical
6114,367,2025-07-01,5,1,2,8,2025-07-03,Critical
6115,367,2025-08-01,15,6,8,4,2025-08-16,At Risk
6116,367,2025-09-01,25,18,44,2,2025-09-29,Healthy
6117,367,2025-10-01,26,24,22,2,2025-10-29,Healthy
6118,367,2025-11-01,28,28,24,0,2025-11-26,Healthy
6119,367,2025-12-01,27,21,21,1,2025-12-31,Healthy
6120,367,2026-01-01,33,22,26,1,2026-01-29,Healthy
6121,367,2026-02-01,34,27,41,1,2026-02-24,Healthy
6122,367,2026-03-01,10,5,9,1,2026-03-23,At Risk
6123,367,2026-04-01,13,14,17,5,2026-04-17,At Risk
6124,367,2026-05-01,19,11,19,1,2026-05-22,At Risk
6125,367,2026-06-01,12,8,19,2,2026-06-22,At Risk
6126,368,2025-07-01,18,16,47,2,2025-07-27,Healthy
6127,368,2025-08-01,14,16,29,2,2025-08-29,Healthy
6128,368,2025-09-01,15,16,36,1,2025-09-25,Healthy
6129,368,2025-10-01,15,15,28,1,2025-10-28,Healthy
6130,368,2025-11-01,18,23,47,1,2025-11-30,Healthy
6131,368,2025-12-01,21,19,34,2,2025-12-29,Healthy
6132,368,2026-01-01,17,26,40,1,2026-01-31,Healthy
6133,368,2026-02-01,10,8,19,3,2026-02-18,At Risk
6134,368,2026-03-01,3,3,2,7,2026-03-04,Critical
6135,368,2026-04-01,11,14,13,3,2026-04-17,At Risk
6136,368,2026-05-01,15,23,39,1,2026-05-30,Healthy
6137,368,2026-06-01,13,25,31,0,2026-06-29,Healthy
6138,369,2025-07-01,29,19,29,2,2025-07-28,Healthy
6139,369,2025-08-01,7,4,4,8,2025-08-11,Critical
6140,369,2025-09-01,1,4,6,4,2025-09-02,Critical
6141,369,2025-10-01,22,8,13,2,2025-10-18,At Risk
6142,369,2025-11-01,11,6,19,3,2025-11-23,At Risk
6143,369,2025-12-01,19,11,14,4,2025-12-17,At Risk
6144,369,2026-01-01,9,11,14,2,2026-01-16,At Risk
6145,369,2026-02-01,10,13,16,4,2026-02-19,At Risk
6146,369,2026-03-01,29,15,45,0,2026-03-27,Healthy
6147,369,2026-04-01,43,24,24,0,2026-04-29,Healthy
6148,369,2026-05-01,24,29,24,1,2026-05-27,Healthy
6149,369,2026-06-01,9,9,19,4,2026-06-24,At Risk
6150,370,2025-03-01,47,20,43,1,2025-03-30,Healthy
6151,370,2025-04-01,19,9,13,5,2025-04-21,At Risk
6152,370,2025-05-01,18,6,13,1,2025-05-24,At Risk
6153,370,2025-06-01,20,14,15,5,2025-06-20,At Risk
6154,370,2025-07-01,35,17,37,1,2025-07-29,Healthy
6155,370,2025-08-01,47,29,25,0,2025-08-30,Healthy
6156,370,2025-09-01,37,23,25,0,2025-09-28,Healthy
6157,370,2025-10-01,28,18,42,0,2025-10-30,Healthy
6158,370,2025-11-01,4,4,1,6,2025-11-08,Critical
6159,370,2025-12-01,4,1,7,6,2025-12-01,Critical
6160,370,2026-01-01,7,2,1,3,2026-01-06,Critical
6161,370,2026-02-01,49,18,32,1,2026-02-26,Healthy
6162,370,2026-03-01,26,24,46,0,2026-03-26,Healthy
6163,370,2026-04-01,33,21,41,2,2026-04-25,Healthy
6164,370,2026-05-01,28,27,35,1,2026-05-28,Healthy
6165,370,2026-06-01,41,23,38,1,2026-06-28,Healthy
6166,371,2025-10-01,1826,15,39,0,2025-10-30,Healthy
6167,371,2025-11-01,1184,29,30,0,2025-11-29,Healthy
6168,371,2025-12-01,1260,28,34,2,2025-12-31,Healthy
6169,371,2026-01-01,596,9,11,3,2026-01-23,At Risk
6170,371,2026-02-01,702,12,9,4,2026-02-16,At Risk
6171,371,2026-03-01,1064,13,14,1,2026-03-19,At Risk
6172,371,2026-04-01,1672,15,50,1,2026-04-27,Healthy
6173,371,2026-05-01,493,6,13,4,2026-05-21,At Risk
6174,371,2026-06-01,777,7,14,1,2026-06-15,At Risk
6175,372,2025-08-01,62,16,35,1,2025-08-30,Healthy
6176,372,2025-09-01,68,20,32,1,2025-09-25,Healthy
6177,372,2025-10-01,67,19,47,1,2025-10-28,Healthy
6178,372,2025-11-01,85,26,45,0,2025-11-28,Healthy
6179,372,2025-12-01,60,7,19,2,2025-12-17,At Risk
6180,372,2026-01-01,25,12,14,5,2026-01-19,At Risk
6181,372,2026-02-01,50,14,18,3,2026-02-18,At Risk
6182,372,2026-03-01,81,18,34,2,2026-03-30,Healthy
6183,372,2026-04-01,107,24,44,0,2026-04-26,Healthy
6184,372,2026-05-01,106,22,42,1,2026-05-30,Healthy
6185,372,2026-06-01,20,1,1,7,2026-06-12,Critical
6186,373,2024-08-01,72,18,39,2,2024-08-30,Healthy
6187,373,2024-09-01,64,28,37,1,2024-09-30,Healthy
6188,373,2024-10-01,53,17,41,1,2024-10-26,Healthy
6189,373,2024-11-01,59,29,39,2,2024-11-25,Healthy
6190,373,2024-12-01,45,23,49,0,2024-12-26,Healthy
6191,373,2025-01-01,20,6,17,3,2025-01-25,At Risk
6192,373,2025-02-01,36,5,14,3,2025-02-17,At Risk
6193,373,2025-03-01,47,30,48,1,2025-03-28,Healthy
6194,373,2025-04-01,68,24,23,2,2025-04-25,Healthy
6195,373,2025-05-01,63,19,45,0,2025-05-28,Healthy
6196,373,2025-06-01,55,28,42,0,2025-06-30,Healthy
6197,373,2025-07-01,54,23,22,0,2025-07-26,Healthy
6198,373,2025-08-01,22,8,8,4,2025-08-17,At Risk
6199,373,2025-09-01,52,20,45,1,2025-09-28,Healthy
6200,373,2025-10-01,61,24,22,1,2025-10-31,Healthy
6201,373,2025-11-01,72,29,35,0,2025-11-25,Healthy
6202,373,2025-12-01,66,21,47,2,2025-12-26,Healthy
6203,373,2026-01-01,55,17,30,1,2026-01-31,Healthy
6204,373,2026-02-01,34,12,14,3,2026-02-21,At Risk
6205,373,2026-03-01,33,9,12,5,2026-03-22,At Risk
6206,373,2026-04-01,4,2,7,3,2026-04-04,Critical
6207,373,2026-05-01,65,25,28,2,2026-05-26,Healthy
6208,373,2026-06-01,61,18,45,1,2026-06-25,Healthy
6209,374,2025-07-01,26,16,26,0,2025-07-27,Healthy
6210,374,2025-08-01,25,24,33,1,2025-08-27,Healthy
6211,374,2025-09-01,47,15,50,2,2025-09-27,Healthy
6212,374,2025-10-01,29,19,29,1,2025-10-29,Healthy
6213,374,2025-11-01,37,28,42,0,2025-11-26,Healthy
6214,374,2025-12-01,36,26,26,1,2025-12-28,Healthy
6215,374,2026-01-01,10,13,14,1,2026-01-16,At Risk
6216,374,2026-02-01,32,20,47,2,2026-02-25,Healthy
6217,374,2026-03-01,49,29,23,2,2026-03-31,Healthy
6218,374,2026-04-01,39,18,50,1,2026-04-30,Healthy
6219,374,2026-05-01,46,22,32,1,2026-05-29,Healthy
6220,374,2026-06-01,1,1,2,7,2026-06-09,Critical
6221,375,2024-06-01,20,6,16,4,2024-06-16,At Risk
6222,375,2024-07-01,2,1,1,4,2024-07-02,Critical
6223,375,2024-08-01,5,4,1,3,2024-08-12,Critical
6224,375,2024-09-01,6,0,4,3,2024-09-14,Critical
6225,375,2024-10-01,2,0,1,5,2024-10-12,Critical
6226,375,2024-11-01,6,2,6,7,2024-11-10,Critical
6227,375,2024-12-01,23,21,26,1,2024-12-30,Healthy
6228,375,2025-01-01,29,20,21,2,2025-01-30,Healthy
6229,375,2025-02-01,24,18,26,2,2025-02-26,Healthy
6230,375,2025-03-01,8,1,6,5,2025-03-07,Critical
6231,375,2025-04-01,16,10,10,5,2025-04-24,At Risk
6232,375,2025-05-01,9,11,17,2,2025-05-23,At Risk
6233,375,2025-06-01,3,2,1,4,2025-06-07,Critical
6234,375,2025-07-01,1,4,5,5,2025-07-04,Critical
6235,375,2025-08-01,7,0,2,5,2025-08-10,Critical
6236,375,2025-09-01,2,3,0,3,2025-09-07,Critical
6237,375,2025-10-01,4,0,4,5,2025-10-11,Critical
6238,375,2025-11-01,14,6,13,5,2025-11-15,At Risk
6239,375,2025-12-01,17,9,17,2,2025-12-21,At Risk
6240,375,2026-01-01,4,3,5,3,2026-01-07,Critical
6241,375,2026-02-01,30,26,24,1,2026-02-27,Healthy
6242,375,2026-03-01,2,4,3,3,2026-03-14,Critical
6243,375,2026-04-01,6,2,3,4,2026-03-31,Critical
6244,375,2026-05-01,8,0,2,7,2026-05-07,Critical
6245,375,2026-06-01,38,16,29,1,2026-06-26,Healthy
6246,376,2024-05-01,12,20,47,0,2024-05-29,Healthy
6247,376,2024-06-01,10,23,32,2,2024-06-30,Healthy
6248,376,2024-07-01,8,25,39,2,2024-07-26,Healthy
6249,376,2024-08-01,9,28,46,0,2024-08-31,Healthy
6250,376,2024-09-01,10,27,43,1,2024-09-27,Healthy
6251,376,2024-10-01,11,20,21,1,2024-10-28,Healthy
6252,376,2024-11-01,9,27,39,0,2024-11-26,Healthy
6253,376,2024-12-01,7,25,27,2,2024-12-26,Healthy
6254,376,2025-01-01,8,15,32,2,2025-01-30,Healthy
6255,376,2025-02-01,11,28,40,2,2025-02-23,Healthy
6256,376,2025-03-01,7,15,20,0,2025-03-26,Healthy
6257,376,2025-04-01,9,27,32,2,2025-04-29,Healthy
6258,376,2025-05-01,3,12,13,4,2025-05-18,At Risk
6259,376,2025-06-01,5,8,18,1,2025-06-20,At Risk
6260,376,2025-07-01,5,9,19,1,2025-07-22,At Risk
6261,376,2025-08-01,5,9,10,3,2025-08-24,At Risk
6262,376,2025-09-01,1,0,3,5,2025-09-12,Critical
6263,376,2025-10-01,5,12,12,3,2025-10-19,At Risk
6264,376,2025-11-01,8,27,43,2,2025-11-26,Healthy
6265,376,2025-12-01,7,29,42,1,2025-12-30,Healthy
6266,376,2026-01-01,11,15,49,2,2026-01-27,Healthy
6267,376,2026-02-01,6,27,21,0,2026-02-28,Healthy
6268,376,2026-03-01,10,28,39,1,2026-03-31,Healthy
6269,376,2026-04-01,8,20,46,1,2026-04-30,Healthy
6270,376,2026-05-01,2,11,13,1,2026-05-18,At Risk
6271,376,2026-06-01,2,0,4,8,2026-05-31,Critical
6272,377,2025-10-01,34,20,40,2,2025-10-29,Healthy
6273,377,2025-11-01,43,22,37,0,2025-11-28,Healthy
6274,377,2025-12-01,36,20,31,0,2025-12-30,Healthy
6275,377,2026-01-01,18,11,12,2,2026-01-24,At Risk
6276,377,2026-02-01,8,1,4,7,2026-02-11,Critical
6277,377,2026-03-01,20,9,11,1,2026-03-17,At Risk
6278,377,2026-04-01,9,1,6,4,2026-04-03,Critical
6279,377,2026-05-01,5,2,3,8,2026-05-11,Critical
6280,377,2026-06-01,6,1,4,7,2026-06-05,Critical
6281,378,2024-03-01,1035,13,16,4,2024-03-23,At Risk
6282,378,2024-04-01,526,5,15,2,2024-04-24,At Risk
6283,378,2024-05-01,1001,5,17,4,2024-05-18,At Risk
6284,378,2024-06-01,949,6,15,3,2024-06-21,At Risk
6285,378,2024-07-01,494,13,14,5,2024-07-16,At Risk
6286,378,2024-08-01,456,6,17,3,2024-08-25,At Risk
6287,378,2024-09-01,1010,7,14,5,2024-09-17,At Risk
6288,378,2024-10-01,280,3,6,8,2024-10-08,Critical
6289,378,2024-11-01,157,0,2,6,2024-11-01,Critical
6290,378,2024-12-01,172,1,2,8,2024-12-05,Critical
6291,378,2025-01-01,1088,9,12,4,2025-01-16,At Risk
6292,378,2025-02-01,1776,29,48,1,2025-02-27,Healthy
6293,378,2025-03-01,1080,5,9,3,2025-03-17,At Risk
6294,378,2025-04-01,1133,7,18,2,2025-04-17,At Risk
6295,378,2025-05-01,1849,29,39,1,2025-05-31,Healthy
6296,378,2025-06-01,2137,16,44,0,2025-06-26,Healthy
6297,378,2025-07-01,1806,24,29,2,2025-07-29,Healthy
6298,378,2025-08-01,308,2,6,4,2025-08-06,Critical
6299,378,2025-09-01,652,11,15,5,2025-09-19,At Risk
6300,378,2025-10-01,207,1,7,4,2025-10-02,Critical
6301,378,2025-11-01,181,1,7,4,2025-11-01,Critical
6302,378,2025-12-01,143,2,7,8,2025-12-12,Critical
6303,378,2026-01-01,200,0,3,3,2026-01-10,Critical
6304,378,2026-02-01,449,11,16,1,2026-02-14,At Risk
6305,378,2026-03-01,199,2,7,3,2026-03-07,Critical
6306,378,2026-04-01,170,4,1,4,2026-04-10,Critical
6307,378,2026-05-01,196,2,0,6,2026-05-07,Critical
6308,378,2026-06-01,261,2,7,3,2026-06-06,Critical
6309,379,2025-07-01,1657,18,31,1,2025-07-27,Healthy
6310,379,2025-08-01,477,10,19,3,2025-08-21,At Risk
6311,379,2025-09-01,937,22,43,1,2025-09-27,Healthy
6312,379,2025-10-01,1580,18,45,1,2025-10-26,Healthy
6313,379,2025-11-01,599,7,9,5,2025-11-23,At Risk
6314,379,2025-12-01,1407,15,32,1,2025-12-29,Healthy
6315,379,2026-01-01,1491,19,30,2,2026-01-27,Healthy
6316,379,2026-02-01,1698,29,26,1,2026-02-25,Healthy
6317,379,2026-03-01,671,5,8,3,2026-03-25,At Risk
6318,379,2026-04-01,664,6,14,5,2026-04-17,At Risk
6319,379,2026-05-01,565,13,9,4,2026-05-18,At Risk
6320,379,2026-06-01,674,14,15,4,2026-06-20,At Risk
6321,380,2024-12-01,753,12,14,5,2024-12-18,At Risk
6322,380,2025-01-01,1608,27,50,2,2025-01-29,Healthy
6323,380,2025-02-01,1177,22,27,1,2025-02-25,Healthy
6324,380,2025-03-01,1477,15,39,0,2025-03-27,Healthy
6325,380,2025-04-01,1791,27,31,2,2025-04-28,Healthy
6326,380,2025-05-01,1053,24,21,0,2025-05-28,Healthy
6327,380,2025-06-01,1729,24,23,2,2025-06-27,Healthy
6328,380,2025-07-01,483,13,13,3,2025-07-18,At Risk
6329,380,2025-08-01,506,11,18,3,2025-08-17,At Risk
6330,380,2025-09-01,166,0,5,7,2025-09-06,Critical
6331,380,2025-10-01,793,14,13,3,2025-10-24,At Risk
6332,380,2025-11-01,1290,18,34,0,2025-11-25,Healthy
6333,380,2025-12-01,1252,22,21,2,2025-12-30,Healthy
6334,380,2026-01-01,1878,22,23,0,2026-01-28,Healthy
6335,380,2026-02-01,1211,20,32,2,2026-02-24,Healthy
6336,380,2026-03-01,964,19,20,0,2026-03-30,Healthy
6337,380,2026-04-01,1283,18,30,2,2026-04-29,Healthy
6338,380,2026-05-01,1264,27,38,1,2026-05-29,Healthy
6339,380,2026-06-01,193,2,2,3,2026-06-01,Critical
6340,381,2025-12-01,500,26,22,0,2025-12-26,Healthy
6341,381,2026-01-01,403,17,25,2,2026-01-28,Healthy
6342,381,2026-02-01,303,18,40,1,2026-02-26,Healthy
6343,381,2026-03-01,385,24,43,2,2026-03-29,Healthy
6344,381,2026-04-01,445,20,36,0,2026-04-29,Healthy
6345,381,2026-05-01,171,10,11,3,2026-05-20,At Risk
6346,381,2026-06-01,178,14,18,4,2026-06-15,At Risk
6347,382,2025-12-01,1552,27,29,0,2025-12-30,Healthy
6348,382,2026-01-01,2013,21,45,1,2026-01-31,Healthy
6349,382,2026-02-01,1167,5,8,2,2026-02-15,At Risk
6350,382,2026-03-01,320,3,5,8,2026-03-12,Critical
6351,382,2026-04-01,434,0,5,4,2026-04-08,Critical
6352,382,2026-05-01,257,1,4,4,2026-05-03,Critical
6353,382,2026-06-01,460,2,0,6,2026-06-06,Critical
6354,383,2025-06-01,2294,18,32,1,2025-06-26,Healthy
6355,383,2025-07-01,1915,18,31,0,2025-07-28,Healthy
6356,383,2025-08-01,1754,30,35,1,2025-08-29,Healthy
6357,383,2025-09-01,1942,24,42,0,2025-09-25,Healthy
6358,383,2025-10-01,2062,23,40,1,2025-10-28,Healthy
6359,383,2025-11-01,1270,18,27,0,2025-11-30,Healthy
6360,383,2025-12-01,1809,26,22,1,2025-12-31,Healthy
6361,383,2026-01-01,1174,17,25,2,2026-01-30,Healthy
6362,383,2026-02-01,883,13,15,4,2026-02-16,At Risk
6363,383,2026-03-01,344,0,4,5,2026-03-05,Critical
6364,383,2026-04-01,472,10,18,3,2026-04-15,At Risk
6365,383,2026-05-01,638,9,19,4,2026-05-25,At Risk
6366,383,2026-06-01,1963,20,32,2,2026-06-26,Healthy
6367,384,2026-02-01,415,27,39,1,2026-02-25,Healthy
6368,384,2026-03-01,692,27,34,0,2026-03-28,Healthy
6369,384,2026-04-01,269,12,19,5,2026-04-21,At Risk
6370,384,2026-05-01,185,7,14,4,2026-05-22,At Risk
6371,384,2026-06-01,781,15,25,0,2026-06-30,Healthy
6372,385,2024-03-01,19,10,12,5,2024-03-22,At Risk
6373,385,2024-04-01,18,10,17,4,2024-04-19,At Risk
6374,385,2024-05-01,39,29,42,2,2024-05-27,Healthy
6375,385,2024-06-01,44,26,41,2,2024-06-29,Healthy
6376,385,2024-07-01,14,7,8,4,2024-07-20,At Risk
6377,385,2024-08-01,25,26,28,2,2024-08-31,Healthy
6378,385,2024-09-01,25,22,45,2,2024-09-25,Healthy
6379,385,2024-10-01,49,19,40,0,2024-10-26,Healthy
6380,385,2024-11-01,33,24,46,1,2024-11-29,Healthy
6381,385,2024-12-01,8,3,1,3,2024-12-12,Critical
6382,385,2025-01-01,7,2,1,5,2025-01-06,Critical
6383,385,2025-02-01,37,17,47,0,2025-02-26,Healthy
6384,385,2025-03-01,28,25,43,1,2025-03-31,Healthy
6385,385,2025-04-01,34,29,42,2,2025-04-28,Healthy
6386,385,2025-05-01,22,12,8,4,2025-05-22,At Risk
6387,385,2025-06-01,11,14,16,4,2025-06-18,At Risk
6388,385,2025-07-01,16,14,17,3,2025-07-17,At Risk
6389,385,2025-08-01,33,26,38,2,2025-08-27,Healthy
6390,385,2025-09-01,40,25,30,2,2025-09-25,Healthy
6391,385,2025-10-01,33,17,29,2,2025-10-28,Healthy
6392,385,2025-11-01,43,28,44,2,2025-11-25,Healthy
6393,385,2025-12-01,25,28,47,1,2025-12-31,Healthy
6394,385,2026-01-01,37,18,40,2,2026-01-28,Healthy
6395,385,2026-02-01,29,17,41,2,2026-02-24,Healthy
6396,385,2026-03-01,37,27,32,0,2026-03-27,Healthy
6397,385,2026-04-01,8,4,1,5,2026-04-04,Critical
6398,385,2026-05-01,43,25,43,2,2026-05-28,Healthy
6399,385,2026-06-01,43,23,50,1,2026-06-29,Healthy
6400,386,2025-06-01,35,28,50,1,2025-06-30,Healthy
6401,386,2025-07-01,65,19,24,1,2025-07-29,Healthy
6402,386,2025-08-01,49,20,20,2,2025-08-26,Healthy
6403,386,2025-09-01,63,15,41,1,2025-09-25,Healthy
6404,386,2025-10-01,43,20,24,1,2025-10-29,Healthy
6405,386,2025-11-01,13,8,12,5,2025-11-19,At Risk
6406,386,2025-12-01,31,8,10,2,2025-12-19,At Risk
6407,386,2026-01-01,15,9,9,2,2026-01-20,At Risk
6408,386,2026-02-01,8,4,7,6,2026-01-31,Critical
6409,386,2026-03-01,2,0,5,8,2026-03-10,Critical
6410,386,2026-04-01,5,4,4,8,2026-04-14,Critical
6411,386,2026-05-01,3,2,4,8,2026-05-08,Critical
6412,386,2026-06-01,61,20,39,0,2026-06-25,Healthy
6413,387,2024-05-01,46,22,25,0,2024-05-30,Healthy
6414,387,2024-06-01,50,25,39,0,2024-06-30,Healthy
6415,387,2024-07-01,51,30,31,0,2024-07-28,Healthy
6416,387,2024-08-01,16,6,14,5,2024-08-22,At Risk
6417,387,2024-09-01,18,5,14,5,2024-09-22,At Risk
6418,387,2024-10-01,11,5,18,5,2024-10-22,At Risk
6419,387,2024-11-01,18,11,10,4,2024-11-17,At Risk
6420,387,2024-12-01,2,1,1,4,2024-12-06,Critical
6421,387,2025-01-01,46,30,25,0,2025-01-31,Healthy
6422,387,2025-02-01,48,23,27,1,2025-02-27,Healthy
6423,387,2025-03-01,44,16,33,0,2025-03-31,Healthy
6424,387,2025-04-01,23,10,10,5,2025-04-19,At Risk
6425,387,2025-05-01,22,13,10,2,2025-05-24,At Risk
6426,387,2025-06-01,19,5,13,3,2025-06-24,At Risk
6427,387,2025-07-01,20,14,9,3,2025-07-21,At Risk
6428,387,2025-08-01,38,22,34,1,2025-08-26,Healthy
6429,387,2025-09-01,50,25,27,2,2025-09-26,Healthy
6430,387,2025-10-01,32,16,26,0,2025-10-29,Healthy
6431,387,2025-11-01,36,28,49,0,2025-11-26,Healthy
6432,387,2025-12-01,38,27,32,2,2025-12-27,Healthy
6433,387,2026-01-01,37,17,36,0,2026-01-29,Healthy
6434,387,2026-02-01,40,22,50,2,2026-02-26,Healthy
6435,387,2026-03-01,48,19,43,1,2026-03-29,Healthy
6436,387,2026-04-01,50,21,23,1,2026-04-29,Healthy
6437,387,2026-05-01,23,9,19,3,2026-05-23,At Risk
6438,387,2026-06-01,11,6,9,4,2026-06-20,At Risk
6439,388,2026-02-01,94,11,13,2,2026-02-13,At Risk
6440,388,2026-03-01,94,11,13,3,2026-03-22,At Risk
6441,388,2026-04-01,64,11,15,3,2026-04-21,At Risk
6442,388,2026-05-01,140,20,37,1,2026-05-31,Healthy
6443,388,2026-06-01,51,7,14,1,2026-06-22,At Risk
6444,389,2025-08-01,13,29,50,1,2025-08-30,Healthy
6445,389,2025-09-01,7,14,8,1,2025-09-15,At Risk
6446,389,2025-10-01,11,22,25,1,2025-10-28,Healthy
6447,389,2025-11-01,10,22,41,1,2025-11-28,Healthy
6448,389,2025-12-01,12,29,35,0,2025-12-27,Healthy
6449,389,2026-01-01,6,9,17,2,2026-01-21,At Risk
6450,389,2026-02-01,3,8,14,1,2026-02-17,At Risk
6451,389,2026-03-01,2,1,2,3,2026-03-03,Critical
6452,389,2026-04-01,4,11,13,4,2026-04-21,At Risk
6453,389,2026-05-01,9,5,15,5,2026-05-19,At Risk
6454,389,2026-06-01,8,13,15,2,2026-06-18,At Risk
6455,390,2025-11-01,54,7,17,1,2025-11-21,At Risk
6456,390,2025-12-01,73,9,9,5,2025-12-17,At Risk
6457,390,2026-01-01,70,12,8,2,2026-01-23,At Risk
6458,390,2026-02-01,60,10,13,4,2026-02-14,At Risk
6459,390,2026-03-01,143,17,40,2,2026-03-31,Healthy
6460,390,2026-04-01,158,23,31,0,2026-04-28,Healthy
6461,390,2026-05-01,63,9,15,3,2026-05-17,At Risk
6462,390,2026-06-01,73,7,19,1,2026-06-16,At Risk
6463,391,2025-09-01,3426,26,45,0,2025-09-29,Healthy
6464,391,2025-10-01,2722,21,32,0,2025-10-31,Healthy
6465,391,2025-11-01,1042,11,12,4,2025-11-16,At Risk
6466,391,2025-12-01,3465,17,43,1,2025-12-28,Healthy
6467,391,2026-01-01,3711,30,47,0,2026-01-26,Healthy
6468,391,2026-02-01,3359,30,20,0,2026-02-25,Healthy
6469,391,2026-03-01,2311,28,42,1,2026-03-27,Healthy
6470,391,2026-04-01,2731,30,33,2,2026-04-25,Healthy
6471,391,2026-05-01,2425,17,40,0,2026-05-28,Healthy
6472,391,2026-06-01,1822,7,8,5,2026-06-24,At Risk
6473,392,2024-08-01,124,22,26,0,2024-08-30,Healthy
6474,392,2024-09-01,114,20,31,0,2024-09-27,Healthy
6475,392,2024-10-01,112,22,34,0,2024-10-30,Healthy
6476,392,2024-11-01,50,9,8,5,2024-11-17,At Risk
6477,392,2024-12-01,135,15,20,0,2024-12-28,Healthy
6478,392,2025-01-01,85,16,37,0,2025-01-31,Healthy
6479,392,2025-02-01,112,17,38,2,2025-02-24,Healthy
6480,392,2025-03-01,58,5,9,3,2025-03-25,At Risk
6481,392,2025-04-01,75,22,28,0,2025-04-29,Healthy
6482,392,2025-05-01,77,30,28,1,2025-05-26,Healthy
6483,392,2025-06-01,130,26,34,2,2025-06-25,Healthy
6484,392,2025-07-01,128,19,49,0,2025-07-29,Healthy
6485,392,2025-08-01,118,23,22,0,2025-08-29,Healthy
6486,392,2025-09-01,88,20,43,1,2025-09-30,Healthy
6487,392,2025-10-01,134,15,41,2,2025-10-31,Healthy
6488,392,2025-11-01,113,19,24,0,2025-11-30,Healthy
6489,392,2025-12-01,95,21,33,1,2025-12-31,Healthy
6490,392,2026-01-01,77,22,33,2,2026-01-29,Healthy
6491,392,2026-02-01,81,17,23,1,2026-02-24,Healthy
6492,392,2026-03-01,62,5,19,5,2026-03-23,At Risk
6493,392,2026-04-01,66,13,9,1,2026-04-17,At Risk
6494,392,2026-05-01,57,5,17,3,2026-05-22,At Risk
6495,392,2026-06-01,55,6,17,5,2026-06-20,At Risk
6496,393,2024-07-01,31,23,43,0,2024-07-30,Healthy
6497,393,2024-08-01,23,13,9,3,2024-08-18,At Risk
6498,393,2024-09-01,16,6,13,5,2024-09-23,At Risk
6499,393,2024-10-01,17,13,14,3,2024-10-22,At Risk
6500,393,2024-11-01,7,3,6,4,2024-11-01,Critical
6501,393,2024-12-01,6,1,3,7,2024-12-01,Critical
6502,393,2025-01-01,9,7,9,5,2025-01-21,At Risk
6503,393,2025-02-01,16,8,13,1,2025-02-19,At Risk
6504,393,2025-03-01,15,12,18,5,2025-03-22,At Risk
6505,393,2025-04-01,30,21,26,0,2025-04-27,Healthy
6506,393,2025-05-01,28,17,31,2,2025-05-30,Healthy
6507,393,2025-06-01,31,21,25,0,2025-06-30,Healthy
6508,393,2025-07-01,46,30,36,1,2025-07-27,Healthy
6509,393,2025-08-01,38,27,25,0,2025-08-31,Healthy
6510,393,2025-09-01,28,26,50,1,2025-09-29,Healthy
6511,393,2025-10-01,40,17,32,1,2025-10-31,Healthy
6512,393,2025-11-01,12,11,17,2,2025-11-15,At Risk
6513,393,2025-12-01,20,11,16,3,2025-12-23,At Risk
6514,393,2026-01-01,2,2,3,8,2026-01-05,Critical
6515,393,2026-02-01,42,22,22,2,2026-02-24,Healthy
6516,393,2026-03-01,35,30,50,0,2026-03-31,Healthy
6517,393,2026-04-01,46,22,31,0,2026-04-27,Healthy
6518,393,2026-05-01,21,12,9,4,2026-05-16,At Risk
6519,393,2026-06-01,19,9,18,3,2026-06-20,At Risk
6520,394,2025-05-01,302,10,14,1,2025-05-20,At Risk
6521,394,2025-06-01,131,3,4,3,2025-06-14,Critical
6522,394,2025-07-01,260,1,6,6,2025-07-09,Critical
6523,394,2025-08-01,1460,28,42,0,2025-08-28,Healthy
6524,394,2025-09-01,318,8,8,5,2025-09-18,At Risk
6525,394,2025-10-01,438,11,15,5,2025-10-19,At Risk
6526,394,2025-11-01,522,7,10,3,2025-11-16,At Risk
6527,394,2025-12-01,1051,22,28,2,2025-12-30,Healthy
6528,394,2026-01-01,1233,29,37,0,2026-01-26,Healthy
6529,394,2026-02-01,562,10,8,5,2026-02-21,At Risk
6530,394,2026-03-01,1145,26,23,0,2026-03-28,Healthy
6531,394,2026-04-01,1529,25,49,0,2026-04-28,Healthy
6532,394,2026-05-01,1522,21,47,0,2026-05-26,Healthy
6533,394,2026-06-01,848,18,40,2,2026-06-29,Healthy
6534,395,2024-05-01,19,6,11,5,2024-05-16,At Risk
6535,395,2024-06-01,27,10,9,1,2024-06-19,At Risk
6536,395,2024-07-01,7,3,6,5,2024-07-05,Critical
6537,395,2024-08-01,3,1,3,6,2024-08-08,Critical
6538,395,2024-09-01,2,2,1,6,2024-09-09,Critical
6539,395,2024-10-01,22,5,9,1,2024-10-16,At Risk
6540,395,2024-11-01,22,6,8,3,2024-11-23,At Risk
6541,395,2024-12-01,5,4,3,7,2024-12-08,Critical
6542,395,2025-01-01,11,10,17,1,2025-01-17,At Risk
6543,395,2025-02-01,14,9,10,4,2025-02-19,At Risk
6544,395,2025-03-01,28,16,47,2,2025-03-29,Healthy
6545,395,2025-04-01,40,21,41,1,2025-04-30,Healthy
6546,395,2025-05-01,31,25,29,0,2025-05-26,Healthy
6547,395,2025-06-01,29,27,27,0,2025-06-29,Healthy
6548,395,2025-07-01,49,24,26,2,2025-07-26,Healthy
6549,395,2025-08-01,12,7,11,5,2025-08-20,At Risk
6550,395,2025-09-01,2,0,2,5,2025-09-14,Critical
6551,395,2025-10-01,17,12,17,1,2025-10-25,At Risk
6552,395,2025-11-01,15,13,18,1,2025-11-19,At Risk
6553,395,2025-12-01,23,12,12,2,2025-12-20,At Risk
6554,395,2026-01-01,29,17,43,2,2026-01-27,Healthy
6555,395,2026-02-01,31,28,42,2,2026-02-26,Healthy
6556,395,2026-03-01,45,29,32,0,2026-03-31,Healthy
6557,395,2026-04-01,42,22,42,1,2026-04-26,Healthy
6558,395,2026-05-01,38,27,23,0,2026-05-29,Healthy
6559,395,2026-06-01,24,12,16,3,2026-06-23,At Risk
6560,396,2024-11-01,72,21,28,0,2024-11-27,Healthy
6561,396,2024-12-01,96,23,38,0,2024-12-27,Healthy
6562,396,2025-01-01,132,29,50,1,2025-01-26,Healthy
6563,396,2025-02-01,109,27,22,2,2025-02-24,Healthy
6564,396,2025-03-01,132,16,25,2,2025-03-26,Healthy
6565,396,2025-04-01,70,21,47,1,2025-04-27,Healthy
6566,396,2025-05-01,97,19,42,2,2025-05-30,Healthy
6567,396,2025-06-01,38,11,17,4,2025-06-15,At Risk
6568,396,2025-07-01,123,23,21,2,2025-07-30,Healthy
6569,396,2025-08-01,25,2,4,3,2025-08-04,Critical
6570,396,2025-09-01,38,14,10,2,2025-09-16,At Risk
6571,396,2025-10-01,41,8,18,5,2025-10-17,At Risk
6572,396,2025-11-01,21,3,5,8,2025-11-03,Critical
6573,396,2025-12-01,55,12,15,4,2025-12-25,At Risk
6574,396,2026-01-01,49,5,18,2,2026-01-20,At Risk
6575,396,2026-02-01,96,21,45,2,2026-02-25,Healthy
6576,396,2026-03-01,10,3,2,8,2026-03-11,Critical
6577,396,2026-04-01,86,25,27,0,2026-04-28,Healthy
6578,396,2026-05-01,115,30,22,0,2026-05-27,Healthy
6579,396,2026-06-01,118,20,26,2,2026-06-27,Healthy
6580,397,2025-07-01,19,7,9,5,2025-07-22,At Risk
6581,397,2025-08-01,17,5,11,1,2025-08-18,At Risk
6582,397,2025-09-01,14,7,18,2,2025-09-22,At Risk
6583,397,2025-10-01,8,11,18,5,2025-10-17,At Risk
6584,397,2025-11-01,15,10,17,2,2025-11-24,At Risk
6585,397,2025-12-01,16,11,11,2,2025-12-22,At Risk
6586,397,2026-01-01,6,1,6,7,2026-01-15,Critical
6587,397,2026-02-01,4,4,3,7,2026-02-05,Critical
6588,397,2026-03-01,7,0,3,5,2026-03-02,Critical
6589,397,2026-04-01,3,1,0,5,2026-04-06,Critical
6590,397,2026-05-01,4,3,7,3,2026-05-01,Critical
6591,397,2026-06-01,19,8,10,2,2026-06-22,At Risk
6592,398,2026-01-01,129,24,31,2,2026-01-30,Healthy
6593,398,2026-02-01,246,26,44,2,2026-02-24,Healthy
6594,398,2026-03-01,230,25,27,2,2026-03-30,Healthy
6595,398,2026-04-01,235,18,49,2,2026-04-26,Healthy
6596,398,2026-05-01,233,22,48,2,2026-05-27,Healthy
6597,398,2026-06-01,228,21,45,1,2026-06-25,Healthy
6598,399,2025-05-01,31,16,44,1,2025-05-28,Healthy
6599,399,2025-06-01,20,30,45,2,2025-06-26,Healthy
6600,399,2025-07-01,32,16,25,1,2025-07-30,Healthy
6601,399,2025-08-01,31,23,36,2,2025-08-27,Healthy
6602,399,2025-09-01,28,26,43,1,2025-09-28,Healthy
6603,399,2025-10-01,12,6,14,5,2025-10-21,At Risk
6604,399,2025-11-01,11,13,19,2,2025-11-17,At Risk
6605,399,2025-12-01,21,26,44,2,2025-12-31,Healthy
6606,399,2026-01-01,20,18,38,0,2026-01-27,Healthy
6607,399,2026-02-01,30,21,20,0,2026-02-25,Healthy
6608,399,2026-03-01,24,24,39,0,2026-03-29,Healthy
6609,399,2026-04-01,21,20,47,0,2026-04-26,Healthy
6610,399,2026-05-01,26,18,31,2,2026-05-29,Healthy
6611,399,2026-06-01,26,16,20,2,2026-06-26,Healthy
6612,400,2026-03-01,182,18,41,2,2026-03-26,Healthy
6613,400,2026-04-01,313,26,21,1,2026-04-27,Healthy
6614,400,2026-05-01,286,23,49,1,2026-05-27,Healthy
6615,400,2026-06-01,158,14,12,2,2026-06-22,At Risk
6616,401,2025-03-01,39,12,13,5,2025-03-23,At Risk
6617,401,2025-04-01,146,16,23,0,2025-04-25,Healthy
6618,401,2025-05-01,79,6,10,5,2025-05-21,At Risk
6619,401,2025-06-01,76,10,19,2,2025-06-20,At Risk
6620,401,2025-07-01,48,7,14,2,2025-07-18,At Risk
6621,401,2025-08-01,46,8,8,2,2025-08-18,At Risk
6622,401,2025-09-01,13,2,3,6,2025-09-10,Critical
6623,401,2025-10-01,15,2,4,8,2025-10-02,Critical
6624,401,2025-11-01,56,10,18,3,2025-11-24,At Risk
6625,401,2025-12-01,74,14,14,1,2025-12-16,At Risk
6626,401,2026-01-01,147,26,20,0,2026-01-29,Healthy
6627,401,2026-02-01,158,20,24,1,2026-02-28,Healthy
6628,401,2026-03-01,169,23,47,1,2026-03-28,Healthy
6629,401,2026-04-01,104,29,35,0,2026-04-29,Healthy
6630,401,2026-05-01,148,24,41,1,2026-05-28,Healthy
6631,401,2026-06-01,124,29,42,2,2026-06-25,Healthy
6632,402,2025-06-01,26,13,12,2,2025-06-22,At Risk
6633,402,2025-07-01,20,11,13,2,2025-07-17,At Risk
6634,402,2025-08-01,9,1,4,5,2025-08-15,Critical
6635,402,2025-09-01,6,1,5,6,2025-09-13,Critical
6636,402,2025-10-01,33,10,17,2,2025-10-25,At Risk
6637,402,2025-11-01,26,9,8,5,2025-11-15,At Risk
6638,402,2025-12-01,35,11,16,3,2025-12-18,At Risk
6639,402,2026-01-01,37,5,8,3,2026-01-22,At Risk
6640,402,2026-02-01,86,27,47,0,2026-02-24,Healthy
6641,402,2026-03-01,76,19,45,0,2026-03-29,Healthy
6642,402,2026-04-01,71,25,34,1,2026-04-25,Healthy
6643,402,2026-05-01,77,17,36,1,2026-05-28,Healthy
6644,402,2026-06-01,20,14,14,1,2026-06-16,At Risk
6645,403,2024-08-01,9,27,28,0,2024-08-26,Healthy
6646,403,2024-09-01,4,8,13,3,2024-09-24,At Risk
6647,403,2024-10-01,3,8,16,5,2024-10-20,At Risk
6648,403,2024-11-01,6,6,10,4,2024-11-15,At Risk
6649,403,2024-12-01,2,1,5,5,2024-12-01,Critical
6650,403,2025-01-01,1,2,2,4,2025-01-07,Critical
6651,403,2025-02-01,1,0,6,8,2025-02-04,Critical
6652,403,2025-03-01,13,30,50,0,2025-03-29,Healthy
6653,403,2025-04-01,1,2,7,7,2025-04-03,Critical
6654,403,2025-05-01,1,1,1,4,2025-05-10,Critical
6655,403,2025-06-01,7,6,13,1,2025-06-22,At Risk
6656,403,2025-07-01,2,0,3,5,2025-07-10,Critical
6657,403,2025-08-01,2,3,1,4,2025-08-05,Critical
6658,403,2025-09-01,1,1,0,5,2025-09-05,Critical
6659,403,2025-10-01,2,3,4,4,2025-10-03,Critical
6660,403,2025-11-01,2,2,7,7,2025-11-05,Critical
6661,403,2025-12-01,1,2,5,7,2025-12-02,Critical
6662,403,2026-01-01,3,8,14,1,2026-01-18,At Risk
6663,403,2026-02-01,12,17,22,1,2026-02-23,Healthy
6664,403,2026-03-01,8,27,30,1,2026-03-28,Healthy
6665,403,2026-04-01,11,28,22,2,2026-04-29,Healthy
6666,403,2026-05-01,9,22,36,2,2026-05-31,Healthy
6667,403,2026-06-01,6,14,11,2,2026-06-18,At Risk
6668,404,2025-03-01,289,19,44,2,2025-03-27,Healthy
6669,404,2025-04-01,186,18,47,0,2025-04-29,Healthy
6670,404,2025-05-01,23,4,4,5,2025-05-03,Critical
6671,404,2025-06-01,302,22,41,1,2025-06-29,Healthy
6672,404,2025-07-01,304,25,45,1,2025-07-26,Healthy
6673,404,2025-08-01,148,14,13,2,2025-08-18,At Risk
6674,404,2025-09-01,135,11,12,3,2025-09-20,At Risk
6675,404,2025-10-01,11,1,7,4,2025-10-03,Critical
6676,404,2025-11-01,59,3,5,5,2025-11-13,Critical
6677,404,2025-12-01,21,0,7,4,2025-12-04,Critical
6678,404,2026-01-01,36,3,6,5,2026-01-03,Critical
6679,404,2026-02-01,211,21,21,2,2026-02-27,Healthy
6680,404,2026-03-01,288,19,49,1,2026-03-30,Healthy
6681,404,2026-04-01,304,26,25,2,2026-04-27,Healthy
6682,404,2026-05-01,189,28,48,2,2026-05-29,Healthy
6683,404,2026-06-01,143,11,11,1,2026-06-21,At Risk
6684,405,2024-12-01,1334,19,40,0,2024-12-26,Healthy
6685,405,2025-01-01,1103,29,27,2,2025-01-31,Healthy
6686,405,2025-02-01,941,29,45,1,2025-02-28,Healthy
6687,405,2025-03-01,554,7,13,5,2025-03-17,At Risk
6688,405,2025-04-01,242,1,2,7,2025-04-01,Critical
6689,405,2025-05-01,788,29,24,0,2025-05-26,Healthy
6690,405,2025-06-01,764,22,50,0,2025-06-28,Healthy
6691,405,2025-07-01,1087,22,45,0,2025-07-27,Healthy
6692,405,2025-08-01,771,30,34,2,2025-08-28,Healthy
6693,405,2025-09-01,1174,30,44,2,2025-09-25,Healthy
6694,405,2025-10-01,322,8,10,1,2025-10-22,At Risk
6695,405,2025-11-01,142,3,7,6,2025-11-03,Critical
6696,405,2025-12-01,204,1,1,8,2025-12-05,Critical
6697,405,2026-01-01,1313,25,29,0,2026-01-29,Healthy
6698,405,2026-02-01,938,18,42,1,2026-02-24,Healthy
6699,405,2026-03-01,979,30,24,2,2026-03-29,Healthy
6700,405,2026-04-01,1138,20,41,2,2026-04-26,Healthy
6701,405,2026-05-01,961,20,46,1,2026-05-31,Healthy
6702,405,2026-06-01,1221,25,42,2,2026-06-25,Healthy
6703,406,2024-11-01,4,4,3,3,2024-11-08,Critical
6704,406,2024-12-01,8,2,7,8,2024-12-12,Critical
6705,406,2025-01-01,30,5,14,1,2025-01-21,At Risk
6706,406,2025-02-01,6,4,2,8,2025-02-10,Critical
6707,406,2025-03-01,12,1,2,8,2025-03-10,Critical
6708,406,2025-04-01,34,8,19,1,2025-04-23,At Risk
6709,406,2025-05-01,36,7,11,5,2025-05-21,At Risk
6710,406,2025-06-01,37,6,12,5,2025-06-21,At Risk
6711,406,2025-07-01,23,14,8,2,2025-07-18,At Risk
6712,406,2025-08-01,5,3,7,4,2025-08-02,Critical
6713,406,2025-09-01,73,29,38,0,2025-09-29,Healthy
6714,406,2025-10-01,50,21,37,1,2025-10-31,Healthy
6715,406,2025-11-01,52,27,38,2,2025-11-30,Healthy
6716,406,2025-12-01,50,18,24,0,2025-12-26,Healthy
6717,406,2026-01-01,62,15,46,2,2026-01-31,Healthy
6718,406,2026-02-01,53,25,31,0,2026-02-25,Healthy
6719,406,2026-03-01,69,29,40,0,2026-03-26,Healthy
6720,406,2026-04-01,64,16,24,2,2026-04-30,Healthy
6721,406,2026-05-01,44,15,26,1,2026-05-26,Healthy
6722,406,2026-06-01,43,21,41,0,2026-06-29,Healthy
6723,407,2025-02-01,12,14,17,3,2025-02-19,At Risk
6724,407,2025-03-01,7,7,13,3,2025-03-19,At Risk
6725,407,2025-04-01,19,30,27,2,2025-04-27,Healthy
6726,407,2025-05-01,12,29,26,0,2025-05-29,Healthy
6727,407,2025-06-01,6,7,17,2,2025-06-23,At Risk
6728,407,2025-07-01,16,30,31,1,2025-07-26,Healthy
6729,407,2025-08-01,13,26,48,2,2025-08-26,Healthy
6730,407,2025-09-01,18,25,31,0,2025-09-29,Healthy
6731,407,2025-10-01,17,27,34,2,2025-10-30,Healthy
6732,407,2025-11-01,21,17,22,0,2025-11-25,Healthy
6733,407,2025-12-01,21,21,36,0,2025-12-30,Healthy
6734,407,2026-01-01,12,20,20,1,2026-01-27,Healthy
6735,407,2026-02-01,10,8,10,1,2026-02-18,At Risk
6736,407,2026-03-01,19,17,29,2,2026-03-30,Healthy
6737,407,2026-04-01,22,17,23,2,2026-04-29,Healthy
6738,407,2026-05-01,20,19,20,1,2026-05-30,Healthy
6739,407,2026-06-01,17,21,28,1,2026-06-30,Healthy
6740,408,2024-11-01,137,26,41,1,2024-11-28,Healthy
6741,408,2024-12-01,163,19,24,2,2024-12-30,Healthy
6742,408,2025-01-01,102,20,40,0,2025-01-29,Healthy
6743,408,2025-02-01,174,26,42,0,2025-02-23,Healthy
6744,408,2025-03-01,117,20,28,1,2025-03-31,Healthy
6745,408,2025-04-01,126,27,36,2,2025-04-25,Healthy
6746,408,2025-05-01,121,22,37,1,2025-05-29,Healthy
6747,408,2025-06-01,98,26,38,0,2025-06-30,Healthy
6748,408,2025-07-01,165,22,22,0,2025-07-29,Healthy
6749,408,2025-08-01,125,19,49,1,2025-08-29,Healthy
6750,408,2025-09-01,44,8,14,1,2025-09-19,At Risk
6751,408,2025-10-01,69,6,12,3,2025-10-19,At Risk
6752,408,2025-11-01,36,4,1,4,2025-11-04,Critical
6753,408,2025-12-01,51,12,17,4,2025-12-22,At Risk
6754,408,2026-01-01,114,26,22,0,2026-01-30,Healthy
6755,408,2026-02-01,128,24,45,2,2026-02-26,Healthy
6756,408,2026-03-01,111,27,22,2,2026-03-27,Healthy
6757,408,2026-04-01,152,30,32,2,2026-04-30,Healthy
6758,408,2026-05-01,82,13,12,2,2026-05-23,At Risk
6759,408,2026-06-01,9,2,7,3,2026-06-11,Critical
6760,409,2025-06-01,11,22,27,2,2025-06-30,Healthy
6761,409,2025-07-01,12,23,42,2,2025-07-31,Healthy
6762,409,2025-08-01,8,16,27,1,2025-08-30,Healthy
6763,409,2025-09-01,13,15,25,2,2025-09-28,Healthy
6764,409,2025-10-01,11,20,42,1,2025-10-31,Healthy
6765,409,2025-11-01,8,19,42,0,2025-11-27,Healthy
6766,409,2025-12-01,6,5,12,2,2025-12-24,At Risk
6767,409,2026-01-01,15,19,25,2,2026-01-31,Healthy
6768,409,2026-02-01,14,25,29,1,2026-02-28,Healthy
6769,409,2026-03-01,11,26,45,0,2026-03-30,Healthy
6770,409,2026-04-01,9,29,34,0,2026-04-25,Healthy
6771,409,2026-05-01,7,6,14,3,2026-05-22,At Risk
6772,409,2026-06-01,13,23,29,2,2026-06-27,Healthy
6773,410,2025-07-01,869,30,20,0,2025-07-28,Healthy
6774,410,2025-08-01,870,16,32,0,2025-08-28,Healthy
6775,410,2025-09-01,925,26,40,1,2025-09-27,Healthy
6776,410,2025-10-01,932,28,43,0,2025-10-29,Healthy
6777,410,2025-11-01,308,10,11,2,2025-11-21,At Risk
6778,410,2025-12-01,303,5,10,2,2025-12-23,At Risk
6779,410,2026-01-01,121,1,3,7,2026-01-09,Critical
6780,410,2026-02-01,212,12,10,5,2026-02-13,At Risk
6781,410,2026-03-01,108,4,5,6,2026-03-01,Critical
6782,410,2026-04-01,86,4,2,6,2026-04-01,Critical
6783,410,2026-05-01,209,6,12,3,2026-05-24,At Risk
6784,410,2026-06-01,32,1,6,4,2026-06-03,Critical
6785,411,2025-05-01,53,24,50,0,2025-05-27,Healthy
6786,411,2025-06-01,52,23,36,0,2025-06-30,Healthy
6787,411,2025-07-01,50,18,40,2,2025-07-29,Healthy
6788,411,2025-08-01,3,4,1,8,2025-08-02,Critical
6789,411,2025-09-01,9,3,4,8,2025-09-05,Critical
6790,411,2025-10-01,2,0,0,3,2025-10-07,Critical
6791,411,2025-11-01,6,1,2,3,2025-11-11,Critical
6792,411,2025-12-01,6,3,5,4,2025-12-02,Critical
6793,411,2026-01-01,25,5,16,2,2026-01-24,At Risk
6794,411,2026-02-01,12,13,18,1,2026-02-22,At Risk
6795,411,2026-03-01,22,11,19,3,2026-03-19,At Risk
6796,411,2026-04-01,23,12,18,3,2026-04-23,At Risk
6797,411,2026-05-01,14,10,19,1,2026-05-16,At Risk
6798,411,2026-06-01,27,11,9,3,2026-06-16,At Risk
6799,412,2024-09-01,565,0,2,8,2024-09-02,Critical
6800,412,2024-10-01,145,2,5,7,2024-10-10,Critical
6801,412,2024-11-01,378,4,3,4,2024-11-09,Critical
6802,412,2024-12-01,1232,5,12,4,2024-12-23,At Risk
6803,412,2025-01-01,1049,6,19,5,2025-01-18,At Risk
6804,412,2025-02-01,1173,13,12,1,2025-02-13,At Risk
6805,412,2025-03-01,2521,20,39,2,2025-03-27,Healthy
6806,412,2025-04-01,2710,15,23,2,2025-04-27,Healthy
6807,412,2025-05-01,3076,26,47,0,2025-05-28,Healthy
6808,412,2025-06-01,3075,17,48,1,2025-06-30,Healthy
6809,412,2025-07-01,3405,27,31,1,2025-07-28,Healthy
6810,412,2025-08-01,1810,29,24,1,2025-08-29,Healthy
6811,412,2025-09-01,2189,21,33,0,2025-09-29,Healthy
6812,412,2025-10-01,2299,23,26,2,2025-10-30,Healthy
6813,412,2025-11-01,2931,21,37,2,2025-11-28,Healthy
6814,412,2025-12-01,3428,23,47,1,2025-12-27,Healthy
6815,412,2026-01-01,1412,10,14,3,2026-01-23,At Risk
6816,412,2026-02-01,993,8,12,1,2026-02-17,At Risk
6817,412,2026-03-01,2434,19,45,1,2026-03-31,Healthy
6818,412,2026-04-01,1818,17,25,1,2026-04-25,Healthy
6819,412,2026-05-01,2636,17,21,1,2026-05-26,Healthy
6820,412,2026-06-01,1982,25,43,2,2026-06-27,Healthy
6821,413,2025-05-01,35,9,19,1,2025-05-23,At Risk
6822,413,2025-06-01,51,12,19,5,2025-06-17,At Risk
6823,413,2025-07-01,30,10,11,3,2025-07-24,At Risk
6824,413,2025-08-01,85,28,25,2,2025-08-31,Healthy
6825,413,2025-09-01,73,19,35,1,2025-09-27,Healthy
6826,413,2025-10-01,46,8,13,1,2025-10-21,At Risk
6827,413,2025-11-01,29,11,9,1,2025-11-15,At Risk
6828,413,2025-12-01,46,11,16,1,2025-12-25,At Risk
6829,413,2026-01-01,42,8,10,5,2026-01-19,At Risk
6830,413,2026-02-01,40,8,18,1,2026-02-19,At Risk
6831,413,2026-03-01,17,1,6,5,2026-03-02,Critical
6832,413,2026-04-01,20,3,6,7,2026-04-01,Critical
6833,413,2026-05-01,30,5,16,2,2026-05-19,At Risk
6834,413,2026-06-01,118,26,31,1,2026-06-26,Healthy
6835,414,2024-02-01,34,28,20,1,2024-02-26,Healthy
6836,414,2024-03-01,27,20,39,0,2024-03-28,Healthy
6837,414,2024-04-01,40,30,36,2,2024-04-28,Healthy
6838,414,2024-05-01,44,20,29,2,2024-05-29,Healthy
6839,414,2024-06-01,37,25,23,2,2024-06-30,Healthy
6840,414,2024-07-01,7,1,3,6,2024-07-01,Critical
6841,414,2024-08-01,13,5,8,4,2024-08-24,At Risk
6842,414,2024-09-01,10,8,18,1,2024-09-24,At Risk
6843,414,2024-10-01,38,29,31,0,2024-10-28,Healthy
6844,414,2024-11-01,16,13,10,5,2024-11-21,At Risk
6845,414,2024-12-01,9,7,10,5,2024-12-19,At Risk
6846,414,2025-01-01,16,8,10,1,2025-01-20,At Risk
6847,414,2025-02-01,13,10,12,3,2025-02-14,At Risk
6848,414,2025-03-01,14,10,9,2,2025-03-16,At Risk
6849,414,2025-04-01,28,21,41,2,2025-04-27,Healthy
6850,414,2025-05-01,35,21,40,1,2025-05-27,Healthy
6851,414,2025-06-01,8,0,2,6,2025-05-31,Critical
6852,414,2025-07-01,5,2,1,3,2025-07-14,Critical
6853,414,2025-08-01,1,0,5,3,2025-08-10,Critical
6854,414,2025-09-01,8,4,0,8,2025-09-04,Critical
6855,414,2025-10-01,16,12,8,3,2025-10-23,At Risk
6856,414,2025-11-01,11,12,8,5,2025-11-20,At Risk
6857,414,2025-12-01,2,2,5,3,2025-12-10,Critical
6858,414,2026-01-01,4,1,0,3,2026-01-02,Critical
6859,414,2026-02-01,27,16,23,1,2026-02-23,Healthy
6860,414,2026-03-01,44,19,44,2,2026-03-30,Healthy
6861,414,2026-04-01,25,24,25,1,2026-04-28,Healthy
6862,414,2026-05-01,44,26,27,2,2026-05-29,Healthy
6863,414,2026-06-01,16,6,11,4,2026-06-19,At Risk
6864,415,2025-12-01,2635,27,32,1,2025-12-26,Healthy
6865,415,2026-01-01,2580,24,32,2,2026-01-31,Healthy
6866,415,2026-02-01,1661,24,32,2,2026-02-23,Healthy
6867,415,2026-03-01,1732,24,45,0,2026-03-28,Healthy
6868,415,2026-04-01,2024,20,32,0,2026-04-30,Healthy
6869,415,2026-05-01,2668,17,43,0,2026-05-26,Healthy
6870,415,2026-06-01,511,7,12,5,2026-06-21,At Risk
6871,416,2024-06-01,21,24,44,2,2024-06-27,Healthy
6872,416,2024-07-01,15,29,21,1,2024-07-26,Healthy
6873,416,2024-08-01,15,20,23,0,2024-08-30,Healthy
6874,416,2024-09-01,15,26,41,2,2024-09-25,Healthy
6875,416,2024-10-01,27,20,22,1,2024-10-26,Healthy
6876,416,2024-11-01,2,3,4,5,2024-11-03,Critical
6877,416,2024-12-01,5,7,8,2,2024-12-25,At Risk
6878,416,2025-01-01,9,10,13,5,2025-01-23,At Risk
6879,416,2025-02-01,19,19,22,2,2025-02-25,Healthy
6880,416,2025-03-01,26,17,26,2,2025-03-30,Healthy
6881,416,2025-04-01,9,10,11,3,2025-04-18,At Risk
6882,416,2025-05-01,11,6,11,5,2025-05-23,At Risk
6883,416,2025-06-01,13,10,18,5,2025-06-22,At Risk
6884,416,2025-07-01,11,9,9,5,2025-07-21,At Risk
6885,416,2025-08-01,12,13,16,2,2025-08-21,At Risk
6886,416,2025-09-01,9,8,8,3,2025-09-22,At Risk
6887,416,2025-10-01,16,21,42,1,2025-10-31,Healthy
6888,416,2025-11-01,18,24,21,1,2025-11-28,Healthy
6889,416,2025-12-01,22,22,38,0,2025-12-30,Healthy
6890,416,2026-01-01,15,29,45,2,2026-01-27,Healthy
6891,416,2026-02-01,4,0,3,3,2026-02-07,Critical
6892,416,2026-03-01,2,4,6,8,2026-03-04,Critical
6893,416,2026-04-01,5,3,6,7,2026-04-04,Critical
6894,416,2026-05-01,6,10,19,2,2026-05-18,At Risk
6895,416,2026-06-01,10,5,9,5,2026-06-22,At Risk
6896,417,2024-03-01,1734,28,25,1,2024-03-26,Healthy
6897,417,2024-04-01,2651,26,20,1,2024-04-26,Healthy
6898,417,2024-05-01,2205,23,46,2,2024-05-26,Healthy
6899,417,2024-06-01,2855,30,23,2,2024-06-25,Healthy
6900,417,2024-07-01,532,0,7,6,2024-07-03,Critical
6901,417,2024-08-01,234,4,1,6,2024-08-08,Critical
6902,417,2024-09-01,149,3,0,7,2024-08-31,Critical
6903,417,2024-10-01,1409,6,10,1,2024-10-25,At Risk
6904,417,2024-11-01,556,1,5,7,2024-11-01,Critical
6905,417,2024-12-01,112,1,5,3,2024-12-08,Critical
6906,417,2025-01-01,2403,27,39,0,2025-01-27,Healthy
6907,417,2025-02-01,3024,29,26,1,2025-02-24,Healthy
6908,417,2025-03-01,1787,21,39,1,2025-03-27,Healthy
6909,417,2025-04-01,1921,21,23,1,2025-04-27,Healthy
6910,417,2025-05-01,1724,15,32,2,2025-05-29,Healthy
6911,417,2025-06-01,2245,20,28,1,2025-06-27,Healthy
6912,417,2025-07-01,2642,19,44,2,2025-07-31,Healthy
6913,417,2025-08-01,2847,15,40,0,2025-08-30,Healthy
6914,417,2025-09-01,1388,13,15,5,2025-09-19,At Risk
6915,417,2025-10-01,257,1,2,8,2025-10-04,Critical
6916,417,2025-11-01,449,4,6,6,2025-11-10,Critical
6917,417,2025-12-01,1068,7,8,4,2025-12-17,At Risk
6918,417,2026-01-01,754,10,13,3,2026-01-19,At Risk
6919,417,2026-02-01,1203,7,12,4,2026-02-17,At Risk
6920,417,2026-03-01,1120,7,16,5,2026-03-19,At Risk
6921,417,2026-04-01,3153,26,35,0,2026-04-25,Healthy
6922,417,2026-05-01,2255,19,38,1,2026-05-30,Healthy
6923,417,2026-06-01,2569,23,22,1,2026-06-28,Healthy
6924,418,2026-01-01,272,22,27,1,2026-01-26,Healthy
6925,418,2026-02-01,190,21,46,0,2026-02-24,Healthy
6926,418,2026-03-01,141,24,21,0,2026-03-28,Healthy
6927,418,2026-04-01,58,9,19,2,2026-04-24,At Risk
6928,418,2026-05-01,65,6,13,5,2026-05-20,At Risk
6929,418,2026-06-01,95,5,16,5,2026-06-15,At Risk
6930,419,2025-05-01,4,3,7,6,2025-05-15,Critical
6931,419,2025-06-01,8,11,18,2,2025-06-18,At Risk
6932,419,2025-07-01,13,11,14,1,2025-07-24,At Risk
6933,419,2025-08-01,10,7,18,5,2025-08-25,At Risk
6934,419,2025-09-01,2,1,0,6,2025-09-07,Critical
6935,419,2025-10-01,11,9,10,1,2025-10-18,At Risk
6936,419,2025-11-01,12,7,17,1,2025-11-18,At Risk
6937,419,2025-12-01,31,22,29,0,2025-12-31,Healthy
6938,419,2026-01-01,12,11,15,4,2026-01-21,At Risk
6939,419,2026-02-01,11,14,12,3,2026-02-14,At Risk
6940,419,2026-03-01,5,2,4,7,2026-03-15,Critical
6941,419,2026-04-01,14,12,11,4,2026-04-24,At Risk
6942,419,2026-05-01,1,4,0,3,2026-05-03,Critical
6943,419,2026-06-01,11,8,10,5,2026-06-20,At Risk
6944,420,2024-05-01,73,17,25,2,2024-05-28,Healthy
6945,420,2024-06-01,78,21,48,1,2024-06-25,Healthy
6946,420,2024-07-01,115,25,32,2,2024-07-31,Healthy
6947,420,2024-08-01,75,22,24,2,2024-08-29,Healthy
6948,420,2024-09-01,71,20,40,0,2024-09-25,Healthy
6949,420,2024-10-01,73,18,48,2,2024-10-26,Healthy
6950,420,2024-11-01,63,19,26,2,2024-11-30,Healthy
6951,420,2024-12-01,104,28,42,2,2024-12-30,Healthy
6952,420,2025-01-01,114,22,40,2,2025-01-27,Healthy
6953,420,2025-02-01,65,21,37,2,2025-02-23,Healthy
6954,420,2025-03-01,100,16,27,0,2025-03-26,Healthy
6955,420,2025-04-01,79,28,50,0,2025-04-26,Healthy
6956,420,2025-05-01,76,21,42,0,2025-05-28,Healthy
6957,420,2025-06-01,73,18,48,2,2025-06-26,Healthy
6958,420,2025-07-01,106,15,43,1,2025-07-31,Healthy
6959,420,2025-08-01,118,20,21,2,2025-08-31,Healthy
6960,420,2025-09-01,123,23,45,2,2025-09-28,Healthy
6961,420,2025-10-01,84,20,29,1,2025-10-31,Healthy
6962,420,2025-11-01,29,12,14,5,2025-11-16,At Risk
6963,420,2025-12-01,53,9,8,2,2025-12-24,At Risk
6964,420,2026-01-01,49,14,9,4,2026-01-17,At Risk
6965,420,2026-02-01,56,10,16,5,2026-02-17,At Risk
6966,420,2026-03-01,40,12,12,1,2026-03-16,At Risk
6967,420,2026-04-01,28,7,19,4,2026-04-17,At Risk
6968,420,2026-05-01,95,29,45,0,2026-05-26,Healthy
6969,420,2026-06-01,112,18,36,1,2026-06-26,Healthy
6970,421,2024-04-01,40,29,49,2,2024-04-29,Healthy
6971,421,2024-05-01,53,18,31,0,2024-05-31,Healthy
6972,421,2024-06-01,52,16,30,1,2024-06-29,Healthy
6973,421,2024-07-01,32,25,21,0,2024-07-26,Healthy
6974,421,2024-08-01,22,13,12,4,2024-08-17,At Risk
6975,421,2024-09-01,31,30,45,1,2024-09-29,Healthy
6976,421,2024-10-01,48,15,42,1,2024-10-29,Healthy
6977,421,2024-11-01,35,25,33,0,2024-11-29,Healthy
6978,421,2024-12-01,53,22,46,2,2024-12-31,Healthy
6979,421,2025-01-01,12,8,15,5,2025-01-20,At Risk
6980,421,2025-02-01,26,10,18,1,2025-02-16,At Risk
6981,421,2025-03-01,25,9,19,4,2025-03-21,At Risk
6982,421,2025-04-01,23,6,19,3,2025-04-20,At Risk
6983,421,2025-05-01,27,9,12,2,2025-05-22,At Risk
6984,421,2025-06-01,25,8,10,3,2025-06-17,At Risk
6985,421,2025-07-01,29,29,25,2,2025-07-30,Healthy
6986,421,2025-08-01,20,9,9,3,2025-08-21,At Risk
6987,421,2025-09-01,18,7,14,3,2025-09-20,At Risk
6988,421,2025-10-01,22,7,16,5,2025-10-19,At Risk
6989,421,2025-11-01,15,7,8,2,2025-11-20,At Risk
6990,421,2025-12-01,3,4,2,5,2025-12-01,Critical
6991,421,2026-01-01,17,6,14,3,2026-01-22,At Risk
6992,421,2026-02-01,46,19,34,0,2026-02-24,Healthy
6993,421,2026-03-01,40,19,28,1,2026-03-27,Healthy
6994,421,2026-04-01,11,5,12,3,2026-04-24,At Risk
6995,421,2026-05-01,9,4,6,5,2026-05-06,Critical
6996,421,2026-06-01,6,3,0,4,2026-06-05,Critical
6997,422,2024-06-01,19,25,46,0,2024-06-26,Healthy
6998,422,2024-07-01,27,19,22,1,2024-07-26,Healthy
6999,422,2024-08-01,27,17,45,1,2024-08-31,Healthy
7000,422,2024-09-01,33,30,26,1,2024-09-29,Healthy
7001,422,2024-10-01,9,8,14,3,2024-10-23,At Risk
7002,422,2024-11-01,34,21,33,0,2024-11-30,Healthy
7003,422,2024-12-01,27,30,41,2,2024-12-29,Healthy
7004,422,2025-01-01,23,22,20,0,2025-01-27,Healthy
7005,422,2025-02-01,20,27,36,2,2025-02-24,Healthy
7006,422,2025-03-01,31,27,38,1,2025-03-27,Healthy
7007,422,2025-04-01,20,29,44,0,2025-04-25,Healthy
7008,422,2025-05-01,34,25,35,1,2025-05-29,Healthy
7009,422,2025-06-01,25,29,32,2,2025-06-28,Healthy
7010,422,2025-07-01,31,17,33,0,2025-07-31,Healthy
7011,422,2025-08-01,22,21,28,1,2025-08-27,Healthy
7012,422,2025-09-01,32,24,46,0,2025-09-30,Healthy
7013,422,2025-10-01,19,15,23,2,2025-10-29,Healthy
7014,422,2025-11-01,17,10,17,1,2025-11-16,At Risk
7015,422,2025-12-01,19,22,47,1,2025-12-28,Healthy
7016,422,2026-01-01,36,21,37,1,2026-01-29,Healthy
7017,422,2026-02-01,27,18,47,2,2026-02-27,Healthy
7018,422,2026-03-01,20,22,48,2,2026-03-26,Healthy
7019,422,2026-04-01,20,19,44,0,2026-04-30,Healthy
7020,422,2026-05-01,25,20,42,0,2026-05-28,Healthy
7021,422,2026-06-01,37,18,36,0,2026-06-29,Healthy
7022,423,2025-09-01,17,24,33,1,2025-09-26,Healthy
7023,423,2025-10-01,17,30,50,2,2025-10-29,Healthy
7024,423,2025-11-01,22,24,42,2,2025-11-29,Healthy
7025,423,2025-12-01,20,16,48,1,2025-12-29,Healthy
7026,423,2026-01-01,17,17,44,1,2026-01-29,Healthy
7027,423,2026-02-01,14,18,42,1,2026-02-28,Healthy
7028,423,2026-03-01,24,17,33,2,2026-03-31,Healthy
7029,423,2026-04-01,17,25,27,2,2026-04-25,Healthy
7030,423,2026-05-01,4,2,6,3,2026-05-11,Critical
7031,423,2026-06-01,3,3,2,4,2026-06-11,Critical
7032,424,2024-07-01,95,17,28,1,2024-07-26,Healthy
7033,424,2024-08-01,81,19,41,0,2024-08-30,Healthy
7034,424,2024-09-01,86,20,37,2,2024-09-29,Healthy
7035,424,2024-10-01,102,23,21,1,2024-10-27,Healthy
7036,424,2024-11-01,57,28,47,0,2024-11-26,Healthy
7037,424,2024-12-01,37,5,8,2,2024-12-17,At Risk
7038,424,2025-01-01,18,3,5,7,2025-01-07,Critical
7039,424,2025-02-01,10,1,4,7,2025-02-10,Critical
7040,424,2025-03-01,12,0,3,4,2025-03-05,Critical
7041,424,2025-04-01,7,2,4,6,2025-04-07,Critical
7042,424,2025-05-01,36,6,18,2,2025-05-23,At Risk
7043,424,2025-06-01,85,25,45,2,2025-06-27,Healthy
7044,424,2025-07-01,59,25,36,2,2025-07-27,Healthy
7045,424,2025-08-01,79,18,22,1,2025-08-27,Healthy
7046,424,2025-09-01,64,26,32,2,2025-09-25,Healthy
7047,424,2025-10-01,101,18,47,0,2025-10-31,Healthy
7048,424,2025-11-01,62,20,23,0,2025-11-30,Healthy
7049,424,2025-12-01,21,11,12,4,2025-12-21,At Risk
7050,424,2026-01-01,6,1,4,7,2026-01-05,Critical
7051,424,2026-02-01,8,3,3,3,2026-02-02,Critical
7052,424,2026-03-01,60,17,45,2,2026-03-26,Healthy
7053,424,2026-04-01,106,18,43,2,2026-04-25,Healthy
7054,424,2026-05-01,106,21,44,1,2026-05-28,Healthy
7055,424,2026-06-01,56,24,41,1,2026-06-29,Healthy
7056,425,2025-08-01,268,11,12,2,2025-08-22,At Risk
7057,425,2025-09-01,1009,24,36,1,2025-09-27,Healthy
7058,425,2025-10-01,884,29,39,0,2025-10-29,Healthy
7059,425,2025-11-01,823,19,42,0,2025-11-26,Healthy
7060,425,2025-12-01,738,29,31,2,2025-12-26,Healthy
7061,425,2026-01-01,382,14,13,4,2026-01-24,At Risk
7062,425,2026-02-01,268,5,19,1,2026-02-21,At Risk
7063,425,2026-03-01,790,24,36,0,2026-03-26,Healthy
7064,425,2026-04-01,885,22,45,1,2026-04-30,Healthy
7065,425,2026-05-01,834,21,24,0,2026-05-31,Healthy
7066,425,2026-06-01,985,19,25,0,2026-06-28,Healthy
7067,426,2025-06-01,43,9,14,2,2025-06-20,At Risk
7068,426,2025-07-01,23,2,3,6,2025-07-11,Critical
7069,426,2025-08-01,8,3,6,3,2025-08-05,Critical
7070,426,2025-09-01,110,11,8,5,2025-09-17,At Risk
7071,426,2025-10-01,178,30,29,0,2025-10-27,Healthy
7072,426,2025-11-01,169,18,49,2,2025-11-25,Healthy
7073,426,2025-12-01,79,12,16,1,2025-12-21,At Risk
7074,426,2026-01-01,48,5,14,1,2026-01-18,At Risk
7075,426,2026-02-01,141,17,34,2,2026-02-27,Healthy
7076,426,2026-03-01,142,23,43,2,2026-03-31,Healthy
7077,426,2026-04-01,213,18,46,1,2026-04-29,Healthy
7078,426,2026-05-01,136,23,29,1,2026-05-26,Healthy
7079,426,2026-06-01,147,15,39,1,2026-06-25,Healthy
7080,427,2025-08-01,11,15,37,1,2025-08-28,Healthy
7081,427,2025-09-01,12,23,28,2,2025-09-30,Healthy
7082,427,2025-10-01,4,11,8,3,2025-10-24,At Risk
7083,427,2025-11-01,20,27,39,2,2025-11-29,Healthy
7084,427,2025-12-01,1,1,4,6,2025-12-10,Critical
7085,427,2026-01-01,3,1,7,3,2026-01-08,Critical
7086,427,2026-02-01,3,0,7,4,2026-01-30,Critical
7087,427,2026-03-01,5,11,18,1,2026-03-23,At Risk
7088,427,2026-04-01,5,6,17,1,2026-04-22,At Risk
7089,427,2026-05-01,3,4,7,5,2026-05-13,Critical
7090,427,2026-06-01,16,27,26,2,2026-06-27,Healthy
7091,428,2024-03-01,1,4,2,3,2024-03-14,Critical
7092,428,2024-04-01,15,28,34,2,2024-04-27,Healthy
7093,428,2024-05-01,18,22,30,2,2024-05-31,Healthy
7094,428,2024-06-01,2,3,3,8,2024-06-02,Critical
7095,428,2024-07-01,2,0,5,4,2024-07-08,Critical
7096,428,2024-08-01,3,3,0,3,2024-08-07,Critical
7097,428,2024-09-01,2,0,4,6,2024-09-05,Critical
7098,428,2024-10-01,1,0,7,5,2024-10-13,Critical
7099,428,2024-11-01,1,3,3,7,2024-11-08,Critical
7100,428,2024-12-01,2,2,4,8,2024-12-11,Critical
7101,428,2025-01-01,2,0,3,4,2025-01-05,Critical
7102,428,2025-02-01,3,4,0,3,2025-02-02,Critical
7103,428,2025-03-01,6,11,13,3,2025-03-22,At Risk
7104,428,2025-04-01,7,11,15,1,2025-04-24,At Risk
7105,428,2025-05-01,16,28,38,1,2025-05-26,Healthy
7106,428,2025-06-01,12,26,25,1,2025-06-25,Healthy
7107,428,2025-07-01,11,17,23,2,2025-07-30,Healthy
7108,428,2025-08-01,6,14,17,3,2025-08-18,At Risk
7109,428,2025-09-01,8,12,18,4,2025-09-15,At Risk
7110,428,2025-10-01,17,19,38,0,2025-10-26,Healthy
7111,428,2025-11-01,17,22,33,0,2025-11-30,Healthy
7112,428,2025-12-01,9,20,22,1,2025-12-30,Healthy
7113,428,2026-01-01,18,24,24,1,2026-01-29,Healthy
7114,428,2026-02-01,9,19,44,1,2026-02-23,Healthy
7115,428,2026-03-01,11,22,26,1,2026-03-31,Healthy
7116,428,2026-04-01,16,19,50,2,2026-04-26,Healthy
7117,428,2026-05-01,11,19,28,2,2026-05-26,Healthy
7118,428,2026-06-01,13,18,25,1,2026-06-28,Healthy
7119,429,2025-04-01,64,18,43,2,2025-04-26,Healthy
7120,429,2025-05-01,42,22,44,2,2025-05-26,Healthy
7121,429,2025-06-01,42,21,32,2,2025-06-28,Healthy
7122,429,2025-07-01,49,18,46,1,2025-07-31,Healthy
7123,429,2025-08-01,64,18,29,1,2025-08-26,Healthy
7124,429,2025-09-01,60,24,44,1,2025-09-30,Healthy
7125,429,2025-10-01,17,11,17,5,2025-10-20,At Risk
7126,429,2025-11-01,6,0,7,3,2025-11-06,Critical
7127,429,2025-12-01,13,1,7,3,2025-12-08,Critical
7128,429,2026-01-01,21,14,8,5,2026-01-17,At Risk
7129,429,2026-02-01,14,0,5,3,2026-02-06,Critical
7130,429,2026-03-01,13,1,6,6,2026-03-04,Critical
7131,429,2026-04-01,5,1,4,6,2026-04-03,Critical
7132,429,2026-05-01,10,1,3,5,2026-05-04,Critical
7133,429,2026-06-01,18,10,14,3,2026-06-19,At Risk
7134,430,2025-08-01,1276,29,42,2,2025-08-29,Healthy
7135,430,2025-09-01,925,27,39,1,2025-09-26,Healthy
7136,430,2025-10-01,1399,28,50,2,2025-10-27,Healthy
7137,430,2025-11-01,1109,19,30,1,2025-11-27,Healthy
7138,430,2025-12-01,978,29,27,1,2025-12-30,Healthy
7139,430,2026-01-01,917,26,28,0,2026-01-27,Healthy
7140,430,2026-02-01,1173,24,23,2,2026-02-27,Healthy
7141,430,2026-03-01,527,12,11,3,2026-03-21,At Risk
7142,430,2026-04-01,312,13,8,2,2026-04-16,At Risk
7143,430,2026-05-01,576,14,15,5,2026-05-16,At Risk
7144,430,2026-06-01,421,8,19,5,2026-06-19,At Risk
7145,431,2025-08-01,11,9,19,1,2025-08-21,At Risk
7146,431,2025-09-01,29,24,37,1,2025-09-25,Healthy
7147,431,2025-10-01,44,22,23,2,2025-10-29,Healthy
7148,431,2025-11-01,37,22,21,2,2025-11-25,Healthy
7149,431,2025-12-01,50,23,33,2,2025-12-27,Healthy
7150,431,2026-01-01,44,24,34,0,2026-01-28,Healthy
7151,431,2026-02-01,36,16,34,0,2026-02-24,Healthy
7152,431,2026-03-01,28,16,24,0,2026-03-31,Healthy
7153,431,2026-04-01,6,1,6,6,2026-04-09,Critical
7154,431,2026-05-01,8,2,5,6,2026-05-05,Critical
7155,431,2026-06-01,2,4,2,6,2026-06-13,Critical
7156,432,2024-09-01,68,16,50,1,2024-09-29,Healthy
7157,432,2024-10-01,43,27,26,2,2024-10-26,Healthy
7158,432,2024-11-01,44,22,28,1,2024-11-25,Healthy
7159,432,2024-12-01,60,29,44,1,2024-12-26,Healthy
7160,432,2025-01-01,24,6,16,1,2025-01-22,At Risk
7161,432,2025-02-01,40,25,28,1,2025-02-28,Healthy
7162,432,2025-03-01,46,16,26,2,2025-03-28,Healthy
7163,432,2025-04-01,9,4,1,7,2025-04-12,Critical
7164,432,2025-05-01,2,1,7,4,2025-05-13,Critical
7165,432,2025-06-01,5,0,5,5,2025-06-01,Critical
7166,432,2025-07-01,12,1,7,8,2025-07-10,Critical
7167,432,2025-08-01,3,4,6,5,2025-08-01,Critical
7168,432,2025-09-01,44,30,31,2,2025-09-29,Healthy
7169,432,2025-10-01,4,0,0,7,2025-10-09,Critical
7170,432,2025-11-01,24,8,10,2,2025-11-17,At Risk
7171,432,2025-12-01,44,19,24,0,2025-12-27,Healthy
7172,432,2026-01-01,62,19,40,2,2026-01-27,Healthy
7173,432,2026-02-01,50,16,25,1,2026-02-24,Healthy
7174,432,2026-03-01,49,17,26,0,2026-03-27,Healthy
7175,432,2026-04-01,27,6,12,2,2026-04-18,At Risk
7176,432,2026-05-01,13,0,0,5,2026-05-10,Critical
7177,432,2026-06-01,9,4,4,7,2026-05-31,Critical
7178,433,2024-09-01,1,0,6,7,2024-09-05,Critical
7179,433,2024-10-01,12,5,12,4,2024-10-23,At Risk
7180,433,2024-11-01,5,1,6,7,2024-11-05,Critical
7181,433,2024-12-01,6,0,4,8,2024-12-15,Critical
7182,433,2025-01-01,13,6,11,3,2025-01-23,At Risk
7183,433,2025-02-01,2,0,5,5,2025-02-11,Critical
7184,433,2025-03-01,11,9,12,3,2025-03-16,At Risk
7185,433,2025-04-01,17,18,31,1,2025-04-25,Healthy
7186,433,2025-05-01,30,21,44,0,2025-05-31,Healthy
7187,433,2025-06-01,28,25,22,0,2025-06-28,Healthy
7188,433,2025-07-01,9,14,16,3,2025-07-22,At Risk
7189,433,2025-08-01,4,1,1,8,2025-08-14,Critical
7190,433,2025-09-01,6,0,7,7,2025-09-13,Critical
7191,433,2025-10-01,4,4,6,7,2025-10-06,Critical
7192,433,2025-11-01,19,26,25,1,2025-11-25,Healthy
7193,433,2025-12-01,26,17,46,1,2025-12-27,Healthy
7194,433,2026-01-01,19,29,34,0,2026-01-26,Healthy
7195,433,2026-02-01,23,17,46,0,2026-02-24,Healthy
7196,433,2026-03-01,19,23,26,1,2026-03-29,Healthy
7197,433,2026-04-01,31,19,34,0,2026-04-25,Healthy
7198,433,2026-05-01,25,28,50,2,2026-05-27,Healthy
7199,433,2026-06-01,17,16,29,1,2026-06-25,Healthy
7200,434,2024-03-01,35,26,32,1,2024-03-26,Healthy
7201,434,2024-04-01,41,23,35,1,2024-04-30,Healthy
7202,434,2024-05-01,31,27,27,1,2024-05-30,Healthy
7203,434,2024-06-01,25,24,28,2,2024-06-29,Healthy
7204,434,2024-07-01,41,19,41,0,2024-07-27,Healthy
7205,434,2024-08-01,27,27,40,0,2024-08-26,Healthy
7206,434,2024-09-01,27,29,32,2,2024-09-30,Healthy
7207,434,2024-10-01,40,15,26,2,2024-10-30,Healthy
7208,434,2024-11-01,25,5,13,3,2024-11-15,At Risk
7209,434,2024-12-01,42,20,36,0,2024-12-27,Healthy
7210,434,2025-01-01,13,7,16,1,2025-01-19,At Risk
7211,434,2025-02-01,18,10,13,1,2025-02-17,At Risk
7212,434,2025-03-01,17,12,18,2,2025-03-24,At Risk
7213,434,2025-04-01,11,11,14,2,2025-04-19,At Risk
7214,434,2025-05-01,19,12,19,4,2025-05-23,At Risk
7215,434,2025-06-01,34,21,24,2,2025-06-26,Healthy
7216,434,2025-07-01,49,19,44,2,2025-07-29,Healthy
7217,434,2025-08-01,35,15,37,0,2025-08-27,Healthy
7218,434,2025-09-01,26,27,47,2,2025-09-26,Healthy
7219,434,2025-10-01,47,21,50,1,2025-10-30,Healthy
7220,434,2025-11-01,35,18,29,0,2025-11-28,Healthy
7221,434,2025-12-01,31,22,29,0,2025-12-29,Healthy
7222,434,2026-01-01,47,21,38,0,2026-01-28,Healthy
7223,434,2026-02-01,45,21,30,0,2026-02-27,Healthy
7224,434,2026-03-01,49,25,31,0,2026-03-26,Healthy
7225,434,2026-04-01,46,21,26,0,2026-04-29,Healthy
7226,434,2026-05-01,45,30,27,2,2026-05-30,Healthy
7227,434,2026-06-01,40,26,30,2,2026-06-28,Healthy
7228,435,2024-05-01,7,27,43,1,2024-05-30,Healthy
7229,435,2024-06-01,4,26,20,0,2024-06-25,Healthy
7230,435,2024-07-01,7,23,27,0,2024-07-26,Healthy
7231,435,2024-08-01,8,26,33,0,2024-08-27,Healthy
7232,435,2024-09-01,7,30,26,1,2024-09-26,Healthy
7233,435,2024-10-01,5,18,21,1,2024-10-28,Healthy
7234,435,2024-11-01,6,17,28,2,2024-11-30,Healthy
7235,435,2024-12-01,2,12,14,2,2024-12-20,At Risk
7236,435,2025-01-01,3,12,14,5,2025-01-21,At Risk
7237,435,2025-02-01,3,10,14,4,2025-02-18,At Risk
7238,435,2025-03-01,6,28,37,2,2025-03-28,Healthy
7239,435,2025-04-01,5,30,49,1,2025-04-28,Healthy
7240,435,2025-05-01,1,1,7,7,2025-05-04,Critical
7241,435,2025-06-01,5,16,26,0,2025-06-30,Healthy
7242,435,2025-07-01,7,30,34,2,2025-07-26,Healthy
7243,435,2025-08-01,6,27,47,2,2025-08-29,Healthy
7244,435,2025-09-01,3,12,13,4,2025-09-21,At Risk
7245,435,2025-10-01,4,9,18,1,2025-10-19,At Risk
7246,435,2025-11-01,3,5,19,3,2025-11-18,At Risk
7247,435,2025-12-01,2,13,9,3,2025-12-24,At Risk
7248,435,2026-01-01,2,8,19,4,2026-01-19,At Risk
7249,435,2026-02-01,1,3,2,6,2026-01-30,Critical
7250,435,2026-03-01,1,2,5,4,2026-03-06,Critical
7251,435,2026-04-01,4,13,14,1,2026-04-15,At Risk
7252,435,2026-05-01,5,24,27,1,2026-05-31,Healthy
7253,435,2026-06-01,5,27,28,2,2026-06-26,Healthy
7254,436,2024-10-01,1997,21,48,1,2024-10-26,Healthy
7255,436,2024-11-01,3189,24,39,1,2024-11-27,Healthy
7256,436,2024-12-01,1499,13,18,1,2024-12-22,At Risk
7257,436,2025-01-01,2148,16,33,2,2025-01-29,Healthy
7258,436,2025-02-01,3395,17,44,0,2025-02-27,Healthy
7259,436,2025-03-01,2598,23,45,1,2025-03-26,Healthy
7260,436,2025-04-01,2082,18,46,1,2025-04-29,Healthy
7261,436,2025-05-01,2323,17,49,0,2025-05-29,Healthy
7262,436,2025-06-01,1762,10,9,2,2025-06-24,At Risk
7263,436,2025-07-01,1539,8,16,3,2025-07-17,At Risk
7264,436,2025-08-01,3618,30,47,0,2025-08-29,Healthy
7265,436,2025-09-01,1850,17,22,1,2025-09-27,Healthy
7266,436,2025-10-01,296,4,4,7,2025-10-12,Critical
7267,436,2025-11-01,594,4,6,3,2025-10-31,Critical
7268,436,2025-12-01,1123,14,17,3,2025-12-16,At Risk
7269,436,2026-01-01,118,2,3,8,2026-01-04,Critical
7270,436,2026-02-01,446,0,0,8,2026-02-08,Critical
7271,436,2026-03-01,308,3,2,5,2026-03-10,Critical
7272,436,2026-04-01,196,1,6,4,2026-04-09,Critical
7273,436,2026-05-01,140,3,4,7,2026-05-01,Critical
7274,436,2026-06-01,377,2,6,8,2026-06-02,Critical
7275,437,2025-08-01,515,27,34,1,2025-08-26,Healthy
7276,437,2025-09-01,341,20,32,2,2025-09-27,Healthy
7277,437,2025-10-01,380,22,26,2,2025-10-28,Healthy
7278,437,2025-11-01,439,18,45,0,2025-11-28,Healthy
7279,437,2025-12-01,186,7,14,2,2025-12-22,At Risk
7280,437,2026-01-01,387,20,39,1,2026-01-27,Healthy
7281,437,2026-02-01,621,15,43,1,2026-02-23,Healthy
7282,437,2026-03-01,427,29,26,2,2026-03-26,Healthy
7283,437,2026-04-01,603,27,26,0,2026-04-30,Healthy
7284,437,2026-05-01,365,19,42,1,2026-05-28,Healthy
7285,437,2026-06-01,628,15,50,2,2026-06-30,Healthy
7286,438,2024-06-01,2151,21,40,2,2024-06-29,Healthy
7287,438,2024-07-01,2898,20,41,2,2024-07-27,Healthy
7288,438,2024-08-01,847,13,17,1,2024-08-24,At Risk
7289,438,2024-09-01,3177,25,37,1,2024-09-27,Healthy
7290,438,2024-10-01,2502,20,27,1,2024-10-30,Healthy
7291,438,2024-11-01,2944,27,23,2,2024-11-25,Healthy
7292,438,2024-12-01,801,6,9,1,2024-12-19,At Risk
7293,438,2025-01-01,1179,9,19,2,2025-01-19,At Risk
7294,438,2025-02-01,3253,17,48,2,2025-02-26,Healthy
7295,438,2025-03-01,1108,11,13,1,2025-03-21,At Risk
7296,438,2025-04-01,727,11,14,4,2025-04-15,At Risk
7297,438,2025-05-01,3354,15,27,1,2025-05-29,Healthy
7298,438,2025-06-01,3265,24,34,0,2025-06-27,Healthy
7299,438,2025-07-01,2983,18,20,0,2025-07-26,Healthy
7300,438,2025-08-01,2189,23,38,2,2025-08-26,Healthy
7301,438,2025-09-01,1125,11,15,1,2025-09-16,At Risk
7302,438,2025-10-01,2023,21,32,2,2025-10-30,Healthy
7303,438,2025-11-01,1704,6,12,2,2025-11-21,At Risk
7304,438,2025-12-01,1185,13,11,1,2025-12-24,At Risk
7305,438,2026-01-01,1210,11,16,2,2026-01-20,At Risk
7306,438,2026-02-01,2649,19,32,0,2026-02-27,Healthy
7307,438,2026-03-01,2314,30,26,0,2026-03-28,Healthy
7308,438,2026-04-01,1872,26,33,0,2026-04-28,Healthy
7309,438,2026-05-01,3466,29,44,2,2026-05-28,Healthy
7310,438,2026-06-01,2177,19,42,0,2026-06-25,Healthy
7311,439,2024-03-01,20,19,39,2,2024-03-29,Healthy
7312,439,2024-04-01,22,24,36,2,2024-04-25,Healthy
7313,439,2024-05-01,26,17,44,2,2024-05-28,Healthy
7314,439,2024-06-01,20,29,28,1,2024-06-27,Healthy
7315,439,2024-07-01,16,25,37,1,2024-07-28,Healthy
7316,439,2024-08-01,23,16,28,1,2024-08-26,Healthy
7317,439,2024-09-01,24,19,29,2,2024-09-30,Healthy
7318,439,2024-10-01,17,24,48,1,2024-10-30,Healthy
7319,439,2024-11-01,22,21,30,1,2024-11-30,Healthy
7320,439,2024-12-01,17,16,33,2,2024-12-31,Healthy
7321,439,2025-01-01,20,24,29,1,2025-01-31,Healthy
7322,439,2025-02-01,23,21,41,1,2025-02-26,Healthy
7323,439,2025-03-01,7,10,10,3,2025-03-20,At Risk
7324,439,2025-04-01,3,3,3,3,2025-04-05,Critical
7325,439,2025-05-01,2,0,0,4,2025-05-10,Critical
7326,439,2025-06-01,2,4,4,6,2025-06-07,Critical
7327,439,2025-07-01,10,10,17,1,2025-07-24,At Risk
7328,439,2025-08-01,12,9,13,4,2025-08-23,At Risk
7329,439,2025-09-01,2,1,0,6,2025-09-06,Critical
7330,439,2025-10-01,2,1,2,5,2025-10-06,Critical
7331,439,2025-11-01,10,5,14,2,2025-11-20,At Risk
7332,439,2025-12-01,9,8,17,5,2025-12-21,At Risk
7333,439,2026-01-01,10,7,18,5,2026-01-24,At Risk
7334,439,2026-02-01,14,20,38,0,2026-02-24,Healthy
7335,439,2026-03-01,5,1,1,5,2026-03-02,Critical
7336,439,2026-04-01,2,0,3,5,2026-04-08,Critical
7337,439,2026-05-01,23,27,40,2,2026-05-29,Healthy
7338,439,2026-06-01,15,28,33,1,2026-06-28,Healthy
7339,440,2025-12-01,36,29,26,1,2025-12-26,Healthy
7340,440,2026-01-01,50,15,41,0,2026-01-28,Healthy
7341,440,2026-02-01,36,25,32,2,2026-02-23,Healthy
7342,440,2026-03-01,17,6,9,5,2026-03-20,At Risk
7343,440,2026-04-01,41,26,45,0,2026-04-26,Healthy
7344,440,2026-05-01,55,19,22,0,2026-05-31,Healthy
7345,440,2026-06-01,68,27,30,0,2026-06-28,Healthy
7346,441,2024-06-01,2288,15,46,1,2024-06-26,Healthy
7347,441,2024-07-01,1547,15,23,2,2024-07-30,Healthy
7348,441,2024-08-01,2063,15,36,2,2024-08-28,Healthy
7349,441,2024-09-01,2713,15,34,2,2024-09-28,Healthy
7350,441,2024-10-01,2270,21,42,1,2024-10-29,Healthy
7351,441,2024-11-01,1638,17,21,2,2024-11-30,Healthy
7352,441,2024-12-01,2449,27,27,1,2024-12-30,Healthy
7353,441,2025-01-01,1459,22,44,2,2025-01-31,Healthy
7354,441,2025-02-01,2776,28,35,1,2025-02-25,Healthy
7355,441,2025-03-01,2751,22,40,0,2025-03-30,Healthy
7356,441,2025-04-01,1730,30,49,0,2025-04-29,Healthy
7357,441,2025-05-01,911,7,14,4,2025-05-20,At Risk
7358,441,2025-06-01,2271,21,28,1,2025-06-30,Healthy
7359,441,2025-07-01,1664,26,20,2,2025-07-30,Healthy
7360,441,2025-08-01,1057,9,10,5,2025-08-16,At Risk
7361,441,2025-09-01,1941,21,23,1,2025-09-25,Healthy
7362,441,2025-10-01,2754,25,50,2,2025-10-28,Healthy
7363,441,2025-11-01,2771,17,46,1,2025-11-29,Healthy
7364,441,2025-12-01,2777,25,49,1,2025-12-27,Healthy
7365,441,2026-01-01,2447,16,26,0,2026-01-28,Healthy
7366,441,2026-02-01,2208,26,24,0,2026-02-27,Healthy
7367,441,2026-03-01,1810,30,26,1,2026-03-30,Healthy
7368,441,2026-04-01,651,7,15,5,2026-04-16,At Risk
7369,441,2026-05-01,918,13,18,2,2026-05-16,At Risk
7370,441,2026-06-01,2496,29,31,2,2026-06-26,Healthy
7371,442,2026-01-01,213,22,50,1,2026-01-28,Healthy
7372,442,2026-02-01,153,29,45,1,2026-02-23,Healthy
7373,442,2026-03-01,174,28,20,0,2026-03-29,Healthy
7374,442,2026-04-01,105,5,14,2,2026-04-17,At Risk
7375,442,2026-05-01,28,3,0,5,2026-05-04,Critical
7376,442,2026-06-01,32,0,2,3,2026-06-13,Critical
7377,443,2025-11-01,22,2,4,7,2025-11-07,Critical
7378,443,2025-12-01,21,4,5,7,2025-12-05,Critical
7379,443,2026-01-01,35,7,18,2,2026-01-25,At Risk
7380,443,2026-02-01,80,20,30,0,2026-02-27,Healthy
7381,443,2026-03-01,78,25,45,1,2026-03-26,Healthy
7382,443,2026-04-01,96,26,41,2,2026-04-29,Healthy
7383,443,2026-05-01,92,27,29,0,2026-05-29,Healthy
7384,443,2026-06-01,116,25,43,2,2026-06-28,Healthy
7385,444,2025-09-01,126,17,49,0,2025-09-28,Healthy
7386,444,2025-10-01,138,22,21,2,2025-10-27,Healthy
7387,444,2025-11-01,99,29,46,0,2025-11-25,Healthy
7388,444,2025-12-01,152,18,50,2,2025-12-26,Healthy
7389,444,2026-01-01,126,20,50,1,2026-01-29,Healthy
7390,444,2026-02-01,21,3,5,6,2026-01-31,Critical
7391,444,2026-03-01,35,13,8,1,2026-03-22,At Risk
7392,444,2026-04-01,55,12,8,1,2026-04-20,At Risk
7393,444,2026-05-01,153,27,45,0,2026-05-31,Healthy
7394,444,2026-06-01,87,10,9,5,2026-06-21,At Risk
7395,445,2025-08-01,13,26,49,0,2025-08-28,Healthy
7396,445,2025-09-01,9,23,33,1,2025-09-26,Healthy
7397,445,2025-10-01,6,11,8,1,2025-10-18,At Risk
7398,445,2025-11-01,1,4,6,5,2025-11-12,Critical
7399,445,2025-12-01,6,7,12,2,2025-12-22,At Risk
7400,445,2026-01-01,4,9,10,4,2026-01-19,At Risk
7401,445,2026-02-01,7,12,13,3,2026-02-18,At Risk
7402,445,2026-03-01,8,9,14,1,2026-03-17,At Risk
7403,445,2026-04-01,5,10,12,2,2026-04-24,At Risk
7404,445,2026-05-01,2,0,1,8,2026-05-03,Critical
7405,445,2026-06-01,2,4,1,8,2026-06-09,Critical
7406,446,2024-11-01,4,2,2,8,2024-11-08,Critical
7407,446,2024-12-01,89,26,37,1,2024-12-30,Healthy
7408,446,2025-01-01,20,9,17,4,2025-01-23,At Risk
7409,446,2025-02-01,42,11,11,2,2025-02-20,At Risk
7410,446,2025-03-01,15,4,7,3,2025-03-09,Critical
7411,446,2025-04-01,59,23,47,0,2025-04-29,Healthy
7412,446,2025-05-01,64,19,34,0,2025-05-26,Healthy
7413,446,2025-06-01,79,15,45,0,2025-06-28,Healthy
7414,446,2025-07-01,48,25,46,1,2025-07-31,Healthy
7415,446,2025-08-01,66,26,29,1,2025-08-27,Healthy
7416,446,2025-09-01,47,29,42,1,2025-09-25,Healthy
7417,446,2025-10-01,56,29,45,1,2025-10-27,Healthy
7418,446,2025-11-01,85,18,21,2,2025-11-26,Healthy
7419,446,2025-12-01,68,23,48,0,2025-12-27,Healthy
7420,446,2026-01-01,83,24,31,2,2026-01-29,Healthy
7421,446,2026-02-01,18,12,9,2,2026-02-17,At Risk
7422,446,2026-03-01,24,13,18,3,2026-03-16,At Risk
7423,446,2026-04-01,36,5,11,4,2026-04-23,At Risk
7424,446,2026-05-01,30,5,11,4,2026-05-19,At Risk
7425,446,2026-06-01,23,12,11,4,2026-06-18,At Risk
7426,447,2025-06-01,105,26,20,1,2025-06-28,Healthy
7427,447,2025-07-01,150,28,50,1,2025-07-27,Healthy
7428,447,2025-08-01,138,15,37,2,2025-08-27,Healthy
7429,447,2025-09-01,121,21,34,2,2025-09-30,Healthy
7430,447,2025-10-01,166,29,32,2,2025-10-31,Healthy
7431,447,2025-11-01,165,24,23,0,2025-11-26,Healthy
7432,447,2025-12-01,148,23,41,2,2025-12-26,Healthy
7433,447,2026-01-01,100,16,38,2,2026-01-26,Healthy
7434,447,2026-02-01,67,9,9,5,2026-02-16,At Risk
7435,447,2026-03-01,10,2,1,5,2026-03-05,Critical
7436,447,2026-04-01,135,18,29,0,2026-04-27,Healthy
7437,447,2026-05-01,86,9,12,5,2026-05-22,At Risk
7438,447,2026-06-01,57,11,11,2,2026-06-16,At Risk
7439,448,2025-05-01,275,20,22,2,2025-05-28,Healthy
7440,448,2025-06-01,195,21,50,2,2025-06-29,Healthy
7441,448,2025-07-01,252,24,24,2,2025-07-26,Healthy
7442,448,2025-08-01,323,17,32,0,2025-08-28,Healthy
7443,448,2025-09-01,193,29,41,0,2025-09-30,Healthy
7444,448,2025-10-01,231,26,28,0,2025-10-29,Healthy
7445,448,2025-11-01,177,28,41,0,2025-11-30,Healthy
7446,448,2025-12-01,278,27,47,2,2025-12-27,Healthy
7447,448,2026-01-01,249,22,38,0,2026-01-30,Healthy
7448,448,2026-02-01,274,25,33,2,2026-02-26,Healthy
7449,448,2026-03-01,320,24,34,2,2026-03-26,Healthy
7450,448,2026-04-01,273,25,43,1,2026-04-25,Healthy
7451,448,2026-05-01,41,0,6,3,2026-05-12,Critical
7452,448,2026-06-01,80,10,18,5,2026-06-21,At Risk
7453,449,2025-01-01,9,4,4,7,2025-01-01,Critical
7454,449,2025-02-01,55,26,43,2,2025-02-26,Healthy
7455,449,2025-03-01,2,0,1,8,2025-03-10,Critical
7456,449,2025-04-01,25,7,16,2,2025-04-17,At Risk
7457,449,2025-05-01,20,12,10,5,2025-05-23,At Risk
7458,449,2025-06-01,64,26,35,2,2025-06-25,Healthy
7459,449,2025-07-01,16,9,16,4,2025-07-21,At Risk
7460,449,2025-08-01,29,6,14,1,2025-08-20,At Risk
7461,449,2025-09-01,29,8,17,4,2025-09-20,At Risk
7462,449,2025-10-01,40,15,30,1,2025-10-30,Healthy
7463,449,2025-11-01,38,25,30,1,2025-11-27,Healthy
7464,449,2025-12-01,40,18,27,1,2025-12-30,Healthy
7465,449,2026-01-01,42,24,30,2,2026-01-31,Healthy
7466,449,2026-02-01,51,26,30,0,2026-02-24,Healthy
7467,449,2026-03-01,20,13,8,4,2026-03-20,At Risk
7468,449,2026-04-01,19,13,17,5,2026-04-22,At Risk
7469,449,2026-05-01,19,12,12,4,2026-05-24,At Risk
7470,449,2026-06-01,34,19,48,2,2026-06-26,Healthy
7471,450,2024-11-01,13,3,0,4,2024-11-14,Critical
7472,450,2024-12-01,31,4,5,6,2024-12-06,Critical
7473,450,2025-01-01,96,12,10,1,2025-01-23,At Risk
7474,450,2025-02-01,68,12,17,5,2025-02-20,At Risk
7475,450,2025-03-01,180,18,48,1,2025-03-26,Healthy
7476,450,2025-04-01,166,24,22,0,2025-04-26,Healthy
7477,450,2025-05-01,159,27,34,1,2025-05-28,Healthy
7478,450,2025-06-01,169,29,20,1,2025-06-29,Healthy
7479,450,2025-07-01,12,0,7,7,2025-07-09,Critical
7480,450,2025-08-01,74,9,18,4,2025-08-18,At Risk
7481,450,2025-09-01,132,8,17,3,2025-09-18,At Risk
7482,450,2025-10-01,146,8,18,5,2025-10-21,At Risk
7483,450,2025-11-01,87,11,16,3,2025-11-24,At Risk
7484,450,2025-12-01,22,3,6,6,2025-12-12,Critical
7485,450,2026-01-01,100,9,9,5,2026-01-17,At Risk
7486,450,2026-02-01,71,11,18,4,2026-02-16,At Risk
7487,450,2026-03-01,230,28,29,0,2026-03-28,Healthy
7488,450,2026-04-01,154,26,28,0,2026-04-30,Healthy
7489,450,2026-05-01,206,29,31,0,2026-05-30,Healthy
7490,450,2026-06-01,166,22,33,2,2026-06-27,Healthy
7491,451,2025-07-01,41,30,34,0,2025-07-26,Healthy
7492,451,2025-08-01,30,17,33,2,2025-08-29,Healthy
7493,451,2025-09-01,43,19,45,1,2025-09-26,Healthy
7494,451,2025-10-01,35,25,28,1,2025-10-29,Healthy
7495,451,2025-11-01,32,24,26,0,2025-11-30,Healthy
7496,451,2025-12-01,49,20,28,2,2025-12-28,Healthy
7497,451,2026-01-01,14,9,17,2,2026-01-18,At Risk
7498,451,2026-02-01,47,27,23,1,2026-02-23,Healthy
7499,451,2026-03-01,39,26,22,2,2026-03-26,Healthy
7500,451,2026-04-01,32,28,50,2,2026-04-30,Healthy
7501,451,2026-05-01,51,17,35,1,2026-05-26,Healthy
7502,451,2026-06-01,27,23,45,2,2026-06-30,Healthy
7503,452,2025-04-01,393,23,40,0,2025-04-29,Healthy
7504,452,2025-05-01,313,30,50,2,2025-05-26,Healthy
7505,452,2025-06-01,311,18,25,1,2025-06-25,Healthy
7506,452,2025-07-01,313,22,49,2,2025-07-27,Healthy
7507,452,2025-08-01,218,28,34,0,2025-08-28,Healthy
7508,452,2025-09-01,288,30,49,2,2025-09-26,Healthy
7509,452,2025-10-01,355,16,48,0,2025-10-31,Healthy
7510,452,2025-11-01,303,25,32,0,2025-11-30,Healthy
7511,452,2025-12-01,318,25,31,0,2025-12-30,Healthy
7512,452,2026-01-01,370,16,40,1,2026-01-26,Healthy
7513,452,2026-02-01,218,29,49,1,2026-02-25,Healthy
7514,452,2026-03-01,275,30,34,2,2026-03-26,Healthy
7515,452,2026-04-01,245,20,21,2,2026-04-26,Healthy
7516,452,2026-05-01,288,19,31,0,2026-05-26,Healthy
7517,452,2026-06-01,117,14,17,3,2026-06-20,At Risk
7518,453,2025-08-01,25,12,16,2,2025-08-18,At Risk
7519,453,2025-09-01,15,10,14,1,2025-09-16,At Risk
7520,453,2025-10-01,53,20,20,0,2025-10-28,Healthy
7521,453,2025-11-01,44,29,46,2,2025-11-27,Healthy
7522,453,2025-12-01,27,11,19,3,2025-12-24,At Risk
7523,453,2026-01-01,35,18,32,2,2026-01-29,Healthy
7524,453,2026-02-01,39,30,50,2,2026-02-28,Healthy
7525,453,2026-03-01,14,5,8,3,2026-03-25,At Risk
7526,453,2026-04-01,25,9,16,2,2026-04-18,At Risk
7527,453,2026-05-01,46,19,26,1,2026-05-30,Healthy
7528,453,2026-06-01,35,29,36,2,2026-06-30,Healthy
7529,454,2024-04-01,46,30,43,0,2024-04-28,Healthy
7530,454,2024-05-01,42,30,49,0,2024-05-31,Healthy
7531,454,2024-06-01,60,16,50,2,2024-06-26,Healthy
7532,454,2024-07-01,43,16,36,2,2024-07-27,Healthy
7533,454,2024-08-01,16,5,19,3,2024-08-16,At Risk
7534,454,2024-09-01,21,8,14,3,2024-09-21,At Risk
7535,454,2024-10-01,23,12,8,4,2024-10-17,At Risk
7536,454,2024-11-01,18,13,11,3,2024-11-19,At Risk
7537,454,2024-12-01,30,8,16,1,2024-12-16,At Risk
7538,454,2025-01-01,24,11,12,1,2025-01-20,At Risk
7539,454,2025-02-01,49,19,34,1,2025-02-27,Healthy
7540,454,2025-03-01,56,16,22,2,2025-03-26,Healthy
7541,454,2025-04-01,58,29,44,1,2025-04-26,Healthy
7542,454,2025-05-01,40,28,27,1,2025-05-26,Healthy
7543,454,2025-06-01,46,20,43,1,2025-06-29,Healthy
7544,454,2025-07-01,48,26,25,2,2025-07-26,Healthy
7545,454,2025-08-01,45,18,27,0,2025-08-31,Healthy
7546,454,2025-09-01,52,29,33,2,2025-09-27,Healthy
7547,454,2025-10-01,55,28,49,1,2025-10-31,Healthy
7548,454,2025-11-01,4,0,6,8,2025-11-14,Critical
7549,454,2025-12-01,19,11,19,5,2025-12-19,At Risk
7550,454,2026-01-01,22,8,16,1,2026-01-24,At Risk
7551,454,2026-02-01,24,6,11,5,2026-02-19,At Risk
7552,454,2026-03-01,21,9,12,2,2026-03-22,At Risk
7553,454,2026-04-01,6,3,6,6,2026-04-08,Critical
7554,454,2026-05-01,8,2,0,8,2026-05-13,Critical
7555,454,2026-06-01,30,10,16,4,2026-06-16,At Risk
7556,455,2024-11-01,35,24,43,0,2024-11-27,Healthy
7557,455,2024-12-01,49,16,28,1,2024-12-30,Healthy
7558,455,2025-01-01,32,30,22,1,2025-01-29,Healthy
7559,455,2025-02-01,45,22,45,1,2025-02-28,Healthy
7560,455,2025-03-01,20,12,10,2,2025-03-21,At Risk
7561,455,2025-04-01,11,9,17,2,2025-04-23,At Risk
7562,455,2025-05-01,12,6,12,4,2025-05-25,At Risk
7563,455,2025-06-01,11,5,18,5,2025-06-20,At Risk
7564,455,2025-07-01,39,16,31,1,2025-07-26,Healthy
7565,455,2025-08-01,2,0,6,4,2025-08-04,Critical
7566,455,2025-09-01,12,9,16,1,2025-09-15,At Risk
7567,455,2025-10-01,7,1,3,4,2025-10-15,Critical
7568,455,2025-11-01,9,1,1,7,2025-11-07,Critical
7569,455,2025-12-01,9,3,5,6,2025-12-04,Critical
7570,455,2026-01-01,35,17,38,2,2026-01-26,Healthy
7571,455,2026-02-01,4,1,0,8,2026-02-09,Critical
7572,455,2026-03-01,2,0,4,4,2026-03-07,Critical
7573,455,2026-04-01,13,7,12,3,2026-04-19,At Risk
7574,455,2026-05-01,33,19,31,1,2026-05-26,Healthy
7575,455,2026-06-01,36,30,20,0,2026-06-29,Healthy
7576,456,2024-11-01,14,20,48,0,2024-11-28,Healthy
7577,456,2024-12-01,11,8,18,1,2024-12-16,At Risk
7578,456,2025-01-01,8,7,19,1,2025-01-22,At Risk
7579,456,2025-02-01,27,21,49,1,2025-02-25,Healthy
7580,456,2025-03-01,25,21,39,1,2025-03-27,Healthy
7581,456,2025-04-01,5,4,3,5,2025-04-01,Critical
7582,456,2025-05-01,2,2,0,8,2025-05-04,Critical
7583,456,2025-06-01,3,1,5,3,2025-06-13,Critical
7584,456,2025-07-01,11,6,11,3,2025-07-16,At Risk
7585,456,2025-08-01,7,12,19,3,2025-08-25,At Risk
7586,456,2025-09-01,14,17,48,0,2025-09-29,Healthy
7587,456,2025-10-01,24,24,43,0,2025-10-30,Healthy
7588,456,2025-11-01,26,23,45,2,2025-11-26,Healthy
7589,456,2025-12-01,20,25,30,2,2025-12-31,Healthy
7590,456,2026-01-01,15,25,44,0,2026-01-29,Healthy
7591,456,2026-02-01,27,24,22,1,2026-02-28,Healthy
7592,456,2026-03-01,17,26,32,0,2026-03-28,Healthy
7593,456,2026-04-01,13,6,9,5,2026-04-16,At Risk
7594,456,2026-05-01,1,4,4,4,2026-05-06,Critical
7595,456,2026-06-01,5,0,5,8,2026-06-14,Critical
7596,457,2024-05-01,12,9,8,2,2024-05-19,At Risk
7597,457,2024-06-01,34,23,32,1,2024-06-25,Healthy
7598,457,2024-07-01,34,27,23,0,2024-07-28,Healthy
7599,457,2024-08-01,41,15,36,0,2024-08-31,Healthy
7600,457,2024-09-01,30,23,42,1,2024-09-29,Healthy
7601,457,2024-10-01,25,18,40,1,2024-10-30,Healthy
7602,457,2024-11-01,27,15,35,0,2024-11-29,Healthy
7603,457,2024-12-01,19,9,9,3,2024-12-23,At Risk
7604,457,2025-01-01,10,12,18,5,2025-01-20,At Risk
7605,457,2025-02-01,1,0,3,3,2025-02-09,Critical
7606,457,2025-03-01,4,0,0,4,2025-03-10,Critical
7607,457,2025-04-01,6,1,4,4,2025-04-13,Critical
7608,457,2025-05-01,19,6,11,1,2025-05-24,At Risk
7609,457,2025-06-01,3,0,1,6,2025-06-03,Critical
7610,457,2025-07-01,6,4,1,5,2025-07-13,Critical
7611,457,2025-08-01,16,5,9,3,2025-08-17,At Risk
7612,457,2025-09-01,4,4,4,3,2025-09-04,Critical
7613,457,2025-10-01,5,0,6,5,2025-10-09,Critical
7614,457,2025-11-01,4,3,1,5,2025-11-14,Critical
7615,457,2025-12-01,20,8,8,2,2025-12-16,At Risk
7616,457,2026-01-01,10,6,15,3,2026-01-22,At Risk
7617,457,2026-02-01,12,9,8,4,2026-02-15,At Risk
7618,457,2026-03-01,32,29,33,0,2026-03-26,Healthy
7619,457,2026-04-01,34,23,39,0,2026-04-26,Healthy
7620,457,2026-05-01,35,18,45,0,2026-05-29,Healthy
7621,457,2026-06-01,19,5,18,3,2026-06-22,At Risk
7622,458,2024-03-01,1098,5,13,3,2024-03-21,At Risk
7623,458,2024-04-01,754,7,13,5,2024-04-15,At Risk
7624,458,2024-05-01,2213,25,35,1,2024-05-27,Healthy
7625,458,2024-06-01,1759,30,24,0,2024-06-27,Healthy
7626,458,2024-07-01,695,5,10,1,2024-07-16,At Risk
7627,458,2024-08-01,187,4,0,3,2024-08-06,Critical
7628,458,2024-09-01,1025,12,18,4,2024-09-16,At Risk
7629,458,2024-10-01,1102,9,19,4,2024-10-25,At Risk
7630,458,2024-11-01,959,12,18,2,2024-11-19,At Risk
7631,458,2024-12-01,344,0,1,8,2024-12-15,Critical
7632,458,2025-01-01,70,3,6,3,2025-01-01,Critical
7633,458,2025-02-01,261,4,4,6,2025-02-05,Critical
7634,458,2025-03-01,311,3,1,4,2025-03-09,Critical
7635,458,2025-04-01,371,0,1,5,2025-04-14,Critical
7636,458,2025-05-01,306,2,1,7,2025-05-03,Critical
7637,458,2025-06-01,1143,12,16,2,2025-06-24,At Risk
7638,458,2025-07-01,935,5,16,2,2025-07-20,At Risk
7639,458,2025-08-01,247,4,3,4,2025-08-14,Critical
7640,458,2025-09-01,210,4,2,5,2025-09-01,Critical
7641,458,2025-10-01,884,12,9,1,2025-10-18,At Risk
7642,458,2025-11-01,620,6,19,2,2025-11-18,At Risk
7643,458,2025-12-01,1045,12,18,4,2025-12-25,At Risk
7644,458,2026-01-01,224,3,2,5,2026-01-01,Critical
7645,458,2026-02-01,308,1,0,4,2026-02-09,Critical
7646,458,2026-03-01,424,1,5,5,2026-03-04,Critical
7647,458,2026-04-01,183,3,5,3,2026-04-12,Critical
7648,458,2026-05-01,293,1,6,8,2026-05-09,Critical
7649,458,2026-06-01,161,4,1,4,2026-05-31,Critical
7650,459,2025-05-01,17,22,27,2,2025-05-31,Healthy
7651,459,2025-06-01,10,18,30,2,2025-06-30,Healthy
7652,459,2025-07-01,1,1,0,3,2025-07-14,Critical
7653,459,2025-08-01,10,16,49,1,2025-08-31,Healthy
7654,459,2025-09-01,10,16,43,2,2025-09-25,Healthy
7655,459,2025-10-01,16,18,24,0,2025-10-29,Healthy
7656,459,2025-11-01,4,5,19,4,2025-11-16,At Risk
7657,459,2025-12-01,4,10,8,3,2025-12-25,At Risk
7658,459,2026-01-01,3,4,0,7,2026-01-02,Critical
7659,459,2026-02-01,12,20,27,0,2026-02-24,Healthy
7660,459,2026-03-01,13,30,32,1,2026-03-29,Healthy
7661,459,2026-04-01,17,27,44,2,2026-04-27,Healthy
7662,459,2026-05-01,18,23,20,1,2026-05-31,Healthy
7663,459,2026-06-01,13,26,26,0,2026-06-29,Healthy
7664,460,2024-08-01,3,0,3,4,2024-08-15,Critical
7665,460,2024-09-01,6,8,16,5,2024-09-21,At Risk
7666,460,2024-10-01,8,12,18,1,2024-10-24,At Risk
7667,460,2024-11-01,20,18,21,2,2024-11-26,Healthy
7668,460,2024-12-01,22,20,41,0,2024-12-29,Healthy
7669,460,2025-01-01,17,15,37,2,2025-01-29,Healthy
7670,460,2025-02-01,16,28,21,0,2025-02-27,Healthy
7671,460,2025-03-01,6,13,15,3,2025-03-25,At Risk
7672,460,2025-04-01,20,18,36,0,2025-04-25,Healthy
7673,460,2025-05-01,16,19,31,1,2025-05-31,Healthy
7674,460,2025-06-01,5,13,9,1,2025-06-16,At Risk
7675,460,2025-07-01,18,18,31,2,2025-07-30,Healthy
7676,460,2025-08-01,18,15,50,1,2025-08-30,Healthy
7677,460,2025-09-01,22,26,32,0,2025-09-25,Healthy
7678,460,2025-10-01,22,18,37,2,2025-10-26,Healthy
7679,460,2025-11-01,13,24,50,0,2025-11-27,Healthy
7680,460,2025-12-01,14,22,29,1,2025-12-31,Healthy
7681,460,2026-01-01,5,7,18,4,2026-01-24,At Risk
7682,460,2026-02-01,2,3,5,4,2026-02-03,Critical
7683,460,2026-03-01,4,4,1,7,2026-03-02,Critical
7684,460,2026-04-01,2,4,1,6,2026-04-12,Critical
7685,460,2026-05-01,22,29,49,1,2026-05-30,Healthy
7686,460,2026-06-01,6,14,18,2,2026-06-18,At Risk
7687,461,2025-06-01,15,25,21,1,2025-06-25,Healthy
7688,461,2025-07-01,2,4,4,7,2025-07-08,Critical
7689,461,2025-08-01,4,1,1,6,2025-08-12,Critical
7690,461,2025-09-01,15,14,15,3,2025-09-19,At Risk
7691,461,2025-10-01,12,5,10,3,2025-10-22,At Risk
7692,461,2025-11-01,26,15,39,2,2025-11-26,Healthy
7693,461,2025-12-01,29,30,28,2,2025-12-26,Healthy
7694,461,2026-01-01,26,15,49,2,2026-01-28,Healthy
7695,461,2026-02-01,21,16,43,1,2026-02-23,Healthy
7696,461,2026-03-01,15,11,14,4,2026-03-21,At Risk
7697,461,2026-04-01,23,17,47,0,2026-04-26,Healthy
7698,461,2026-05-01,28,15,45,1,2026-05-30,Healthy
7699,461,2026-06-01,21,19,48,1,2026-06-28,Healthy
7700,462,2025-10-01,448,16,48,2,2025-10-31,Healthy
7701,462,2025-11-01,133,10,15,3,2025-11-18,At Risk
7702,462,2025-12-01,361,16,33,2,2025-12-31,Healthy
7703,462,2026-01-01,259,22,46,2,2026-01-28,Healthy
7704,462,2026-02-01,253,23,34,0,2026-02-25,Healthy
7705,462,2026-03-01,427,24,41,2,2026-03-31,Healthy
7706,462,2026-04-01,399,21,44,2,2026-04-29,Healthy
7707,462,2026-05-01,199,8,10,4,2026-05-21,At Risk
7708,462,2026-06-01,213,12,9,4,2026-06-21,At Risk
7709,463,2025-04-01,19,12,9,3,2025-04-19,At Risk
7710,463,2025-05-01,12,2,2,6,2025-05-01,Critical
7711,463,2025-06-01,51,18,43,0,2025-06-27,Healthy
7712,463,2025-07-01,64,24,35,2,2025-07-28,Healthy
7713,463,2025-08-01,63,25,44,0,2025-08-30,Healthy
7714,463,2025-09-01,71,22,22,1,2025-09-26,Healthy
7715,463,2025-10-01,63,17,47,1,2025-10-28,Healthy
7716,463,2025-11-01,43,28,29,1,2025-11-26,Healthy
7717,463,2025-12-01,43,22,33,1,2025-12-31,Healthy
7718,463,2026-01-01,73,18,47,2,2026-01-31,Healthy
7719,463,2026-02-01,61,21,40,0,2026-02-28,Healthy
7720,463,2026-03-01,71,30,33,0,2026-03-31,Healthy
7721,463,2026-04-01,58,17,36,2,2026-04-28,Healthy
7722,463,2026-05-01,46,18,34,2,2026-05-29,Healthy
7723,463,2026-06-01,54,27,23,2,2026-06-30,Healthy
7724,464,2025-03-01,84,6,9,2,2025-03-23,At Risk
7725,464,2025-04-01,112,8,9,4,2025-04-18,At Risk
7726,464,2025-05-01,111,9,19,5,2025-05-22,At Risk
7727,464,2025-06-01,105,10,12,4,2025-06-21,At Risk
7728,464,2025-07-01,105,5,9,3,2025-07-20,At Risk
7729,464,2025-08-01,22,1,1,6,2025-08-11,Critical
7730,464,2025-09-01,50,1,3,4,2025-09-12,Critical
7731,464,2025-10-01,40,3,6,8,2025-10-07,Critical
7732,464,2025-11-01,88,9,9,2,2025-11-24,At Risk
7733,464,2025-12-01,26,1,2,3,2025-12-14,Critical
7734,464,2026-01-01,25,4,1,6,2026-01-02,Critical
7735,464,2026-02-01,88,5,12,1,2026-02-22,At Risk
7736,464,2026-03-01,70,10,16,2,2026-03-19,At Risk
7737,464,2026-04-01,72,8,12,1,2026-04-16,At Risk
7738,464,2026-05-01,83,9,11,3,2026-05-18,At Risk
7739,464,2026-06-01,51,2,0,3,2026-06-07,Critical
7740,465,2025-12-01,212,15,45,1,2025-12-31,Healthy
7741,465,2026-01-01,202,18,42,1,2026-01-29,Healthy
7742,465,2026-02-01,191,19,28,1,2026-02-27,Healthy
7743,465,2026-03-01,123,30,28,0,2026-03-31,Healthy
7744,465,2026-04-01,36,2,6,5,2026-04-12,Critical
7745,465,2026-05-01,179,19,30,0,2026-05-30,Healthy
7746,465,2026-06-01,131,24,35,1,2026-06-29,Healthy
7747,466,2024-05-01,44,29,26,2,2024-05-29,Healthy
7748,466,2024-06-01,26,18,35,1,2024-06-28,Healthy
7749,466,2024-07-01,39,28,45,1,2024-07-29,Healthy
7750,466,2024-08-01,26,24,39,2,2024-08-28,Healthy
7751,466,2024-09-01,20,8,17,2,2024-09-18,At Risk
7752,466,2024-10-01,19,10,14,3,2024-10-19,At Risk
7753,466,2024-11-01,10,8,16,5,2024-11-22,At Risk
7754,466,2024-12-01,9,14,16,5,2024-12-18,At Risk
7755,466,2025-01-01,13,9,16,2,2025-01-22,At Risk
7756,466,2025-02-01,20,11,17,3,2025-02-21,At Risk
7757,466,2025-03-01,11,7,15,2,2025-03-24,At Risk
7758,466,2025-04-01,29,17,45,0,2025-04-29,Healthy
7759,466,2025-05-01,30,24,49,2,2025-05-26,Healthy
7760,466,2025-06-01,31,23,21,2,2025-06-28,Healthy
7761,466,2025-07-01,26,17,20,1,2025-07-26,Healthy
7762,466,2025-08-01,24,21,23,0,2025-08-26,Healthy
7763,466,2025-09-01,16,9,12,2,2025-09-24,At Risk
7764,466,2025-10-01,42,19,22,0,2025-10-26,Healthy
7765,466,2025-11-01,43,28,36,0,2025-11-27,Healthy
7766,466,2025-12-01,37,17,31,2,2025-12-29,Healthy
7767,466,2026-01-01,23,21,33,0,2026-01-28,Healthy
7768,466,2026-02-01,21,8,19,3,2026-02-15,At Risk
7769,466,2026-03-01,23,9,14,4,2026-03-23,At Risk
7770,466,2026-04-01,29,24,28,0,2026-04-28,Healthy
7771,466,2026-05-01,36,29,35,2,2026-05-29,Healthy
7772,466,2026-06-01,41,21,30,0,2026-06-29,Healthy
7773,467,2024-05-01,30,23,20,1,2024-05-28,Healthy
7774,467,2024-06-01,38,16,32,2,2024-06-28,Healthy
7775,467,2024-07-01,18,13,16,5,2024-07-16,At Risk
7776,467,2024-08-01,24,12,11,5,2024-08-20,At Risk
7777,467,2024-09-01,14,10,19,3,2024-09-21,At Risk
7778,467,2024-10-01,26,6,10,3,2024-10-18,At Risk
7779,467,2024-11-01,39,15,27,2,2024-11-27,Healthy
7780,467,2024-12-01,29,27,41,0,2024-12-31,Healthy
7781,467,2025-01-01,47,25,26,0,2025-01-29,Healthy
7782,467,2025-02-01,34,29,38,2,2025-02-26,Healthy
7783,467,2025-03-01,34,19,46,1,2025-03-27,Healthy
7784,467,2025-04-01,41,29,44,0,2025-04-28,Healthy
7785,467,2025-05-01,49,23,20,2,2025-05-28,Healthy
7786,467,2025-06-01,35,20,30,0,2025-06-26,Healthy
7787,467,2025-07-01,42,27,47,0,2025-07-27,Healthy
7788,467,2025-08-01,49,24,37,0,2025-08-27,Healthy
7789,467,2025-09-01,32,17,33,0,2025-09-29,Healthy
7790,467,2025-10-01,36,28,50,2,2025-10-28,Healthy
7791,467,2025-11-01,24,10,9,5,2025-11-23,At Risk
7792,467,2025-12-01,20,5,15,4,2025-12-19,At Risk
7793,467,2026-01-01,22,12,8,1,2026-01-25,At Risk
7794,467,2026-02-01,27,17,35,2,2026-02-25,Healthy
7795,467,2026-03-01,47,19,21,2,2026-03-31,Healthy
7796,467,2026-04-01,47,29,45,0,2026-04-28,Healthy
7797,467,2026-05-01,28,20,45,2,2026-05-26,Healthy
7798,467,2026-06-01,46,17,20,0,2026-06-28,Healthy
7799,468,2024-10-01,1757,19,25,2,2024-10-27,Healthy
7800,468,2024-11-01,1907,30,47,0,2024-11-26,Healthy
7801,468,2024-12-01,1082,14,15,4,2024-12-24,At Risk
7802,468,2025-01-01,809,6,12,5,2025-01-22,At Risk
7803,468,2025-02-01,1991,20,45,1,2025-02-28,Healthy
7804,468,2025-03-01,1413,19,27,2,2025-03-30,Healthy
7805,468,2025-04-01,1655,22,43,2,2025-04-28,Healthy
7806,468,2025-05-01,1825,21,36,2,2025-05-26,Healthy
7807,468,2025-06-01,2073,15,50,0,2025-06-28,Healthy
7808,468,2025-07-01,2334,27,29,1,2025-07-26,Healthy
7809,468,2025-08-01,1208,23,31,1,2025-08-28,Healthy
7810,468,2025-09-01,1474,20,28,0,2025-09-28,Healthy
7811,468,2025-10-01,2126,25,37,0,2025-10-30,Healthy
7812,468,2025-11-01,1759,24,31,1,2025-11-26,Healthy
7813,468,2025-12-01,2200,15,37,2,2025-12-30,Healthy
7814,468,2026-01-01,927,8,9,3,2026-01-18,At Risk
7815,468,2026-02-01,1896,24,49,0,2026-02-26,Healthy
7816,468,2026-03-01,1528,15,34,1,2026-03-28,Healthy
7817,468,2026-04-01,2345,29,23,1,2026-04-26,Healthy
7818,468,2026-05-01,1029,9,11,5,2026-05-16,At Risk
7819,468,2026-06-01,2290,15,48,0,2026-06-28,Healthy
7820,469,2024-10-01,22,25,22,1,2024-10-31,Healthy
7821,469,2024-11-01,21,21,30,2,2024-11-29,Healthy
7822,469,2024-12-01,7,3,5,8,2024-12-15,Critical
7823,469,2025-01-01,2,0,0,7,2025-01-15,Critical
7824,469,2025-02-01,7,1,2,4,2025-02-03,Critical
7825,469,2025-03-01,4,2,0,3,2025-03-11,Critical
7826,469,2025-04-01,5,0,4,4,2025-04-14,Critical
7827,469,2025-05-01,2,1,5,4,2025-05-02,Critical
7828,469,2025-06-01,1,2,2,4,2025-06-06,Critical
7829,469,2025-07-01,6,1,7,6,2025-07-11,Critical
7830,469,2025-08-01,4,3,6,6,2025-08-13,Critical
7831,469,2025-09-01,2,3,4,7,2025-09-10,Critical
7832,469,2025-10-01,7,3,0,4,2025-10-11,Critical
7833,469,2025-11-01,20,9,10,2,2025-11-16,At Risk
7834,469,2025-12-01,11,8,19,1,2025-12-24,At Risk
7835,469,2026-01-01,24,15,28,2,2026-01-29,Healthy
7836,469,2026-02-01,33,22,34,1,2026-02-23,Healthy
7837,469,2026-03-01,25,29,33,1,2026-03-28,Healthy
7838,469,2026-04-01,10,10,9,1,2026-04-17,At Risk
7839,469,2026-05-01,6,0,4,3,2026-05-08,Critical
7840,469,2026-06-01,3,2,6,7,2026-06-05,Critical
7841,470,2024-08-01,30,23,28,2,2024-08-30,Healthy
7842,470,2024-09-01,29,24,43,1,2024-09-25,Healthy
7843,470,2024-10-01,30,18,25,0,2024-10-30,Healthy
7844,470,2024-11-01,7,11,16,3,2024-11-16,At Risk
7845,470,2024-12-01,8,7,15,5,2024-12-22,At Risk
7846,470,2025-01-01,13,11,11,2,2025-01-24,At Risk
7847,470,2025-02-01,3,1,6,7,2025-01-30,Critical
7848,470,2025-03-01,2,2,7,4,2025-03-12,Critical
7849,470,2025-04-01,32,28,31,0,2025-04-29,Healthy
7850,470,2025-05-01,26,16,37,1,2025-05-26,Healthy
7851,470,2025-06-01,14,7,18,4,2025-06-19,At Risk
7852,470,2025-07-01,7,5,9,3,2025-07-19,At Risk
7853,470,2025-08-01,9,11,13,1,2025-08-19,At Risk
7854,470,2025-09-01,15,13,13,1,2025-09-16,At Risk
7855,470,2025-10-01,5,2,5,3,2025-10-13,Critical
7856,470,2025-11-01,2,1,6,3,2025-11-14,Critical
7857,470,2025-12-01,13,11,19,1,2025-12-18,At Risk
7858,470,2026-01-01,20,18,49,0,2026-01-27,Healthy
7859,470,2026-02-01,3,3,3,3,2026-02-08,Critical
7860,470,2026-03-01,9,13,8,5,2026-03-18,At Risk
7861,470,2026-04-01,27,26,36,1,2026-04-25,Healthy
7862,470,2026-05-01,10,10,14,4,2026-05-20,At Risk
7863,470,2026-06-01,25,15,44,1,2026-06-27,Healthy
7864,471,2024-11-01,6,3,4,5,2024-11-14,Critical
7865,471,2024-12-01,26,6,10,4,2024-12-17,At Risk
7866,471,2025-01-01,40,22,49,1,2025-01-27,Healthy
7867,471,2025-02-01,7,3,7,6,2025-02-10,Critical
7868,471,2025-03-01,6,2,1,8,2025-03-04,Critical
7869,471,2025-04-01,5,0,2,4,2025-04-03,Critical
7870,471,2025-05-01,2,4,7,3,2025-05-09,Critical
7871,471,2025-06-01,22,11,18,3,2025-06-23,At Risk
7872,471,2025-07-01,31,17,23,1,2025-07-26,Healthy
7873,471,2025-08-01,54,24,37,0,2025-08-30,Healthy
7874,471,2025-09-01,18,8,18,2,2025-09-22,At Risk
7875,471,2025-10-01,36,16,33,1,2025-10-31,Healthy
7876,471,2025-11-01,42,17,33,0,2025-11-28,Healthy
7877,471,2025-12-01,35,15,50,1,2025-12-29,Healthy
7878,471,2026-01-01,24,9,15,4,2026-01-16,At Risk
7879,471,2026-02-01,13,6,9,2,2026-02-20,At Risk
7880,471,2026-03-01,22,14,12,3,2026-03-25,At Risk
7881,471,2026-04-01,30,28,33,2,2026-04-27,Healthy
7882,471,2026-05-01,24,13,9,3,2026-05-21,At Risk
7883,471,2026-06-01,23,5,11,4,2026-06-20,At Risk
7884,472,2025-02-01,22,13,10,3,2025-02-18,At Risk
7885,472,2025-03-01,13,12,10,2,2025-03-20,At Risk
7886,472,2025-04-01,15,11,9,5,2025-04-20,At Risk
7887,472,2025-05-01,25,11,11,3,2025-05-16,At Risk
7888,472,2025-06-01,5,3,1,7,2025-06-10,Critical
7889,472,2025-07-01,6,4,0,6,2025-07-15,Critical
7890,472,2025-08-01,18,14,15,1,2025-08-17,At Risk
7891,472,2025-09-01,10,3,2,3,2025-09-04,Critical
7892,472,2025-10-01,11,4,0,6,2025-10-09,Critical
7893,472,2025-11-01,2,4,4,5,2025-11-01,Critical
7894,472,2025-12-01,9,0,4,3,2025-12-07,Critical
7895,472,2026-01-01,10,3,7,8,2026-01-04,Critical
7896,472,2026-02-01,20,12,18,2,2026-02-16,At Risk
7897,472,2026-03-01,23,5,17,3,2026-03-21,At Risk
7898,472,2026-04-01,15,14,11,5,2026-04-23,At Risk
7899,472,2026-05-01,35,23,39,1,2026-05-27,Healthy
7900,472,2026-06-01,55,20,41,0,2026-06-27,Healthy
7901,473,2024-02-01,8,27,50,1,2024-02-26,Healthy
7902,473,2024-03-01,4,12,17,2,2024-03-18,At Risk
7903,473,2024-04-01,1,4,5,4,2024-04-01,Critical
7904,473,2024-05-01,1,1,4,5,2024-05-10,Critical
7905,473,2024-06-01,1,0,4,3,2024-06-13,Critical
7906,473,2024-07-01,1,3,0,7,2024-07-10,Critical
7907,473,2024-08-01,1,4,2,6,2024-08-01,Critical
7908,473,2024-09-01,1,0,7,7,2024-09-04,Critical
7909,473,2024-10-01,1,1,7,3,2024-10-07,Critical
7910,473,2024-11-01,2,8,11,3,2024-11-21,At Risk
7911,473,2024-12-01,5,12,15,3,2024-12-25,At Risk
7912,473,2025-01-01,2,6,10,2,2025-01-21,At Risk
7913,473,2025-02-01,11,29,49,2,2025-02-25,Healthy
7914,473,2025-03-01,8,21,46,0,2025-03-28,Healthy
7915,473,2025-04-01,10,16,47,1,2025-04-28,Healthy
7916,473,2025-05-01,5,13,11,1,2025-05-23,At Risk
7917,473,2025-06-01,3,6,15,2,2025-06-23,At Risk
7918,473,2025-07-01,3,5,10,4,2025-07-17,At Risk
7919,473,2025-08-01,3,9,11,1,2025-08-16,At Risk
7920,473,2025-09-01,3,14,11,5,2025-09-15,At Risk
7921,473,2025-10-01,2,2,5,3,2025-10-13,Critical
7922,473,2025-11-01,2,1,5,6,2025-11-14,Critical
7923,473,2025-12-01,1,1,7,5,2025-12-01,Critical
7924,473,2026-01-01,7,29,42,2,2026-01-28,Healthy
7925,473,2026-02-01,10,28,36,0,2026-02-28,Healthy
7926,473,2026-03-01,3,7,16,1,2026-03-21,At Risk
7927,473,2026-04-01,8,28,43,1,2026-04-25,Healthy
7928,473,2026-05-01,6,28,39,0,2026-05-31,Healthy
7929,473,2026-06-01,7,28,34,0,2026-06-26,Healthy
7930,474,2025-08-01,52,20,35,2,2025-08-28,Healthy
7931,474,2025-09-01,56,18,32,0,2025-09-29,Healthy
7932,474,2025-10-01,50,22,22,0,2025-10-29,Healthy
7933,474,2025-11-01,58,22,40,1,2025-11-25,Healthy
7934,474,2025-12-01,36,28,42,0,2025-12-30,Healthy
7935,474,2026-01-01,48,30,22,1,2026-01-27,Healthy
7936,474,2026-02-01,36,27,36,1,2026-02-24,Healthy
7937,474,2026-03-01,48,26,49,0,2026-03-26,Healthy
7938,474,2026-04-01,65,20,24,1,2026-04-29,Healthy
7939,474,2026-05-01,42,27,26,0,2026-05-29,Healthy
7940,474,2026-06-01,66,21,38,1,2026-06-26,Healthy
7941,475,2025-07-01,25,18,44,2,2025-07-26,Healthy
7942,475,2025-08-01,28,26,29,1,2025-08-27,Healthy
7943,475,2025-09-01,34,23,35,1,2025-09-29,Healthy
7944,475,2025-10-01,32,17,30,0,2025-10-29,Healthy
7945,475,2025-11-01,44,19,41,0,2025-11-28,Healthy
7946,475,2025-12-01,45,22,20,1,2025-12-31,Healthy
7947,475,2026-01-01,37,25,32,2,2026-01-30,Healthy
7948,475,2026-02-01,44,22,23,2,2026-02-23,Healthy
7949,475,2026-03-01,23,8,13,3,2026-03-25,At Risk
7950,475,2026-04-01,11,5,8,4,2026-04-23,At Risk
7951,475,2026-05-01,17,6,8,2,2026-05-24,At Risk
7952,475,2026-06-01,7,4,2,7,2026-06-11,Critical
7953,476,2025-04-01,5,3,5,8,2025-04-12,Critical
7954,476,2025-05-01,9,8,18,2,2025-05-21,At Risk
7955,476,2025-06-01,27,22,32,2,2025-06-29,Healthy
7956,476,2025-07-01,27,16,40,0,2025-07-29,Healthy
7957,476,2025-08-01,11,6,12,1,2025-08-23,At Risk
7958,476,2025-09-01,11,10,9,4,2025-09-20,At Risk
7959,476,2025-10-01,24,25,35,0,2025-10-30,Healthy
7960,476,2025-11-01,26,26,46,2,2025-11-28,Healthy
7961,476,2025-12-01,29,21,42,2,2025-12-29,Healthy
7962,476,2026-01-01,28,25,47,2,2026-01-26,Healthy
7963,476,2026-02-01,4,4,0,6,2026-02-12,Critical
7964,476,2026-03-01,15,5,17,4,2026-03-25,At Risk
7965,476,2026-04-01,17,17,20,0,2026-04-30,Healthy
7966,476,2026-05-01,30,25,36,2,2026-05-26,Healthy
7967,476,2026-06-01,29,25,37,0,2026-06-28,Healthy
7968,477,2024-08-01,95,26,31,1,2024-08-30,Healthy
7969,477,2024-09-01,138,24,29,0,2024-09-25,Healthy
7970,477,2024-10-01,124,24,35,2,2024-10-27,Healthy
7971,477,2024-11-01,19,3,0,4,2024-11-13,Critical
7972,477,2024-12-01,8,2,2,3,2024-12-15,Critical
7973,477,2025-01-01,62,5,19,1,2025-01-24,At Risk
7974,477,2025-02-01,66,14,14,2,2025-02-22,At Risk
7975,477,2025-03-01,11,2,1,7,2025-03-07,Critical
7976,477,2025-04-01,26,0,4,6,2025-04-04,Critical
7977,477,2025-05-01,17,3,6,5,2025-05-04,Critical
7978,477,2025-06-01,25,2,4,6,2025-05-31,Critical
7979,477,2025-07-01,22,1,1,7,2025-07-12,Critical
7980,477,2025-08-01,8,2,7,4,2025-08-10,Critical
7981,477,2025-09-01,15,0,6,5,2025-09-07,Critical
7982,477,2025-10-01,14,1,1,3,2025-10-13,Critical
7983,477,2025-11-01,9,2,7,6,2025-11-05,Critical
7984,477,2025-12-01,13,1,5,6,2025-12-04,Critical
7985,477,2026-01-01,109,18,23,0,2026-01-30,Healthy
7986,477,2026-02-01,90,18,37,0,2026-02-27,Healthy
7987,477,2026-03-01,74,21,21,2,2026-03-29,Healthy
7988,477,2026-04-01,138,29,29,2,2026-04-26,Healthy
7989,477,2026-05-01,126,28,32,0,2026-05-30,Healthy
7990,477,2026-06-01,99,18,32,2,2026-06-29,Healthy
7991,478,2024-05-01,128,19,21,0,2024-05-29,Healthy
7992,478,2024-06-01,113,22,28,1,2024-06-26,Healthy
7993,478,2024-07-01,103,30,50,1,2024-07-29,Healthy
7994,478,2024-08-01,96,27,24,2,2024-08-27,Healthy
7995,478,2024-09-01,111,20,49,2,2024-09-28,Healthy
7996,478,2024-10-01,101,17,45,0,2024-10-26,Healthy
7997,478,2024-11-01,110,26,50,1,2024-11-25,Healthy
7998,478,2024-12-01,118,27,23,2,2024-12-27,Healthy
7999,478,2025-01-01,98,20,26,0,2025-01-26,Healthy
8000,478,2025-02-01,106,16,36,2,2025-02-24,Healthy
8001,478,2025-03-01,119,19,27,1,2025-03-27,Healthy
8002,478,2025-04-01,68,16,22,2,2025-04-26,Healthy
8003,478,2025-05-01,110,24,43,2,2025-05-28,Healthy
8004,478,2025-06-01,131,25,38,2,2025-06-29,Healthy
8005,478,2025-07-01,10,0,2,4,2025-07-12,Critical
8006,478,2025-08-01,55,12,15,2,2025-08-19,At Risk
8007,478,2025-09-01,46,11,13,5,2025-09-15,At Risk
8008,478,2025-10-01,101,25,47,1,2025-10-30,Healthy
8009,478,2025-11-01,99,23,24,2,2025-11-30,Healthy
8010,478,2025-12-01,79,25,34,1,2025-12-29,Healthy
8011,478,2026-01-01,75,19,28,0,2026-01-27,Healthy
8012,478,2026-02-01,106,23,44,0,2026-02-24,Healthy
8013,478,2026-03-01,122,17,28,0,2026-03-29,Healthy
8014,478,2026-04-01,68,26,23,1,2026-04-30,Healthy
8015,478,2026-05-01,52,7,8,1,2026-05-22,At Risk
8016,478,2026-06-01,58,8,18,4,2026-06-22,At Risk
8017,479,2024-06-01,21,9,16,5,2024-06-16,At Risk
8018,479,2024-07-01,4,4,6,8,2024-07-04,Critical
8019,479,2024-08-01,8,0,3,5,2024-08-05,Critical
8020,479,2024-09-01,7,0,0,5,2024-09-14,Critical
8021,479,2024-10-01,2,3,1,6,2024-10-13,Critical
8022,479,2024-11-01,2,4,1,4,2024-11-03,Critical
8023,479,2024-12-01,13,6,16,5,2024-12-19,At Risk
8024,479,2025-01-01,37,30,38,0,2025-01-30,Healthy
8025,479,2025-02-01,6,1,7,5,2025-01-30,Critical
8026,479,2025-03-01,15,8,16,1,2025-03-25,At Risk
8027,479,2025-04-01,17,11,14,1,2025-04-21,At Risk
8028,479,2025-05-01,10,11,9,2,2025-05-20,At Risk
8029,479,2025-06-01,25,22,34,2,2025-06-29,Healthy
8030,479,2025-07-01,44,27,24,1,2025-07-29,Healthy
8031,479,2025-08-01,38,21,43,2,2025-08-31,Healthy
8032,479,2025-09-01,45,20,40,0,2025-09-29,Healthy
8033,479,2025-10-01,1,3,1,7,2025-10-11,Critical
8034,479,2025-11-01,5,0,5,7,2025-11-10,Critical
8035,479,2025-12-01,4,0,6,6,2025-12-12,Critical
8036,479,2026-01-01,11,12,9,1,2026-01-16,At Risk
8037,479,2026-02-01,4,3,1,3,2026-02-10,Critical
8038,479,2026-03-01,14,10,11,3,2026-03-23,At Risk
8039,479,2026-04-01,26,30,21,2,2026-04-29,Healthy
8040,479,2026-05-01,38,27,32,2,2026-05-26,Healthy
8041,479,2026-06-01,33,18,28,2,2026-06-27,Healthy
8042,480,2024-09-01,160,21,41,2,2024-09-28,Healthy
8043,480,2024-10-01,102,9,18,4,2024-10-17,At Risk
8044,480,2024-11-01,122,8,14,4,2024-11-21,At Risk
8045,480,2024-12-01,41,4,5,4,2024-12-15,Critical
8046,480,2025-01-01,178,22,43,0,2025-01-27,Healthy
8047,480,2025-02-01,243,24,22,1,2025-02-28,Healthy
8048,480,2025-03-01,200,25,48,2,2025-03-29,Healthy
8049,480,2025-04-01,203,23,36,1,2025-04-30,Healthy
8050,480,2025-05-01,126,15,40,2,2025-05-28,Healthy
8051,480,2025-06-01,116,10,11,2,2025-06-21,At Risk
8052,480,2025-07-01,181,22,47,1,2025-07-26,Healthy
8053,480,2025-08-01,183,26,30,2,2025-08-27,Healthy
8054,480,2025-09-01,80,6,17,4,2025-09-23,At Risk
8055,480,2025-10-01,93,14,16,4,2025-10-16,At Risk
8056,480,2025-11-01,198,15,33,2,2025-11-29,Healthy
8057,480,2025-12-01,241,24,47,1,2025-12-28,Healthy
8058,480,2026-01-01,127,30,49,1,2026-01-29,Healthy
8059,480,2026-02-01,161,18,36,2,2026-02-25,Healthy
8060,480,2026-03-01,243,22,44,0,2026-03-27,Healthy
8061,480,2026-04-01,161,22,27,2,2026-04-25,Healthy
8062,480,2026-05-01,134,30,50,0,2026-05-31,Healthy
8063,480,2026-06-01,235,27,29,2,2026-06-25,Healthy
8064,481,2024-10-01,1021,24,43,2,2024-10-26,Healthy
8065,481,2024-11-01,1567,17,32,1,2024-11-29,Healthy
8066,481,2024-12-01,1648,20,24,1,2024-12-31,Healthy
8067,481,2025-01-01,1660,21,50,1,2025-01-31,Healthy
8068,481,2025-02-01,1607,15,40,1,2025-02-23,Healthy
8069,481,2025-03-01,817,8,18,4,2025-03-18,At Risk
8070,481,2025-04-01,709,7,14,5,2025-04-18,At Risk
8071,481,2025-05-01,833,6,13,5,2025-05-20,At Risk
8072,481,2025-06-01,1179,28,38,0,2025-06-25,Healthy
8073,481,2025-07-01,929,16,20,2,2025-07-30,Healthy
8074,481,2025-08-01,239,2,5,8,2025-08-06,Critical
8075,481,2025-09-01,264,0,4,4,2025-09-12,Critical
8076,481,2025-10-01,314,0,5,5,2025-10-11,Critical
8077,481,2025-11-01,269,4,4,5,2025-11-07,Critical
8078,481,2025-12-01,237,1,3,7,2025-12-14,Critical
8079,481,2026-01-01,762,9,14,3,2026-01-17,At Risk
8080,481,2026-02-01,982,15,23,2,2026-02-23,Healthy
8081,481,2026-03-01,463,5,18,5,2026-03-17,At Risk
8082,481,2026-04-01,317,1,3,6,2026-04-10,Critical
8083,481,2026-05-01,82,1,3,3,2026-05-12,Critical
8084,481,2026-06-01,265,2,7,4,2026-06-07,Critical
8085,482,2024-07-01,30,5,14,1,2024-07-21,At Risk
8086,482,2024-08-01,20,11,13,2,2024-08-21,At Risk
8087,482,2024-09-01,9,0,2,7,2024-09-06,Critical
8088,482,2024-10-01,16,11,9,2,2024-10-25,At Risk
8089,482,2024-11-01,25,13,10,5,2024-11-15,At Risk
8090,482,2024-12-01,16,14,17,3,2024-12-17,At Risk
8091,482,2025-01-01,24,13,8,5,2025-01-22,At Risk
8092,482,2025-02-01,51,24,25,0,2025-02-24,Healthy
8093,482,2025-03-01,12,9,14,1,2025-03-20,At Risk
8094,482,2025-04-01,55,19,34,1,2025-04-27,Healthy
8095,482,2025-05-01,44,20,28,0,2025-05-26,Healthy
8096,482,2025-06-01,35,19,26,0,2025-06-30,Healthy
8097,482,2025-07-01,17,8,16,3,2025-07-21,At Risk
8098,482,2025-08-01,17,14,11,3,2025-08-16,At Risk
8099,482,2025-09-01,24,12,14,2,2025-09-22,At Risk
8100,482,2025-10-01,13,11,17,4,2025-10-18,At Risk
8101,482,2025-11-01,24,8,8,3,2025-11-24,At Risk
8102,482,2025-12-01,44,21,31,2,2025-12-31,Healthy
8103,482,2026-01-01,53,18,33,0,2026-01-26,Healthy
8104,482,2026-02-01,55,25,28,0,2026-02-23,Healthy
8105,482,2026-03-01,57,20,35,1,2026-03-31,Healthy
8106,482,2026-04-01,3,0,6,8,2026-04-11,Critical
8107,482,2026-05-01,12,6,16,3,2026-05-18,At Risk
8108,482,2026-06-01,46,19,46,0,2026-06-25,Healthy
8109,483,2024-04-01,39,26,35,0,2024-04-28,Healthy
8110,483,2024-05-01,30,26,28,2,2024-05-30,Healthy
8111,483,2024-06-01,42,15,38,0,2024-06-30,Healthy
8112,483,2024-07-01,17,12,14,4,2024-07-19,At Risk
8113,483,2024-08-01,4,4,5,8,2024-08-09,Critical
8114,483,2024-09-01,36,27,49,2,2024-09-25,Healthy
8115,483,2024-10-01,26,23,21,1,2024-10-28,Healthy
8116,483,2024-11-01,36,27,44,1,2024-11-25,Healthy
8117,483,2024-12-01,5,3,5,6,2024-12-11,Critical
8118,483,2025-01-01,27,24,48,0,2025-01-31,Healthy
8119,483,2025-02-01,32,19,31,0,2025-02-28,Healthy
8120,483,2025-03-01,29,28,22,0,2025-03-28,Healthy
8121,483,2025-04-01,23,23,34,0,2025-04-30,Healthy
8122,483,2025-05-01,34,27,22,0,2025-05-29,Healthy
8123,483,2025-06-01,38,25,48,2,2025-06-29,Healthy
8124,483,2025-07-01,21,9,19,2,2025-07-19,At Risk
8125,483,2025-08-01,9,5,8,3,2025-08-24,At Risk
8126,483,2025-09-01,39,18,21,1,2025-09-28,Healthy
8127,483,2025-10-01,18,11,15,3,2025-10-19,At Risk
8128,483,2025-11-01,15,12,18,5,2025-11-16,At Risk
8129,483,2025-12-01,21,8,8,5,2025-12-17,At Risk
8130,483,2026-01-01,19,14,15,2,2026-01-23,At Risk
8131,483,2026-02-01,4,4,4,4,2026-02-10,Critical
8132,483,2026-03-01,7,3,0,5,2026-03-10,Critical
8133,483,2026-04-01,5,3,1,7,2026-04-11,Critical
8134,483,2026-05-01,18,8,19,4,2026-05-21,At Risk
8135,483,2026-06-01,2,2,6,7,2026-06-11,Critical
8136,484,2025-09-01,8,28,33,0,2025-09-29,Healthy
8137,484,2025-10-01,12,30,25,2,2025-10-26,Healthy
8138,484,2025-11-01,9,24,28,0,2025-11-29,Healthy
8139,484,2025-12-01,10,28,41,2,2025-12-27,Healthy
8140,484,2026-01-01,12,20,25,0,2026-01-27,Healthy
8141,484,2026-02-01,6,6,10,4,2026-02-19,At Risk
8142,484,2026-03-01,6,11,14,2,2026-03-24,At Risk
8143,484,2026-04-01,3,2,3,3,2026-04-05,Critical
8144,484,2026-05-01,1,1,3,6,2026-05-15,Critical
8145,484,2026-06-01,3,10,10,4,2026-06-19,At Risk
8146,485,2025-06-01,6,1,2,7,2025-06-04,Critical
8147,485,2025-07-01,10,4,4,4,2025-07-12,Critical
8148,485,2025-08-01,17,7,14,2,2025-08-17,At Risk
8149,485,2025-09-01,20,6,19,4,2025-09-18,At Risk
8150,485,2025-10-01,22,14,12,1,2025-10-25,At Risk
8151,485,2025-11-01,24,5,15,2,2025-11-22,At Risk
8152,485,2025-12-01,16,7,16,4,2025-12-24,At Risk
8153,485,2026-01-01,20,8,19,2,2026-01-17,At Risk
8154,485,2026-02-01,12,8,15,5,2026-02-22,At Risk
8155,485,2026-03-01,14,7,14,3,2026-03-25,At Risk
8156,485,2026-04-01,12,7,15,3,2026-04-23,At Risk
8157,485,2026-05-01,34,23,34,2,2026-05-31,Healthy
8158,485,2026-06-01,40,29,42,1,2026-06-28,Healthy
8159,486,2025-05-01,519,29,46,1,2025-05-29,Healthy
8160,486,2025-06-01,314,24,26,1,2025-06-28,Healthy
8161,486,2025-07-01,317,21,27,1,2025-07-27,Healthy
8162,486,2025-08-01,50,2,2,4,2025-08-10,Critical
8163,486,2025-09-01,96,3,5,7,2025-09-05,Critical
8164,486,2025-10-01,92,4,0,3,2025-10-06,Critical
8165,486,2025-11-01,23,0,7,5,2025-11-14,Critical
8166,486,2025-12-01,343,15,45,0,2025-12-29,Healthy
8167,486,2026-01-01,573,23,41,0,2026-01-30,Healthy
8168,486,2026-02-01,575,29,30,1,2026-02-26,Healthy
8169,486,2026-03-01,185,5,11,5,2026-03-22,At Risk
8170,486,2026-04-01,85,4,4,7,2026-03-31,Critical
8171,486,2026-05-01,89,4,7,3,2026-05-01,Critical
8172,486,2026-06-01,192,6,11,3,2026-06-20,At Risk
8173,487,2025-09-01,4,2,0,7,2025-09-11,Critical
8174,487,2025-10-01,1,0,7,5,2025-10-09,Critical
8175,487,2025-11-01,3,1,4,3,2025-11-11,Critical
8176,487,2025-12-01,6,9,18,4,2025-12-22,At Risk
8177,487,2026-01-01,12,11,12,1,2026-01-22,At Risk
8178,487,2026-02-01,20,26,49,2,2026-02-25,Healthy
8179,487,2026-03-01,12,11,13,3,2026-03-16,At Risk
8180,487,2026-04-01,4,4,4,4,2026-04-05,Critical
8181,487,2026-05-01,4,1,0,7,2026-05-11,Critical
8182,487,2026-06-01,5,3,5,7,2026-06-12,Critical
8183,488,2024-08-01,11,22,28,2,2024-08-29,Healthy
8184,488,2024-09-01,12,25,45,0,2024-09-27,Healthy
8185,488,2024-10-01,11,28,20,2,2024-10-27,Healthy
8186,488,2024-11-01,10,22,30,1,2024-11-25,Healthy
8187,488,2024-12-01,17,28,36,1,2024-12-28,Healthy
8188,488,2025-01-01,12,26,49,2,2025-01-28,Healthy
8189,488,2025-02-01,3,3,1,3,2025-02-04,Critical
8190,488,2025-03-01,6,9,11,2,2025-03-16,At Risk
8191,488,2025-04-01,1,4,4,5,2025-04-09,Critical
8192,488,2025-05-01,11,16,43,2,2025-05-27,Healthy
8193,488,2025-06-01,5,13,11,5,2025-06-21,At Risk
8194,488,2025-07-01,8,12,14,1,2025-07-24,At Risk
8195,488,2025-08-01,16,21,43,1,2025-08-27,Healthy
8196,488,2025-09-01,10,21,22,1,2025-09-28,Healthy
8197,488,2025-10-01,10,25,42,2,2025-10-31,Healthy
8198,488,2025-11-01,11,27,27,0,2025-11-25,Healthy
8199,488,2025-12-01,18,21,40,1,2025-12-29,Healthy
8200,488,2026-01-01,10,26,43,2,2026-01-30,Healthy
8201,488,2026-02-01,18,20,38,1,2026-02-27,Healthy
8202,488,2026-03-01,7,14,14,1,2026-03-16,At Risk
8203,488,2026-04-01,4,10,14,2,2026-04-21,At Risk
8204,488,2026-05-01,14,30,29,2,2026-05-27,Healthy
8205,488,2026-06-01,19,27,21,2,2026-06-28,Healthy
8206,489,2024-05-01,21,23,43,0,2024-05-29,Healthy
8207,489,2024-06-01,22,26,40,2,2024-06-25,Healthy
8208,489,2024-07-01,14,26,25,1,2024-07-28,Healthy
8209,489,2024-08-01,14,17,43,1,2024-08-29,Healthy
8210,489,2024-09-01,20,16,27,1,2024-09-26,Healthy
8211,489,2024-10-01,15,23,42,0,2024-10-27,Healthy
8212,489,2024-11-01,23,25,38,2,2024-11-26,Healthy
8213,489,2024-12-01,23,19,26,1,2024-12-28,Healthy
8214,489,2025-01-01,18,26,47,2,2025-01-27,Healthy
8215,489,2025-02-01,23,22,42,2,2025-02-23,Healthy
8216,489,2025-03-01,11,8,10,2,2025-03-16,At Risk
8217,489,2025-04-01,7,13,8,5,2025-04-24,At Risk
8218,489,2025-05-01,15,26,43,1,2025-05-28,Healthy
8219,489,2025-06-01,14,20,25,0,2025-06-25,Healthy
8220,489,2025-07-01,21,28,22,0,2025-07-26,Healthy
8221,489,2025-08-01,21,16,21,2,2025-08-27,Healthy
8222,489,2025-09-01,4,2,0,6,2025-08-31,Critical
8223,489,2025-10-01,3,3,0,4,2025-10-08,Critical
8224,489,2025-11-01,3,1,3,6,2025-11-05,Critical
8225,489,2025-12-01,1,3,1,5,2025-12-14,Critical
8226,489,2026-01-01,20,18,29,0,2026-01-30,Healthy
8227,489,2026-02-01,12,25,46,0,2026-02-23,Healthy
8228,489,2026-03-01,20,30,43,2,2026-03-27,Healthy
8229,489,2026-04-01,17,25,41,2,2026-04-26,Healthy
8230,489,2026-05-01,23,20,26,2,2026-05-30,Healthy
8231,489,2026-06-01,13,15,24,0,2026-06-29,Healthy
8232,490,2024-04-01,5,7,16,5,2024-04-21,At Risk
8233,490,2024-05-01,3,7,9,4,2024-05-24,At Risk
8234,490,2024-06-01,7,6,9,4,2024-06-19,At Risk
8235,490,2024-07-01,1,4,0,8,2024-07-04,Critical
8236,490,2024-08-01,2,3,7,5,2024-08-06,Critical
8237,490,2024-09-01,8,24,40,0,2024-09-28,Healthy
8238,490,2024-10-01,14,29,38,1,2024-10-30,Healthy
8239,490,2024-11-01,14,17,48,0,2024-11-30,Healthy
8240,490,2024-12-01,7,20,20,1,2024-12-31,Healthy
8241,490,2025-01-01,2,2,0,6,2025-01-05,Critical
8242,490,2025-02-01,1,1,1,6,2025-02-01,Critical
8243,490,2025-03-01,1,2,7,7,2025-03-10,Critical
8244,490,2025-04-01,1,2,1,8,2025-04-10,Critical
8245,490,2025-05-01,2,1,5,4,2025-05-01,Critical
8246,490,2025-06-01,1,4,1,4,2025-06-12,Critical
8247,490,2025-07-01,4,5,8,3,2025-07-22,At Risk
8248,490,2025-08-01,1,3,4,3,2025-08-03,Critical
8249,490,2025-09-01,1,1,4,6,2025-09-07,Critical
8250,490,2025-10-01,1,1,6,7,2025-10-02,Critical
8251,490,2025-11-01,2,4,0,6,2025-11-05,Critical
8252,490,2025-12-01,7,6,8,4,2025-12-18,At Risk
8253,490,2026-01-01,7,6,13,3,2026-01-19,At Risk
8254,490,2026-02-01,7,9,18,5,2026-02-21,At Risk
8255,490,2026-03-01,5,9,8,3,2026-03-19,At Risk
8256,490,2026-04-01,9,16,30,2,2026-04-27,Healthy
8257,490,2026-05-01,12,16,41,0,2026-05-30,Healthy
8258,490,2026-06-01,5,10,9,4,2026-06-24,At Risk
8259,491,2024-12-01,52,21,42,1,2024-12-26,Healthy
8260,491,2025-01-01,57,28,49,1,2025-01-29,Healthy
8261,491,2025-02-01,12,0,3,5,2025-02-10,Critical
8262,491,2025-03-01,4,2,3,6,2025-03-08,Critical
8263,491,2025-04-01,7,0,5,4,2025-04-04,Critical
8264,491,2025-05-01,25,13,18,1,2025-05-24,At Risk
8265,491,2025-06-01,8,0,5,6,2025-05-31,Critical
8266,491,2025-07-01,34,6,16,4,2025-07-21,At Risk
8267,491,2025-08-01,20,9,19,1,2025-08-16,At Risk
8268,491,2025-09-01,53,22,29,1,2025-09-27,Healthy
8269,491,2025-10-01,30,10,9,5,2025-10-17,At Risk
8270,491,2025-11-01,31,12,10,1,2025-11-20,At Risk
8271,491,2025-12-01,2,1,2,4,2025-12-15,Critical
8272,491,2026-01-01,16,9,17,4,2026-01-20,At Risk
8273,491,2026-02-01,33,7,18,1,2026-02-16,At Risk
8274,491,2026-03-01,68,26,29,0,2026-03-30,Healthy
8275,491,2026-04-01,47,30,42,0,2026-04-28,Healthy
8276,491,2026-05-01,55,29,45,1,2026-05-28,Healthy
8277,491,2026-06-01,44,23,23,0,2026-06-30,Healthy
8278,492,2025-11-01,8,7,12,2,2025-11-16,At Risk
8279,492,2025-12-01,1,4,7,5,2025-12-14,Critical
8280,492,2026-01-01,13,18,26,0,2026-01-29,Healthy
8281,492,2026-02-01,6,14,18,2,2026-02-19,At Risk
8282,492,2026-03-01,4,13,11,2,2026-03-21,At Risk
8283,492,2026-04-01,2,2,7,4,2026-04-07,Critical
8284,492,2026-05-01,1,4,1,6,2026-05-09,Critical
8285,492,2026-06-01,2,0,3,5,2026-05-31,Critical
8286,493,2026-01-01,55,5,15,2,2026-01-21,At Risk
8287,493,2026-02-01,130,29,32,1,2026-02-28,Healthy
8288,493,2026-03-01,41,8,13,4,2026-03-18,At Risk
8289,493,2026-04-01,197,19,31,0,2026-04-29,Healthy
8290,493,2026-05-01,109,27,31,0,2026-05-28,Healthy
8291,493,2026-06-01,83,12,13,3,2026-06-16,At Risk
8292,494,2026-04-01,1364,22,23,0,2026-04-27,Healthy
8293,494,2026-05-01,122,3,1,7,2026-05-02,Critical
8294,494,2026-06-01,340,2,5,7,2026-06-01,Critical
8295,495,2025-09-01,461,13,17,3,2025-09-22,At Risk
8296,495,2025-10-01,464,10,17,4,2025-10-18,At Risk
8297,495,2025-11-01,738,16,47,1,2025-11-28,Healthy
8298,495,2025-12-01,833,16,23,2,2025-12-26,Healthy
8299,495,2026-01-01,754,17,23,2,2026-01-27,Healthy
8300,495,2026-02-01,206,4,0,7,2026-02-06,Critical
8301,495,2026-03-01,1217,25,42,0,2026-03-30,Healthy
8302,495,2026-04-01,651,29,29,2,2026-04-25,Healthy
8303,495,2026-05-01,896,22,49,0,2026-05-29,Healthy
8304,495,2026-06-01,1196,15,43,0,2026-06-28,Healthy
8305,496,2025-08-01,20,15,38,1,2025-08-29,Healthy
8306,496,2025-09-01,19,26,32,1,2025-09-25,Healthy
8307,496,2025-10-01,27,29,43,1,2025-10-30,Healthy
8308,496,2025-11-01,8,5,17,4,2025-11-15,At Risk
8309,496,2025-12-01,1,1,1,6,2025-12-15,Critical
8310,496,2026-01-01,1,1,7,4,2026-01-09,Critical
8311,496,2026-02-01,13,5,19,2,2026-02-21,At Risk
8312,496,2026-03-01,10,13,18,4,2026-03-25,At Risk
8313,496,2026-04-01,13,7,16,3,2026-04-18,At Risk
8314,496,2026-05-01,12,5,18,5,2026-05-19,At Risk
8315,496,2026-06-01,10,14,14,4,2026-06-22,At Risk
8316,497,2025-02-01,298,19,40,2,2025-02-27,Healthy
8317,497,2025-03-01,225,20,33,1,2025-03-29,Healthy
8318,497,2025-04-01,276,28,31,2,2025-04-30,Healthy
8319,497,2025-05-01,159,22,45,1,2025-05-29,Healthy
8320,497,2025-06-01,299,18,39,0,2025-06-26,Healthy
8321,497,2025-07-01,51,0,7,5,2025-07-02,Critical
8322,497,2025-08-01,9,4,5,7,2025-08-09,Critical
8323,497,2025-09-01,29,3,6,3,2025-09-10,Critical
8324,497,2025-10-01,78,10,8,4,2025-10-22,At Risk
8325,497,2025-11-01,128,11,9,3,2025-11-17,At Risk
8326,497,2025-12-01,172,25,32,1,2025-12-28,Healthy
8327,497,2026-01-01,227,15,20,1,2026-01-30,Healthy
8328,497,2026-02-01,227,20,38,2,2026-02-24,Healthy
8329,497,2026-03-01,172,20,28,0,2026-03-28,Healthy
8330,497,2026-04-01,206,30,20,2,2026-04-25,Healthy
8331,497,2026-05-01,152,23,35,2,2026-05-29,Healthy
8332,497,2026-06-01,245,29,24,2,2026-06-26,Healthy
8333,498,2025-03-01,10,16,32,0,2025-03-26,Healthy
8334,498,2025-04-01,14,23,47,1,2025-04-26,Healthy
8335,498,2025-05-01,10,23,33,2,2025-05-27,Healthy
8336,498,2025-06-01,9,18,21,1,2025-06-28,Healthy
8337,498,2025-07-01,8,25,21,0,2025-07-30,Healthy
8338,498,2025-08-01,6,12,16,1,2025-08-19,At Risk
8339,498,2025-09-01,9,24,35,1,2025-09-25,Healthy
8340,498,2025-10-01,13,22,26,2,2025-10-26,Healthy
8341,498,2025-11-01,12,23,23,1,2025-11-25,Healthy
8342,498,2025-12-01,14,21,20,1,2025-12-31,Healthy
8343,498,2026-01-01,6,10,19,4,2026-01-19,At Risk
8344,498,2026-02-01,6,14,9,4,2026-02-22,At Risk
8345,498,2026-03-01,11,27,41,2,2026-03-27,Healthy
8346,498,2026-04-01,16,29,27,1,2026-04-29,Healthy
8347,498,2026-05-01,9,21,25,1,2026-05-28,Healthy
8348,498,2026-06-01,14,24,31,1,2026-06-30,Healthy
8349,499,2024-02-01,37,21,43,0,2024-02-24,Healthy
8350,499,2024-03-01,38,24,45,2,2024-03-26,Healthy
8351,499,2024-04-01,13,8,16,4,2024-04-18,At Risk
8352,499,2024-05-01,39,20,39,2,2024-05-28,Healthy
8353,499,2024-06-01,15,11,12,3,2024-06-19,At Risk
8354,499,2024-07-01,34,28,26,2,2024-07-31,Healthy
8355,499,2024-08-01,27,28,21,2,2024-08-27,Healthy
8356,499,2024-09-01,15,8,9,4,2024-09-21,At Risk
8357,499,2024-10-01,7,1,5,3,2024-10-05,Critical
8358,499,2024-11-01,6,0,2,7,2024-11-07,Critical
8359,499,2024-12-01,5,3,6,8,2024-12-12,Critical
8360,499,2025-01-01,7,0,4,5,2025-01-13,Critical
8361,499,2025-02-01,1,0,1,5,2025-01-30,Critical
8362,499,2025-03-01,3,3,3,3,2025-03-13,Critical
8363,499,2025-04-01,1,3,3,8,2025-04-05,Critical
8364,499,2025-05-01,6,4,7,7,2025-05-13,Critical
8365,499,2025-06-01,6,0,0,7,2025-06-12,Critical
8366,499,2025-07-01,4,3,1,7,2025-07-14,Critical
8367,499,2025-08-01,14,14,8,3,2025-08-19,At Risk
8368,499,2025-09-01,12,14,15,5,2025-09-22,At Risk
8369,499,2025-10-01,10,9,14,4,2025-10-21,At Risk
8370,499,2025-11-01,18,8,19,1,2025-11-16,At Risk
8371,499,2025-12-01,32,23,36,2,2025-12-31,Healthy
8372,499,2026-01-01,36,30,30,1,2026-01-28,Healthy
8373,499,2026-02-01,36,15,26,1,2026-02-27,Healthy
8374,499,2026-03-01,35,23,45,0,2026-03-29,Healthy
8375,499,2026-04-01,9,8,8,4,2026-04-18,At Risk
8376,499,2026-05-01,9,13,17,3,2026-05-24,At Risk
8377,499,2026-06-01,25,29,20,0,2026-06-25,Healthy
8378,500,2026-02-01,392,3,0,3,2026-02-08,Critical
8379,500,2026-03-01,156,2,2,7,2026-03-10,Critical
8380,500,2026-04-01,742,8,8,1,2026-04-17,At Risk
8381,500,2026-05-01,1799,16,25,2,2026-05-26,Healthy
8382,500,2026-06-01,1921,30,33,0,2026-06-25,Healthy
8383,501,2024-05-01,35,15,40,1,2024-05-30,Healthy
8384,501,2024-06-01,33,23,43,1,2024-06-27,Healthy
8385,501,2024-07-01,11,10,11,4,2024-07-20,At Risk
8386,501,2024-08-01,26,20,29,1,2024-08-27,Healthy
8387,501,2024-09-01,35,25,42,2,2024-09-28,Healthy
8388,501,2024-10-01,26,27,39,1,2024-10-29,Healthy
8389,501,2024-11-01,27,17,21,2,2024-11-26,Healthy
8390,501,2024-12-01,17,14,11,1,2024-12-20,At Risk
8391,501,2025-01-01,17,6,9,1,2025-01-19,At Risk
8392,501,2025-02-01,20,26,42,2,2025-02-24,Healthy
8393,501,2025-03-01,25,16,22,0,2025-03-31,Healthy
8394,501,2025-04-01,31,18,22,0,2025-04-28,Healthy
8395,501,2025-05-01,30,18,47,1,2025-05-26,Healthy
8396,501,2025-06-01,25,28,26,2,2025-06-28,Healthy
8397,501,2025-07-01,23,29,30,2,2025-07-30,Healthy
8398,501,2025-08-01,25,19,34,0,2025-08-28,Healthy
8399,501,2025-09-01,23,16,21,0,2025-09-28,Healthy
8400,501,2025-10-01,35,17,33,1,2025-10-28,Healthy
8401,501,2025-11-01,10,9,9,4,2025-11-16,At Risk
8402,501,2025-12-01,9,10,10,5,2025-12-18,At Risk
8403,501,2026-01-01,30,25,33,0,2026-01-28,Healthy
8404,501,2026-02-01,24,19,39,0,2026-02-25,Healthy
8405,501,2026-03-01,22,23,30,0,2026-03-30,Healthy
8406,501,2026-04-01,24,18,47,0,2026-04-29,Healthy
8407,501,2026-05-01,16,14,17,1,2026-05-19,At Risk
8408,501,2026-06-01,7,7,16,2,2026-06-24,At Risk
8409,502,2025-07-01,45,14,15,4,2025-07-24,At Risk
8410,502,2025-08-01,29,10,8,5,2025-08-16,At Risk
8411,502,2025-09-01,51,11,18,5,2025-09-15,At Risk
8412,502,2025-10-01,13,4,3,5,2025-10-02,Critical
8413,502,2025-11-01,12,3,3,3,2025-11-12,Critical
8414,502,2025-12-01,6,4,7,4,2025-12-03,Critical
8415,502,2026-01-01,8,4,5,7,2026-01-02,Critical
8416,502,2026-02-01,82,23,43,1,2026-02-28,Healthy
8417,502,2026-03-01,61,21,37,0,2026-03-28,Healthy
8418,502,2026-04-01,63,22,24,2,2026-04-28,Healthy
8419,502,2026-05-01,55,21,43,1,2026-05-30,Healthy
8420,502,2026-06-01,38,6,15,3,2026-06-21,At Risk
8421,503,2024-05-01,10,0,2,4,2024-05-09,Critical
8422,503,2024-06-01,67,12,9,4,2024-06-21,At Risk
8423,503,2024-07-01,103,26,23,1,2024-07-28,Healthy
8424,503,2024-08-01,161,17,21,2,2024-08-26,Healthy
8425,503,2024-09-01,127,17,23,1,2024-09-29,Healthy
8426,503,2024-10-01,178,30,39,1,2024-10-31,Healthy
8427,503,2024-11-01,96,21,33,2,2024-11-28,Healthy
8428,503,2024-12-01,50,5,15,1,2024-12-21,At Risk
8429,503,2025-01-01,129,15,39,0,2025-01-29,Healthy
8430,503,2025-02-01,54,6,12,4,2025-02-17,At Risk
8431,503,2025-03-01,159,22,36,2,2025-03-27,Healthy
8432,503,2025-04-01,6,3,0,7,2025-04-14,Critical
8433,503,2025-05-01,46,5,16,2,2025-05-20,At Risk
8434,503,2025-06-01,60,10,8,4,2025-06-15,At Risk
8435,503,2025-07-01,84,13,12,5,2025-07-20,At Risk
8436,503,2025-08-01,152,25,39,1,2025-08-30,Healthy
8437,503,2025-09-01,155,19,27,1,2025-09-28,Healthy
8438,503,2025-10-01,106,26,45,1,2025-10-27,Healthy
8439,503,2025-11-01,109,30,30,0,2025-11-25,Healthy
8440,503,2025-12-01,103,28,25,0,2025-12-31,Healthy
8441,503,2026-01-01,125,27,38,0,2026-01-28,Healthy
8442,503,2026-02-01,80,14,9,5,2026-02-20,At Risk
8443,503,2026-03-01,166,26,45,2,2026-03-29,Healthy
8444,503,2026-04-01,178,20,36,0,2026-04-26,Healthy
8445,503,2026-05-01,53,7,8,4,2026-05-20,At Risk
8446,503,2026-06-01,76,5,15,2,2026-06-16,At Risk
8447,504,2025-08-01,12,20,28,1,2025-08-30,Healthy
8448,504,2025-09-01,15,19,38,2,2025-09-26,Healthy
8449,504,2025-10-01,17,23,21,0,2025-10-26,Healthy
8450,504,2025-11-01,14,29,22,1,2025-11-25,Healthy
8451,504,2025-12-01,9,9,10,3,2025-12-21,At Risk
8452,504,2026-01-01,1,2,2,7,2026-01-15,Critical
8453,504,2026-02-01,8,13,9,5,2026-02-13,At Risk
8454,504,2026-03-01,1,1,2,8,2026-03-05,Critical
8455,504,2026-04-01,2,0,0,3,2026-04-02,Critical
8456,504,2026-05-01,8,5,9,5,2026-05-18,At Risk
8457,504,2026-06-01,8,8,13,2,2026-06-16,At Risk
8458,505,2024-12-01,44,30,32,0,2024-12-27,Healthy
8459,505,2025-01-01,48,19,33,2,2025-01-29,Healthy
8460,505,2025-02-01,7,1,6,6,2025-02-01,Critical
8461,505,2025-03-01,2,4,5,6,2025-03-12,Critical
8462,505,2025-04-01,17,12,9,1,2025-04-17,At Risk
8463,505,2025-05-01,17,7,16,2,2025-05-24,At Risk
8464,505,2025-06-01,1,0,5,7,2025-06-12,Critical
8465,505,2025-07-01,6,2,6,3,2025-07-01,Critical
8466,505,2025-08-01,7,3,6,6,2025-08-07,Critical
8467,505,2025-09-01,21,5,14,2,2025-09-22,At Risk
8468,505,2025-10-01,26,7,10,5,2025-10-17,At Risk
8469,505,2025-11-01,7,1,5,4,2025-10-31,Critical
8470,505,2025-12-01,8,3,5,5,2025-12-05,Critical
8471,505,2026-01-01,9,4,4,5,2026-01-15,Critical
8472,505,2026-02-01,14,10,11,3,2026-02-14,At Risk
8473,505,2026-03-01,16,5,15,1,2026-03-20,At Risk
8474,505,2026-04-01,12,9,9,1,2026-04-22,At Risk
8475,505,2026-05-01,14,5,17,1,2026-05-23,At Risk
8476,505,2026-06-01,20,12,13,5,2026-06-17,At Risk
8477,506,2025-11-01,2143,30,41,2,2025-11-30,Healthy
8478,506,2025-12-01,732,5,19,3,2025-12-16,At Risk
8479,506,2026-01-01,1399,17,34,2,2026-01-31,Healthy
8480,506,2026-02-01,1647,23,45,0,2026-02-25,Healthy
8481,506,2026-03-01,1904,21,23,0,2026-03-29,Healthy
8482,506,2026-04-01,2008,18,42,1,2026-04-25,Healthy
8483,506,2026-05-01,1324,29,20,1,2026-05-30,Healthy
8484,506,2026-06-01,2180,25,29,0,2026-06-30,Healthy
8485,507,2025-05-01,14,17,29,2,2025-05-31,Healthy
8486,507,2025-06-01,9,17,25,2,2025-06-27,Healthy
8487,507,2025-07-01,13,30,34,1,2025-07-27,Healthy
8488,507,2025-08-01,11,18,22,0,2025-08-31,Healthy
8489,507,2025-09-01,15,29,50,1,2025-09-29,Healthy
8490,507,2025-10-01,18,18,44,2,2025-10-29,Healthy
8491,507,2025-11-01,12,19,32,1,2025-11-30,Healthy
8492,507,2025-12-01,11,17,50,2,2025-12-26,Healthy
8493,507,2026-01-01,16,28,42,0,2026-01-30,Healthy
8494,507,2026-02-01,1,3,7,8,2026-02-07,Critical
8495,507,2026-03-01,9,8,17,4,2026-03-24,At Risk
8496,507,2026-04-01,7,13,15,4,2026-04-22,At Risk
8497,507,2026-05-01,10,20,46,1,2026-05-26,Healthy
8498,507,2026-06-01,16,27,50,1,2026-06-26,Healthy
8499,508,2025-11-01,179,29,48,0,2025-11-27,Healthy
8500,508,2025-12-01,164,30,28,1,2025-12-29,Healthy
8501,508,2026-01-01,162,20,38,1,2026-01-31,Healthy
8502,508,2026-02-01,141,15,32,1,2026-02-27,Healthy
8503,508,2026-03-01,121,18,34,1,2026-03-29,Healthy
8504,508,2026-04-01,205,22,40,2,2026-04-28,Healthy
8505,508,2026-05-01,208,21,24,1,2026-05-29,Healthy
8506,508,2026-06-01,109,6,17,4,2026-06-16,At Risk
8507,509,2025-09-01,1599,19,31,0,2025-09-29,Healthy
8508,509,2025-10-01,350,0,1,8,2025-10-06,Critical
8509,509,2025-11-01,1937,17,43,2,2025-11-27,Healthy
8510,509,2025-12-01,1089,22,32,1,2025-12-28,Healthy
8511,509,2026-01-01,391,7,15,3,2026-01-21,At Risk
8512,509,2026-02-01,215,2,5,4,2026-02-11,Critical
8513,509,2026-03-01,431,13,10,5,2026-03-23,At Risk
8514,509,2026-04-01,1234,27,37,2,2026-04-30,Healthy
8515,509,2026-05-01,1563,30,44,2,2026-05-30,Healthy
8516,509,2026-06-01,1285,24,27,1,2026-06-25,Healthy
8517,510,2024-09-01,156,28,38,0,2024-09-30,Healthy
8518,510,2024-10-01,233,30,25,0,2024-10-26,Healthy
8519,510,2024-11-01,242,22,25,2,2024-11-27,Healthy
8520,510,2024-12-01,58,6,8,5,2024-12-25,At Risk
8521,510,2025-01-01,78,7,18,1,2025-01-24,At Risk
8522,510,2025-02-01,91,8,18,5,2025-02-21,At Risk
8523,510,2025-03-01,147,19,34,1,2025-03-26,Healthy
8524,510,2025-04-01,153,21,44,2,2025-04-25,Healthy
8525,510,2025-05-01,49,10,10,1,2025-05-18,At Risk
8526,510,2025-06-01,84,7,9,4,2025-06-17,At Risk
8527,510,2025-07-01,104,5,10,5,2025-07-22,At Risk
8528,510,2025-08-01,116,13,14,3,2025-08-22,At Risk
8529,510,2025-09-01,219,15,43,2,2025-09-25,Healthy
8530,510,2025-10-01,240,30,36,0,2025-10-30,Healthy
8531,510,2025-11-01,152,27,40,2,2025-11-29,Healthy
8532,510,2025-12-01,185,17,30,0,2025-12-30,Healthy
8533,510,2026-01-01,202,20,43,1,2026-01-28,Healthy
8534,510,2026-02-01,29,3,4,7,2026-02-05,Critical
8535,510,2026-03-01,211,22,46,2,2026-03-27,Healthy
8536,510,2026-04-01,224,19,20,1,2026-04-28,Healthy
8537,510,2026-05-01,221,23,48,2,2026-05-31,Healthy
8538,510,2026-06-01,170,27,38,2,2026-06-29,Healthy
8539,511,2025-05-01,9,11,18,1,2025-05-19,At Risk
8540,511,2025-06-01,13,5,16,2,2025-06-15,At Risk
8541,511,2025-07-01,2,3,0,7,2025-07-08,Critical
8542,511,2025-08-01,9,10,17,5,2025-08-25,At Risk
8543,511,2025-09-01,10,11,12,3,2025-09-18,At Risk
8544,511,2025-10-01,12,13,11,3,2025-10-16,At Risk
8545,511,2025-11-01,3,4,7,6,2025-11-14,Critical
8546,511,2025-12-01,2,0,2,4,2025-12-15,Critical
8547,511,2026-01-01,14,13,12,2,2026-01-19,At Risk
8548,511,2026-02-01,2,0,6,8,2026-02-05,Critical
8549,511,2026-03-01,5,3,0,3,2026-03-02,Critical
8550,511,2026-04-01,4,0,6,5,2026-04-13,Critical
8551,511,2026-05-01,2,0,7,5,2026-05-04,Critical
8552,511,2026-06-01,15,13,9,4,2026-06-21,At Risk
8553,512,2024-07-01,19,21,25,1,2024-07-26,Healthy
8554,512,2024-08-01,21,23,48,1,2024-08-31,Healthy
8555,512,2024-09-01,6,5,15,4,2024-09-16,At Risk
8556,512,2024-10-01,10,10,14,2,2024-10-17,At Risk
8557,512,2024-11-01,2,4,1,7,2024-11-07,Critical
8558,512,2024-12-01,9,10,18,4,2024-12-23,At Risk
8559,512,2025-01-01,9,6,10,4,2025-01-16,At Risk
8560,512,2025-02-01,9,6,17,1,2025-02-16,At Risk
8561,512,2025-03-01,12,12,17,4,2025-03-18,At Risk
8562,512,2025-04-01,4,4,1,5,2025-04-14,Critical
8563,512,2025-05-01,20,21,42,2,2025-05-29,Healthy
8564,512,2025-06-01,18,29,39,2,2025-06-29,Healthy
8565,512,2025-07-01,26,30,24,1,2025-07-31,Healthy
8566,512,2025-08-01,25,21,36,0,2025-08-27,Healthy
8567,512,2025-09-01,23,29,44,0,2025-09-30,Healthy
8568,512,2025-10-01,22,23,38,1,2025-10-31,Healthy
8569,512,2025-11-01,24,28,43,2,2025-11-27,Healthy
8570,512,2025-12-01,10,9,17,3,2025-12-25,At Risk
8571,512,2026-01-01,22,24,50,1,2026-01-31,Healthy
8572,512,2026-02-01,16,26,35,2,2026-02-25,Healthy
8573,512,2026-03-01,7,8,11,1,2026-03-19,At Risk
8574,512,2026-04-01,1,0,0,4,2026-04-02,Critical
8575,512,2026-05-01,2,0,2,7,2026-05-14,Critical
8576,512,2026-06-01,4,2,5,4,2026-06-11,Critical
8577,513,2024-05-01,15,29,26,0,2024-05-30,Healthy
8578,513,2024-06-01,16,16,28,1,2024-06-29,Healthy
8579,513,2024-07-01,16,16,33,2,2024-07-31,Healthy
8580,513,2024-08-01,18,24,33,2,2024-08-30,Healthy
8581,513,2024-09-01,4,2,1,8,2024-09-05,Critical
8582,513,2024-10-01,5,5,18,1,2024-10-24,At Risk
8583,513,2024-11-01,5,5,8,2,2024-11-17,At Risk
8584,513,2024-12-01,9,8,9,4,2024-12-18,At Risk
8585,513,2025-01-01,8,9,14,1,2025-01-16,At Risk
8586,513,2025-02-01,6,13,12,5,2025-02-17,At Risk
8587,513,2025-03-01,9,13,11,3,2025-03-17,At Risk
8588,513,2025-04-01,12,22,30,2,2025-04-26,Healthy
8589,513,2025-05-01,6,10,9,2,2025-05-20,At Risk
8590,513,2025-06-01,10,12,8,4,2025-06-21,At Risk
8591,513,2025-07-01,3,1,0,7,2025-07-10,Critical
8592,513,2025-08-01,2,2,4,4,2025-08-07,Critical
8593,513,2025-09-01,3,1,1,5,2025-09-02,Critical
8594,513,2025-10-01,6,10,11,2,2025-10-22,At Risk
8595,513,2025-11-01,11,11,13,3,2025-11-19,At Risk
8596,513,2025-12-01,9,10,16,4,2025-12-17,At Risk
8597,513,2026-01-01,10,5,8,1,2026-01-22,At Risk
8598,513,2026-02-01,18,26,29,2,2026-02-24,Healthy
8599,513,2026-03-01,22,22,46,1,2026-03-27,Healthy
8600,513,2026-04-01,10,11,12,5,2026-04-20,At Risk
8601,513,2026-05-01,12,11,13,4,2026-05-18,At Risk
8602,513,2026-06-01,20,23,43,2,2026-06-25,Healthy
8603,514,2024-11-01,13,11,15,5,2024-11-15,At Risk
8604,514,2024-12-01,2,0,0,4,2024-12-08,Critical
8605,514,2025-01-01,4,0,2,8,2025-01-07,Critical
8606,514,2025-02-01,7,1,4,7,2025-02-05,Critical
8607,514,2025-03-01,9,9,15,2,2025-03-19,At Risk
8608,514,2025-04-01,5,2,7,3,2025-04-02,Critical
8609,514,2025-05-01,5,2,4,4,2025-05-10,Critical
8610,514,2025-06-01,17,14,8,5,2025-06-21,At Risk
8611,514,2025-07-01,20,12,19,3,2025-07-23,At Risk
8612,514,2025-08-01,10,7,9,5,2025-08-23,At Risk
8613,514,2025-09-01,18,7,16,2,2025-09-16,At Risk
8614,514,2025-10-01,38,23,24,2,2025-10-30,Healthy
8615,514,2025-11-01,44,25,42,2,2025-11-30,Healthy
8616,514,2025-12-01,25,25,27,2,2025-12-27,Healthy
8617,514,2026-01-01,32,17,41,2,2026-01-29,Healthy
8618,514,2026-02-01,43,30,30,1,2026-02-24,Healthy
8619,514,2026-03-01,42,25,22,0,2026-03-28,Healthy
8620,514,2026-04-01,11,14,19,5,2026-04-23,At Risk
8621,514,2026-05-01,8,2,0,5,2026-05-01,Critical
8622,514,2026-06-01,8,0,7,8,2026-06-02,Critical
8623,515,2024-08-01,35,16,20,1,2024-08-28,Healthy
8624,515,2024-09-01,25,15,22,0,2024-09-29,Healthy
8625,515,2024-10-01,31,15,32,0,2024-10-31,Healthy
8626,515,2024-11-01,30,17,25,1,2024-11-27,Healthy
8627,515,2024-12-01,40,24,23,1,2024-12-29,Healthy
8628,515,2025-01-01,30,22,44,2,2025-01-29,Healthy
8629,515,2025-02-01,27,26,32,2,2025-02-27,Healthy
8630,515,2025-03-01,23,15,28,1,2025-03-29,Healthy
8631,515,2025-04-01,30,22,30,2,2025-04-28,Healthy
8632,515,2025-05-01,38,25,46,1,2025-05-30,Healthy
8633,515,2025-06-01,14,14,13,4,2025-06-23,At Risk
8634,515,2025-07-01,16,13,16,2,2025-07-25,At Risk
8635,515,2025-08-01,23,28,26,1,2025-08-29,Healthy
8636,515,2025-09-01,41,28,30,1,2025-09-30,Healthy
8637,515,2025-10-01,34,30,48,2,2025-10-30,Healthy
8638,515,2025-11-01,10,7,19,1,2025-11-16,At Risk
8639,515,2025-12-01,34,22,24,1,2025-12-31,Healthy
8640,515,2026-01-01,33,24,30,0,2026-01-27,Healthy
8641,515,2026-02-01,19,7,18,4,2026-02-17,At Risk
8642,515,2026-03-01,11,5,11,2,2026-03-25,At Risk
8643,515,2026-04-01,7,4,5,6,2026-04-12,Critical
8644,515,2026-05-01,3,3,0,5,2026-05-07,Critical
8645,515,2026-06-01,19,8,13,2,2026-06-24,At Risk
8646,516,2024-04-01,293,29,45,1,2024-04-26,Healthy
8647,516,2024-05-01,208,15,47,2,2024-05-26,Healthy
8648,516,2024-06-01,300,18,37,0,2024-06-29,Healthy
8649,516,2024-07-01,257,25,37,1,2024-07-29,Healthy
8650,516,2024-08-01,214,23,50,1,2024-08-27,Healthy
8651,516,2024-09-01,149,5,8,5,2024-09-22,At Risk
8652,516,2024-10-01,96,12,19,4,2024-10-17,At Risk
8653,516,2024-11-01,49,3,1,3,2024-10-31,Critical
8654,516,2024-12-01,88,11,13,1,2024-12-21,At Risk
8655,516,2025-01-01,47,3,5,3,2025-01-12,Critical
8656,516,2025-02-01,129,6,11,4,2025-02-19,At Risk
8657,516,2025-03-01,87,11,16,3,2025-03-21,At Risk
8658,516,2025-04-01,235,17,24,1,2025-04-27,Healthy
8659,516,2025-05-01,244,27,33,0,2025-05-29,Healthy
8660,516,2025-06-01,265,25,24,0,2025-06-30,Healthy
8661,516,2025-07-01,181,30,45,1,2025-07-29,Healthy
8662,516,2025-08-01,230,19,24,0,2025-08-30,Healthy
8663,516,2025-09-01,66,7,16,3,2025-09-19,At Risk
8664,516,2025-10-01,52,4,5,4,2025-10-11,Critical
8665,516,2025-11-01,285,29,25,0,2025-11-26,Healthy
8666,516,2025-12-01,176,18,46,2,2025-12-28,Healthy
8667,516,2026-01-01,305,24,49,2,2026-01-29,Healthy
8668,516,2026-02-01,254,22,21,0,2026-02-24,Healthy
8669,516,2026-03-01,289,16,43,2,2026-03-30,Healthy
8670,516,2026-04-01,244,30,46,2,2026-04-25,Healthy
8671,516,2026-05-01,310,16,50,0,2026-05-27,Healthy
8672,516,2026-06-01,187,15,38,2,2026-06-26,Healthy
8673,517,2025-03-01,13,22,33,0,2025-03-29,Healthy
8674,517,2025-04-01,18,18,23,1,2025-04-28,Healthy
8675,517,2025-05-01,20,19,36,0,2025-05-31,Healthy
8676,517,2025-06-01,17,18,21,2,2025-06-30,Healthy
8677,517,2025-07-01,19,21,29,0,2025-07-28,Healthy
8678,517,2025-08-01,15,28,40,0,2025-08-27,Healthy
8679,517,2025-09-01,17,30,27,0,2025-09-27,Healthy
8680,517,2025-10-01,7,11,19,2,2025-10-18,At Risk
8681,517,2025-11-01,4,4,5,8,2025-11-01,Critical
8682,517,2025-12-01,7,13,9,4,2025-12-25,At Risk
8683,517,2026-01-01,8,12,11,1,2026-01-21,At Risk
8684,517,2026-02-01,11,7,13,2,2026-02-17,At Risk
8685,517,2026-03-01,18,26,42,2,2026-03-28,Healthy
8686,517,2026-04-01,19,18,21,0,2026-04-26,Healthy
8687,517,2026-05-01,21,19,23,0,2026-05-27,Healthy
8688,517,2026-06-01,18,15,40,1,2026-06-27,Healthy
8689,518,2024-11-01,130,17,48,0,2024-11-29,Healthy
8690,518,2024-12-01,133,26,47,1,2024-12-27,Healthy
8691,518,2025-01-01,81,26,45,1,2025-01-30,Healthy
8692,518,2025-02-01,77,27,25,1,2025-02-25,Healthy
8693,518,2025-03-01,83,15,43,1,2025-03-27,Healthy
8694,518,2025-04-01,117,24,29,2,2025-04-30,Healthy
8695,518,2025-05-01,82,22,50,2,2025-05-30,Healthy
8696,518,2025-06-01,51,9,9,2,2025-06-18,At Risk
8697,518,2025-07-01,40,12,16,4,2025-07-25,At Risk
8698,518,2025-08-01,29,9,17,5,2025-08-19,At Risk
8699,518,2025-09-01,57,6,14,2,2025-09-18,At Risk
8700,518,2025-10-01,117,25,41,1,2025-10-26,Healthy
8701,518,2025-11-01,66,8,8,5,2025-11-19,At Risk
8702,518,2025-12-01,20,0,0,5,2025-12-09,Critical
8703,518,2026-01-01,86,23,37,2,2026-01-31,Healthy
8704,518,2026-02-01,78,15,46,1,2026-02-23,Healthy
8705,518,2026-03-01,95,25,21,0,2026-03-27,Healthy
8706,518,2026-04-01,90,27,47,1,2026-04-28,Healthy
8707,518,2026-05-01,120,28,30,1,2026-05-31,Healthy
8708,518,2026-06-01,74,26,31,2,2026-06-28,Healthy
8709,519,2024-11-01,93,7,14,5,2024-11-17,At Risk
8710,519,2024-12-01,55,13,19,3,2024-12-21,At Risk
8711,519,2025-01-01,134,13,9,3,2025-01-16,At Risk
8712,519,2025-02-01,269,28,42,1,2025-02-28,Healthy
8713,519,2025-03-01,221,30,34,0,2025-03-26,Healthy
8714,519,2025-04-01,265,24,47,1,2025-04-25,Healthy
8715,519,2025-05-01,96,8,13,5,2025-05-17,At Risk
8716,519,2025-06-01,180,27,20,0,2025-06-30,Healthy
8717,519,2025-07-01,25,3,1,4,2025-07-12,Critical
8718,519,2025-08-01,173,30,28,2,2025-08-26,Healthy
8719,519,2025-09-01,150,27,41,0,2025-09-28,Healthy
8720,519,2025-10-01,203,16,39,0,2025-10-30,Healthy
8721,519,2025-11-01,232,15,34,0,2025-11-28,Healthy
8722,519,2025-12-01,165,29,35,0,2025-12-28,Healthy
8723,519,2026-01-01,164,20,44,2,2026-01-28,Healthy
8724,519,2026-02-01,224,25,34,2,2026-02-28,Healthy
8725,519,2026-03-01,196,15,37,2,2026-03-31,Healthy
8726,519,2026-04-01,71,6,16,2,2026-04-23,At Risk
8727,519,2026-05-01,63,8,19,2,2026-05-21,At Risk
8728,519,2026-06-01,126,10,10,1,2026-06-16,At Risk
8729,520,2024-06-01,43,5,19,5,2024-06-17,At Risk
8730,520,2024-07-01,38,9,13,4,2024-07-22,At Risk
8731,520,2024-08-01,106,29,28,1,2024-08-31,Healthy
8732,520,2024-09-01,95,29,47,1,2024-09-29,Healthy
8733,520,2024-10-01,78,30,24,1,2024-10-28,Healthy
8734,520,2024-11-01,76,21,24,0,2024-11-27,Healthy
8735,520,2024-12-01,102,29,35,0,2024-12-30,Healthy
8736,520,2025-01-01,84,18,25,1,2025-01-29,Healthy
8737,520,2025-02-01,78,30,40,0,2025-02-25,Healthy
8738,520,2025-03-01,91,30,48,1,2025-03-29,Healthy
8739,520,2025-04-01,74,16,34,0,2025-04-28,Healthy
8740,520,2025-05-01,101,16,45,2,2025-05-28,Healthy
8741,520,2025-06-01,46,14,9,1,2025-06-20,At Risk
8742,520,2025-07-01,77,15,42,2,2025-07-30,Healthy
8743,520,2025-08-01,105,19,50,2,2025-08-27,Healthy
8744,520,2025-09-01,60,25,34,1,2025-09-27,Healthy
8745,520,2025-10-01,100,28,24,1,2025-10-30,Healthy
8746,520,2025-11-01,105,16,20,2,2025-11-26,Healthy
8747,520,2025-12-01,57,24,45,2,2025-12-31,Healthy
8748,520,2026-01-01,76,30,49,2,2026-01-31,Healthy
8749,520,2026-02-01,73,19,34,1,2026-02-26,Healthy
8750,520,2026-03-01,102,26,50,1,2026-03-29,Healthy
8751,520,2026-04-01,94,20,35,1,2026-04-25,Healthy
8752,520,2026-05-01,46,7,12,1,2026-05-23,At Risk
8753,520,2026-06-01,98,27,27,1,2026-06-30,Healthy
8754,521,2024-04-01,448,13,10,4,2024-04-22,At Risk
8755,521,2024-05-01,362,10,19,2,2024-05-18,At Risk
8756,521,2024-06-01,533,12,13,1,2024-06-21,At Risk
8757,521,2024-07-01,150,4,4,3,2024-07-04,Critical
8758,521,2024-08-01,285,0,6,5,2024-08-13,Critical
8759,521,2024-09-01,526,9,13,3,2024-09-20,At Risk
8760,521,2024-10-01,748,8,11,4,2024-10-17,At Risk
8761,521,2024-11-01,701,9,18,1,2024-11-21,At Risk
8762,521,2024-12-01,740,11,14,2,2024-12-18,At Risk
8763,521,2025-01-01,436,10,9,4,2025-01-17,At Risk
8764,521,2025-02-01,1019,29,41,2,2025-02-28,Healthy
8765,521,2025-03-01,1357,22,33,2,2025-03-28,Healthy
8766,521,2025-04-01,916,18,42,0,2025-04-28,Healthy
8767,521,2025-05-01,1374,17,40,1,2025-05-28,Healthy
8768,521,2025-06-01,608,8,14,2,2025-06-15,At Risk
8769,521,2025-07-01,233,3,7,6,2025-07-10,Critical
8770,521,2025-08-01,403,8,12,4,2025-08-25,At Risk
8771,521,2025-09-01,739,9,16,1,2025-09-15,At Risk
8772,521,2025-10-01,368,11,18,4,2025-10-20,At Risk
8773,521,2025-11-01,771,5,10,1,2025-11-24,At Risk
8774,521,2025-12-01,592,6,13,5,2025-12-23,At Risk
8775,521,2026-01-01,591,5,11,4,2026-01-23,At Risk
8776,521,2026-02-01,108,0,2,3,2026-02-03,Critical
8777,521,2026-03-01,67,3,2,5,2026-03-01,Critical
8778,521,2026-04-01,791,11,15,2,2026-04-21,At Risk
8779,521,2026-05-01,706,10,13,5,2026-05-17,At Risk
8780,521,2026-06-01,935,20,29,0,2026-06-26,Healthy
8781,522,2024-11-01,28,9,10,3,2024-11-18,At Risk
8782,522,2024-12-01,32,14,9,1,2024-12-20,At Risk
8783,522,2025-01-01,54,22,22,1,2025-01-27,Healthy
8784,522,2025-02-01,52,27,40,0,2025-02-27,Healthy
8785,522,2025-03-01,62,18,23,1,2025-03-30,Healthy
8786,522,2025-04-01,30,7,9,4,2025-04-22,At Risk
8787,522,2025-05-01,28,8,9,1,2025-05-19,At Risk
8788,522,2025-06-01,38,18,24,1,2025-06-25,Healthy
8789,522,2025-07-01,71,16,32,0,2025-07-30,Healthy
8790,522,2025-08-01,7,1,7,4,2025-08-02,Critical
8791,522,2025-09-01,63,30,31,2,2025-09-27,Healthy
8792,522,2025-10-01,30,6,17,4,2025-10-22,At Risk
8793,522,2025-11-01,9,3,0,8,2025-11-14,Critical
8794,522,2025-12-01,48,20,33,0,2025-12-30,Healthy
8795,522,2026-01-01,40,30,27,0,2026-01-31,Healthy
8796,522,2026-02-01,37,25,34,1,2026-02-25,Healthy
8797,522,2026-03-01,30,7,15,2,2026-03-17,At Risk
8798,522,2026-04-01,64,20,21,2,2026-04-25,Healthy
8799,522,2026-05-01,39,25,46,0,2026-05-28,Healthy
8800,522,2026-06-01,54,29,49,0,2026-06-25,Healthy
8801,523,2026-01-01,250,28,29,0,2026-01-27,Healthy
8802,523,2026-02-01,449,18,46,0,2026-02-24,Healthy
8803,523,2026-03-01,446,16,25,1,2026-03-26,Healthy
8804,523,2026-04-01,145,13,16,2,2026-04-20,At Risk
8805,523,2026-05-01,365,30,37,0,2026-05-29,Healthy
8806,523,2026-06-01,374,24,27,1,2026-06-25,Healthy
8807,524,2024-10-01,233,17,30,2,2024-10-28,Healthy
8808,524,2024-11-01,155,18,26,0,2024-11-27,Healthy
8809,524,2024-12-01,171,29,34,2,2024-12-31,Healthy
8810,524,2025-01-01,152,22,34,1,2025-01-28,Healthy
8811,524,2025-02-01,227,28,44,2,2025-02-23,Healthy
8812,524,2025-03-01,226,18,38,0,2025-03-26,Healthy
8813,524,2025-04-01,212,16,34,2,2025-04-25,Healthy
8814,524,2025-05-01,221,18,25,2,2025-05-29,Healthy
8815,524,2025-06-01,179,29,31,1,2025-06-26,Healthy
8816,524,2025-07-01,205,15,39,0,2025-07-29,Healthy
8817,524,2025-08-01,112,11,12,3,2025-08-24,At Risk
8818,524,2025-09-01,63,10,10,4,2025-09-20,At Risk
8819,524,2025-10-01,123,5,10,1,2025-10-23,At Risk
8820,524,2025-11-01,110,14,17,1,2025-11-21,At Risk
8821,524,2025-12-01,83,7,18,2,2025-12-18,At Risk
8822,524,2026-01-01,77,11,14,4,2026-01-24,At Risk
8823,524,2026-02-01,182,30,31,2,2026-02-25,Healthy
8824,524,2026-03-01,135,13,14,4,2026-03-22,At Risk
8825,524,2026-04-01,93,8,19,1,2026-04-15,At Risk
8826,524,2026-05-01,75,6,15,1,2026-05-21,At Risk
8827,524,2026-06-01,24,0,5,5,2026-06-05,Critical
8828,525,2024-10-01,183,25,46,1,2024-10-26,Healthy
8829,525,2024-11-01,110,22,41,0,2024-11-30,Healthy
8830,525,2024-12-01,149,23,44,1,2024-12-26,Healthy
8831,525,2025-01-01,177,28,30,1,2025-01-31,Healthy
8832,525,2025-02-01,124,20,35,0,2025-02-26,Healthy
8833,525,2025-03-01,179,26,35,2,2025-03-28,Healthy
8834,525,2025-04-01,130,20,24,0,2025-04-30,Healthy
8835,525,2025-05-01,148,23,36,1,2025-05-26,Healthy
8836,525,2025-06-01,164,23,29,0,2025-06-26,Healthy
8837,525,2025-07-01,64,9,10,3,2025-07-19,At Risk
8838,525,2025-08-01,193,23,22,0,2025-08-29,Healthy
8839,525,2025-09-01,74,11,16,5,2025-09-20,At Risk
8840,525,2025-10-01,77,9,11,4,2025-10-23,At Risk
8841,525,2025-11-01,127,25,41,2,2025-11-27,Healthy
8842,525,2025-12-01,157,22,37,0,2025-12-26,Healthy
8843,525,2026-01-01,121,18,43,2,2026-01-26,Healthy
8844,525,2026-02-01,180,23,49,2,2026-02-25,Healthy
8845,525,2026-03-01,138,29,47,2,2026-03-28,Healthy
8846,525,2026-04-01,45,8,11,5,2026-04-21,At Risk
8847,525,2026-05-01,70,9,17,3,2026-05-22,At Risk
8848,525,2026-06-01,72,9,17,2,2026-06-18,At Risk
8849,526,2025-11-01,16,6,18,3,2025-11-23,At Risk
8850,526,2025-12-01,9,8,11,4,2025-12-19,At Risk
8851,526,2026-01-01,7,2,3,5,2026-01-02,Critical
8852,526,2026-02-01,6,4,2,5,2026-01-29,Critical
8853,526,2026-03-01,4,4,0,5,2026-03-07,Critical
8854,526,2026-04-01,7,0,7,6,2026-04-05,Critical
8855,526,2026-05-01,5,4,5,7,2026-05-15,Critical
8856,526,2026-06-01,4,0,2,3,2026-06-04,Critical
8857,527,2025-11-01,7,5,14,5,2025-11-18,At Risk
8858,527,2025-12-01,2,2,5,5,2025-12-05,Critical
8859,527,2026-01-01,1,4,5,6,2026-01-05,Critical
8860,527,2026-02-01,2,0,2,4,2026-02-06,Critical
8861,527,2026-03-01,2,3,7,8,2026-03-03,Critical
8862,527,2026-04-01,14,19,42,1,2026-04-27,Healthy
8863,527,2026-05-01,15,16,49,1,2026-05-26,Healthy
8864,527,2026-06-01,10,28,39,0,2026-06-25,Healthy
8865,528,2024-12-01,277,30,39,1,2024-12-28,Healthy
8866,528,2025-01-01,102,8,14,1,2025-01-18,At Risk
8867,528,2025-02-01,33,3,2,5,2025-02-12,Critical
8868,528,2025-03-01,53,0,1,4,2025-03-11,Critical
8869,528,2025-04-01,29,3,1,4,2025-04-04,Critical
8870,528,2025-05-01,85,8,14,4,2025-05-17,At Risk
8871,528,2025-06-01,84,13,11,4,2025-06-19,At Risk
8872,528,2025-07-01,230,22,48,1,2025-07-27,Healthy
8873,528,2025-08-01,128,6,13,4,2025-08-21,At Risk
8874,528,2025-09-01,145,5,13,5,2025-09-17,At Risk
8875,528,2025-10-01,116,6,9,4,2025-10-21,At Risk
8876,528,2025-11-01,121,12,9,2,2025-11-15,At Risk
8877,528,2025-12-01,318,26,23,0,2025-12-29,Healthy
8878,528,2026-01-01,346,27,24,2,2026-01-31,Healthy
8879,528,2026-02-01,290,15,37,2,2026-02-25,Healthy
8880,528,2026-03-01,320,21,31,0,2026-03-27,Healthy
8881,528,2026-04-01,286,24,23,2,2026-04-29,Healthy
8882,528,2026-05-01,263,19,34,2,2026-05-28,Healthy
8883,528,2026-06-01,320,30,24,2,2026-06-25,Healthy
8884,529,2024-07-01,10,22,45,1,2024-07-26,Healthy
8885,529,2024-08-01,16,24,47,1,2024-08-27,Healthy
8886,529,2024-09-01,12,19,30,1,2024-09-29,Healthy
8887,529,2024-10-01,14,28,36,1,2024-10-31,Healthy
8888,529,2024-11-01,10,24,40,2,2024-11-25,Healthy
8889,529,2024-12-01,3,1,4,7,2024-12-07,Critical
8890,529,2025-01-01,3,1,7,8,2025-01-12,Critical
8891,529,2025-02-01,7,12,8,2,2025-02-14,At Risk
8892,529,2025-03-01,12,22,34,1,2025-03-28,Healthy
8893,529,2025-04-01,13,17,38,0,2025-04-26,Healthy
8894,529,2025-05-01,13,25,33,0,2025-05-29,Healthy
8895,529,2025-06-01,4,13,13,3,2025-06-21,At Risk
8896,529,2025-07-01,14,24,40,0,2025-07-30,Healthy
8897,529,2025-08-01,8,11,10,1,2025-08-25,At Risk
8898,529,2025-09-01,6,5,13,3,2025-09-22,At Risk
8899,529,2025-10-01,5,12,19,3,2025-10-25,At Risk
8900,529,2025-11-01,12,15,32,2,2025-11-26,Healthy
8901,529,2025-12-01,12,23,32,2,2025-12-29,Healthy
8902,529,2026-01-01,10,17,40,0,2026-01-30,Healthy
8903,529,2026-02-01,12,18,39,0,2026-02-27,Healthy
8904,529,2026-03-01,11,18,28,1,2026-03-29,Healthy
8905,529,2026-04-01,15,28,39,1,2026-04-30,Healthy
8906,529,2026-05-01,10,25,41,1,2026-05-28,Healthy
8907,529,2026-06-01,14,28,44,1,2026-06-25,Healthy
8908,530,2024-11-01,26,20,44,0,2024-11-28,Healthy
8909,530,2024-12-01,16,11,18,4,2024-12-23,At Risk
8910,530,2025-01-01,14,10,10,5,2025-01-24,At Risk
8911,530,2025-02-01,31,18,25,1,2025-02-26,Healthy
8912,530,2025-03-01,11,11,9,3,2025-03-17,At Risk
8913,530,2025-04-01,15,14,12,3,2025-04-15,At Risk
8914,530,2025-05-01,15,10,17,3,2025-05-23,At Risk
8915,530,2025-06-01,27,27,30,1,2025-06-25,Healthy
8916,530,2025-07-01,32,17,30,1,2025-07-27,Healthy
8917,530,2025-08-01,27,26,25,2,2025-08-29,Healthy
8918,530,2025-09-01,15,5,16,3,2025-09-24,At Risk
8919,530,2025-10-01,5,4,6,6,2025-10-07,Critical
8920,530,2025-11-01,23,16,36,2,2025-11-25,Healthy
8921,530,2025-12-01,23,22,42,2,2025-12-30,Healthy
8922,530,2026-01-01,32,30,32,2,2026-01-27,Healthy
8923,530,2026-02-01,11,9,11,2,2026-02-20,At Risk
8924,530,2026-03-01,20,21,34,2,2026-03-26,Healthy
8925,530,2026-04-01,24,26,37,0,2026-04-27,Healthy
8926,530,2026-05-01,34,23,31,2,2026-05-28,Healthy
8927,530,2026-06-01,33,18,38,2,2026-06-26,Healthy
8928,531,2024-05-01,11,3,6,7,2024-05-10,Critical
8929,531,2024-06-01,14,0,1,5,2024-06-01,Critical
8930,531,2024-07-01,7,1,3,5,2024-07-05,Critical
8931,531,2024-08-01,59,22,39,0,2024-08-30,Healthy
8932,531,2024-09-01,71,28,25,1,2024-09-27,Healthy
8933,531,2024-10-01,72,24,34,0,2024-10-27,Healthy
8934,531,2024-11-01,47,23,42,2,2024-11-30,Healthy
8935,531,2024-12-01,16,5,15,5,2024-12-19,At Risk
8936,531,2025-01-01,11,1,6,6,2025-01-08,Critical
8937,531,2025-02-01,69,30,31,1,2025-02-23,Healthy
8938,531,2025-03-01,43,26,29,0,2025-03-26,Healthy
8939,531,2025-04-01,66,15,29,2,2025-04-30,Healthy
8940,531,2025-05-01,46,23,32,2,2025-05-31,Healthy
8941,531,2025-06-01,46,23,48,0,2025-06-27,Healthy
8942,531,2025-07-01,73,25,28,0,2025-07-30,Healthy
8943,531,2025-08-01,52,30,31,0,2025-08-29,Healthy
8944,531,2025-09-01,76,21,44,0,2025-09-27,Healthy
8945,531,2025-10-01,56,23,45,0,2025-10-26,Healthy
8946,531,2025-11-01,35,5,19,1,2025-11-19,At Risk
8947,531,2025-12-01,33,12,10,4,2025-12-19,At Risk
8948,531,2026-01-01,21,6,10,3,2026-01-23,At Risk
8949,531,2026-02-01,75,28,33,0,2026-02-28,Healthy
8950,531,2026-03-01,65,25,34,2,2026-03-30,Healthy
8951,531,2026-04-01,46,18,20,0,2026-04-25,Healthy
8952,531,2026-05-01,59,22,30,2,2026-05-30,Healthy
8953,531,2026-06-01,68,29,30,0,2026-06-26,Healthy
8954,532,2026-01-01,43,21,47,0,2026-01-26,Healthy
8955,532,2026-02-01,22,11,14,5,2026-02-18,At Risk
8956,532,2026-03-01,32,30,50,1,2026-03-28,Healthy
8957,532,2026-04-01,20,9,14,2,2026-04-24,At Risk
8958,532,2026-05-01,2,3,6,6,2026-05-08,Critical
8959,532,2026-06-01,12,13,14,2,2026-06-19,At Risk
8960,533,2025-07-01,29,30,50,1,2025-07-26,Healthy
8961,533,2025-08-01,32,20,22,1,2025-08-28,Healthy
8962,533,2025-09-01,32,26,28,0,2025-09-27,Healthy
8963,533,2025-10-01,33,28,21,2,2025-10-31,Healthy
8964,533,2025-11-01,29,25,44,1,2025-11-28,Healthy
8965,533,2025-12-01,28,18,20,0,2025-12-26,Healthy
8966,533,2026-01-01,5,4,3,4,2026-01-04,Critical
8967,533,2026-02-01,34,27,45,0,2026-02-28,Healthy
8968,533,2026-03-01,42,21,23,2,2026-03-29,Healthy
8969,533,2026-04-01,42,28,44,1,2026-04-30,Healthy
8970,533,2026-05-01,33,17,31,0,2026-05-27,Healthy
8971,533,2026-06-01,31,20,39,0,2026-06-29,Healthy
8972,534,2026-06-01,879,17,27,2,2026-06-26,Healthy
8973,535,2024-09-01,104,6,12,2,2024-09-21,At Risk
8974,535,2024-10-01,13,3,2,8,2024-10-03,Critical
8975,535,2024-11-01,28,0,6,3,2024-11-05,Critical
8976,535,2024-12-01,16,2,1,3,2024-12-11,Critical
8977,535,2025-01-01,33,4,4,4,2025-01-02,Critical
8978,535,2025-02-01,38,2,4,3,2025-02-03,Critical
8979,535,2025-03-01,51,2,6,8,2025-03-07,Critical
8980,535,2025-04-01,220,28,32,2,2025-04-26,Healthy
8981,535,2025-05-01,138,8,16,3,2025-05-16,At Risk
8982,535,2025-06-01,155,9,18,2,2025-06-22,At Risk
8983,535,2025-07-01,163,5,17,4,2025-07-20,At Risk
8984,535,2025-08-01,192,26,46,2,2025-08-30,Healthy
8985,535,2025-09-01,33,2,3,4,2025-09-13,Critical
8986,535,2025-10-01,58,2,3,3,2025-10-12,Critical
8987,535,2025-11-01,72,5,14,5,2025-11-22,At Risk
8988,535,2025-12-01,37,0,0,3,2025-12-01,Critical
8989,535,2026-01-01,40,0,7,8,2026-01-01,Critical
8990,535,2026-02-01,147,10,17,4,2026-02-22,At Risk
8991,535,2026-03-01,143,6,8,4,2026-03-17,At Risk
8992,535,2026-04-01,215,28,49,1,2026-04-25,Healthy
8993,535,2026-05-01,289,29,22,2,2026-05-31,Healthy
8994,535,2026-06-01,300,15,20,0,2026-06-28,Healthy
8995,536,2024-09-01,458,4,2,4,2024-09-01,Critical
8996,536,2024-10-01,167,1,2,4,2024-10-01,Critical
8997,536,2024-11-01,1286,8,16,4,2024-11-20,At Risk
8998,536,2024-12-01,1141,9,13,4,2024-12-24,At Risk
8999,536,2025-01-01,2357,20,46,1,2025-01-31,Healthy
9000,536,2025-02-01,3490,15,36,2,2025-02-24,Healthy
9001,536,2025-03-01,2023,24,32,0,2025-03-28,Healthy
9002,536,2025-04-01,2284,30,49,1,2025-04-29,Healthy
9003,536,2025-05-01,1941,18,21,0,2025-05-26,Healthy
9004,536,2025-06-01,1188,10,8,4,2025-06-17,At Risk
9005,536,2025-07-01,474,0,2,7,2025-07-10,Critical
9006,536,2025-08-01,129,4,1,3,2025-08-03,Critical
9007,536,2025-09-01,880,12,17,3,2025-09-21,At Risk
9008,536,2025-10-01,1048,6,15,4,2025-10-21,At Risk
9009,536,2025-11-01,2759,29,33,2,2025-11-30,Healthy
9010,536,2025-12-01,1916,15,31,1,2025-12-28,Healthy
9011,536,2026-01-01,2668,19,20,2,2026-01-29,Healthy
9012,536,2026-02-01,2960,26,36,0,2026-02-27,Healthy
9013,536,2026-03-01,3345,30,30,2,2026-03-27,Healthy
9014,536,2026-04-01,2290,20,32,1,2026-04-30,Healthy
9015,536,2026-05-01,3561,19,22,1,2026-05-28,Healthy
9016,536,2026-06-01,1880,27,36,0,2026-06-25,Healthy
9017,537,2024-11-01,131,12,16,5,2024-11-18,At Risk
9018,537,2024-12-01,199,23,26,0,2024-12-28,Healthy
9019,537,2025-01-01,166,18,44,0,2025-01-30,Healthy
9020,537,2025-02-01,195,27,33,1,2025-02-23,Healthy
9021,537,2025-03-01,146,27,23,0,2025-03-31,Healthy
9022,537,2025-04-01,253,20,21,0,2025-04-29,Healthy
9023,537,2025-05-01,216,18,34,2,2025-05-30,Healthy
9024,537,2025-06-01,116,8,15,1,2025-06-15,At Risk
9025,537,2025-07-01,119,10,9,1,2025-07-24,At Risk
9026,537,2025-08-01,94,12,12,5,2025-08-16,At Risk
9027,537,2025-09-01,148,29,41,0,2025-09-27,Healthy
9028,537,2025-10-01,238,20,25,2,2025-10-29,Healthy
9029,537,2025-11-01,266,24,39,2,2025-11-26,Healthy
9030,537,2025-12-01,230,15,43,1,2025-12-30,Healthy
9031,537,2026-01-01,175,27,39,2,2026-01-27,Healthy
9032,537,2026-02-01,246,19,21,1,2026-02-25,Healthy
9033,537,2026-03-01,279,20,44,0,2026-03-31,Healthy
9034,537,2026-04-01,197,23,44,2,2026-04-27,Healthy
9035,537,2026-05-01,203,16,28,2,2026-05-30,Healthy
9036,537,2026-06-01,205,15,23,1,2026-06-26,Healthy
9037,538,2025-04-01,15,21,27,0,2025-04-25,Healthy
9038,538,2025-05-01,27,21,42,1,2025-05-29,Healthy
9039,538,2025-06-01,19,28,38,1,2025-06-30,Healthy
9040,538,2025-07-01,14,20,22,0,2025-07-30,Healthy
9041,538,2025-08-01,20,23,23,0,2025-08-29,Healthy
9042,538,2025-09-01,17,22,32,0,2025-09-28,Healthy
9043,538,2025-10-01,18,15,33,2,2025-10-27,Healthy
9044,538,2025-11-01,24,25,44,2,2025-11-25,Healthy
9045,538,2025-12-01,14,28,30,2,2025-12-28,Healthy
9046,538,2026-01-01,19,23,33,1,2026-01-30,Healthy
9047,538,2026-02-01,23,19,47,0,2026-02-24,Healthy
9048,538,2026-03-01,19,27,41,0,2026-03-31,Healthy
9049,538,2026-04-01,22,17,24,1,2026-04-29,Healthy
9050,538,2026-05-01,15,29,38,2,2026-05-31,Healthy
9051,538,2026-06-01,17,26,33,2,2026-06-28,Healthy
9052,539,2025-08-01,56,11,17,1,2025-08-20,At Risk
9053,539,2025-09-01,74,23,36,0,2025-09-29,Healthy
9054,539,2025-10-01,81,28,35,1,2025-10-26,Healthy
9055,539,2025-11-01,18,4,5,7,2025-11-06,Critical
9056,539,2025-12-01,11,2,7,4,2025-12-14,Critical
9057,539,2026-01-01,93,29,33,0,2026-01-26,Healthy
9058,539,2026-02-01,31,7,13,1,2026-02-17,At Risk
9059,539,2026-03-01,63,14,14,5,2026-03-16,At Risk
9060,539,2026-04-01,22,1,7,7,2026-04-04,Critical
9061,539,2026-05-01,15,1,3,5,2026-05-03,Critical
9062,539,2026-06-01,11,1,3,8,2026-06-07,Critical
9063,540,2025-09-01,54,28,39,0,2025-09-28,Healthy
9064,540,2025-10-01,42,26,32,1,2025-10-26,Healthy
9065,540,2025-11-01,14,9,11,4,2025-11-19,At Risk
9066,540,2025-12-01,61,30,20,1,2025-12-27,Healthy
9067,540,2026-01-01,61,22,26,2,2026-01-30,Healthy
9068,540,2026-02-01,44,26,33,0,2026-02-26,Healthy
9069,540,2026-03-01,35,7,13,5,2026-03-22,At Risk
9070,540,2026-04-01,67,24,47,0,2026-04-28,Healthy
9071,540,2026-05-01,69,17,25,0,2026-05-26,Healthy
9072,540,2026-06-01,72,28,34,0,2026-06-28,Healthy
9073,541,2024-11-01,215,29,46,0,2024-11-27,Healthy
9074,541,2024-12-01,138,12,16,5,2024-12-25,At Risk
9075,541,2025-01-01,14,4,7,7,2025-01-01,Critical
9076,541,2025-02-01,33,1,2,3,2025-02-10,Critical
9077,541,2025-03-01,26,3,2,7,2025-03-09,Critical
9078,541,2025-04-01,77,7,10,5,2025-04-17,At Risk
9079,541,2025-05-01,67,10,14,2,2025-05-25,At Risk
9080,541,2025-06-01,235,21,33,0,2025-06-29,Healthy
9081,541,2025-07-01,228,18,31,2,2025-07-28,Healthy
9082,541,2025-08-01,259,23,20,2,2025-08-29,Healthy
9083,541,2025-09-01,225,23,39,0,2025-09-27,Healthy
9084,541,2025-10-01,91,7,8,3,2025-10-24,At Risk
9085,541,2025-11-01,81,14,15,3,2025-11-21,At Risk
9086,541,2025-12-01,280,18,25,1,2025-12-28,Healthy
9087,541,2026-01-01,264,19,21,1,2026-01-31,Healthy
9088,541,2026-02-01,229,26,33,1,2026-02-23,Healthy
9089,541,2026-03-01,151,16,35,2,2026-03-31,Healthy
9090,541,2026-04-01,53,0,2,4,2026-04-12,Critical
9091,541,2026-05-01,21,1,2,6,2026-05-13,Critical
9092,541,2026-06-01,68,6,16,4,2026-06-17,At Risk
9093,542,2024-11-01,29,17,25,0,2024-11-29,Healthy
9094,542,2024-12-01,23,18,31,0,2024-12-27,Healthy
9095,542,2025-01-01,20,15,30,2,2025-01-27,Healthy
9096,542,2025-02-01,16,5,18,1,2025-02-16,At Risk
9097,542,2025-03-01,3,1,5,6,2025-03-05,Critical
9098,542,2025-04-01,10,10,14,1,2025-04-20,At Risk
9099,542,2025-05-01,12,6,18,4,2025-05-25,At Risk
9100,542,2025-06-01,6,1,0,6,2025-06-11,Critical
9101,542,2025-07-01,3,0,7,5,2025-07-15,Critical
9102,542,2025-08-01,15,8,8,2,2025-08-23,At Risk
9103,542,2025-09-01,16,12,14,2,2025-09-18,At Risk
9104,542,2025-10-01,14,10,13,5,2025-10-20,At Risk
9105,542,2025-11-01,17,6,11,1,2025-11-24,At Risk
9106,542,2025-12-01,10,12,18,4,2025-12-21,At Risk
9107,542,2026-01-01,13,11,19,2,2026-01-17,At Risk
9108,542,2026-02-01,15,10,13,4,2026-02-22,At Risk
9109,542,2026-03-01,10,12,13,3,2026-03-24,At Risk
9110,542,2026-04-01,2,4,3,8,2026-04-06,Critical
9111,542,2026-05-01,6,1,0,7,2026-05-08,Critical
9112,542,2026-06-01,5,2,0,3,2026-06-10,Critical
9113,543,2025-11-01,18,3,1,8,2025-11-11,Critical
9114,543,2025-12-01,7,0,6,8,2025-12-12,Critical
9115,543,2026-01-01,56,11,14,3,2026-01-23,At Risk
9116,543,2026-02-01,161,24,37,1,2026-02-27,Healthy
9117,543,2026-03-01,121,21,44,1,2026-03-26,Healthy
9118,543,2026-04-01,177,19,28,0,2026-04-29,Healthy
9119,543,2026-05-01,183,27,22,2,2026-05-29,Healthy
9120,543,2026-06-01,181,30,39,2,2026-06-28,Healthy
9121,544,2025-02-01,11,8,13,1,2025-02-19,At Risk
9122,544,2025-03-01,10,10,12,3,2025-03-25,At Risk
9123,544,2025-04-01,1,1,2,3,2025-04-11,Critical
9124,544,2025-05-01,2,3,7,5,2025-05-09,Critical
9125,544,2025-06-01,15,21,39,0,2025-06-29,Healthy
9126,544,2025-07-01,21,29,26,0,2025-07-27,Healthy
9127,544,2025-08-01,4,0,0,5,2025-08-10,Critical
9128,544,2025-09-01,8,7,13,1,2025-09-19,At Risk
9129,544,2025-10-01,12,12,9,2,2025-10-16,At Risk
9130,544,2025-11-01,13,7,18,4,2025-11-15,At Risk
9131,544,2025-12-01,8,6,8,1,2025-12-25,At Risk
9132,544,2026-01-01,23,20,44,0,2026-01-29,Healthy
9133,544,2026-02-01,19,15,44,2,2026-02-28,Healthy
9134,544,2026-03-01,15,15,20,0,2026-03-29,Healthy
9135,544,2026-04-01,10,13,10,3,2026-04-22,At Risk
9136,544,2026-05-01,7,14,8,1,2026-05-19,At Risk
9137,544,2026-06-01,6,6,13,4,2026-06-17,At Risk
9138,545,2024-02-01,9,3,1,6,2024-02-11,Critical
9139,545,2024-03-01,36,22,40,2,2024-03-26,Healthy
9140,545,2024-04-01,59,21,39,1,2024-04-26,Healthy
9141,545,2024-05-01,45,18,31,1,2024-05-29,Healthy
9142,545,2024-06-01,59,21,45,2,2024-06-27,Healthy
9143,545,2024-07-01,14,11,17,4,2024-07-16,At Risk
9144,545,2024-08-01,54,16,47,0,2024-08-28,Healthy
9145,545,2024-09-01,35,20,33,1,2024-09-25,Healthy
9146,545,2024-10-01,37,20,32,1,2024-10-27,Healthy
9147,545,2024-11-01,59,15,25,0,2024-11-28,Healthy
9148,545,2024-12-01,49,23,49,2,2024-12-26,Healthy
9149,545,2025-01-01,56,21,27,1,2025-01-31,Healthy
9150,545,2025-02-01,34,21,26,0,2025-02-26,Healthy
9151,545,2025-03-01,51,18,39,0,2025-03-30,Healthy
9152,545,2025-04-01,45,22,45,0,2025-04-28,Healthy
9153,545,2025-05-01,53,30,30,1,2025-05-31,Healthy
9154,545,2025-06-01,54,22,37,2,2025-06-26,Healthy
9155,545,2025-07-01,35,25,48,0,2025-07-27,Healthy
9156,545,2025-08-01,34,24,20,1,2025-08-26,Healthy
9157,545,2025-09-01,57,22,44,2,2025-09-26,Healthy
9158,545,2025-10-01,47,28,20,2,2025-10-28,Healthy
9159,545,2025-11-01,43,25,39,2,2025-11-27,Healthy
9160,545,2025-12-01,40,19,40,1,2025-12-30,Healthy
9161,545,2026-01-01,16,8,9,1,2026-01-24,At Risk
9162,545,2026-02-01,3,4,5,4,2026-02-11,Critical
9163,545,2026-03-01,48,23,45,1,2026-03-29,Healthy
9164,545,2026-04-01,45,21,37,1,2026-04-26,Healthy
9165,545,2026-05-01,55,30,22,1,2026-05-29,Healthy
9166,545,2026-06-01,54,23,40,1,2026-06-29,Healthy
9167,546,2025-07-01,121,24,49,1,2025-07-26,Healthy
9168,546,2025-08-01,101,24,44,0,2025-08-26,Healthy
9169,546,2025-09-01,85,22,23,1,2025-09-25,Healthy
9170,546,2025-10-01,49,14,14,2,2025-10-22,At Risk
9171,546,2025-11-01,56,6,16,1,2025-11-18,At Risk
9172,546,2025-12-01,95,21,23,2,2025-12-27,Healthy
9173,546,2026-01-01,68,17,39,2,2026-01-31,Healthy
9174,546,2026-02-01,119,29,29,0,2026-02-27,Healthy
9175,546,2026-03-01,34,14,11,1,2026-03-24,At Risk
9176,546,2026-04-01,88,15,32,1,2026-04-30,Healthy
9177,546,2026-05-01,60,8,10,4,2026-05-25,At Risk
9178,546,2026-06-01,24,13,17,5,2026-06-15,At Risk
9179,547,2024-08-01,14,21,48,0,2024-08-29,Healthy
9180,547,2024-09-01,24,28,35,1,2024-09-27,Healthy
9181,547,2024-10-01,12,29,30,0,2024-10-30,Healthy
9182,547,2024-11-01,7,13,17,2,2024-11-16,At Risk
9183,547,2024-12-01,17,15,33,1,2024-12-26,Healthy
9184,547,2025-01-01,19,29,21,2,2025-01-29,Healthy
9185,547,2025-02-01,7,14,14,1,2025-02-18,At Risk
9186,547,2025-03-01,23,29,25,1,2025-03-30,Healthy
9187,547,2025-04-01,17,21,31,2,2025-04-29,Healthy
9188,547,2025-05-01,13,26,40,1,2025-05-27,Healthy
9189,547,2025-06-01,21,25,45,0,2025-06-27,Healthy
9190,547,2025-07-01,22,26,47,2,2025-07-29,Healthy
9191,547,2025-08-01,21,23,36,0,2025-08-26,Healthy
9192,547,2025-09-01,15,26,49,2,2025-09-27,Healthy
9193,547,2025-10-01,16,30,30,2,2025-10-27,Healthy
9194,547,2025-11-01,17,29,28,2,2025-11-27,Healthy
9195,547,2025-12-01,3,0,1,3,2025-12-10,Critical
9196,547,2026-01-01,3,1,1,6,2026-01-06,Critical
9197,547,2026-02-01,5,6,12,5,2026-02-14,At Risk
9198,547,2026-03-01,10,7,16,3,2026-03-25,At Risk
9199,547,2026-04-01,16,18,34,2,2026-04-29,Healthy
9200,547,2026-05-01,20,18,25,2,2026-05-31,Healthy
9201,547,2026-06-01,20,26,36,0,2026-06-27,Healthy
9202,548,2024-05-01,346,10,18,3,2024-05-22,At Risk
9203,548,2024-06-01,190,3,7,8,2024-06-03,Critical
9204,548,2024-07-01,174,4,2,4,2024-07-02,Critical
9205,548,2024-08-01,51,4,1,8,2024-08-12,Critical
9206,548,2024-09-01,237,12,18,5,2024-09-23,At Risk
9207,548,2024-10-01,997,19,49,0,2024-10-27,Healthy
9208,548,2024-11-01,1048,20,37,0,2024-11-29,Healthy
9209,548,2024-12-01,831,28,39,2,2024-12-27,Healthy
9210,548,2025-01-01,1015,30,21,2,2025-01-30,Healthy
9211,548,2025-02-01,835,23,22,0,2025-02-26,Healthy
9212,548,2025-03-01,1046,24,40,1,2025-03-28,Healthy
9213,548,2025-04-01,953,27,30,1,2025-04-25,Healthy
9214,548,2025-05-01,376,13,10,1,2025-05-24,At Risk
9215,548,2025-06-01,518,8,14,2,2025-06-19,At Risk
9216,548,2025-07-01,942,16,23,2,2025-07-27,Healthy
9217,548,2025-08-01,483,8,16,4,2025-08-25,At Risk
9218,548,2025-09-01,857,17,43,0,2025-09-30,Healthy
9219,548,2025-10-01,990,26,27,2,2025-10-28,Healthy
9220,548,2025-11-01,1098,23,38,0,2025-11-29,Healthy
9221,548,2025-12-01,683,30,48,2,2025-12-31,Healthy
9222,548,2026-01-01,960,20,27,1,2026-01-26,Healthy
9223,548,2026-02-01,743,15,33,1,2026-02-25,Healthy
9224,548,2026-03-01,119,0,2,3,2026-03-14,Critical
9225,548,2026-04-01,480,14,8,3,2026-04-19,At Risk
9226,548,2026-05-01,311,10,12,3,2026-05-17,At Risk
9227,548,2026-06-01,378,8,10,2,2026-06-23,At Risk
9228,549,2025-10-01,19,11,12,5,2025-10-23,At Risk
9229,549,2025-11-01,21,13,9,4,2025-11-20,At Risk
9230,549,2025-12-01,23,8,17,4,2025-12-16,At Risk
9231,549,2026-01-01,25,12,13,2,2026-01-23,At Risk
9232,549,2026-02-01,65,17,39,2,2026-02-24,Healthy
9233,549,2026-03-01,61,17,31,1,2026-03-28,Healthy
9234,549,2026-04-01,41,24,22,1,2026-04-30,Healthy
9235,549,2026-05-01,62,25,26,2,2026-05-30,Healthy
9236,549,2026-06-01,58,25,32,2,2026-06-27,Healthy
9237,550,2024-02-01,196,15,43,1,2024-02-24,Healthy
9238,550,2024-03-01,255,19,50,0,2024-03-30,Healthy
9239,550,2024-04-01,141,24,28,2,2024-04-27,Healthy
9240,550,2024-05-01,234,16,37,0,2024-05-30,Healthy
9241,550,2024-06-01,243,25,38,0,2024-06-30,Healthy
9242,550,2024-07-01,55,10,14,4,2024-07-18,At Risk
9243,550,2024-08-01,238,18,48,1,2024-08-31,Healthy
9244,550,2024-09-01,46,4,7,8,2024-09-06,Critical
9245,550,2024-10-01,188,20,39,1,2024-10-29,Healthy
9246,550,2024-11-01,233,30,43,0,2024-11-28,Healthy
9247,550,2024-12-01,223,17,29,1,2024-12-31,Healthy
9248,550,2025-01-01,252,23,20,1,2025-01-30,Healthy
9249,550,2025-02-01,199,16,22,0,2025-02-26,Healthy
9250,550,2025-03-01,110,6,13,2,2025-03-25,At Risk
9251,550,2025-04-01,224,22,28,0,2025-04-28,Healthy
9252,550,2025-05-01,147,19,50,2,2025-05-27,Healthy
9253,550,2025-06-01,185,22,40,1,2025-06-30,Healthy
9254,550,2025-07-01,107,12,14,1,2025-07-18,At Risk
9255,550,2025-08-01,63,7,11,1,2025-08-21,At Risk
9256,550,2025-09-01,217,30,32,1,2025-09-28,Healthy
9257,550,2025-10-01,150,21,50,0,2025-10-30,Healthy
9258,550,2025-11-01,151,16,37,2,2025-11-30,Healthy
9259,550,2025-12-01,186,29,43,2,2025-12-30,Healthy
9260,550,2026-01-01,140,29,24,1,2026-01-29,Healthy
9261,550,2026-02-01,236,15,30,0,2026-02-25,Healthy
9262,550,2026-03-01,177,17,42,0,2026-03-28,Healthy
9263,550,2026-04-01,239,26,49,1,2026-04-29,Healthy
9264,550,2026-05-01,252,17,35,0,2026-05-28,Healthy
9265,550,2026-06-01,33,1,1,8,2026-06-11,Critical
9266,551,2025-02-01,44,27,37,2,2025-02-28,Healthy
9267,551,2025-03-01,46,27,47,2,2025-03-28,Healthy
9268,551,2025-04-01,7,2,5,3,2025-04-06,Critical
9269,551,2025-05-01,5,2,4,6,2025-05-12,Critical
9270,551,2025-06-01,2,4,7,5,2025-06-11,Critical
9271,551,2025-07-01,9,3,6,5,2025-07-13,Critical
9272,551,2025-08-01,4,2,2,4,2025-08-13,Critical
9273,551,2025-09-01,11,12,18,2,2025-09-16,At Risk
9274,551,2025-10-01,32,24,22,2,2025-10-28,Healthy
9275,551,2025-11-01,49,30,37,1,2025-11-25,Healthy
9276,551,2025-12-01,36,16,39,1,2025-12-26,Healthy
9277,551,2026-01-01,41,26,31,1,2026-01-29,Healthy
9278,551,2026-02-01,24,12,13,5,2026-02-22,At Risk
9279,551,2026-03-01,5,3,5,7,2026-03-03,Critical
9280,551,2026-04-01,2,0,1,5,2026-04-05,Critical
9281,551,2026-05-01,2,0,4,5,2026-05-01,Critical
9282,551,2026-06-01,4,0,4,8,2026-06-04,Critical
9283,552,2025-09-01,10,26,35,0,2025-09-28,Healthy
9284,552,2025-10-01,10,25,34,0,2025-10-30,Healthy
9285,552,2025-11-01,9,27,41,2,2025-11-26,Healthy
9286,552,2025-12-01,11,25,31,2,2025-12-29,Healthy
9287,552,2026-01-01,11,26,21,0,2026-01-30,Healthy
9288,552,2026-02-01,8,28,34,0,2026-02-26,Healthy
9289,552,2026-03-01,11,17,30,2,2026-03-28,Healthy
9290,552,2026-04-01,2,4,5,7,2026-04-10,Critical
9291,552,2026-05-01,5,9,17,5,2026-05-16,At Risk
9292,552,2026-06-01,2,2,7,8,2026-06-02,Critical
9293,553,2024-08-01,24,15,33,1,2024-08-26,Healthy
9294,553,2024-09-01,15,14,10,2,2024-09-22,At Risk
9295,553,2024-10-01,21,22,43,1,2024-10-30,Healthy
9296,553,2024-11-01,24,24,36,2,2024-11-27,Healthy
9297,553,2024-12-01,7,11,16,1,2024-12-16,At Risk
9298,553,2025-01-01,14,5,13,1,2025-01-17,At Risk
9299,553,2025-02-01,22,16,38,2,2025-02-25,Healthy
9300,553,2025-03-01,18,22,26,2,2025-03-26,Healthy
9301,553,2025-04-01,31,16,30,2,2025-04-30,Healthy
9302,553,2025-05-01,20,27,40,2,2025-05-27,Healthy
9303,553,2025-06-01,24,22,33,2,2025-06-30,Healthy
9304,553,2025-07-01,21,23,35,2,2025-07-30,Healthy
9305,553,2025-08-01,25,20,29,0,2025-08-27,Healthy
9306,553,2025-09-01,25,25,32,1,2025-09-25,Healthy
9307,553,2025-10-01,25,29,28,1,2025-10-28,Healthy
9308,553,2025-11-01,22,16,29,2,2025-11-28,Healthy
9309,553,2025-12-01,34,29,25,2,2025-12-27,Healthy
9310,553,2026-01-01,24,26,29,2,2026-01-26,Healthy
9311,553,2026-02-01,7,6,18,4,2026-02-14,At Risk
9312,553,2026-03-01,7,12,18,5,2026-03-25,At Risk
9313,553,2026-04-01,23,29,45,1,2026-04-26,Healthy
9314,553,2026-05-01,35,16,40,2,2026-05-30,Healthy
9315,553,2026-06-01,26,16,27,2,2026-06-28,Healthy
9316,554,2024-04-01,60,18,46,2,2024-04-26,Healthy
9317,554,2024-05-01,68,30,33,1,2024-05-28,Healthy
9318,554,2024-06-01,10,3,7,4,2024-06-12,Critical
9319,554,2024-07-01,37,13,9,3,2024-07-20,At Risk
9320,554,2024-08-01,27,5,11,4,2024-08-25,At Risk
9321,554,2024-09-01,47,23,47,2,2024-09-29,Healthy
9322,554,2024-10-01,52,21,37,0,2024-10-29,Healthy
9323,554,2024-11-01,62,30,20,1,2024-11-26,Healthy
9324,554,2024-12-01,67,22,27,1,2024-12-27,Healthy
9325,554,2025-01-01,38,6,19,2,2025-01-17,At Risk
9326,554,2025-02-01,13,0,2,6,2025-02-07,Critical
9327,554,2025-03-01,21,12,8,1,2025-03-16,At Risk
9328,554,2025-04-01,21,5,9,1,2025-04-16,At Risk
9329,554,2025-05-01,8,2,1,6,2025-05-13,Critical
9330,554,2025-06-01,3,0,6,7,2025-06-09,Critical
9331,554,2025-07-01,32,14,12,5,2025-07-20,At Risk
9332,554,2025-08-01,32,5,8,2,2025-08-19,At Risk
9333,554,2025-09-01,72,19,35,0,2025-09-25,Healthy
9334,554,2025-10-01,49,26,48,0,2025-10-27,Healthy
9335,554,2025-11-01,61,29,44,0,2025-11-28,Healthy
9336,554,2025-12-01,11,3,3,3,2025-12-11,Critical
9337,554,2026-01-01,35,9,19,3,2026-01-24,At Risk
9338,554,2026-02-01,31,11,19,3,2026-02-22,At Risk
9339,554,2026-03-01,34,14,19,2,2026-03-16,At Risk
9340,554,2026-04-01,74,19,21,0,2026-04-26,Healthy
9341,554,2026-05-01,65,20,46,1,2026-05-31,Healthy
9342,554,2026-06-01,75,29,33,0,2026-06-25,Healthy
9343,555,2025-12-01,9,25,20,1,2025-12-31,Healthy
9344,555,2026-01-01,4,11,17,2,2026-01-17,At Risk
9345,555,2026-02-01,4,5,16,5,2026-02-22,At Risk
9346,555,2026-03-01,3,5,12,5,2026-03-21,At Risk
9347,555,2026-04-01,3,13,15,5,2026-04-22,At Risk
9348,555,2026-05-01,8,25,25,0,2026-05-28,Healthy
9349,555,2026-06-01,9,26,28,1,2026-06-28,Healthy
9350,556,2025-08-01,49,15,39,1,2025-08-28,Healthy
9351,556,2025-09-01,53,17,28,1,2025-09-30,Healthy
9352,556,2025-10-01,6,4,1,8,2025-10-13,Critical
9353,556,2025-11-01,33,12,12,4,2025-11-16,At Risk
9354,556,2025-12-01,36,10,11,5,2025-12-24,At Risk
9355,556,2026-01-01,63,23,22,2,2026-01-29,Healthy
9356,556,2026-02-01,33,8,14,5,2026-02-17,At Risk
9357,556,2026-03-01,3,0,1,8,2026-03-02,Critical
9358,556,2026-04-01,7,3,1,4,2026-03-31,Critical
9359,556,2026-05-01,13,1,0,5,2026-05-10,Critical
9360,556,2026-06-01,8,1,7,5,2026-06-04,Critical
9361,557,2026-01-01,8,27,25,0,2026-01-28,Healthy
9362,557,2026-02-01,4,10,19,5,2026-02-17,At Risk
9363,557,2026-03-01,2,4,5,6,2026-03-06,Critical
9364,557,2026-04-01,2,8,17,2,2026-04-15,At Risk
9365,557,2026-05-01,3,13,14,1,2026-05-23,At Risk
9366,557,2026-06-01,3,14,16,5,2026-06-22,At Risk
9367,558,2025-04-01,18,9,16,1,2025-04-23,At Risk
9368,558,2025-05-01,18,6,13,4,2025-05-20,At Risk
9369,558,2025-06-01,33,8,16,5,2025-06-16,At Risk
9370,558,2025-07-01,13,10,12,1,2025-07-24,At Risk
9371,558,2025-08-01,31,11,15,3,2025-08-18,At Risk
9372,558,2025-09-01,8,4,0,4,2025-09-09,Critical
9373,558,2025-10-01,11,2,5,6,2025-10-15,Critical
9374,558,2025-11-01,25,7,14,2,2025-11-19,At Risk
9375,558,2025-12-01,7,2,5,8,2025-12-06,Critical
9376,558,2026-01-01,59,25,22,2,2026-01-29,Healthy
9377,558,2026-02-01,21,12,15,5,2026-02-15,At Risk
9378,558,2026-03-01,14,7,13,2,2026-03-25,At Risk
9379,558,2026-04-01,22,9,17,4,2026-04-22,At Risk
9380,558,2026-05-01,30,9,17,2,2026-05-19,At Risk
9381,558,2026-06-01,32,11,12,3,2026-06-19,At Risk
9382,559,2025-08-01,33,25,49,1,2025-08-31,Healthy
9383,559,2025-09-01,43,15,21,1,2025-09-28,Healthy
9384,559,2025-10-01,45,27,42,2,2025-10-28,Healthy
9385,559,2025-11-01,12,4,2,7,2025-11-07,Critical
9386,559,2025-12-01,17,14,9,4,2025-12-22,At Risk
9387,559,2026-01-01,19,13,16,2,2026-01-17,At Risk
9388,559,2026-02-01,23,6,12,1,2026-02-22,At Risk
9389,559,2026-03-01,7,2,3,6,2026-03-07,Critical
9390,559,2026-04-01,6,3,2,8,2026-04-02,Critical
9391,559,2026-05-01,16,12,10,1,2026-05-20,At Risk
9392,559,2026-06-01,10,1,1,3,2026-06-03,Critical
9393,560,2026-01-01,35,22,39,0,2026-01-28,Healthy
9394,560,2026-02-01,66,19,46,2,2026-02-27,Healthy
9395,560,2026-03-01,57,28,44,0,2026-03-27,Healthy
9396,560,2026-04-01,40,19,28,1,2026-04-25,Healthy
9397,560,2026-05-01,41,28,50,2,2026-05-30,Healthy
9398,560,2026-06-01,34,16,49,1,2026-06-26,Healthy
9399,561,2024-07-01,2,1,7,8,2024-07-10,Critical
9400,561,2024-08-01,3,4,6,7,2024-08-11,Critical
9401,561,2024-09-01,1,3,2,3,2024-09-11,Critical
9402,561,2024-10-01,1,4,1,8,2024-10-07,Critical
9403,561,2024-11-01,12,13,9,1,2024-11-18,At Risk
9404,561,2024-12-01,27,20,43,0,2024-12-26,Healthy
9405,561,2025-01-01,22,29,26,1,2025-01-27,Healthy
9406,561,2025-02-01,8,8,18,4,2025-02-15,At Risk
9407,561,2025-03-01,7,7,10,3,2025-03-20,At Risk
9408,561,2025-04-01,23,24,28,1,2025-04-27,Healthy
9409,561,2025-05-01,30,24,41,2,2025-05-26,Healthy
9410,561,2025-06-01,7,8,19,4,2025-06-22,At Risk
9411,561,2025-07-01,6,13,18,2,2025-07-18,At Risk
9412,561,2025-08-01,4,3,0,8,2025-08-09,Critical
9413,561,2025-09-01,5,1,0,3,2025-09-08,Critical
9414,561,2025-10-01,13,5,14,5,2025-10-18,At Risk
9415,561,2025-11-01,6,7,8,2,2025-11-15,At Risk
9416,561,2025-12-01,4,2,3,7,2025-12-11,Critical
9417,561,2026-01-01,12,11,14,4,2026-01-23,At Risk
9418,561,2026-02-01,12,14,15,4,2026-02-20,At Risk
9419,561,2026-03-01,4,2,2,5,2026-03-14,Critical
9420,561,2026-04-01,2,4,5,7,2026-04-10,Critical
9421,561,2026-05-01,4,4,1,3,2026-05-06,Critical
9422,561,2026-06-01,5,4,7,3,2026-06-05,Critical
9423,562,2025-07-01,45,15,39,2,2025-07-26,Healthy
9424,562,2025-08-01,28,30,25,0,2025-08-29,Healthy
9425,562,2025-09-01,38,15,39,1,2025-09-25,Healthy
9426,562,2025-10-01,15,7,13,2,2025-10-21,At Risk
9427,562,2025-11-01,18,9,18,5,2025-11-22,At Risk
9428,562,2025-12-01,7,1,4,8,2025-12-01,Critical
9429,562,2026-01-01,9,1,4,5,2026-01-12,Critical
9430,562,2026-02-01,21,5,13,5,2026-02-22,At Risk
9431,562,2026-03-01,24,13,9,2,2026-03-23,At Risk
9432,562,2026-04-01,16,7,18,4,2026-04-23,At Risk
9433,562,2026-05-01,2,4,5,6,2026-05-09,Critical
9434,562,2026-06-01,7,4,5,7,2026-06-09,Critical
9435,563,2024-04-01,40,15,44,2,2024-04-26,Healthy
9436,563,2024-05-01,46,24,31,2,2024-05-26,Healthy
9437,563,2024-06-01,17,7,16,4,2024-06-16,At Risk
9438,563,2024-07-01,12,9,11,1,2024-07-19,At Risk
9439,563,2024-08-01,22,13,18,5,2024-08-20,At Risk
9440,563,2024-09-01,5,4,6,6,2024-09-14,Critical
9441,563,2024-10-01,2,3,6,3,2024-10-08,Critical
9442,563,2024-11-01,22,10,19,3,2024-11-23,At Risk
9443,563,2024-12-01,47,29,38,0,2024-12-26,Healthy
9444,563,2025-01-01,40,28,36,2,2025-01-31,Healthy
9445,563,2025-02-01,38,25,20,1,2025-02-27,Healthy
9446,563,2025-03-01,9,1,4,8,2025-03-11,Critical
9447,563,2025-04-01,9,0,1,5,2025-04-11,Critical
9448,563,2025-05-01,4,4,5,4,2025-05-11,Critical
9449,563,2025-06-01,5,3,6,5,2025-06-11,Critical
9450,563,2025-07-01,10,0,1,5,2025-07-01,Critical
9451,563,2025-08-01,4,0,6,3,2025-08-12,Critical
9452,563,2025-09-01,6,3,5,8,2025-09-12,Critical
9453,563,2025-10-01,10,3,5,8,2025-10-04,Critical
9454,563,2025-11-01,15,10,15,3,2025-11-18,At Risk
9455,563,2025-12-01,8,0,4,4,2025-12-10,Critical
9456,563,2026-01-01,20,7,11,2,2026-01-23,At Risk
9457,563,2026-02-01,4,3,2,4,2026-02-10,Critical
9458,563,2026-03-01,7,1,5,8,2026-03-09,Critical
9459,563,2026-04-01,5,0,3,4,2026-04-10,Critical
9460,563,2026-05-01,30,6,14,4,2026-05-16,At Risk
9461,563,2026-06-01,23,12,18,4,2026-06-18,At Risk
9462,564,2025-03-01,345,17,40,0,2025-03-28,Healthy
9463,564,2025-04-01,113,5,13,4,2025-04-22,At Risk
9464,564,2025-05-01,368,24,43,2,2025-05-29,Healthy
9465,564,2025-06-01,100,10,17,3,2025-06-15,At Risk
9466,564,2025-07-01,80,8,9,1,2025-07-20,At Risk
9467,564,2025-08-01,105,12,11,2,2025-08-17,At Risk
9468,564,2025-09-01,170,10,9,1,2025-09-22,At Risk
9469,564,2025-10-01,68,3,6,3,2025-10-05,Critical
9470,564,2025-11-01,14,0,6,6,2025-11-12,Critical
9471,564,2025-12-01,19,0,4,8,2025-12-12,Critical
9472,564,2026-01-01,12,4,7,7,2026-01-11,Critical
9473,564,2026-02-01,37,3,7,8,2026-02-05,Critical
9474,564,2026-03-01,48,0,3,8,2026-03-15,Critical
9475,564,2026-04-01,170,13,18,2,2026-04-16,At Risk
9476,564,2026-05-01,352,26,40,1,2026-05-28,Healthy
9477,564,2026-06-01,142,14,15,1,2026-06-20,At Risk
9478,565,2025-11-01,2574,28,42,1,2025-11-25,Healthy
9479,565,2025-12-01,2786,17,48,2,2025-12-30,Healthy
9480,565,2026-01-01,2302,24,47,1,2026-01-27,Healthy
9481,565,2026-02-01,2622,27,31,2,2026-02-27,Healthy
9482,565,2026-03-01,2430,29,39,1,2026-03-28,Healthy
9483,565,2026-04-01,3140,25,31,2,2026-04-26,Healthy
9484,565,2026-05-01,2782,26,30,2,2026-05-28,Healthy
9485,565,2026-06-01,1799,28,23,0,2026-06-28,Healthy
9486,566,2025-05-01,79,22,50,2,2025-05-29,Healthy
9487,566,2025-06-01,66,16,21,2,2025-06-29,Healthy
9488,566,2025-07-01,77,27,44,2,2025-07-29,Healthy
9489,566,2025-08-01,62,30,29,1,2025-08-30,Healthy
9490,566,2025-09-01,70,27,50,0,2025-09-25,Healthy
9491,566,2025-10-01,29,8,13,5,2025-10-23,At Risk
9492,566,2025-11-01,22,9,9,1,2025-11-18,At Risk
9493,566,2025-12-01,27,12,16,2,2025-12-24,At Risk
9494,566,2026-01-01,74,18,23,2,2026-01-30,Healthy
9495,566,2026-02-01,9,1,4,4,2026-02-10,Critical
9496,566,2026-03-01,12,3,5,7,2026-03-12,Critical
9497,566,2026-04-01,3,1,7,4,2026-04-01,Critical
9498,566,2026-05-01,21,6,9,1,2026-05-16,At Risk
9499,566,2026-06-01,17,2,4,8,2026-06-13,Critical
9500,567,2025-02-01,14,29,45,2,2025-02-26,Healthy
9501,567,2025-03-01,7,14,14,5,2025-03-23,At Risk
9502,567,2025-04-01,14,29,40,2,2025-04-26,Healthy
9503,567,2025-05-01,6,6,13,3,2025-05-24,At Risk
9504,567,2025-06-01,2,4,3,4,2025-06-11,Critical
9505,567,2025-07-01,2,4,4,6,2025-07-10,Critical
9506,567,2025-08-01,1,4,3,6,2025-08-09,Critical
9507,567,2025-09-01,1,2,7,8,2025-09-02,Critical
9508,567,2025-10-01,4,8,14,5,2025-10-17,At Risk
9509,567,2025-11-01,5,5,9,1,2025-11-22,At Risk
9510,567,2025-12-01,2,1,4,6,2025-12-10,Critical
9511,567,2026-01-01,3,14,9,1,2026-01-21,At Risk
9512,567,2026-02-01,7,8,16,3,2026-02-20,At Risk
9513,567,2026-03-01,8,21,46,0,2026-03-28,Healthy
9514,567,2026-04-01,2,0,7,3,2026-04-09,Critical
9515,567,2026-05-01,2,1,4,7,2026-05-12,Critical
9516,567,2026-06-01,3,5,12,1,2026-06-22,At Risk
9517,568,2024-04-01,172,20,20,2,2024-04-25,Healthy
9518,568,2024-05-01,254,16,29,0,2024-05-31,Healthy
9519,568,2024-06-01,225,29,50,0,2024-06-29,Healthy
9520,568,2024-07-01,208,26,37,1,2024-07-28,Healthy
9521,568,2024-08-01,167,27,41,1,2024-08-30,Healthy
9522,568,2024-09-01,141,29,38,2,2024-09-25,Healthy
9523,568,2024-10-01,227,22,41,1,2024-10-27,Healthy
9524,568,2024-11-01,272,19,20,2,2024-11-25,Healthy
9525,568,2024-12-01,252,29,27,0,2024-12-27,Healthy
9526,568,2025-01-01,188,29,29,1,2025-01-28,Healthy
9527,568,2025-02-01,223,21,27,1,2025-02-28,Healthy
9528,568,2025-03-01,263,29,26,0,2025-03-28,Healthy
9529,568,2025-04-01,263,23,33,0,2025-04-28,Healthy
9530,568,2025-05-01,164,16,39,1,2025-05-31,Healthy
9531,568,2025-06-01,208,26,21,0,2025-06-27,Healthy
9532,568,2025-07-01,141,21,46,1,2025-07-27,Healthy
9533,568,2025-08-01,151,24,25,1,2025-08-27,Healthy
9534,568,2025-09-01,248,28,20,0,2025-09-27,Healthy
9535,568,2025-10-01,248,22,49,1,2025-10-27,Healthy
9536,568,2025-11-01,192,15,28,0,2025-11-30,Healthy
9537,568,2025-12-01,261,24,50,0,2025-12-31,Healthy
9538,568,2026-01-01,182,18,22,2,2026-01-31,Healthy
9539,568,2026-02-01,188,17,47,2,2026-02-27,Healthy
9540,568,2026-03-01,201,15,22,1,2026-03-30,Healthy
9541,568,2026-04-01,170,20,24,1,2026-04-27,Healthy
9542,568,2026-05-01,140,26,30,0,2026-05-30,Healthy
9543,568,2026-06-01,143,25,50,2,2026-06-28,Healthy
9544,569,2024-05-01,89,21,35,0,2024-05-31,Healthy
9545,569,2024-06-01,69,11,8,2,2024-06-17,At Risk
9546,569,2024-07-01,39,6,9,1,2024-07-19,At Risk
9547,569,2024-08-01,37,10,16,1,2024-08-25,At Risk
9548,569,2024-09-01,113,20,26,1,2024-09-26,Healthy
9549,569,2024-10-01,83,28,36,0,2024-10-31,Healthy
9550,569,2024-11-01,78,25,27,2,2024-11-26,Healthy
9551,569,2024-12-01,85,29,35,0,2024-12-30,Healthy
9552,569,2025-01-01,35,12,13,1,2025-01-21,At Risk
9553,569,2025-02-01,78,17,21,0,2025-02-25,Healthy
9554,569,2025-03-01,87,23,44,2,2025-03-29,Healthy
9555,569,2025-04-01,56,5,10,5,2025-04-20,At Risk
9556,569,2025-05-01,82,17,50,0,2025-05-29,Healthy
9557,569,2025-06-01,80,26,20,1,2025-06-26,Healthy
9558,569,2025-07-01,20,2,4,5,2025-07-15,Critical
9559,569,2025-08-01,27,13,10,2,2025-08-19,At Risk
9560,569,2025-09-01,14,1,3,3,2025-09-02,Critical
9561,569,2025-10-01,122,30,43,2,2025-10-30,Healthy
9562,569,2025-11-01,69,9,10,3,2025-11-17,At Risk
9563,569,2025-12-01,35,8,19,2,2025-12-19,At Risk
9564,569,2026-01-01,52,7,10,2,2026-01-21,At Risk
9565,569,2026-02-01,17,1,6,6,2026-02-08,Critical
9566,569,2026-03-01,23,2,6,7,2026-03-07,Critical
9567,569,2026-04-01,12,1,5,4,2026-04-04,Critical
9568,569,2026-05-01,26,2,2,8,2026-05-06,Critical
9569,569,2026-06-01,33,13,9,5,2026-06-15,At Risk
9570,570,2024-04-01,1,0,3,3,2024-04-12,Critical
9571,570,2024-05-01,1,3,0,7,2024-05-01,Critical
9572,570,2024-06-01,1,3,2,3,2024-06-12,Critical
9573,570,2024-07-01,2,1,1,4,2024-07-04,Critical
9574,570,2024-08-01,7,7,16,1,2024-08-25,At Risk
9575,570,2024-09-01,1,3,3,8,2024-09-06,Critical
9576,570,2024-10-01,1,3,2,6,2024-10-12,Critical
9577,570,2024-11-01,8,6,9,1,2024-11-15,At Risk
9578,570,2024-12-01,9,30,23,1,2024-12-31,Healthy
9579,570,2025-01-01,10,19,36,0,2025-01-28,Healthy
9580,570,2025-02-01,12,29,25,1,2025-02-24,Healthy
9581,570,2025-03-01,11,25,25,0,2025-03-29,Healthy
9582,570,2025-04-01,11,28,23,0,2025-04-25,Healthy
9583,570,2025-05-01,12,17,46,1,2025-05-28,Healthy
9584,570,2025-06-01,13,28,26,0,2025-06-27,Healthy
9585,570,2025-07-01,12,17,47,0,2025-07-29,Healthy
9586,570,2025-08-01,13,18,39,0,2025-08-30,Healthy
9587,570,2025-09-01,14,24,47,2,2025-09-26,Healthy
9588,570,2025-10-01,14,27,25,0,2025-10-31,Healthy
9589,570,2025-11-01,11,25,21,1,2025-11-25,Healthy
9590,570,2025-12-01,14,22,21,2,2025-12-31,Healthy
9591,570,2026-01-01,11,30,37,1,2026-01-26,Healthy
9592,570,2026-02-01,12,15,47,2,2026-02-23,Healthy
9593,570,2026-03-01,15,22,39,1,2026-03-31,Healthy
9594,570,2026-04-01,12,17,44,1,2026-04-30,Healthy
9595,570,2026-05-01,4,5,11,3,2026-05-23,At Risk
9596,570,2026-06-01,3,14,9,3,2026-06-15,At Risk
9597,571,2024-11-01,7,0,4,3,2024-11-11,Critical
9598,571,2024-12-01,5,2,2,6,2024-12-03,Critical
9599,571,2025-01-01,1,0,4,8,2025-01-07,Critical
9600,571,2025-02-01,39,27,22,2,2025-02-27,Healthy
9601,571,2025-03-01,45,29,26,0,2025-03-30,Healthy
9602,571,2025-04-01,40,23,35,0,2025-04-28,Healthy
9603,571,2025-05-01,41,25,25,1,2025-05-27,Healthy
9604,571,2025-06-01,34,17,40,0,2025-06-26,Healthy
9605,571,2025-07-01,34,26,27,1,2025-07-31,Healthy
9606,571,2025-08-01,25,21,38,0,2025-08-27,Healthy
9607,571,2025-09-01,45,17,50,2,2025-09-25,Healthy
9608,571,2025-10-01,35,26,23,0,2025-10-26,Healthy
9609,571,2025-11-01,40,24,34,2,2025-11-30,Healthy
9610,571,2025-12-01,5,1,3,6,2025-12-03,Critical
9611,571,2026-01-01,19,9,10,2,2026-01-20,At Risk
9612,571,2026-02-01,13,13,18,5,2026-02-21,At Risk
9613,571,2026-03-01,16,8,9,5,2026-03-19,At Risk
9614,571,2026-04-01,19,8,13,5,2026-04-21,At Risk
9615,571,2026-05-01,34,22,27,1,2026-05-27,Healthy
9616,571,2026-06-01,38,29,33,2,2026-06-29,Healthy
9617,572,2025-05-01,20,13,18,4,2025-05-25,At Risk
9618,572,2025-06-01,33,9,17,3,2025-06-24,At Risk
9619,572,2025-07-01,27,11,12,1,2025-07-23,At Risk
9620,572,2025-08-01,16,13,8,2,2025-08-22,At Risk
9621,572,2025-09-01,61,30,43,2,2025-09-29,Healthy
9622,572,2025-10-01,77,26,32,2,2025-10-28,Healthy
9623,572,2025-11-01,46,29,49,2,2025-11-27,Healthy
9624,572,2025-12-01,68,19,31,1,2025-12-29,Healthy
9625,572,2026-01-01,73,22,20,2,2026-01-26,Healthy
9626,572,2026-02-01,17,11,12,1,2026-02-19,At Risk
9627,572,2026-03-01,15,12,18,3,2026-03-21,At Risk
9628,572,2026-04-01,11,2,1,4,2026-04-04,Critical
9629,572,2026-05-01,30,9,13,4,2026-05-22,At Risk
9630,572,2026-06-01,10,0,1,5,2026-06-13,Critical
9631,573,2025-09-01,14,23,31,1,2025-09-27,Healthy
9632,573,2025-10-01,10,16,41,0,2025-10-30,Healthy
9633,573,2025-11-01,3,2,3,6,2025-11-13,Critical
9634,573,2025-12-01,3,3,5,6,2025-12-08,Critical
9635,573,2026-01-01,3,1,3,8,2026-01-08,Critical
9636,573,2026-02-01,6,12,14,3,2026-02-13,At Risk
9637,573,2026-03-01,9,17,22,2,2026-03-28,Healthy
9638,573,2026-04-01,12,17,43,1,2026-04-29,Healthy
9639,573,2026-05-01,11,20,46,0,2026-05-28,Healthy
9640,573,2026-06-01,11,22,39,2,2026-06-27,Healthy
9641,574,2024-04-01,61,27,50,0,2024-04-25,Healthy
9642,574,2024-05-01,27,7,9,2,2024-05-16,At Risk
9643,574,2024-06-01,57,25,50,0,2024-06-25,Healthy
9644,574,2024-07-01,61,18,33,0,2024-07-31,Healthy
9645,574,2024-08-01,9,0,0,6,2024-08-12,Critical
9646,574,2024-09-01,22,11,8,3,2024-09-24,At Risk
9647,574,2024-10-01,28,13,16,4,2024-10-17,At Risk
9648,574,2024-11-01,31,7,16,2,2024-11-23,At Risk
9649,574,2024-12-01,30,6,16,3,2024-12-16,At Risk
9650,574,2025-01-01,14,13,11,3,2025-01-24,At Risk
9651,574,2025-02-01,23,5,11,1,2025-02-18,At Risk
9652,574,2025-03-01,27,8,19,3,2025-03-25,At Risk
9653,574,2025-04-01,25,5,18,5,2025-04-18,At Risk
9654,574,2025-05-01,29,9,12,5,2025-05-20,At Risk
9655,574,2025-06-01,5,4,6,7,2025-06-06,Critical
9656,574,2025-07-01,6,0,7,5,2025-07-14,Critical
9657,574,2025-08-01,4,3,6,6,2025-08-09,Critical
9658,574,2025-09-01,8,0,1,3,2025-09-08,Critical
9659,574,2025-10-01,23,7,9,2,2025-10-22,At Risk
9660,574,2025-11-01,18,14,11,5,2025-11-20,At Risk
9661,574,2025-12-01,18,12,8,1,2025-12-20,At Risk
9662,574,2026-01-01,25,10,12,5,2026-01-23,At Risk
9663,574,2026-02-01,27,8,18,1,2026-02-20,At Risk
9664,574,2026-03-01,43,26,41,2,2026-03-29,Healthy
9665,574,2026-04-01,52,30,46,2,2026-04-25,Healthy
9666,574,2026-05-01,20,9,12,4,2026-05-17,At Risk
9667,574,2026-06-01,50,30,46,0,2026-06-27,Healthy
9668,575,2025-08-01,29,25,33,2,2025-08-30,Healthy
9669,575,2025-09-01,31,24,46,2,2025-09-30,Healthy
9670,575,2025-10-01,26,24,36,1,2025-10-26,Healthy
9671,575,2025-11-01,33,15,40,0,2025-11-28,Healthy
9672,575,2025-12-01,29,17,45,1,2025-12-31,Healthy
9673,575,2026-01-01,30,17,39,1,2026-01-26,Healthy
9674,575,2026-02-01,33,30,40,2,2026-02-25,Healthy
9675,575,2026-03-01,31,30,26,2,2026-03-31,Healthy
9676,575,2026-04-01,19,23,47,2,2026-04-29,Healthy
9677,575,2026-05-01,14,13,9,1,2026-05-24,At Risk
9678,575,2026-06-01,4,3,7,7,2026-06-04,Critical
9679,576,2025-01-01,2010,15,45,2,2025-01-29,Healthy
9680,576,2025-02-01,2243,17,42,2,2025-02-26,Healthy
9681,576,2025-03-01,2159,28,33,1,2025-03-28,Healthy
9682,576,2025-04-01,2361,21,39,1,2025-04-29,Healthy
9683,576,2025-05-01,2473,28,42,1,2025-05-28,Healthy
9684,576,2025-06-01,2917,25,42,0,2025-06-29,Healthy
9685,576,2025-07-01,2476,24,47,2,2025-07-26,Healthy
9686,576,2025-08-01,856,8,11,5,2025-08-25,At Risk
9687,576,2025-09-01,1351,10,12,3,2025-09-23,At Risk
9688,576,2025-10-01,1649,11,13,1,2025-10-24,At Risk
9689,576,2025-11-01,1205,6,14,2,2025-11-17,At Risk
9690,576,2025-12-01,2575,30,30,0,2025-12-30,Healthy
9691,576,2026-01-01,3021,28,24,2,2026-01-26,Healthy
9692,576,2026-02-01,1263,11,11,3,2026-02-17,At Risk
9693,576,2026-03-01,1240,5,15,2,2026-03-22,At Risk
9694,576,2026-04-01,1025,7,15,2,2026-04-18,At Risk
9695,576,2026-05-01,2926,19,26,2,2026-05-28,Healthy
9696,576,2026-06-01,789,13,15,4,2026-06-20,At Risk
9697,577,2025-09-01,25,16,20,0,2025-09-25,Healthy
9698,577,2025-10-01,31,16,34,2,2025-10-30,Healthy
9699,577,2025-11-01,18,30,48,1,2025-11-29,Healthy
9700,577,2025-12-01,32,18,23,2,2025-12-30,Healthy
9701,577,2026-01-01,36,17,32,2,2026-01-29,Healthy
9702,577,2026-02-01,26,19,49,2,2026-02-23,Healthy
9703,577,2026-03-01,28,19,33,0,2026-03-31,Healthy
9704,577,2026-04-01,26,16,50,2,2026-04-27,Healthy
9705,577,2026-05-01,19,28,36,1,2026-05-28,Healthy
9706,577,2026-06-01,25,29,36,0,2026-06-27,Healthy
9707,578,2025-11-01,161,17,24,2,2025-11-27,Healthy
9708,578,2025-12-01,160,16,37,2,2025-12-31,Healthy
9709,578,2026-01-01,160,27,47,1,2026-01-31,Healthy
9710,578,2026-02-01,156,25,22,0,2026-02-27,Healthy
9711,578,2026-03-01,96,21,20,0,2026-03-31,Healthy
9712,578,2026-04-01,148,28,22,2,2026-04-26,Healthy
9713,578,2026-05-01,44,10,14,3,2026-05-24,At Risk
9714,578,2026-06-01,52,6,9,4,2026-06-19,At Risk
9715,579,2025-01-01,64,28,32,2,2025-01-26,Healthy
9716,579,2025-02-01,67,25,42,2,2025-02-28,Healthy
9717,579,2025-03-01,52,28,23,0,2025-03-28,Healthy
9718,579,2025-04-01,86,26,42,2,2025-04-26,Healthy
9719,579,2025-05-01,93,30,48,1,2025-05-29,Healthy
9720,579,2025-06-01,89,18,43,1,2025-06-30,Healthy
9721,579,2025-07-01,50,15,24,1,2025-07-27,Healthy
9722,579,2025-08-01,70,23,43,0,2025-08-29,Healthy
9723,579,2025-09-01,68,19,42,1,2025-09-30,Healthy
9724,579,2025-10-01,46,6,17,2,2025-10-19,At Risk
9725,579,2025-11-01,40,6,12,4,2025-11-15,At Risk
9726,579,2025-12-01,25,5,11,2,2025-12-25,At Risk
9727,579,2026-01-01,74,22,21,0,2026-01-30,Healthy
9728,579,2026-02-01,85,28,42,1,2026-02-27,Healthy
9729,579,2026-03-01,74,18,31,0,2026-03-26,Healthy
9730,579,2026-04-01,95,29,37,0,2026-04-30,Healthy
9731,579,2026-05-01,61,26,39,1,2026-05-27,Healthy
9732,579,2026-06-01,20,9,16,2,2026-06-16,At Risk
9733,580,2024-04-01,13,15,41,1,2024-04-27,Healthy
9734,580,2024-05-01,7,27,35,2,2024-05-29,Healthy
9735,580,2024-06-01,8,17,36,2,2024-06-29,Healthy
9736,580,2024-07-01,12,28,30,0,2024-07-26,Healthy
9737,580,2024-08-01,1,0,0,5,2024-08-02,Critical
9738,580,2024-09-01,13,15,33,2,2024-09-29,Healthy
9739,580,2024-10-01,12,28,36,0,2024-10-31,Healthy
9740,580,2024-11-01,9,18,34,0,2024-11-28,Healthy
9741,580,2024-12-01,12,27,28,0,2024-12-29,Healthy
9742,580,2025-01-01,11,20,24,2,2025-01-30,Healthy
9743,580,2025-02-01,12,21,48,0,2025-02-25,Healthy
9744,580,2025-03-01,13,16,23,1,2025-03-28,Healthy
9745,580,2025-04-01,9,30,47,1,2025-04-26,Healthy
9746,580,2025-05-01,8,19,50,0,2025-05-28,Healthy
9747,580,2025-06-01,13,21,42,0,2025-06-29,Healthy
9748,580,2025-07-01,11,17,22,2,2025-07-27,Healthy
9749,580,2025-08-01,5,13,15,2,2025-08-23,At Risk
9750,580,2025-09-01,3,11,12,3,2025-09-17,At Risk
9751,580,2025-10-01,6,5,8,1,2025-10-21,At Risk
9752,580,2025-11-01,1,0,6,5,2025-11-11,Critical
9753,580,2025-12-01,1,1,3,5,2025-12-12,Critical
9754,580,2026-01-01,3,6,16,3,2026-01-17,At Risk
9755,580,2026-02-01,3,12,16,4,2026-02-17,At Risk
9756,580,2026-03-01,2,2,6,7,2026-03-13,Critical
9757,580,2026-04-01,3,4,4,5,2026-04-10,Critical
9758,580,2026-05-01,3,9,8,4,2026-05-25,At Risk
9759,580,2026-06-01,3,14,19,2,2026-06-23,At Risk
9760,581,2025-01-01,645,17,21,0,2025-01-29,Healthy
9761,581,2025-02-01,165,12,13,3,2025-02-15,At Risk
9762,581,2025-03-01,367,8,11,5,2025-03-22,At Risk
9763,581,2025-04-01,91,0,5,7,2025-04-13,Critical
9764,581,2025-05-01,35,4,7,8,2025-05-14,Critical
9765,581,2025-06-01,370,5,10,1,2025-06-22,At Risk
9766,581,2025-07-01,136,3,7,8,2025-07-12,Critical
9767,581,2025-08-01,48,0,1,6,2025-08-04,Critical
9768,581,2025-09-01,202,13,17,5,2025-09-19,At Risk
9769,581,2025-10-01,710,17,47,1,2025-10-27,Healthy
9770,581,2025-11-01,490,30,32,0,2025-11-28,Healthy
9771,581,2025-12-01,462,29,31,2,2025-12-29,Healthy
9772,581,2026-01-01,486,20,25,1,2026-01-27,Healthy
9773,581,2026-02-01,443,21,43,2,2026-02-27,Healthy
9774,581,2026-03-01,435,15,45,0,2026-03-29,Healthy
9775,581,2026-04-01,781,25,31,1,2026-04-26,Healthy
9776,581,2026-05-01,549,30,40,0,2026-05-31,Healthy
9777,581,2026-06-01,466,20,40,1,2026-06-30,Healthy
9778,582,2025-03-01,29,23,46,0,2025-03-28,Healthy
9779,582,2025-04-01,37,24,23,0,2025-04-30,Healthy
9780,582,2025-05-01,16,5,18,4,2025-05-22,At Risk
9781,582,2025-06-01,10,6,19,5,2025-06-19,At Risk
9782,582,2025-07-01,15,10,14,1,2025-07-17,At Risk
9783,582,2025-08-01,5,3,4,6,2025-08-03,Critical
9784,582,2025-09-01,3,3,2,6,2025-09-09,Critical
9785,582,2025-10-01,13,7,9,2,2025-10-17,At Risk
9786,582,2025-11-01,24,15,50,2,2025-11-25,Healthy
9787,582,2025-12-01,36,28,42,0,2025-12-29,Healthy
9788,582,2026-01-01,27,18,50,2,2026-01-27,Healthy
9789,582,2026-02-01,19,10,16,1,2026-02-17,At Risk
9790,582,2026-03-01,33,23,28,2,2026-03-28,Healthy
9791,582,2026-04-01,31,26,32,0,2026-04-29,Healthy
9792,582,2026-05-01,37,15,41,2,2026-05-29,Healthy
9793,582,2026-06-01,24,15,35,0,2026-06-29,Healthy
9794,583,2025-05-01,26,22,33,1,2025-05-29,Healthy
9795,583,2025-06-01,22,22,40,0,2025-06-26,Healthy
9796,583,2025-07-01,4,2,5,8,2025-07-10,Critical
9797,583,2025-08-01,6,4,0,8,2025-08-08,Critical
9798,583,2025-09-01,2,1,1,3,2025-09-14,Critical
9799,583,2025-10-01,7,12,8,3,2025-10-20,At Risk
9800,583,2025-11-01,9,10,15,4,2025-11-16,At Risk
9801,583,2025-12-01,8,6,8,3,2025-12-16,At Risk
9802,583,2026-01-01,19,25,41,1,2026-01-26,Healthy
9803,583,2026-02-01,22,24,38,2,2026-02-24,Healthy
9804,583,2026-03-01,14,6,10,4,2026-03-16,At Risk
9805,583,2026-04-01,3,4,1,6,2026-04-02,Critical
9806,583,2026-05-01,2,3,3,5,2026-05-03,Critical
9807,583,2026-06-01,5,1,7,8,2026-06-11,Critical
9808,584,2025-01-01,22,12,15,1,2025-01-21,At Risk
9809,584,2025-02-01,4,0,3,5,2025-02-10,Critical
9810,584,2025-03-01,20,8,15,3,2025-03-24,At Risk
9811,584,2025-04-01,64,22,44,0,2025-04-27,Healthy
9812,584,2025-05-01,73,19,21,0,2025-05-28,Healthy
9813,584,2025-06-01,68,15,34,0,2025-06-30,Healthy
9814,584,2025-07-01,73,23,25,1,2025-07-27,Healthy
9815,584,2025-08-01,34,8,9,5,2025-08-16,At Risk
9816,584,2025-09-01,30,6,12,2,2025-09-23,At Risk
9817,584,2025-10-01,36,13,9,4,2025-10-18,At Risk
9818,584,2025-11-01,64,29,27,1,2025-11-25,Healthy
9819,584,2025-12-01,60,27,46,2,2025-12-31,Healthy
9820,584,2026-01-01,31,14,17,5,2026-01-19,At Risk
9821,584,2026-02-01,65,24,27,2,2026-02-23,Healthy
9822,584,2026-03-01,63,25,44,0,2026-03-30,Healthy
9823,584,2026-04-01,75,16,25,1,2026-04-29,Healthy
9824,584,2026-05-01,23,14,12,5,2026-05-21,At Risk
9825,584,2026-06-01,12,1,5,3,2026-06-11,Critical
9826,585,2026-02-01,17,22,36,1,2026-02-23,Healthy
9827,585,2026-03-01,33,22,29,2,2026-03-29,Healthy
9828,585,2026-04-01,19,23,21,2,2026-04-30,Healthy
9829,585,2026-05-01,31,20,27,2,2026-05-28,Healthy
9830,585,2026-06-01,24,21,41,0,2026-06-27,Healthy
9831,586,2025-08-01,47,29,22,2,2025-08-30,Healthy
9832,586,2025-09-01,49,21,41,0,2025-09-26,Healthy
9833,586,2025-10-01,32,13,8,1,2025-10-19,At Risk
9834,586,2025-11-01,5,2,1,6,2025-11-03,Critical
9835,586,2025-12-01,6,1,1,5,2025-12-13,Critical
9836,586,2026-01-01,31,12,11,3,2026-01-16,At Risk
9837,586,2026-02-01,64,17,26,2,2026-02-23,Healthy
9838,586,2026-03-01,71,29,22,2,2026-03-28,Healthy
9839,586,2026-04-01,72,22,23,2,2026-04-27,Healthy
9840,586,2026-05-01,56,22,47,2,2026-05-26,Healthy
9841,586,2026-06-01,57,28,39,2,2026-06-29,Healthy
9842,587,2025-11-01,12,19,43,0,2025-11-27,Healthy
9843,587,2025-12-01,14,30,43,0,2025-12-28,Healthy
9844,587,2026-01-01,15,25,25,0,2026-01-29,Healthy
9845,587,2026-02-01,16,15,38,1,2026-02-28,Healthy
9846,587,2026-03-01,15,18,28,0,2026-03-30,Healthy
9847,587,2026-04-01,12,24,25,2,2026-04-29,Healthy
9848,587,2026-05-01,13,17,34,1,2026-05-30,Healthy
9849,587,2026-06-01,11,20,49,0,2026-06-29,Healthy
9850,588,2025-08-01,38,23,21,1,2025-08-30,Healthy
9851,588,2025-09-01,74,30,25,0,2025-09-26,Healthy
9852,588,2025-10-01,61,21,42,1,2025-10-26,Healthy
9853,588,2025-11-01,49,23,41,1,2025-11-28,Healthy
9854,588,2025-12-01,73,23,44,1,2025-12-28,Healthy
9855,588,2026-01-01,63,15,31,2,2026-01-31,Healthy
9856,588,2026-02-01,15,12,15,2,2026-02-20,At Risk
9857,588,2026-03-01,31,12,11,4,2026-03-18,At Risk
9858,588,2026-04-01,28,13,17,3,2026-04-17,At Risk
9859,588,2026-05-01,50,18,30,1,2026-05-31,Healthy
9860,588,2026-06-01,47,25,43,2,2026-06-30,Healthy
9861,589,2025-05-01,13,26,31,0,2025-05-30,Healthy
9862,589,2025-06-01,19,19,45,1,2025-06-26,Healthy
9863,589,2025-07-01,21,23,28,0,2025-07-26,Healthy
9864,589,2025-08-01,12,19,23,1,2025-08-27,Healthy
9865,589,2025-09-01,18,15,49,2,2025-09-30,Healthy
9866,589,2025-10-01,15,24,22,2,2025-10-29,Healthy
9867,589,2025-11-01,5,11,13,1,2025-11-17,At Risk
9868,589,2025-12-01,15,20,22,1,2025-12-31,Healthy
9869,589,2026-01-01,15,29,32,1,2026-01-29,Healthy
9870,589,2026-02-01,21,17,32,2,2026-02-25,Healthy
9871,589,2026-03-01,12,22,21,2,2026-03-31,Healthy
9872,589,2026-04-01,23,24,26,1,2026-04-29,Healthy
9873,589,2026-05-01,19,29,25,0,2026-05-30,Healthy
9874,589,2026-06-01,23,16,31,1,2026-06-25,Healthy
9875,590,2025-06-01,105,28,33,0,2025-06-26,Healthy
9876,590,2025-07-01,94,25,36,0,2025-07-30,Healthy
9877,590,2025-08-01,104,24,50,0,2025-08-27,Healthy
9878,590,2025-09-01,57,14,11,1,2025-09-16,At Risk
9879,590,2025-10-01,6,2,2,5,2025-10-06,Critical
9880,590,2025-11-01,23,0,4,8,2025-11-14,Critical
9881,590,2025-12-01,34,14,13,1,2025-12-18,At Risk
9882,590,2026-01-01,43,6,16,1,2026-01-21,At Risk
9883,590,2026-02-01,14,4,4,8,2026-02-11,Critical
9884,590,2026-03-01,127,16,44,2,2026-03-27,Healthy
9885,590,2026-04-01,114,20,41,2,2026-04-25,Healthy
9886,590,2026-05-01,63,14,13,1,2026-05-23,At Risk
9887,590,2026-06-01,65,5,12,1,2026-06-20,At Risk
9888,591,2024-11-01,131,19,45,0,2024-11-26,Healthy
9889,591,2024-12-01,104,30,41,0,2024-12-31,Healthy
9890,591,2025-01-01,84,28,35,2,2025-01-27,Healthy
9891,591,2025-02-01,144,21,32,0,2025-02-28,Healthy
9892,591,2025-03-01,138,17,41,2,2025-03-30,Healthy
9893,591,2025-04-01,112,18,37,0,2025-04-27,Healthy
9894,591,2025-05-01,103,29,28,0,2025-05-28,Healthy
9895,591,2025-06-01,78,17,23,0,2025-06-26,Healthy
9896,591,2025-07-01,104,21,25,2,2025-07-30,Healthy
9897,591,2025-08-01,43,14,12,3,2025-08-23,At Risk
9898,591,2025-09-01,100,19,45,0,2025-09-29,Healthy
9899,591,2025-10-01,91,20,21,2,2025-10-28,Healthy
9900,591,2025-11-01,90,29,45,2,2025-11-30,Healthy
9901,591,2025-12-01,69,11,16,3,2025-12-17,At Risk
9902,591,2026-01-01,52,10,15,4,2026-01-25,At Risk
9903,591,2026-02-01,38,6,19,4,2026-02-13,At Risk
9904,591,2026-03-01,56,11,11,4,2026-03-23,At Risk
9905,591,2026-04-01,67,14,11,2,2026-04-21,At Risk
9906,591,2026-05-01,24,4,6,6,2026-05-05,Critical
9907,591,2026-06-01,55,12,15,3,2026-06-22,At Risk
9908,592,2025-07-01,24,11,14,5,2025-07-21,At Risk
9909,592,2025-08-01,14,6,15,3,2025-08-16,At Risk
9910,592,2025-09-01,13,10,14,1,2025-09-15,At Risk
9911,592,2025-10-01,3,4,7,4,2025-10-12,Critical
9912,592,2025-11-01,7,1,7,4,2025-11-14,Critical
9913,592,2025-12-01,5,3,5,3,2025-12-02,Critical
9914,592,2026-01-01,3,4,3,3,2026-01-03,Critical
9915,592,2026-02-01,20,8,10,5,2026-02-20,At Risk
9916,592,2026-03-01,41,21,41,1,2026-03-27,Healthy
9917,592,2026-04-01,26,15,24,0,2026-04-28,Healthy
9918,592,2026-05-01,28,27,32,1,2026-05-30,Healthy
9919,592,2026-06-01,47,24,45,2,2026-06-30,Healthy
9920,593,2024-11-01,25,16,31,1,2024-11-25,Healthy
9921,593,2024-12-01,26,30,49,2,2024-12-30,Healthy
9922,593,2025-01-01,32,25,29,2,2025-01-30,Healthy
9923,593,2025-02-01,23,22,45,0,2025-02-27,Healthy
9924,593,2025-03-01,34,18,48,2,2025-03-26,Healthy
9925,593,2025-04-01,24,16,38,1,2025-04-25,Healthy
9926,593,2025-05-01,36,17,21,2,2025-05-26,Healthy
9927,593,2025-06-01,37,27,35,0,2025-06-26,Healthy
9928,593,2025-07-01,27,17,40,2,2025-07-30,Healthy
9929,593,2025-08-01,36,23,22,2,2025-08-28,Healthy
9930,593,2025-09-01,22,17,40,1,2025-09-27,Healthy
9931,593,2025-10-01,25,30,40,2,2025-10-28,Healthy
9932,593,2025-11-01,31,30,31,0,2025-11-30,Healthy
9933,593,2025-12-01,2,4,1,3,2025-12-03,Critical
9934,593,2026-01-01,7,4,1,3,2026-01-01,Critical
9935,593,2026-02-01,4,1,7,4,2026-02-06,Critical
9936,593,2026-03-01,14,14,18,1,2026-03-17,At Risk
9937,593,2026-04-01,19,11,17,2,2026-04-21,At Risk
9938,593,2026-05-01,14,7,8,1,2026-05-19,At Risk
9939,593,2026-06-01,12,11,10,5,2026-06-20,At Risk
9940,594,2025-11-01,302,1,6,4,2025-11-12,Critical
9941,594,2025-12-01,1018,30,49,0,2025-12-29,Healthy
9942,594,2026-01-01,1595,26,24,2,2026-01-27,Healthy
9943,594,2026-02-01,1615,29,23,0,2026-02-28,Healthy
9944,594,2026-03-01,1133,16,36,0,2026-03-28,Healthy
9945,594,2026-04-01,622,8,9,2,2026-04-19,At Risk
9946,594,2026-05-01,1512,20,27,1,2026-05-26,Healthy
9947,594,2026-06-01,1096,19,22,0,2026-06-25,Healthy
9948,595,2025-12-01,28,18,41,0,2025-12-26,Healthy
9949,595,2026-01-01,21,26,22,2,2026-01-26,Healthy
9950,595,2026-02-01,16,22,21,0,2026-02-23,Healthy
9951,595,2026-03-01,27,17,37,0,2026-03-31,Healthy
9952,595,2026-04-01,30,18,46,0,2026-04-30,Healthy
9953,595,2026-05-01,16,17,21,2,2026-05-29,Healthy
9954,595,2026-06-01,24,22,38,2,2026-06-26,Healthy
9955,596,2025-04-01,19,25,21,0,2025-04-30,Healthy
9956,596,2025-05-01,14,30,46,1,2025-05-26,Healthy
9957,596,2025-06-01,17,26,48,1,2025-06-30,Healthy
9958,596,2025-07-01,17,19,36,0,2025-07-27,Healthy
9959,596,2025-08-01,10,13,13,5,2025-08-20,At Risk
9960,596,2025-09-01,1,4,1,7,2025-08-31,Critical
9961,596,2025-10-01,9,12,10,2,2025-10-17,At Risk
9962,596,2025-11-01,4,1,6,7,2025-11-06,Critical
9963,596,2025-12-01,6,7,19,5,2025-12-23,At Risk
9964,596,2026-01-01,10,9,8,4,2026-01-23,At Risk
9965,596,2026-02-01,12,28,27,2,2026-02-23,Healthy
9966,596,2026-03-01,19,24,37,0,2026-03-27,Healthy
9967,596,2026-04-01,14,24,38,2,2026-04-30,Healthy
9968,596,2026-05-01,14,25,31,2,2026-05-26,Healthy
9969,596,2026-06-01,8,6,17,1,2026-06-21,At Risk
9970,597,2024-07-01,39,19,31,1,2024-07-28,Healthy
9971,597,2024-08-01,35,24,42,1,2024-08-26,Healthy
9972,597,2024-09-01,24,10,12,5,2024-09-20,At Risk
9973,597,2024-10-01,18,14,19,3,2024-10-18,At Risk
9974,597,2024-11-01,43,29,32,2,2024-11-29,Healthy
9975,597,2024-12-01,27,16,34,0,2024-12-27,Healthy
9976,597,2025-01-01,30,25,48,0,2025-01-31,Healthy
9977,597,2025-02-01,34,15,20,0,2025-02-28,Healthy
9978,597,2025-03-01,45,17,34,2,2025-03-28,Healthy
9979,597,2025-04-01,43,29,33,0,2025-04-27,Healthy
9980,597,2025-05-01,51,20,44,0,2025-05-28,Healthy
9981,597,2025-06-01,42,30,41,2,2025-06-28,Healthy
9982,597,2025-07-01,41,28,29,1,2025-07-29,Healthy
9983,597,2025-08-01,47,20,47,1,2025-08-30,Healthy
9984,597,2025-09-01,51,17,21,0,2025-09-25,Healthy
9985,597,2025-10-01,7,1,4,6,2025-10-13,Critical
9986,597,2025-11-01,3,3,1,5,2025-11-11,Critical
9987,597,2025-12-01,5,4,3,7,2025-12-05,Critical
9988,597,2026-01-01,44,28,40,1,2026-01-26,Healthy
9989,597,2026-02-01,26,9,19,4,2026-02-17,At Risk
9990,597,2026-03-01,16,12,9,3,2026-03-20,At Risk
9991,597,2026-04-01,18,14,11,2,2026-04-20,At Risk
9992,597,2026-05-01,17,9,17,1,2026-05-16,At Risk
9993,597,2026-06-01,16,10,14,2,2026-06-20,At Risk
9994,598,2025-07-01,1116,25,45,1,2025-07-30,Healthy
9995,598,2025-08-01,1105,15,44,2,2025-08-30,Healthy
9996,598,2025-09-01,1112,24,48,2,2025-09-26,Healthy
9997,598,2025-10-01,1138,19,25,1,2025-10-29,Healthy
9998,598,2025-11-01,1199,16,36,2,2025-11-25,Healthy
9999,598,2025-12-01,1318,27,35,1,2025-12-26,Healthy
10000,598,2026-01-01,1259,26,50,2,2026-01-27,Healthy
10001,598,2026-02-01,1285,27,32,2,2026-02-28,Healthy
10002,598,2026-03-01,1478,23,26,2,2026-03-30,Healthy
10003,598,2026-04-01,1205,30,40,2,2026-04-26,Healthy
10004,598,2026-05-01,1010,19,29,2,2026-05-27,Healthy
10005,598,2026-06-01,809,17,28,2,2026-06-26,Healthy
10006,599,2024-06-01,6,0,1,6,2024-06-14,Critical
10007,599,2024-07-01,11,11,15,2,2024-07-20,At Risk
10008,599,2024-08-01,21,23,24,2,2024-08-28,Healthy
10009,599,2024-09-01,37,16,21,2,2024-09-27,Healthy
10010,599,2024-10-01,23,23,47,0,2024-10-28,Healthy
10011,599,2024-11-01,20,23,33,2,2024-11-26,Healthy
10012,599,2024-12-01,28,23,40,2,2024-12-28,Healthy
10013,599,2025-01-01,26,25,50,0,2025-01-28,Healthy
10014,599,2025-02-01,25,27,29,0,2025-02-26,Healthy
10015,599,2025-03-01,38,24,29,1,2025-03-30,Healthy
10016,599,2025-04-01,29,28,21,0,2025-04-27,Healthy
10017,599,2025-05-01,37,18,42,1,2025-05-28,Healthy
10018,599,2025-06-01,13,7,14,2,2025-06-19,At Risk
10019,599,2025-07-01,18,9,13,5,2025-07-19,At Risk
10020,599,2025-08-01,12,12,11,3,2025-08-18,At Risk
10021,599,2025-09-01,16,10,14,3,2025-09-16,At Risk
10022,599,2025-10-01,16,7,13,4,2025-10-25,At Risk
10023,599,2025-11-01,10,14,17,2,2025-11-21,At Risk
10024,599,2025-12-01,13,8,10,1,2025-12-16,At Risk
10025,599,2026-01-01,10,12,12,4,2026-01-24,At Risk
10026,599,2026-02-01,11,13,18,3,2026-02-18,At Risk
10027,599,2026-03-01,12,6,16,5,2026-03-24,At Risk
10028,599,2026-04-01,17,6,17,4,2026-04-22,At Risk
10029,599,2026-05-01,21,15,32,0,2026-05-29,Healthy
10030,599,2026-06-01,21,18,49,2,2026-06-27,Healthy
10031,600,2026-03-01,27,1,0,5,2026-03-11,Critical
10032,600,2026-04-01,87,13,16,1,2026-04-20,At Risk
10033,600,2026-05-01,10,1,2,6,2026-05-10,Critical
10034,600,2026-06-01,46,1,0,5,2026-06-03,Critical
10035,601,2024-04-01,32,17,41,0,2024-04-30,Healthy
10036,601,2024-05-01,27,21,33,2,2024-05-31,Healthy
10037,601,2024-06-01,33,26,20,1,2024-06-30,Healthy
10038,601,2024-07-01,19,5,9,4,2024-07-21,At Risk
10039,601,2024-08-01,7,1,7,3,2024-08-01,Critical
10040,601,2024-09-01,4,3,5,4,2024-09-04,Critical
10041,601,2024-10-01,38,30,20,1,2024-10-31,Healthy
10042,601,2024-11-01,35,17,23,1,2024-11-26,Healthy
10043,601,2024-12-01,18,8,8,2,2024-12-16,At Risk
10044,601,2025-01-01,19,7,8,5,2025-01-20,At Risk
10045,601,2025-02-01,17,6,11,4,2025-02-14,At Risk
10046,601,2025-03-01,12,12,10,4,2025-03-23,At Risk
10047,601,2025-04-01,8,6,18,3,2025-04-24,At Risk
10048,601,2025-05-01,10,7,18,1,2025-05-17,At Risk
10049,601,2025-06-01,17,13,8,4,2025-06-21,At Risk
10050,601,2025-07-01,2,0,2,6,2025-07-03,Critical
10051,601,2025-08-01,19,5,13,3,2025-08-24,At Risk
10052,601,2025-09-01,15,8,12,1,2025-09-17,At Risk
10053,601,2025-10-01,4,0,0,4,2025-10-10,Critical
10054,601,2025-11-01,5,3,0,4,2025-11-06,Critical
10055,601,2025-12-01,7,4,2,4,2025-12-08,Critical
10056,601,2026-01-01,10,13,12,2,2026-01-17,At Risk
10057,601,2026-02-01,13,6,9,4,2026-02-20,At Risk
10058,601,2026-03-01,11,13,10,4,2026-03-22,At Risk
10059,601,2026-04-01,30,24,30,0,2026-04-26,Healthy
10060,601,2026-05-01,22,18,50,1,2026-05-28,Healthy
10061,601,2026-06-01,11,7,12,2,2026-06-21,At Risk
10062,602,2025-11-01,61,18,20,0,2025-11-28,Healthy
10063,602,2025-12-01,13,1,1,8,2025-12-10,Critical
10064,602,2026-01-01,3,3,2,4,2026-01-02,Critical
10065,602,2026-02-01,20,13,9,1,2026-02-15,At Risk
10066,602,2026-03-01,23,11,13,2,2026-03-23,At Risk
10067,602,2026-04-01,4,2,4,8,2026-04-05,Critical
10068,602,2026-05-01,16,9,17,1,2026-05-20,At Risk
10069,602,2026-06-01,51,28,33,1,2026-06-29,Healthy
10070,603,2026-02-01,218,22,25,2,2026-02-26,Healthy
10071,603,2026-03-01,233,25,33,2,2026-03-29,Healthy
10072,603,2026-04-01,50,1,4,8,2026-04-07,Critical
10073,603,2026-05-01,75,14,10,3,2026-05-17,At Risk
10074,603,2026-06-01,242,22,30,1,2026-06-30,Healthy
10075,604,2024-06-01,17,0,3,6,2024-06-02,Critical
10076,604,2024-07-01,28,1,0,5,2024-07-01,Critical
10077,604,2024-08-01,32,1,2,8,2024-08-02,Critical
10078,604,2024-09-01,56,1,0,7,2024-09-09,Critical
10079,604,2024-10-01,42,0,1,8,2024-10-08,Critical
10080,604,2024-11-01,21,0,1,8,2024-11-13,Critical
10081,604,2024-12-01,121,11,16,2,2024-12-18,At Risk
10082,604,2025-01-01,127,12,10,3,2025-01-16,At Risk
10083,604,2025-02-01,60,3,2,4,2025-02-09,Critical
10084,604,2025-03-01,42,1,5,7,2025-03-10,Critical
10085,604,2025-04-01,11,0,6,3,2025-04-11,Critical
10086,604,2025-05-01,55,1,0,8,2025-05-06,Critical
10087,604,2025-06-01,160,8,8,2,2025-06-22,At Risk
10088,604,2025-07-01,315,21,49,0,2025-07-27,Healthy
10089,604,2025-08-01,260,26,27,0,2025-08-31,Healthy
10090,604,2025-09-01,197,19,31,1,2025-09-29,Healthy
10091,604,2025-10-01,95,13,9,4,2025-10-19,At Risk
10092,604,2025-11-01,69,6,13,2,2025-11-24,At Risk
10093,604,2025-12-01,169,14,11,5,2025-12-24,At Risk
10094,604,2026-01-01,166,6,8,4,2026-01-18,At Risk
10095,604,2026-02-01,338,18,20,0,2026-02-26,Healthy
10096,604,2026-03-01,90,10,17,1,2026-03-24,At Risk
10097,604,2026-04-01,36,4,2,6,2026-04-02,Critical
10098,604,2026-05-01,66,0,5,6,2026-05-12,Critical
10099,604,2026-06-01,63,3,3,6,2026-06-06,Critical
10100,605,2025-12-01,18,13,14,1,2025-12-18,At Risk
10101,605,2026-01-01,20,7,9,4,2026-01-20,At Risk
10102,605,2026-02-01,19,12,14,1,2026-02-14,At Risk
10103,605,2026-03-01,1,1,2,8,2026-03-13,Critical
10104,605,2026-04-01,8,1,2,6,2026-04-07,Critical
10105,605,2026-05-01,3,1,3,5,2026-05-04,Critical
10106,605,2026-06-01,2,4,1,6,2026-05-31,Critical
10107,606,2025-01-01,10,19,37,0,2025-01-28,Healthy
10108,606,2025-02-01,11,24,43,0,2025-02-26,Healthy
10109,606,2025-03-01,6,25,40,0,2025-03-29,Healthy
10110,606,2025-04-01,11,16,39,1,2025-04-25,Healthy
10111,606,2025-05-01,7,22,24,0,2025-05-28,Healthy
10112,606,2025-06-01,10,24,41,1,2025-06-30,Healthy
10113,606,2025-07-01,8,20,25,1,2025-07-30,Healthy
10114,606,2025-08-01,6,24,20,2,2025-08-30,Healthy
10115,606,2025-09-01,10,19,22,2,2025-09-27,Healthy
10116,606,2025-10-01,6,29,21,2,2025-10-26,Healthy
10117,606,2025-11-01,4,14,18,1,2025-11-24,At Risk
10118,606,2025-12-01,5,12,15,2,2025-12-22,At Risk
10119,606,2026-01-01,1,0,5,8,2026-01-13,Critical
10120,606,2026-02-01,4,8,16,1,2026-02-20,At Risk
10121,606,2026-03-01,8,15,46,1,2026-03-31,Healthy
10122,606,2026-04-01,1,4,1,4,2026-03-31,Critical
10123,606,2026-05-01,2,0,3,3,2026-05-03,Critical
10124,606,2026-06-01,4,9,16,3,2026-06-24,At Risk
10125,607,2025-03-01,156,22,20,2,2025-03-27,Healthy
10126,607,2025-04-01,112,28,25,0,2025-04-25,Healthy
10127,607,2025-05-01,106,21,20,2,2025-05-28,Healthy
10128,607,2025-06-01,159,24,40,1,2025-06-30,Healthy
10129,607,2025-07-01,82,10,11,1,2025-07-19,At Risk
10130,607,2025-08-01,89,24,35,1,2025-08-30,Healthy
10131,607,2025-09-01,103,15,23,2,2025-09-26,Healthy
10132,607,2025-10-01,149,23,37,0,2025-10-26,Healthy
10133,607,2025-11-01,79,12,8,2,2025-11-16,At Risk
10134,607,2025-12-01,161,22,41,1,2025-12-28,Healthy
10135,607,2026-01-01,109,20,41,1,2026-01-27,Healthy
10136,607,2026-02-01,108,30,41,0,2026-02-27,Healthy
10137,607,2026-03-01,50,14,8,1,2026-03-23,At Risk
10138,607,2026-04-01,132,16,30,1,2026-04-30,Healthy
10139,607,2026-05-01,146,28,22,2,2026-05-27,Healthy
10140,607,2026-06-01,162,29,26,1,2026-06-30,Healthy
10141,608,2024-10-01,2914,25,42,2,2024-10-29,Healthy
10142,608,2024-11-01,2870,16,31,0,2024-11-27,Healthy
10143,608,2024-12-01,3440,20,48,2,2024-12-29,Healthy
10144,608,2025-01-01,1637,11,19,4,2025-01-20,At Risk
10145,608,2025-02-01,202,3,3,7,2025-02-08,Critical
10146,608,2025-03-01,1573,7,16,1,2025-03-25,At Risk
10147,608,2025-04-01,578,4,0,3,2025-04-11,Critical
10148,608,2025-05-01,843,8,17,2,2025-05-23,At Risk
10149,608,2025-06-01,1841,10,11,3,2025-06-16,At Risk
10150,608,2025-07-01,1504,14,18,5,2025-07-24,At Risk
10151,608,2025-08-01,2252,18,30,1,2025-08-28,Healthy
10152,608,2025-09-01,3055,27,47,2,2025-09-25,Healthy
10153,608,2025-10-01,3636,15,36,1,2025-10-31,Healthy
10154,608,2025-11-01,3313,27,20,0,2025-11-29,Healthy
10155,608,2025-12-01,3498,30,20,1,2025-12-26,Healthy
10156,608,2026-01-01,2040,23,35,1,2026-01-26,Healthy
10157,608,2026-02-01,2290,19,23,0,2026-02-27,Healthy
10158,608,2026-03-01,1258,14,17,1,2026-03-20,At Risk
10159,608,2026-04-01,3683,19,32,0,2026-04-30,Healthy
10160,608,2026-05-01,2052,21,41,1,2026-05-29,Healthy
10161,608,2026-06-01,2947,22,43,2,2026-06-28,Healthy
10162,609,2024-11-01,641,6,13,5,2024-11-17,At Risk
10163,609,2024-12-01,661,6,17,1,2024-12-24,At Risk
10164,609,2025-01-01,517,8,17,3,2025-01-22,At Risk
10165,609,2025-02-01,496,11,10,5,2025-02-18,At Risk
10166,609,2025-03-01,959,16,27,1,2025-03-28,Healthy
10167,609,2025-04-01,1089,26,49,0,2025-04-30,Healthy
10168,609,2025-05-01,1326,20,43,0,2025-05-27,Healthy
10169,609,2025-06-01,1552,17,27,2,2025-06-30,Healthy
10170,609,2025-07-01,1150,30,42,1,2025-07-27,Healthy
10171,609,2025-08-01,1610,22,33,2,2025-08-26,Healthy
10172,609,2025-09-01,1637,16,47,1,2025-09-28,Healthy
10173,609,2025-10-01,1705,15,48,1,2025-10-30,Healthy
10174,609,2025-11-01,589,6,18,2,2025-11-23,At Risk
10175,609,2025-12-01,504,9,10,3,2025-12-19,At Risk
10176,609,2026-01-01,619,10,17,4,2026-01-17,At Risk
10177,609,2026-02-01,352,8,18,2,2026-02-19,At Risk
10178,609,2026-03-01,329,0,4,6,2026-03-08,Critical
10179,609,2026-04-01,62,2,4,7,2026-04-02,Critical
10180,609,2026-05-01,87,1,1,6,2026-05-09,Critical
10181,609,2026-06-01,181,2,6,3,2026-06-05,Critical
10182,610,2025-07-01,25,22,33,1,2025-07-27,Healthy
10183,610,2025-08-01,30,16,36,2,2025-08-27,Healthy
10184,610,2025-09-01,21,30,21,2,2025-09-25,Healthy
10185,610,2025-10-01,25,17,36,2,2025-10-29,Healthy
10186,610,2025-11-01,23,25,40,1,2025-11-29,Healthy
10187,610,2025-12-01,28,17,29,1,2025-12-29,Healthy
10188,610,2026-01-01,31,29,42,2,2026-01-28,Healthy
10189,610,2026-02-01,17,13,16,1,2026-02-22,At Risk
10190,610,2026-03-01,16,13,16,1,2026-03-24,At Risk
10191,610,2026-04-01,7,1,1,6,2026-04-06,Critical
10192,610,2026-05-01,2,1,7,4,2026-05-11,Critical
10193,610,2026-06-01,22,20,26,2,2026-06-28,Healthy
10194,611,2025-04-01,3057,29,45,0,2025-04-29,Healthy
10195,611,2025-05-01,872,9,9,1,2025-05-19,At Risk
10196,611,2025-06-01,2923,24,38,2,2025-06-26,Healthy
10197,611,2025-07-01,3478,25,23,2,2025-07-27,Healthy
10198,611,2025-08-01,2719,15,31,2,2025-08-30,Healthy
10199,611,2025-09-01,3262,17,39,0,2025-09-26,Healthy
10200,611,2025-10-01,3331,19,49,1,2025-10-30,Healthy
10201,611,2025-11-01,829,8,11,5,2025-11-17,At Risk
10202,611,2025-12-01,895,10,12,3,2025-12-18,At Risk
10203,611,2026-01-01,1187,7,8,1,2026-01-24,At Risk
10204,611,2026-02-01,1079,11,9,5,2026-02-21,At Risk
10205,611,2026-03-01,285,3,2,8,2026-03-11,Critical
10206,611,2026-04-01,416,4,6,3,2026-04-09,Critical
10207,611,2026-05-01,516,4,3,3,2026-05-07,Critical
10208,611,2026-06-01,373,1,7,4,2026-06-03,Critical
10209,612,2024-12-01,32,23,46,2,2024-12-26,Healthy
10210,612,2025-01-01,18,9,16,2,2025-01-23,At Risk
10211,612,2025-02-01,24,6,19,3,2025-02-22,At Risk
10212,612,2025-03-01,21,14,13,4,2025-03-20,At Risk
10213,612,2025-04-01,4,0,5,7,2025-04-13,Critical
10214,612,2025-05-01,20,10,12,4,2025-05-21,At Risk
10215,612,2025-06-01,37,16,50,1,2025-06-30,Healthy
10216,612,2025-07-01,38,27,31,1,2025-07-27,Healthy
10217,612,2025-08-01,47,29,26,2,2025-08-28,Healthy
10218,612,2025-09-01,27,20,45,0,2025-09-29,Healthy
10219,612,2025-10-01,31,22,35,2,2025-10-28,Healthy
10220,612,2025-11-01,45,17,30,0,2025-11-26,Healthy
10221,612,2025-12-01,50,28,34,2,2025-12-28,Healthy
10222,612,2026-01-01,48,24,46,1,2026-01-28,Healthy
10223,612,2026-02-01,19,7,14,3,2026-02-22,At Risk
10224,612,2026-03-01,14,8,8,4,2026-03-21,At Risk
10225,612,2026-04-01,19,8,19,1,2026-04-18,At Risk
10226,612,2026-05-01,14,5,13,2,2026-05-16,At Risk
10227,612,2026-06-01,29,29,46,2,2026-06-30,Healthy
10228,613,2024-07-01,12,4,0,3,2024-07-11,Critical
10229,613,2024-08-01,13,4,7,6,2024-08-07,Critical
10230,613,2024-09-01,9,4,1,6,2024-09-02,Critical
10231,613,2024-10-01,8,0,4,7,2024-10-05,Critical
10232,613,2024-11-01,6,0,6,7,2024-11-08,Critical
10233,613,2024-12-01,3,3,5,7,2024-12-09,Critical
10234,613,2025-01-01,6,2,3,5,2025-01-04,Critical
10235,613,2025-02-01,10,1,1,4,2025-02-02,Critical
10236,613,2025-03-01,5,0,0,7,2025-03-09,Critical
10237,613,2025-04-01,5,1,4,7,2025-04-01,Critical
10238,613,2025-05-01,12,2,1,5,2025-05-06,Critical
10239,613,2025-06-01,8,0,0,8,2025-06-13,Critical
10240,613,2025-07-01,7,4,3,3,2025-07-13,Critical
10241,613,2025-08-01,11,3,4,3,2025-08-15,Critical
10242,613,2025-09-01,28,7,16,5,2025-09-21,At Risk
10243,613,2025-10-01,42,23,39,2,2025-10-27,Healthy
10244,613,2025-11-01,53,23,47,1,2025-11-27,Healthy
10245,613,2025-12-01,50,22,48,0,2025-12-29,Healthy
10246,613,2026-01-01,69,26,43,1,2026-01-30,Healthy
10247,613,2026-02-01,20,11,18,5,2026-02-14,At Risk
10248,613,2026-03-01,11,1,1,4,2026-03-02,Critical
10249,613,2026-04-01,4,4,1,5,2026-04-03,Critical
10250,613,2026-05-01,10,0,5,7,2026-05-05,Critical
10251,613,2026-06-01,3,1,0,7,2026-06-11,Critical
10252,614,2025-07-01,104,30,33,0,2025-07-27,Healthy
10253,614,2025-08-01,148,20,31,2,2025-08-27,Healthy
10254,614,2025-09-01,161,26,38,2,2025-09-26,Healthy
10255,614,2025-10-01,164,26,20,1,2025-10-30,Healthy
10256,614,2025-11-01,186,27,45,2,2025-11-28,Healthy
10257,614,2025-12-01,106,15,24,1,2025-12-28,Healthy
10258,614,2026-01-01,129,20,42,2,2026-01-30,Healthy
10259,614,2026-02-01,151,21,25,2,2026-02-27,Healthy
10260,614,2026-03-01,140,17,38,2,2026-03-27,Healthy
10261,614,2026-04-01,129,24,40,0,2026-04-26,Healthy
10262,614,2026-05-01,193,28,31,2,2026-05-27,Healthy
10263,614,2026-06-01,191,24,41,2,2026-06-25,Healthy
10264,615,2024-11-01,61,21,48,1,2024-11-27,Healthy
10265,615,2024-12-01,26,14,11,1,2024-12-20,At Risk
10266,615,2025-01-01,34,13,9,5,2025-01-25,At Risk
10267,615,2025-02-01,42,21,42,2,2025-02-27,Healthy
10268,615,2025-03-01,65,28,47,2,2025-03-30,Healthy
10269,615,2025-04-01,53,23,39,1,2025-04-30,Healthy
10270,615,2025-05-01,49,26,37,0,2025-05-28,Healthy
10271,615,2025-06-01,48,21,48,2,2025-06-27,Healthy
10272,615,2025-07-01,55,19,20,2,2025-07-26,Healthy
10273,615,2025-08-01,53,23,49,0,2025-08-30,Healthy
10274,615,2025-09-01,20,11,10,2,2025-09-20,At Risk
10275,615,2025-10-01,31,6,12,4,2025-10-19,At Risk
10276,615,2025-11-01,26,11,16,3,2025-11-20,At Risk
10277,615,2025-12-01,11,4,1,4,2025-12-01,Critical
10278,615,2026-01-01,11,2,7,5,2026-01-05,Critical
10279,615,2026-02-01,5,3,6,8,2026-02-04,Critical
10280,615,2026-03-01,10,2,6,6,2026-03-03,Critical
10281,615,2026-04-01,30,10,8,1,2026-04-19,At Risk
10282,615,2026-05-01,33,8,13,5,2026-05-23,At Risk
10283,615,2026-06-01,13,3,5,5,2026-06-01,Critical
10284,616,2025-05-01,177,21,27,2,2025-05-28,Healthy
10285,616,2025-06-01,88,9,12,2,2025-06-22,At Risk
10286,616,2025-07-01,75,6,13,5,2025-07-20,At Risk
10287,616,2025-08-01,162,17,43,1,2025-08-29,Healthy
10288,616,2025-09-01,251,20,39,1,2025-09-28,Healthy
10289,616,2025-10-01,202,24,26,1,2025-10-26,Healthy
10290,616,2025-11-01,294,25,42,0,2025-11-26,Healthy
10291,616,2025-12-01,299,15,37,0,2025-12-31,Healthy
10292,616,2026-01-01,246,18,50,2,2026-01-27,Healthy
10293,616,2026-02-01,255,22,46,1,2026-02-26,Healthy
10294,616,2026-03-01,253,20,31,0,2026-03-26,Healthy
10295,616,2026-04-01,302,17,21,1,2026-04-26,Healthy
10296,616,2026-05-01,106,8,16,3,2026-05-16,At Risk
10297,616,2026-06-01,147,7,10,3,2026-06-15,At Risk
10298,617,2024-12-01,1222,11,16,3,2024-12-18,At Risk
10299,617,2025-01-01,1227,6,12,5,2025-01-19,At Risk
10300,617,2025-02-01,1018,10,18,1,2025-02-21,At Risk
10301,617,2025-03-01,278,4,0,6,2025-03-05,Critical
10302,617,2025-04-01,136,0,6,8,2025-03-31,Critical
10303,617,2025-05-01,850,10,10,2,2025-05-25,At Risk
10304,617,2025-06-01,311,3,4,5,2025-06-13,Critical
10305,617,2025-07-01,321,4,1,7,2025-07-03,Critical
10306,617,2025-08-01,421,3,5,8,2025-08-07,Critical
10307,617,2025-09-01,755,10,9,1,2025-09-23,At Risk
10308,617,2025-10-01,411,3,0,6,2025-10-03,Critical
10309,617,2025-11-01,119,4,1,6,2025-11-13,Critical
10310,617,2025-12-01,471,12,18,4,2025-12-19,At Risk
10311,617,2026-01-01,853,9,8,4,2026-01-18,At Risk
10312,617,2026-02-01,2432,15,50,0,2026-02-26,Healthy
10313,617,2026-03-01,1855,29,23,2,2026-03-27,Healthy
10314,617,2026-04-01,1360,23,46,0,2026-04-26,Healthy
10315,617,2026-05-01,1521,30,33,0,2026-05-31,Healthy
10316,617,2026-06-01,1462,21,37,1,2026-06-29,Healthy
10317,618,2024-07-01,1238,25,24,0,2024-07-27,Healthy
10318,618,2024-08-01,978,26,32,2,2024-08-26,Healthy
10319,618,2024-09-01,1278,27,26,1,2024-09-26,Healthy
10320,618,2024-10-01,1073,16,49,0,2024-10-29,Healthy
10321,618,2024-11-01,234,2,7,6,2024-11-02,Critical
10322,618,2024-12-01,521,7,12,3,2024-12-18,At Risk
10323,618,2025-01-01,1261,17,35,0,2025-01-28,Healthy
10324,618,2025-02-01,942,29,48,0,2025-02-28,Healthy
10325,618,2025-03-01,899,17,49,0,2025-03-28,Healthy
10326,618,2025-04-01,435,8,9,2,2025-04-19,At Risk
10327,618,2025-05-01,1506,17,31,2,2025-05-28,Healthy
10328,618,2025-06-01,1236,15,50,2,2025-06-25,Healthy
10329,618,2025-07-01,1346,26,38,2,2025-07-30,Healthy
10330,618,2025-08-01,1582,22,31,0,2025-08-30,Healthy
10331,618,2025-09-01,57,1,4,3,2025-08-31,Critical
10332,618,2025-10-01,228,0,0,7,2025-10-09,Critical
10333,618,2025-11-01,91,1,2,7,2025-11-10,Critical
10334,618,2025-12-01,238,1,0,6,2025-12-01,Critical
10335,618,2026-01-01,106,1,5,4,2026-01-12,Critical
10336,618,2026-02-01,295,1,0,5,2026-02-02,Critical
10337,618,2026-03-01,144,0,6,5,2026-03-07,Critical
10338,618,2026-04-01,265,2,0,7,2026-04-10,Critical
10339,618,2026-05-01,928,26,47,2,2026-05-28,Healthy
10340,618,2026-06-01,804,17,43,2,2026-06-26,Healthy
10341,619,2024-06-01,331,22,29,1,2024-06-29,Healthy
10342,619,2024-07-01,191,29,42,1,2024-07-28,Healthy
10343,619,2024-08-01,96,11,18,4,2024-08-19,At Risk
10344,619,2024-09-01,12,2,3,4,2024-09-10,Critical
10345,619,2024-10-01,180,7,19,2,2024-10-20,At Risk
10346,619,2024-11-01,182,10,9,2,2024-11-24,At Risk
10347,619,2024-12-01,124,10,10,3,2024-12-22,At Risk
10348,619,2025-01-01,358,22,45,2,2025-01-31,Healthy
10349,619,2025-02-01,367,24,43,1,2025-02-24,Healthy
10350,619,2025-03-01,254,25,48,1,2025-03-28,Healthy
10351,619,2025-04-01,293,30,45,1,2025-04-29,Healthy
10352,619,2025-05-01,19,4,5,5,2025-05-14,Critical
10353,619,2025-06-01,59,3,2,8,2025-06-14,Critical
10354,619,2025-07-01,21,1,1,7,2025-07-04,Critical
10355,619,2025-08-01,59,3,3,6,2025-08-14,Critical
10356,619,2025-09-01,10,1,4,6,2025-09-01,Critical
10357,619,2025-10-01,67,2,4,7,2025-10-04,Critical
10358,619,2025-11-01,26,3,1,6,2025-11-05,Critical
10359,619,2025-12-01,14,0,4,4,2025-12-03,Critical
10360,619,2026-01-01,229,21,26,1,2026-01-29,Healthy
10361,619,2026-02-01,197,26,47,1,2026-02-25,Healthy
10362,619,2026-03-01,119,5,14,2,2026-03-24,At Risk
10363,619,2026-04-01,170,13,16,3,2026-04-24,At Risk
10364,619,2026-05-01,277,24,47,2,2026-05-26,Healthy
10365,619,2026-06-01,192,27,25,0,2026-06-28,Healthy
10366,620,2025-01-01,62,11,14,1,2025-01-16,At Risk
10367,620,2025-02-01,55,5,8,3,2025-02-15,At Risk
10368,620,2025-03-01,151,23,28,0,2025-03-30,Healthy
10369,620,2025-04-01,114,25,37,2,2025-04-26,Healthy
10370,620,2025-05-01,70,5,10,1,2025-05-20,At Risk
10371,620,2025-06-01,73,8,8,2,2025-06-18,At Risk
10372,620,2025-07-01,74,10,13,4,2025-07-17,At Risk
10373,620,2025-08-01,23,2,6,4,2025-08-07,Critical
10374,620,2025-09-01,22,1,1,8,2025-09-09,Critical
10375,620,2025-10-01,22,0,3,4,2025-10-11,Critical
10376,620,2025-11-01,7,0,1,8,2025-10-31,Critical
10377,620,2025-12-01,13,2,6,8,2025-12-15,Critical
10378,620,2026-01-01,26,2,2,7,2026-01-08,Critical
10379,620,2026-02-01,60,5,9,4,2026-02-21,At Risk
10380,620,2026-03-01,75,5,16,1,2026-03-18,At Risk
10381,620,2026-04-01,10,2,6,7,2026-04-01,Critical
10382,620,2026-05-01,7,2,0,8,2026-05-09,Critical
10383,620,2026-06-01,13,3,5,7,2026-06-05,Critical
10384,621,2025-11-01,15,22,22,2,2025-11-25,Healthy
10385,621,2025-12-01,13,18,38,2,2025-12-29,Healthy
10386,621,2026-01-01,23,29,32,0,2026-01-30,Healthy
10387,621,2026-02-01,12,28,23,1,2026-02-23,Healthy
10388,621,2026-03-01,13,21,35,2,2026-03-31,Healthy
10389,621,2026-04-01,18,16,40,0,2026-04-30,Healthy
10390,621,2026-05-01,21,19,33,1,2026-05-30,Healthy
10391,621,2026-06-01,18,23,42,1,2026-06-25,Healthy
10392,622,2025-04-01,32,25,24,0,2025-04-28,Healthy
10393,622,2025-05-01,25,30,23,1,2025-05-31,Healthy
10394,622,2025-06-01,33,25,45,1,2025-06-27,Healthy
10395,622,2025-07-01,31,21,33,0,2025-07-29,Healthy
10396,622,2025-08-01,13,7,15,4,2025-08-24,At Risk
10397,622,2025-09-01,2,0,6,8,2025-09-12,Critical
10398,622,2025-10-01,3,0,0,5,2025-10-13,Critical
10399,622,2025-11-01,1,3,1,7,2025-11-12,Critical
10400,622,2025-12-01,2,2,3,4,2025-12-14,Critical
10401,622,2026-01-01,3,4,3,8,2026-01-12,Critical
10402,622,2026-02-01,3,3,2,5,2026-02-07,Critical
10403,622,2026-03-01,7,3,4,3,2026-03-06,Critical
10404,622,2026-04-01,4,1,7,6,2026-04-07,Critical
10405,622,2026-05-01,16,10,11,5,2026-05-16,At Risk
10406,622,2026-06-01,8,14,14,2,2026-06-22,At Risk
10407,623,2024-10-01,9,3,2,3,2024-10-10,Critical
10408,623,2024-11-01,55,10,9,3,2024-11-21,At Risk
10409,623,2024-12-01,5,3,1,8,2024-12-02,Critical
10410,623,2025-01-01,9,1,1,8,2025-01-04,Critical
10411,623,2025-02-01,84,24,42,1,2025-02-26,Healthy
10412,623,2025-03-01,115,28,31,2,2025-03-27,Healthy
10413,623,2025-04-01,106,25,48,0,2025-04-29,Healthy
10414,623,2025-05-01,87,25,21,1,2025-05-29,Healthy
10415,623,2025-06-01,77,5,10,2,2025-06-18,At Risk
10416,623,2025-07-01,27,3,4,8,2025-07-07,Critical
10417,623,2025-08-01,9,1,0,8,2025-08-02,Critical
10418,623,2025-09-01,17,1,6,8,2025-09-14,Critical
10419,623,2025-10-01,42,6,17,1,2025-10-20,At Risk
10420,623,2025-11-01,14,2,3,5,2025-11-09,Critical
10421,623,2025-12-01,56,10,19,4,2025-12-17,At Risk
10422,623,2026-01-01,46,12,14,2,2026-01-23,At Risk
10423,623,2026-02-01,117,26,43,1,2026-02-24,Healthy
10424,623,2026-03-01,67,13,18,4,2026-03-23,At Risk
10425,623,2026-04-01,38,10,11,2,2026-04-20,At Risk
10426,623,2026-05-01,108,24,25,0,2026-05-29,Healthy
10427,623,2026-06-01,131,24,32,1,2026-06-30,Healthy
10428,624,2024-07-01,48,19,35,0,2024-07-30,Healthy
10429,624,2024-08-01,43,27,31,0,2024-08-27,Healthy
10430,624,2024-09-01,27,7,11,2,2024-09-20,At Risk
10431,624,2024-10-01,5,2,7,4,2024-10-08,Critical
10432,624,2024-11-01,5,4,7,4,2024-11-12,Critical
10433,624,2024-12-01,19,10,14,2,2024-12-18,At Risk
10434,624,2025-01-01,16,12,15,4,2025-01-19,At Risk
10435,624,2025-02-01,37,18,37,0,2025-02-26,Healthy
10436,624,2025-03-01,36,23,48,0,2025-03-26,Healthy
10437,624,2025-04-01,28,24,28,1,2025-04-28,Healthy
10438,624,2025-05-01,39,23,31,2,2025-05-28,Healthy
10439,624,2025-06-01,36,24,38,2,2025-06-30,Healthy
10440,624,2025-07-01,34,20,50,0,2025-07-29,Healthy
10441,624,2025-08-01,46,23,35,1,2025-08-28,Healthy
10442,624,2025-09-01,37,25,30,1,2025-09-26,Healthy
10443,624,2025-10-01,31,18,31,1,2025-10-27,Healthy
10444,624,2025-11-01,37,20,49,1,2025-11-26,Healthy
10445,624,2025-12-01,21,8,14,5,2025-12-20,At Risk
10446,624,2026-01-01,26,10,12,5,2026-01-21,At Risk
10447,624,2026-02-01,21,7,17,5,2026-02-17,At Risk
10448,624,2026-03-01,6,0,4,4,2026-03-07,Critical
10449,624,2026-04-01,2,0,2,5,2026-04-14,Critical
10450,624,2026-05-01,9,4,6,6,2026-05-05,Critical
10451,624,2026-06-01,21,14,9,1,2026-06-22,At Risk
10452,625,2025-09-01,203,15,29,2,2025-09-29,Healthy
10453,625,2025-10-01,194,15,28,1,2025-10-29,Healthy
10454,625,2025-11-01,217,16,35,2,2025-11-26,Healthy
10455,625,2025-12-01,204,25,23,1,2025-12-31,Healthy
10456,625,2026-01-01,238,27,49,0,2026-01-31,Healthy
10457,625,2026-02-01,149,19,44,2,2026-02-25,Healthy
10458,625,2026-03-01,107,13,18,4,2026-03-20,At Risk
10459,625,2026-04-01,202,20,50,1,2026-04-29,Healthy
10460,625,2026-05-01,201,21,36,0,2026-05-26,Healthy
10461,625,2026-06-01,167,23,30,0,2026-06-27,Healthy
10462,626,2024-12-01,1261,26,50,2,2024-12-26,Healthy
10463,626,2025-01-01,2296,27,26,2,2025-01-26,Healthy
10464,626,2025-02-01,2230,19,31,1,2025-02-26,Healthy
10465,626,2025-03-01,1656,24,47,1,2025-03-30,Healthy
10466,626,2025-04-01,1548,15,47,1,2025-04-28,Healthy
10467,626,2025-05-01,1358,19,27,0,2025-05-31,Healthy
10468,626,2025-06-01,2140,18,39,2,2025-06-27,Healthy
10469,626,2025-07-01,2149,22,35,1,2025-07-28,Healthy
10470,626,2025-08-01,1747,22,20,0,2025-08-29,Healthy
10471,626,2025-09-01,1655,21,46,0,2025-09-28,Healthy
10472,626,2025-10-01,2144,18,37,0,2025-10-26,Healthy
10473,626,2025-11-01,1874,25,35,0,2025-11-29,Healthy
10474,626,2025-12-01,2336,29,48,0,2025-12-30,Healthy
10475,626,2026-01-01,2325,21,24,1,2026-01-26,Healthy
10476,626,2026-02-01,1903,16,21,2,2026-02-26,Healthy
10477,626,2026-03-01,1989,24,30,1,2026-03-30,Healthy
10478,626,2026-04-01,1285,15,27,0,2026-04-28,Healthy
10479,626,2026-05-01,1033,12,18,3,2026-05-16,At Risk
10480,626,2026-06-01,1914,19,30,1,2026-06-30,Healthy
10481,627,2024-06-01,15,21,33,0,2024-06-30,Healthy
10482,627,2024-07-01,13,25,38,0,2024-07-30,Healthy
10483,627,2024-08-01,11,9,19,2,2024-08-24,At Risk
10484,627,2024-09-01,9,14,18,4,2024-09-17,At Risk
10485,627,2024-10-01,1,3,1,5,2024-10-15,Critical
10486,627,2024-11-01,1,4,0,8,2024-10-31,Critical
10487,627,2024-12-01,2,2,5,3,2024-12-06,Critical
10488,627,2025-01-01,3,1,5,6,2025-01-08,Critical
10489,627,2025-02-01,3,1,4,3,2025-02-06,Critical
10490,627,2025-03-01,1,3,5,4,2025-03-14,Critical
10491,627,2025-04-01,4,1,0,3,2025-04-09,Critical
10492,627,2025-05-01,5,8,19,5,2025-05-22,At Risk
10493,627,2025-06-01,5,11,11,3,2025-06-24,At Risk
10494,627,2025-07-01,12,11,9,4,2025-07-23,At Risk
10495,627,2025-08-01,6,11,17,5,2025-08-22,At Risk
10496,627,2025-09-01,13,13,17,4,2025-09-17,At Risk
10497,627,2025-10-01,13,29,40,0,2025-10-27,Healthy
10498,627,2025-11-01,17,29,34,1,2025-11-30,Healthy
10499,627,2025-12-01,14,18,29,1,2025-12-28,Healthy
10500,627,2026-01-01,12,5,14,5,2026-01-22,At Risk
10501,627,2026-02-01,4,4,1,6,2026-02-09,Critical
10502,627,2026-03-01,5,9,10,4,2026-03-25,At Risk
10503,627,2026-04-01,12,10,19,2,2026-04-16,At Risk
10504,627,2026-05-01,4,3,5,3,2026-05-02,Critical
10505,627,2026-06-01,1,1,0,8,2026-06-02,Critical
10506,628,2025-04-01,17,25,23,2,2025-04-25,Healthy
10507,628,2025-05-01,1,0,7,7,2025-05-03,Critical
10508,628,2025-06-01,3,4,6,8,2025-06-12,Critical
10509,628,2025-07-01,4,1,4,3,2025-07-06,Critical
10510,628,2025-08-01,8,11,11,5,2025-08-16,At Risk
10511,628,2025-09-01,5,11,12,2,2025-09-15,At Risk
10512,628,2025-10-01,6,12,14,1,2025-10-20,At Risk
10513,628,2025-11-01,9,8,9,3,2025-11-24,At Risk
10514,628,2025-12-01,12,9,11,1,2025-12-23,At Risk
10515,628,2026-01-01,8,12,13,2,2026-01-17,At Risk
10516,628,2026-02-01,10,14,16,1,2026-02-18,At Risk
10517,628,2026-03-01,2,1,6,4,2026-03-15,Critical
10518,628,2026-04-01,4,0,7,4,2026-04-12,Critical
10519,628,2026-05-01,6,11,16,2,2026-05-18,At Risk
10520,628,2026-06-01,1,0,6,7,2026-06-08,Critical
10521,629,2024-08-01,61,24,30,0,2024-08-31,Healthy
10522,629,2024-09-01,29,12,16,4,2024-09-16,At Risk
10523,629,2024-10-01,65,21,33,1,2024-10-30,Healthy
10524,629,2024-11-01,49,27,32,0,2024-11-25,Healthy
10525,629,2024-12-01,17,14,18,1,2024-12-16,At Risk
10526,629,2025-01-01,24,11,9,1,2025-01-17,At Risk
10527,629,2025-02-01,31,14,15,2,2025-02-17,At Risk
10528,629,2025-03-01,33,14,12,2,2025-03-23,At Risk
10529,629,2025-04-01,16,8,11,5,2025-04-16,At Risk
10530,629,2025-05-01,4,0,5,6,2025-05-01,Critical
10531,629,2025-06-01,10,4,6,6,2025-05-31,Critical
10532,629,2025-07-01,26,14,11,4,2025-07-24,At Risk
10533,629,2025-08-01,64,16,21,2,2025-08-31,Healthy
10534,629,2025-09-01,48,15,41,2,2025-09-27,Healthy
10535,629,2025-10-01,38,17,45,1,2025-10-29,Healthy
10536,629,2025-11-01,55,27,20,1,2025-11-29,Healthy
10537,629,2025-12-01,69,28,28,0,2025-12-29,Healthy
10538,629,2026-01-01,48,23,21,2,2026-01-29,Healthy
10539,629,2026-02-01,15,6,14,1,2026-02-16,At Risk
10540,629,2026-03-01,22,12,16,5,2026-03-20,At Risk
10541,629,2026-04-01,27,12,15,2,2026-04-17,At Risk
10542,629,2026-05-01,29,7,14,4,2026-05-19,At Risk
10543,629,2026-06-01,3,4,7,4,2026-06-01,Critical
10544,630,2024-05-01,46,25,39,1,2024-05-29,Healthy
10545,630,2024-06-01,19,8,17,4,2024-06-18,At Risk
10546,630,2024-07-01,22,8,8,1,2024-07-19,At Risk
10547,630,2024-08-01,8,3,3,7,2024-08-09,Critical
10548,630,2024-09-01,4,3,2,8,2024-08-31,Critical
10549,630,2024-10-01,7,4,6,6,2024-10-15,Critical
10550,630,2024-11-01,1,4,7,6,2024-11-10,Critical
10551,630,2024-12-01,9,1,5,4,2024-12-01,Critical
10552,630,2025-01-01,13,8,10,1,2025-01-22,At Risk
10553,630,2025-02-01,12,7,14,2,2025-02-20,At Risk
10554,630,2025-03-01,18,12,12,3,2025-03-19,At Risk
10555,630,2025-04-01,23,7,10,1,2025-04-20,At Risk
10556,630,2025-05-01,3,1,5,7,2025-05-10,Critical
10557,630,2025-06-01,20,6,18,5,2025-06-20,At Risk
10558,630,2025-07-01,24,14,10,1,2025-07-21,At Risk
10559,630,2025-08-01,12,9,16,3,2025-08-21,At Risk
10560,630,2025-09-01,6,2,7,8,2025-09-06,Critical
10561,630,2025-10-01,21,8,9,2,2025-10-17,At Risk
10562,630,2025-11-01,21,9,15,5,2025-11-22,At Risk
10563,630,2025-12-01,37,21,45,0,2025-12-31,Healthy
10564,630,2026-01-01,18,8,15,1,2026-01-21,At Risk
10565,630,2026-02-01,14,9,18,1,2026-02-13,At Risk
10566,630,2026-03-01,21,5,10,2,2026-03-25,At Risk
10567,630,2026-04-01,11,6,18,4,2026-04-18,At Risk
10568,630,2026-05-01,35,15,42,1,2026-05-26,Healthy
10569,630,2026-06-01,2,1,1,6,2026-06-11,Critical
10570,631,2025-08-01,27,22,24,2,2025-08-30,Healthy
10571,631,2025-09-01,49,24,45,2,2025-09-30,Healthy
10572,631,2025-10-01,44,29,38,2,2025-10-26,Healthy
10573,631,2025-11-01,31,28,45,2,2025-11-25,Healthy
10574,631,2025-12-01,25,5,12,2,2025-12-20,At Risk
10575,631,2026-01-01,12,10,10,2,2026-01-21,At Risk
10576,631,2026-02-01,11,14,16,1,2026-02-13,At Risk
10577,631,2026-03-01,48,26,35,0,2026-03-29,Healthy
10578,631,2026-04-01,44,24,46,1,2026-04-27,Healthy
10579,631,2026-05-01,52,30,20,0,2026-05-27,Healthy
10580,631,2026-06-01,31,28,24,2,2026-06-27,Healthy
10581,632,2025-11-01,91,20,32,1,2025-11-28,Healthy
10582,632,2025-12-01,65,22,23,2,2025-12-30,Healthy
10583,632,2026-01-01,54,25,41,1,2026-01-27,Healthy
10584,632,2026-02-01,105,20,48,0,2026-02-25,Healthy
10585,632,2026-03-01,53,26,43,0,2026-03-27,Healthy
10586,632,2026-04-01,95,18,40,1,2026-04-28,Healthy
10587,632,2026-05-01,77,28,22,2,2026-05-27,Healthy
10588,632,2026-06-01,41,13,10,1,2026-06-18,At Risk
10589,633,2024-05-01,45,27,42,0,2024-05-27,Healthy
10590,633,2024-06-01,29,18,44,1,2024-06-28,Healthy
10591,633,2024-07-01,21,6,17,1,2024-07-23,At Risk
10592,633,2024-08-01,4,4,2,8,2024-08-01,Critical
10593,633,2024-09-01,15,10,19,3,2024-09-15,At Risk
10594,633,2024-10-01,4,3,2,6,2024-10-12,Critical
10595,633,2024-11-01,6,3,2,8,2024-11-02,Critical
10596,633,2024-12-01,2,4,4,8,2024-12-01,Critical
10597,633,2025-01-01,6,2,0,8,2025-01-13,Critical
10598,633,2025-02-01,3,3,0,7,2025-02-11,Critical
10599,633,2025-03-01,17,7,10,2,2025-03-22,At Risk
10600,633,2025-04-01,16,14,10,4,2025-04-16,At Risk
10601,633,2025-05-01,24,19,30,1,2025-05-31,Healthy
10602,633,2025-06-01,44,18,39,1,2025-06-25,Healthy
10603,633,2025-07-01,17,11,8,1,2025-07-17,At Risk
10604,633,2025-08-01,23,16,35,0,2025-08-29,Healthy
10605,633,2025-09-01,24,19,45,2,2025-09-26,Healthy
10606,633,2025-10-01,21,8,9,4,2025-10-25,At Risk
10607,633,2025-11-01,19,5,19,2,2025-11-24,At Risk
10608,633,2025-12-01,5,0,6,8,2025-12-05,Critical
10609,633,2026-01-01,4,4,5,4,2026-01-06,Critical
10610,633,2026-02-01,4,0,4,5,2026-02-08,Critical
10611,633,2026-03-01,5,0,1,7,2026-03-15,Critical
10612,633,2026-04-01,35,26,50,2,2026-04-25,Healthy
10613,633,2026-05-01,4,1,1,8,2026-05-03,Critical
10614,633,2026-06-01,10,13,19,5,2026-06-17,At Risk
10615,634,2025-10-01,34,22,35,0,2025-10-26,Healthy
10616,634,2025-11-01,18,14,18,4,2025-11-15,At Risk
10617,634,2025-12-01,7,5,14,5,2025-12-21,At Risk
10618,634,2026-01-01,12,5,11,3,2026-01-22,At Risk
10619,634,2026-02-01,15,7,18,3,2026-02-15,At Risk
10620,634,2026-03-01,8,7,15,1,2026-03-22,At Risk
10621,634,2026-04-01,23,16,28,1,2026-04-30,Healthy
10622,634,2026-05-01,36,19,42,2,2026-05-28,Healthy
10623,634,2026-06-01,21,29,34,1,2026-06-28,Healthy
10624,635,2026-02-01,36,26,28,0,2026-02-23,Healthy
10625,635,2026-03-01,52,30,31,0,2026-03-29,Healthy
10626,635,2026-04-01,52,17,36,0,2026-04-27,Healthy
10627,635,2026-05-01,57,23,34,0,2026-05-29,Healthy
10628,635,2026-06-01,51,18,47,0,2026-06-30,Healthy
10629,636,2025-06-01,21,28,30,0,2025-06-25,Healthy
10630,636,2025-07-01,14,11,11,4,2025-07-22,At Risk
10631,636,2025-08-01,20,27,32,0,2025-08-26,Healthy
10632,636,2025-09-01,2,2,2,5,2025-09-05,Critical
10633,636,2025-10-01,3,0,1,7,2025-10-04,Critical
10634,636,2025-11-01,7,14,16,3,2025-11-19,At Risk
10635,636,2025-12-01,18,30,43,0,2025-12-28,Healthy
10636,636,2026-01-01,30,20,40,2,2026-01-30,Healthy
10637,636,2026-02-01,21,30,20,0,2026-02-28,Healthy
10638,636,2026-03-01,7,14,11,4,2026-03-25,At Risk
10639,636,2026-04-01,10,6,14,5,2026-04-18,At Risk
10640,636,2026-05-01,17,28,22,2,2026-05-29,Healthy
10641,636,2026-06-01,25,22,37,0,2026-06-27,Healthy
10642,637,2025-03-01,17,26,25,0,2025-03-28,Healthy
10643,637,2025-04-01,17,16,33,2,2025-04-30,Healthy
10644,637,2025-05-01,29,20,29,1,2025-05-28,Healthy
10645,637,2025-06-01,24,26,32,2,2025-06-29,Healthy
10646,637,2025-07-01,21,17,40,1,2025-07-28,Healthy
10647,637,2025-08-01,20,28,25,2,2025-08-28,Healthy
10648,637,2025-09-01,18,28,23,0,2025-09-25,Healthy
10649,637,2025-10-01,27,19,35,2,2025-10-30,Healthy
10650,637,2025-11-01,2,3,3,4,2025-11-09,Critical
10651,637,2025-12-01,5,2,1,3,2025-12-06,Critical
10652,637,2026-01-01,4,3,3,4,2026-01-07,Critical
10653,637,2026-02-01,1,2,2,4,2026-02-10,Critical
10654,637,2026-03-01,1,3,3,6,2026-03-15,Critical
10655,637,2026-04-01,14,7,19,1,2026-04-16,At Risk
10656,637,2026-05-01,13,5,13,2,2026-05-22,At Risk
10657,637,2026-06-01,16,12,14,2,2026-06-15,At Risk
10658,638,2025-04-01,342,19,32,0,2025-04-25,Healthy
10659,638,2025-05-01,303,29,27,2,2025-05-26,Healthy
10660,638,2025-06-01,345,19,23,2,2025-06-28,Healthy
10661,638,2025-07-01,389,25,22,2,2025-07-26,Healthy
10662,638,2025-08-01,287,22,29,1,2025-08-31,Healthy
10663,638,2025-09-01,270,23,49,2,2025-09-30,Healthy
10664,638,2025-10-01,323,30,27,2,2025-10-31,Healthy
10665,638,2025-11-01,297,23,41,2,2025-11-30,Healthy
10666,638,2025-12-01,241,20,36,2,2025-12-28,Healthy
10667,638,2026-01-01,329,30,39,1,2026-01-28,Healthy
10668,638,2026-02-01,312,17,22,0,2026-02-26,Healthy
10669,638,2026-03-01,319,15,48,2,2026-03-26,Healthy
10670,638,2026-04-01,213,26,40,0,2026-04-27,Healthy
10671,638,2026-05-01,363,28,23,1,2026-05-28,Healthy
10672,638,2026-06-01,167,5,12,2,2026-06-15,At Risk
10673,639,2024-02-01,14,9,18,5,2024-02-19,At Risk
10674,639,2024-03-01,9,12,15,5,2024-03-23,At Risk
10675,639,2024-04-01,33,19,25,1,2024-04-26,Healthy
10676,639,2024-05-01,36,26,29,2,2024-05-28,Healthy
10677,639,2024-06-01,31,25,45,1,2024-06-29,Healthy
10678,639,2024-07-01,32,30,28,0,2024-07-28,Healthy
10679,639,2024-08-01,23,30,27,2,2024-08-30,Healthy
10680,639,2024-09-01,35,29,32,1,2024-09-25,Healthy
10681,639,2024-10-01,23,25,46,1,2024-10-31,Healthy
10682,639,2024-11-01,32,19,36,0,2024-11-28,Healthy
10683,639,2024-12-01,42,21,32,2,2024-12-27,Healthy
10684,639,2025-01-01,16,10,10,5,2025-01-21,At Risk
10685,639,2025-02-01,33,15,28,1,2025-02-28,Healthy
10686,639,2025-03-01,14,7,11,3,2025-03-24,At Risk
10687,639,2025-04-01,4,0,2,7,2025-04-08,Critical
10688,639,2025-05-01,1,3,2,4,2025-05-06,Critical
10689,639,2025-06-01,15,13,14,5,2025-06-15,At Risk
10690,639,2025-07-01,31,18,29,2,2025-07-31,Healthy
10691,639,2025-08-01,9,12,8,2,2025-08-20,At Risk
10692,639,2025-09-01,32,15,28,0,2025-09-29,Healthy
10693,639,2025-10-01,13,5,12,4,2025-10-25,At Risk
10694,639,2025-11-01,12,13,9,4,2025-11-22,At Risk
10695,639,2025-12-01,8,1,2,8,2025-12-09,Critical
10696,639,2026-01-01,4,1,2,4,2026-01-09,Critical
10697,639,2026-02-01,7,3,3,7,2026-02-09,Critical
10698,639,2026-03-01,21,12,15,4,2026-03-25,At Risk
10699,639,2026-04-01,34,26,41,1,2026-04-25,Healthy
10700,639,2026-05-01,27,27,33,1,2026-05-28,Healthy
10701,639,2026-06-01,25,26,35,2,2026-06-28,Healthy
10702,640,2025-05-01,17,29,28,2,2025-05-31,Healthy
10703,640,2025-06-01,12,29,20,0,2025-06-27,Healthy
10704,640,2025-07-01,17,19,47,2,2025-07-26,Healthy
10705,640,2025-08-01,14,15,48,1,2025-08-26,Healthy
10706,640,2025-09-01,10,29,27,0,2025-09-28,Healthy
10707,640,2025-10-01,15,23,36,2,2025-10-27,Healthy
10708,640,2025-11-01,16,18,37,1,2025-11-27,Healthy
10709,640,2025-12-01,14,23,37,1,2025-12-26,Healthy
10710,640,2026-01-01,15,17,30,2,2026-01-26,Healthy
10711,640,2026-02-01,12,27,24,2,2026-02-27,Healthy
10712,640,2026-03-01,16,28,45,0,2026-03-29,Healthy
10713,640,2026-04-01,16,26,45,2,2026-04-29,Healthy
10714,640,2026-05-01,13,19,40,1,2026-05-26,Healthy
10715,640,2026-06-01,19,20,26,2,2026-06-29,Healthy
10716,641,2026-06-01,1152,26,48,1,2026-06-25,Healthy
10717,642,2025-05-01,210,21,42,2,2025-05-27,Healthy
10718,642,2025-06-01,153,18,42,1,2025-06-26,Healthy
10719,642,2025-07-01,137,29,40,0,2025-07-30,Healthy
10720,642,2025-08-01,124,17,43,1,2025-08-31,Healthy
10721,642,2025-09-01,208,15,21,1,2025-09-30,Healthy
10722,642,2025-10-01,130,16,30,0,2025-10-29,Healthy
10723,642,2025-11-01,132,25,33,2,2025-11-28,Healthy
10724,642,2025-12-01,195,16,42,2,2025-12-29,Healthy
10725,642,2026-01-01,28,3,6,4,2026-01-08,Critical
10726,642,2026-02-01,40,1,7,7,2026-02-06,Critical
10727,642,2026-03-01,13,1,5,7,2026-03-12,Critical
10728,642,2026-04-01,74,11,15,1,2026-04-18,At Risk
10729,642,2026-05-01,177,18,41,0,2026-05-31,Healthy
10730,642,2026-06-01,104,13,14,5,2026-06-20,At Risk
10731,643,2024-04-01,2043,28,44,0,2024-04-28,Healthy
10732,643,2024-05-01,1721,15,21,0,2024-05-29,Healthy
10733,643,2024-06-01,1960,16,37,0,2024-06-26,Healthy
10734,643,2024-07-01,1642,30,41,0,2024-07-29,Healthy
10735,643,2024-08-01,1337,18,22,2,2024-08-30,Healthy
10736,643,2024-09-01,815,13,18,3,2024-09-17,At Risk
10737,643,2024-10-01,2212,19,35,2,2024-10-28,Healthy
10738,643,2024-11-01,2231,22,24,1,2024-11-28,Healthy
10739,643,2024-12-01,195,0,0,3,2024-12-11,Critical
10740,643,2025-01-01,206,4,1,4,2025-01-10,Critical
10741,643,2025-02-01,64,0,7,7,2025-02-01,Critical
10742,643,2025-03-01,271,3,7,4,2025-03-13,Critical
10743,643,2025-04-01,1626,29,20,0,2025-04-29,Healthy
10744,643,2025-05-01,660,12,10,5,2025-05-20,At Risk
10745,643,2025-06-01,371,2,5,4,2025-05-31,Critical
10746,643,2025-07-01,203,4,3,4,2025-07-13,Critical
10747,643,2025-08-01,243,4,1,8,2025-08-14,Critical
10748,643,2025-09-01,62,1,5,5,2025-09-05,Critical
10749,643,2025-10-01,318,3,6,6,2025-10-09,Critical
10750,643,2025-11-01,330,1,2,5,2025-11-05,Critical
10751,643,2025-12-01,190,3,4,5,2025-12-10,Critical
10752,643,2026-01-01,356,4,4,4,2026-01-09,Critical
10753,643,2026-02-01,577,5,14,5,2026-02-13,At Risk
10754,643,2026-03-01,1035,8,12,3,2026-03-17,At Risk
10755,643,2026-04-01,1266,17,35,1,2026-04-25,Healthy
10756,643,2026-05-01,1908,21,39,1,2026-05-27,Healthy
10757,643,2026-06-01,1618,29,44,0,2026-06-29,Healthy
10758,644,2024-06-01,69,4,6,8,2024-06-08,Critical
10759,644,2024-07-01,18,3,7,5,2024-07-12,Critical
10760,644,2024-08-01,53,1,6,8,2024-08-13,Critical
10761,644,2024-09-01,145,12,18,5,2024-09-21,At Risk
10762,644,2024-10-01,119,5,8,3,2024-10-24,At Risk
10763,644,2024-11-01,36,1,7,8,2024-11-08,Critical
10764,644,2024-12-01,57,4,2,4,2024-12-10,Critical
10765,644,2025-01-01,51,0,4,8,2025-01-13,Critical
10766,644,2025-02-01,31,2,2,3,2025-02-04,Critical
10767,644,2025-03-01,28,2,4,8,2025-03-09,Critical
10768,644,2025-04-01,319,19,36,0,2025-04-30,Healthy
10769,644,2025-05-01,195,20,50,2,2025-05-26,Healthy
10770,644,2025-06-01,358,19,21,2,2025-06-28,Healthy
10771,644,2025-07-01,223,18,46,1,2025-07-29,Healthy
10772,644,2025-08-01,334,26,44,0,2025-08-27,Healthy
10773,644,2025-09-01,208,16,23,0,2025-09-25,Healthy
10774,644,2025-10-01,261,23,34,0,2025-10-28,Healthy
10775,644,2025-11-01,319,20,27,2,2025-11-27,Healthy
10776,644,2025-12-01,332,18,45,2,2025-12-31,Healthy
10777,644,2026-01-01,298,24,39,0,2026-01-26,Healthy
10778,644,2026-02-01,282,30,48,2,2026-02-23,Healthy
10779,644,2026-03-01,324,27,38,0,2026-03-31,Healthy
10780,644,2026-04-01,355,19,46,2,2026-04-27,Healthy
10781,644,2026-05-01,291,28,30,0,2026-05-30,Healthy
10782,644,2026-06-01,336,28,46,2,2026-06-29,Healthy
10783,645,2025-09-01,62,17,38,2,2025-09-29,Healthy
10784,645,2025-10-01,20,13,15,3,2025-10-18,At Risk
10785,645,2025-11-01,50,16,40,2,2025-11-29,Healthy
10786,645,2025-12-01,71,27,23,0,2025-12-29,Healthy
10787,645,2026-01-01,51,16,23,2,2026-01-29,Healthy
10788,645,2026-02-01,40,22,24,1,2026-02-24,Healthy
10789,645,2026-03-01,49,28,42,2,2026-03-26,Healthy
10790,645,2026-04-01,48,15,27,2,2026-04-28,Healthy
10791,645,2026-05-01,28,5,18,2,2026-05-24,At Risk
10792,645,2026-06-01,64,20,49,0,2026-06-28,Healthy
10793,646,2025-01-01,40,18,28,0,2025-01-31,Healthy
10794,646,2025-02-01,10,6,15,4,2025-02-17,At Risk
10795,646,2025-03-01,16,7,15,5,2025-03-22,At Risk
10796,646,2025-04-01,13,7,14,5,2025-04-22,At Risk
10797,646,2025-05-01,8,1,3,3,2025-05-06,Critical
10798,646,2025-06-01,12,10,9,1,2025-06-16,At Risk
10799,646,2025-07-01,13,6,8,3,2025-07-20,At Risk
10800,646,2025-08-01,14,14,18,4,2025-08-23,At Risk
10801,646,2025-09-01,10,12,16,1,2025-09-16,At Risk
10802,646,2025-10-01,38,15,50,1,2025-10-27,Healthy
10803,646,2025-11-01,29,19,50,2,2025-11-30,Healthy
10804,646,2025-12-01,33,24,45,1,2025-12-26,Healthy
10805,646,2026-01-01,29,17,44,1,2026-01-29,Healthy
10806,646,2026-02-01,35,18,28,1,2026-02-26,Healthy
10807,646,2026-03-01,41,29,34,1,2026-03-27,Healthy
10808,646,2026-04-01,43,29,25,2,2026-04-28,Healthy
10809,646,2026-05-01,12,7,16,4,2026-05-16,At Risk
10810,646,2026-06-01,17,13,13,4,2026-06-15,At Risk
10811,647,2025-10-01,20,27,35,2,2025-10-31,Healthy
10812,647,2025-11-01,20,22,34,0,2025-11-25,Healthy
10813,647,2025-12-01,5,5,8,3,2025-12-16,At Risk
10814,647,2026-01-01,10,14,16,3,2026-01-20,At Risk
10815,647,2026-02-01,13,19,32,0,2026-02-28,Healthy
10816,647,2026-03-01,16,15,32,0,2026-03-28,Healthy
10817,647,2026-04-01,20,30,21,0,2026-04-30,Healthy
10818,647,2026-05-01,12,29,46,1,2026-05-27,Healthy
10819,647,2026-06-01,17,23,42,1,2026-06-25,Healthy
10820,648,2025-07-01,29,30,27,1,2025-07-28,Healthy
10821,648,2025-08-01,45,29,44,2,2025-08-26,Healthy
10822,648,2025-09-01,30,26,36,1,2025-09-28,Healthy
10823,648,2025-10-01,24,26,20,1,2025-10-26,Healthy
10824,648,2025-11-01,32,17,20,1,2025-11-27,Healthy
10825,648,2025-12-01,26,22,36,1,2025-12-27,Healthy
10826,648,2026-01-01,3,0,4,3,2026-01-12,Critical
10827,648,2026-02-01,4,4,7,6,2026-02-05,Critical
10828,648,2026-03-01,3,3,0,4,2026-03-10,Critical
10829,648,2026-04-01,4,2,6,5,2026-04-09,Critical
10830,648,2026-05-01,7,4,5,5,2026-05-06,Critical
10831,648,2026-06-01,40,16,34,2,2026-06-26,Healthy
10832,649,2024-12-01,27,5,19,2,2024-12-24,At Risk
10833,649,2025-01-01,74,23,50,2,2025-01-26,Healthy
10834,649,2025-02-01,51,25,46,0,2025-02-27,Healthy
10835,649,2025-03-01,46,11,9,1,2025-03-21,At Risk
10836,649,2025-04-01,37,14,13,2,2025-04-15,At Risk
10837,649,2025-05-01,39,10,11,3,2025-05-16,At Risk
10838,649,2025-06-01,3,4,7,8,2025-06-07,Critical
10839,649,2025-07-01,46,12,15,2,2025-07-25,At Risk
10840,649,2025-08-01,57,15,32,2,2025-08-27,Healthy
10841,649,2025-09-01,51,19,34,0,2025-09-28,Healthy
10842,649,2025-10-01,15,1,6,3,2025-10-07,Critical
10843,649,2025-11-01,48,13,10,1,2025-11-24,At Risk
10844,649,2025-12-01,32,11,17,2,2025-12-17,At Risk
10845,649,2026-01-01,34,13,19,2,2026-01-23,At Risk
10846,649,2026-02-01,27,7,14,5,2026-02-19,At Risk
10847,649,2026-03-01,35,7,13,2,2026-03-20,At Risk
10848,649,2026-04-01,19,12,15,5,2026-04-21,At Risk
10849,649,2026-05-01,5,4,7,5,2026-05-12,Critical
10850,649,2026-06-01,18,4,6,3,2026-06-05,Critical
10851,650,2024-06-01,29,22,40,0,2024-06-30,Healthy
10852,650,2024-07-01,36,21,37,1,2024-07-28,Healthy
10853,650,2024-08-01,40,27,27,1,2024-08-30,Healthy
10854,650,2024-09-01,23,22,21,1,2024-09-29,Healthy
10855,650,2024-10-01,26,30,43,2,2024-10-28,Healthy
10856,650,2024-11-01,5,1,6,5,2024-11-02,Critical
10857,650,2024-12-01,4,1,4,7,2024-12-03,Critical
10858,650,2025-01-01,20,12,17,4,2025-01-18,At Risk
10859,650,2025-02-01,37,19,41,1,2025-02-27,Healthy
10860,650,2025-03-01,31,23,27,0,2025-03-27,Healthy
10861,650,2025-04-01,36,24,37,0,2025-04-27,Healthy
10862,650,2025-05-01,6,1,6,4,2025-05-15,Critical
10863,650,2025-06-01,18,7,15,2,2025-06-18,At Risk
10864,650,2025-07-01,32,26,23,2,2025-07-30,Healthy
10865,650,2025-08-01,39,20,31,0,2025-08-31,Healthy
10866,650,2025-09-01,6,1,5,7,2025-09-09,Critical
10867,650,2025-10-01,6,3,2,5,2025-10-13,Critical
10868,650,2025-11-01,30,24,32,2,2025-11-29,Healthy
10869,650,2025-12-01,22,20,36,2,2025-12-30,Healthy
10870,650,2026-01-01,34,15,26,2,2026-01-27,Healthy
10871,650,2026-02-01,12,14,13,4,2026-02-17,At Risk
10872,650,2026-03-01,37,23,47,2,2026-03-28,Healthy
10873,650,2026-04-01,33,19,23,1,2026-04-27,Healthy
10874,650,2026-05-01,37,24,26,1,2026-05-27,Healthy
10875,650,2026-06-01,37,24,23,0,2026-06-27,Healthy
10876,651,2026-02-01,150,16,23,2,2026-02-26,Healthy
10877,651,2026-03-01,209,18,40,1,2026-03-26,Healthy
10878,651,2026-04-01,208,20,43,0,2026-04-25,Healthy
10879,651,2026-05-01,99,5,8,4,2026-05-25,At Risk
10880,651,2026-06-01,153,26,45,1,2026-06-27,Healthy
10881,652,2024-12-01,30,26,23,2,2024-12-31,Healthy
10882,652,2025-01-01,24,20,47,0,2025-01-30,Healthy
10883,652,2025-02-01,25,18,36,0,2025-02-23,Healthy
10884,652,2025-03-01,31,18,33,1,2025-03-27,Healthy
10885,652,2025-04-01,20,20,33,0,2025-04-29,Healthy
10886,652,2025-05-01,24,18,21,0,2025-05-30,Healthy
10887,652,2025-06-01,16,26,38,2,2025-06-26,Healthy
10888,652,2025-07-01,22,16,42,1,2025-07-26,Healthy
10889,652,2025-08-01,18,24,43,1,2025-08-31,Healthy
10890,652,2025-09-01,25,18,47,0,2025-09-29,Healthy
10891,652,2025-10-01,16,17,32,1,2025-10-27,Healthy
10892,652,2025-11-01,26,19,46,2,2025-11-26,Healthy
10893,652,2025-12-01,29,25,22,2,2025-12-27,Healthy
10894,652,2026-01-01,9,9,11,5,2026-01-24,At Risk
10895,652,2026-02-01,11,10,18,2,2026-02-18,At Risk
10896,652,2026-03-01,10,14,19,4,2026-03-25,At Risk
10897,652,2026-04-01,10,10,9,4,2026-04-23,At Risk
10898,652,2026-05-01,5,3,0,5,2026-05-04,Critical
10899,652,2026-06-01,14,14,16,4,2026-06-19,At Risk
10900,653,2025-11-01,52,24,45,2,2025-11-30,Healthy
10901,653,2025-12-01,36,24,32,0,2025-12-30,Healthy
10902,653,2026-01-01,53,17,37,1,2026-01-27,Healthy
10903,653,2026-02-01,35,25,23,1,2026-02-26,Healthy
10904,653,2026-03-01,33,24,36,1,2026-03-26,Healthy
10905,653,2026-04-01,53,25,44,0,2026-04-27,Healthy
10906,653,2026-05-01,11,0,3,5,2026-05-13,Critical
10907,653,2026-06-01,28,12,10,4,2026-06-21,At Risk
10908,654,2024-12-01,2,1,7,8,2024-12-13,Critical
10909,654,2025-01-01,7,1,1,4,2025-01-15,Critical
10910,654,2025-02-01,2,1,3,8,2025-01-29,Critical
10911,654,2025-03-01,3,2,5,6,2025-03-06,Critical
10912,654,2025-04-01,2,0,4,7,2025-04-07,Critical
10913,654,2025-05-01,28,22,46,1,2025-05-30,Healthy
10914,654,2025-06-01,44,20,32,0,2025-06-26,Healthy
10915,654,2025-07-01,13,14,13,2,2025-07-23,At Risk
10916,654,2025-08-01,9,9,11,1,2025-08-24,At Risk
10917,654,2025-09-01,43,22,20,0,2025-09-29,Healthy
10918,654,2025-10-01,41,30,26,1,2025-10-27,Healthy
10919,654,2025-11-01,37,17,48,2,2025-11-25,Healthy
10920,654,2025-12-01,21,10,15,3,2025-12-20,At Risk
10921,654,2026-01-01,33,25,21,2,2026-01-27,Healthy
10922,654,2026-02-01,40,23,22,1,2026-02-25,Healthy
10923,654,2026-03-01,33,20,40,2,2026-03-31,Healthy
10924,654,2026-04-01,25,16,26,2,2026-04-29,Healthy
10925,654,2026-05-01,37,16,36,0,2026-05-29,Healthy
10926,654,2026-06-01,25,21,49,1,2026-06-26,Healthy
10927,655,2024-06-01,195,16,46,0,2024-06-30,Healthy
10928,655,2024-07-01,178,23,36,0,2024-07-28,Healthy
10929,655,2024-08-01,42,12,17,5,2024-08-18,At Risk
10930,655,2024-09-01,51,8,15,4,2024-09-22,At Risk
10931,655,2024-10-01,112,5,12,4,2024-10-25,At Risk
10932,655,2024-11-01,31,1,0,8,2024-11-02,Critical
10933,655,2024-12-01,111,14,14,2,2024-12-23,At Risk
10934,655,2025-01-01,19,0,0,6,2025-01-12,Critical
10935,655,2025-02-01,31,3,5,5,2025-01-30,Critical
10936,655,2025-03-01,111,7,17,4,2025-03-18,At Risk
10937,655,2025-04-01,172,28,25,0,2025-04-26,Healthy
10938,655,2025-05-01,114,24,49,1,2025-05-29,Healthy
10939,655,2025-06-01,103,11,14,1,2025-06-15,At Risk
10940,655,2025-07-01,111,5,14,1,2025-07-18,At Risk
10941,655,2025-08-01,192,19,27,2,2025-08-28,Healthy
10942,655,2025-09-01,213,15,35,1,2025-09-26,Healthy
10943,655,2025-10-01,199,29,39,1,2025-10-27,Healthy
10944,655,2025-11-01,177,18,39,2,2025-11-28,Healthy
10945,655,2025-12-01,163,17,49,2,2025-12-29,Healthy
10946,655,2026-01-01,193,15,21,2,2026-01-29,Healthy
10947,655,2026-02-01,122,26,31,1,2026-02-23,Healthy
10948,655,2026-03-01,25,2,5,3,2026-03-01,Critical
10949,655,2026-04-01,15,3,2,7,2026-03-31,Critical
10950,655,2026-05-01,11,3,7,4,2026-05-02,Critical
10951,655,2026-06-01,195,30,32,2,2026-06-25,Healthy
10952,656,2024-09-01,14,11,18,3,2024-09-17,At Risk
10953,656,2024-10-01,13,9,8,5,2024-10-19,At Risk
10954,656,2024-11-01,16,5,16,1,2024-11-24,At Risk
10955,656,2024-12-01,37,28,50,0,2024-12-31,Healthy
10956,656,2025-01-01,28,19,46,0,2025-01-31,Healthy
10957,656,2025-02-01,35,23,38,0,2025-02-25,Healthy
10958,656,2025-03-01,35,28,35,1,2025-03-28,Healthy
10959,656,2025-04-01,28,25,47,0,2025-04-30,Healthy
10960,656,2025-05-01,28,30,33,2,2025-05-29,Healthy
10961,656,2025-06-01,39,15,35,0,2025-06-26,Healthy
10962,656,2025-07-01,28,18,49,0,2025-07-28,Healthy
10963,656,2025-08-01,23,28,31,2,2025-08-27,Healthy
10964,656,2025-09-01,9,12,17,3,2025-09-21,At Risk
10965,656,2025-10-01,4,3,6,3,2025-10-03,Critical
10966,656,2025-11-01,6,2,0,6,2025-11-03,Critical
10967,656,2025-12-01,6,0,3,4,2025-12-06,Critical
10968,656,2026-01-01,14,9,8,5,2026-01-22,At Risk
10969,656,2026-02-01,21,14,19,5,2026-02-18,At Risk
10970,656,2026-03-01,32,18,39,0,2026-03-29,Healthy
10971,656,2026-04-01,5,4,2,4,2026-03-31,Critical
10972,656,2026-05-01,3,1,2,6,2026-05-06,Critical
10973,656,2026-06-01,3,1,1,3,2026-06-06,Critical
10974,657,2024-06-01,10,0,7,7,2024-06-02,Critical
10975,657,2024-07-01,10,3,3,8,2024-07-10,Critical
10976,657,2024-08-01,3,4,3,4,2024-08-01,Critical
10977,657,2024-09-01,28,10,15,5,2024-09-18,At Risk
10978,657,2024-10-01,22,10,12,3,2024-10-23,At Risk
10979,657,2024-11-01,9,4,5,5,2024-11-09,Critical
10980,657,2024-12-01,7,2,5,3,2024-12-08,Critical
10981,657,2025-01-01,6,0,4,3,2025-01-13,Critical
10982,657,2025-02-01,26,5,10,1,2025-02-14,At Risk
10983,657,2025-03-01,18,8,8,5,2025-03-21,At Risk
10984,657,2025-04-01,29,6,19,5,2025-04-21,At Risk
10985,657,2025-05-01,27,6,19,1,2025-05-25,At Risk
10986,657,2025-06-01,8,0,3,4,2025-06-08,Critical
10987,657,2025-07-01,21,13,19,2,2025-07-20,At Risk
10988,657,2025-08-01,32,5,18,3,2025-08-25,At Risk
10989,657,2025-09-01,25,12,9,4,2025-09-20,At Risk
10990,657,2025-10-01,6,2,2,6,2025-10-11,Critical
10991,657,2025-11-01,6,0,0,3,2025-11-04,Critical
10992,657,2025-12-01,8,3,2,5,2025-12-04,Critical
10993,657,2026-01-01,8,4,1,4,2026-01-11,Critical
10994,657,2026-02-01,11,3,0,4,2026-02-01,Critical
10995,657,2026-03-01,11,3,0,5,2026-03-11,Critical
10996,657,2026-04-01,35,29,35,2,2026-04-25,Healthy
10997,657,2026-05-01,47,27,41,0,2026-05-26,Healthy
10998,657,2026-06-01,44,19,38,2,2026-06-30,Healthy
10999,658,2025-05-01,43,24,47,1,2025-05-27,Healthy
11000,658,2025-06-01,49,18,50,2,2025-06-28,Healthy
11001,658,2025-07-01,52,30,24,1,2025-07-31,Healthy
11002,658,2025-08-01,32,23,47,1,2025-08-31,Healthy
11003,658,2025-09-01,20,8,13,4,2025-09-19,At Risk
11004,658,2025-10-01,13,11,10,4,2025-10-25,At Risk
11005,658,2025-11-01,23,10,17,4,2025-11-16,At Risk
11006,658,2025-12-01,15,9,11,1,2025-12-23,At Risk
11007,658,2026-01-01,32,24,37,1,2026-01-30,Healthy
11008,658,2026-02-01,56,22,34,0,2026-02-23,Healthy
11009,658,2026-03-01,31,17,31,0,2026-03-30,Healthy
11010,658,2026-04-01,56,24,37,1,2026-04-26,Healthy
11011,658,2026-05-01,20,14,16,4,2026-05-16,At Risk
11012,658,2026-06-01,26,6,8,4,2026-06-23,At Risk
11013,659,2025-05-01,26,17,32,0,2025-05-30,Healthy
11014,659,2025-06-01,8,4,4,5,2025-06-02,Critical
11015,659,2025-07-01,3,3,1,6,2025-07-14,Critical
11016,659,2025-08-01,9,11,19,5,2025-08-23,At Risk
11017,659,2025-09-01,6,0,3,8,2025-09-13,Critical
11018,659,2025-10-01,5,3,7,4,2025-10-09,Critical
11019,659,2025-11-01,6,3,0,3,2025-11-05,Critical
11020,659,2025-12-01,25,17,44,0,2025-12-30,Healthy
11021,659,2026-01-01,32,22,35,1,2026-01-27,Healthy
11022,659,2026-02-01,22,21,23,2,2026-02-25,Healthy
11023,659,2026-03-01,30,18,26,2,2026-03-30,Healthy
11024,659,2026-04-01,37,24,39,2,2026-04-28,Healthy
11025,659,2026-05-01,26,20,28,2,2026-05-31,Healthy
11026,659,2026-06-01,31,20,46,2,2026-06-29,Healthy
11027,660,2024-07-01,112,11,9,3,2024-07-20,At Risk
11028,660,2024-08-01,40,3,7,7,2024-08-15,Critical
11029,660,2024-09-01,34,1,2,8,2024-09-09,Critical
11030,660,2024-10-01,117,13,8,5,2024-10-16,At Risk
11031,660,2024-11-01,66,12,10,4,2024-11-19,At Risk
11032,660,2024-12-01,127,14,16,3,2024-12-25,At Risk
11033,660,2025-01-01,147,14,17,4,2025-01-18,At Risk
11034,660,2025-02-01,128,14,12,2,2025-02-15,At Risk
11035,660,2025-03-01,110,5,9,4,2025-03-21,At Risk
11036,660,2025-04-01,154,11,19,4,2025-04-15,At Risk
11037,660,2025-05-01,133,10,18,3,2025-05-21,At Risk
11038,660,2025-06-01,45,2,7,8,2025-06-05,Critical
11039,660,2025-07-01,92,12,10,2,2025-07-24,At Risk
11040,660,2025-08-01,73,7,17,3,2025-08-18,At Risk
11041,660,2025-09-01,298,25,26,2,2025-09-28,Healthy
11042,660,2025-10-01,219,22,31,2,2025-10-26,Healthy
11043,660,2025-11-01,184,23,25,2,2025-11-26,Healthy
11044,660,2025-12-01,289,29,33,2,2025-12-30,Healthy
11045,660,2026-01-01,146,13,10,4,2026-01-23,At Risk
11046,660,2026-02-01,129,10,11,4,2026-02-13,At Risk
11047,660,2026-03-01,95,8,18,1,2026-03-24,At Risk
11048,660,2026-04-01,65,14,12,1,2026-04-15,At Risk
11049,660,2026-05-01,151,13,18,2,2026-05-17,At Risk
11050,660,2026-06-01,62,14,13,4,2026-06-23,At Risk
11051,661,2025-12-01,38,30,28,1,2025-12-31,Healthy
11052,661,2026-01-01,57,26,34,1,2026-01-30,Healthy
11053,661,2026-02-01,50,29,43,2,2026-02-28,Healthy
11054,661,2026-03-01,53,30,45,2,2026-03-26,Healthy
11055,661,2026-04-01,55,21,47,0,2026-04-28,Healthy
11056,661,2026-05-01,16,7,15,5,2026-05-16,At Risk
11057,661,2026-06-01,27,10,19,3,2026-06-18,At Risk
11058,662,2026-01-01,32,12,18,5,2026-01-24,At Risk
11059,662,2026-02-01,16,3,7,5,2026-01-30,Critical
11060,662,2026-03-01,19,1,4,3,2026-03-05,Critical
11061,662,2026-04-01,5,1,0,4,2026-03-31,Critical
11062,662,2026-05-01,17,0,5,8,2026-05-15,Critical
11063,662,2026-06-01,7,2,7,8,2026-06-11,Critical
11064,663,2024-03-01,49,18,32,2,2024-03-26,Healthy
11065,663,2024-04-01,46,18,33,0,2024-04-25,Healthy
11066,663,2024-05-01,13,1,2,3,2024-05-12,Critical
11067,663,2024-06-01,5,4,6,5,2024-06-07,Critical
11068,663,2024-07-01,6,3,7,5,2024-07-10,Critical
11069,663,2024-08-01,6,0,3,5,2024-08-03,Critical
11070,663,2024-09-01,8,2,7,4,2024-09-14,Critical
11071,663,2024-10-01,7,3,6,7,2024-10-09,Critical
11072,663,2024-11-01,10,1,4,7,2024-11-08,Critical
11073,663,2024-12-01,32,5,15,5,2024-12-23,At Risk
11074,663,2025-01-01,52,18,30,1,2025-01-26,Healthy
11075,663,2025-02-01,58,15,23,0,2025-02-27,Healthy
11076,663,2025-03-01,38,17,31,0,2025-03-29,Healthy
11077,663,2025-04-01,39,24,32,0,2025-04-25,Healthy
11078,663,2025-05-01,61,30,40,0,2025-05-29,Healthy
11079,663,2025-06-01,15,9,8,4,2025-06-19,At Risk
11080,663,2025-07-01,21,10,12,4,2025-07-24,At Risk
11081,663,2025-08-01,35,7,13,1,2025-08-16,At Risk
11082,663,2025-09-01,72,18,43,2,2025-09-30,Healthy
11083,663,2025-10-01,42,25,24,1,2025-10-31,Healthy
11084,663,2025-11-01,52,16,22,2,2025-11-29,Healthy
11085,663,2025-12-01,52,20,34,1,2025-12-29,Healthy
11086,663,2026-01-01,67,28,26,1,2026-01-31,Healthy
11087,663,2026-02-01,68,26,35,1,2026-02-28,Healthy
11088,663,2026-03-01,52,21,44,1,2026-03-31,Healthy
11089,663,2026-04-01,28,5,17,2,2026-04-17,At Risk
11090,663,2026-05-01,19,8,18,2,2026-05-18,At Risk
11091,663,2026-06-01,62,20,28,2,2026-06-27,Healthy
11092,664,2025-10-01,36,21,37,0,2025-10-27,Healthy
11093,664,2025-11-01,43,16,29,2,2025-11-30,Healthy
11094,664,2025-12-01,61,21,47,2,2025-12-29,Healthy
11095,664,2026-01-01,6,4,4,3,2026-01-11,Critical
11096,664,2026-02-01,30,10,10,5,2026-02-15,At Risk
11097,664,2026-03-01,9,4,2,3,2026-03-01,Critical
11098,664,2026-04-01,7,0,5,8,2026-04-01,Critical
11099,664,2026-05-01,40,15,44,1,2026-05-30,Healthy
11100,664,2026-06-01,23,7,12,3,2026-06-19,At Risk
11101,665,2024-02-01,42,29,23,1,2024-02-28,Healthy
11102,665,2024-03-01,65,24,38,0,2024-03-31,Healthy
11103,665,2024-04-01,4,4,6,8,2024-04-05,Critical
11104,665,2024-05-01,9,1,4,5,2024-05-02,Critical
11105,665,2024-06-01,9,1,5,7,2024-05-31,Critical
11106,665,2024-07-01,6,0,7,4,2024-07-07,Critical
11107,665,2024-08-01,10,3,4,4,2024-08-03,Critical
11108,665,2024-09-01,20,9,19,5,2024-09-20,At Risk
11109,665,2024-10-01,5,3,5,8,2024-10-06,Critical
11110,665,2024-11-01,6,3,6,3,2024-11-11,Critical
11111,665,2024-12-01,4,3,7,6,2024-12-08,Critical
11112,665,2025-01-01,12,1,2,5,2025-01-08,Critical
11113,665,2025-02-01,4,1,5,6,2025-02-08,Critical
11114,665,2025-03-01,6,4,7,6,2025-03-02,Critical
11115,665,2025-04-01,5,4,2,3,2025-04-08,Critical
11116,665,2025-05-01,9,2,1,4,2025-05-06,Critical
11117,665,2025-06-01,32,11,13,4,2025-06-16,At Risk
11118,665,2025-07-01,31,14,19,1,2025-07-16,At Risk
11119,665,2025-08-01,21,6,17,3,2025-08-20,At Risk
11120,665,2025-09-01,19,5,15,5,2025-09-15,At Risk
11121,665,2025-10-01,59,15,39,2,2025-10-27,Healthy
11122,665,2025-11-01,61,25,26,2,2025-11-28,Healthy
11123,665,2025-12-01,60,29,42,1,2025-12-31,Healthy
11124,665,2026-01-01,38,25,34,1,2026-01-27,Healthy
11125,665,2026-02-01,57,18,47,0,2026-02-24,Healthy
11126,665,2026-03-01,51,29,41,2,2026-03-26,Healthy
11127,665,2026-04-01,48,26,45,0,2026-04-26,Healthy
11128,665,2026-05-01,58,27,27,1,2026-05-26,Healthy
11129,665,2026-06-01,37,27,39,0,2026-06-28,Healthy
11130,666,2024-03-01,9,23,27,1,2024-03-29,Healthy
11131,666,2024-04-01,10,30,23,2,2024-04-27,Healthy
11132,666,2024-05-01,11,29,31,1,2024-05-27,Healthy
11133,666,2024-06-01,11,21,33,1,2024-06-27,Healthy
11134,666,2024-07-01,8,15,35,0,2024-07-27,Healthy
11135,666,2024-08-01,9,19,25,0,2024-08-30,Healthy
11136,666,2024-09-01,8,18,36,1,2024-09-27,Healthy
11137,666,2024-10-01,12,28,32,1,2024-10-31,Healthy
11138,666,2024-11-01,7,12,8,3,2024-11-18,At Risk
11139,666,2024-12-01,9,15,48,1,2024-12-31,Healthy
11140,666,2025-01-01,13,20,47,0,2025-01-26,Healthy
11141,666,2025-02-01,4,5,18,4,2025-02-15,At Risk
11142,666,2025-03-01,7,13,12,2,2025-03-25,At Risk
11143,666,2025-04-01,5,7,11,2,2025-04-18,At Risk
11144,666,2025-05-01,5,13,17,5,2025-05-25,At Risk
11145,666,2025-06-01,2,2,6,8,2025-06-14,Critical
11146,666,2025-07-01,1,1,2,5,2025-07-02,Critical
11147,666,2025-08-01,5,14,8,5,2025-08-16,At Risk
11148,666,2025-09-01,1,2,7,6,2025-09-11,Critical
11149,666,2025-10-01,3,14,12,2,2025-10-23,At Risk
11150,666,2025-11-01,6,11,14,2,2025-11-16,At Risk
11151,666,2025-12-01,11,24,43,2,2025-12-29,Healthy
11152,666,2026-01-01,12,24,28,2,2026-01-31,Healthy
11153,666,2026-02-01,12,27,28,2,2026-02-27,Healthy
11154,666,2026-03-01,11,28,26,2,2026-03-29,Healthy
11155,666,2026-04-01,10,20,34,2,2026-04-28,Healthy
11156,666,2026-05-01,8,25,23,0,2026-05-29,Healthy
11157,666,2026-06-01,9,27,50,0,2026-06-28,Healthy
11158,667,2026-01-01,88,19,46,2,2026-01-26,Healthy
11159,667,2026-02-01,114,27,49,0,2026-02-25,Healthy
11160,667,2026-03-01,123,25,26,0,2026-03-27,Healthy
11161,667,2026-04-01,72,8,13,2,2026-04-22,At Risk
11162,667,2026-05-01,34,10,9,2,2026-05-24,At Risk
11163,667,2026-06-01,34,9,15,3,2026-06-18,At Risk
11164,668,2024-10-01,27,19,41,1,2024-10-30,Healthy
11165,668,2024-11-01,19,18,26,0,2024-11-26,Healthy
11166,668,2024-12-01,20,20,20,1,2024-12-31,Healthy
11167,668,2025-01-01,22,26,27,0,2025-01-29,Healthy
11168,668,2025-02-01,9,5,18,5,2025-02-16,At Risk
11169,668,2025-03-01,10,10,14,5,2025-03-19,At Risk
11170,668,2025-04-01,16,12,18,5,2025-04-24,At Risk
11171,668,2025-05-01,24,15,44,2,2025-05-29,Healthy
11172,668,2025-06-01,16,8,14,5,2025-06-20,At Risk
11173,668,2025-07-01,22,18,44,0,2025-07-31,Healthy
11174,668,2025-08-01,28,21,47,2,2025-08-26,Healthy
11175,668,2025-09-01,30,15,39,1,2025-09-29,Healthy
11176,668,2025-10-01,22,20,46,2,2025-10-26,Healthy
11177,668,2025-11-01,34,27,35,1,2025-11-26,Healthy
11178,668,2025-12-01,23,23,49,2,2025-12-31,Healthy
11179,668,2026-01-01,32,18,36,2,2026-01-26,Healthy
11180,668,2026-02-01,31,26,46,2,2026-02-23,Healthy
11181,668,2026-03-01,7,7,10,3,2026-03-22,At Risk
11182,668,2026-04-01,3,3,6,7,2026-03-31,Critical
11183,668,2026-05-01,10,8,12,3,2026-05-19,At Risk
11184,668,2026-06-01,10,14,9,3,2026-06-20,At Risk
11185,669,2025-07-01,35,18,48,1,2025-07-30,Healthy
11186,669,2025-08-01,16,14,14,1,2025-08-19,At Risk
11187,669,2025-09-01,2,4,4,4,2025-09-09,Critical
11188,669,2025-10-01,52,28,38,0,2025-10-27,Healthy
11189,669,2025-11-01,44,25,47,2,2025-11-25,Healthy
11190,669,2025-12-01,37,19,48,1,2025-12-31,Healthy
11191,669,2026-01-01,54,22,25,2,2026-01-27,Healthy
11192,669,2026-02-01,43,17,23,1,2026-02-27,Healthy
11193,669,2026-03-01,50,25,32,1,2026-03-28,Healthy
11194,669,2026-04-01,39,20,39,0,2026-04-29,Healthy
11195,669,2026-05-01,20,12,17,1,2026-05-25,At Risk
11196,669,2026-06-01,40,29,45,0,2026-06-28,Healthy
11197,670,2025-07-01,1734,18,38,0,2025-07-31,Healthy
11198,670,2025-08-01,2233,20,44,2,2025-08-27,Healthy
11199,670,2025-09-01,3031,17,41,1,2025-09-30,Healthy
11200,670,2025-10-01,2067,28,44,1,2025-10-31,Healthy
11201,670,2025-11-01,2146,20,26,1,2025-11-29,Healthy
11202,670,2025-12-01,1962,21,40,1,2025-12-27,Healthy
11203,670,2026-01-01,2459,28,43,2,2026-01-27,Healthy
11204,670,2026-02-01,1347,7,13,3,2026-02-22,At Risk
11205,670,2026-03-01,1175,13,11,3,2026-03-19,At Risk
11206,670,2026-04-01,1985,27,30,1,2026-04-28,Healthy
11207,670,2026-05-01,3178,21,26,0,2026-05-28,Healthy
11208,670,2026-06-01,2435,17,31,0,2026-06-30,Healthy
11209,671,2025-05-01,167,8,16,4,2025-05-21,At Risk
11210,671,2025-06-01,291,25,40,0,2025-06-27,Healthy
11211,671,2025-07-01,246,28,31,1,2025-07-27,Healthy
11212,671,2025-08-01,244,24,43,2,2025-08-30,Healthy
11213,671,2025-09-01,23,2,5,6,2025-09-08,Critical
11214,671,2025-10-01,37,1,6,8,2025-10-07,Critical
11215,671,2025-11-01,37,4,6,4,2025-11-01,Critical
11216,671,2025-12-01,105,5,11,3,2025-12-20,At Risk
11217,671,2026-01-01,275,20,38,1,2026-01-29,Healthy
11218,671,2026-02-01,215,19,36,1,2026-02-28,Healthy
11219,671,2026-03-01,172,14,16,3,2026-03-22,At Risk
11220,671,2026-04-01,173,10,14,5,2026-04-23,At Risk
11221,671,2026-05-01,167,5,17,1,2026-05-23,At Risk
11222,671,2026-06-01,59,2,7,5,2026-06-12,Critical
11223,672,2024-07-01,9,5,16,5,2024-07-22,At Risk
11224,672,2024-08-01,4,0,3,8,2024-08-15,Critical
11225,672,2024-09-01,5,1,1,8,2024-09-12,Critical
11226,672,2024-10-01,11,6,17,3,2024-10-16,At Risk
11227,672,2024-11-01,23,17,34,0,2024-11-26,Healthy
11228,672,2024-12-01,31,27,28,0,2024-12-27,Healthy
11229,672,2025-01-01,30,25,29,2,2025-01-26,Healthy
11230,672,2025-02-01,28,21,32,0,2025-02-23,Healthy
11231,672,2025-03-01,27,21,25,1,2025-03-30,Healthy
11232,672,2025-04-01,13,13,14,4,2025-04-24,At Risk
11233,672,2025-05-01,17,29,39,2,2025-05-26,Healthy
11234,672,2025-06-01,26,23,32,1,2025-06-28,Healthy
11235,672,2025-07-01,18,26,26,0,2025-07-31,Healthy
11236,672,2025-08-01,29,21,38,2,2025-08-27,Healthy
11237,672,2025-09-01,17,26,40,1,2025-09-26,Healthy
11238,672,2025-10-01,21,22,32,0,2025-10-31,Healthy
11239,672,2025-11-01,12,14,16,1,2025-11-24,At Risk
11240,672,2025-12-01,11,10,12,1,2025-12-17,At Risk
11241,672,2026-01-01,11,12,9,2,2026-01-25,At Risk
11242,672,2026-02-01,3,1,6,6,2026-02-05,Critical
11243,672,2026-03-01,4,1,0,6,2026-03-04,Critical
11244,672,2026-04-01,13,9,15,2,2026-04-15,At Risk
11245,672,2026-05-01,12,8,13,4,2026-05-19,At Risk
11246,672,2026-06-01,3,3,6,4,2026-06-04,Critical
11247,673,2024-05-01,3,4,7,6,2024-05-14,Critical
11248,673,2024-06-01,7,1,1,4,2024-06-06,Critical
11249,673,2024-07-01,36,17,39,1,2024-07-28,Healthy
11250,673,2024-08-01,22,29,20,1,2024-08-27,Healthy
11251,673,2024-09-01,25,24,25,0,2024-09-26,Healthy
11252,673,2024-10-01,27,28,21,0,2024-10-31,Healthy
11253,673,2024-11-01,27,16,28,0,2024-11-25,Healthy
11254,673,2024-12-01,26,24,33,1,2024-12-29,Healthy
11255,673,2025-01-01,32,23,40,1,2025-01-30,Healthy
11256,673,2025-02-01,18,19,37,2,2025-02-27,Healthy
11257,673,2025-03-01,8,9,18,1,2025-03-19,At Risk
11258,673,2025-04-01,6,0,1,4,2025-03-31,Critical
11259,673,2025-05-01,6,2,2,8,2025-05-05,Critical
11260,673,2025-06-01,28,17,34,1,2025-06-29,Healthy
11261,673,2025-07-01,25,18,31,1,2025-07-31,Healthy
11262,673,2025-08-01,23,15,34,0,2025-08-28,Healthy
11263,673,2025-09-01,32,18,35,1,2025-09-25,Healthy
11264,673,2025-10-01,15,9,8,3,2025-10-19,At Risk
11265,673,2025-11-01,4,2,1,5,2025-11-05,Critical
11266,673,2025-12-01,5,2,5,8,2025-12-02,Critical
11267,673,2026-01-01,15,11,14,2,2026-01-18,At Risk
11268,673,2026-02-01,13,6,13,4,2026-02-13,At Risk
11269,673,2026-03-01,12,10,14,1,2026-03-20,At Risk
11270,673,2026-04-01,14,7,14,1,2026-04-17,At Risk
11271,673,2026-05-01,16,13,13,1,2026-05-17,At Risk
11272,673,2026-06-01,14,12,8,1,2026-06-22,At Risk
11273,674,2025-05-01,42,18,47,0,2025-05-26,Healthy
11274,674,2025-06-01,64,18,39,1,2025-06-28,Healthy
11275,674,2025-07-01,37,17,22,0,2025-07-28,Healthy
11276,674,2025-08-01,53,30,40,0,2025-08-30,Healthy
11277,674,2025-09-01,65,25,50,0,2025-09-26,Healthy
11278,674,2025-10-01,9,0,2,3,2025-10-02,Critical
11279,674,2025-11-01,30,6,9,5,2025-11-15,At Risk
11280,674,2025-12-01,23,8,18,4,2025-12-18,At Risk
11281,674,2026-01-01,19,14,11,2,2026-01-17,At Risk
11282,674,2026-02-01,37,16,35,1,2026-02-27,Healthy
11283,674,2026-03-01,45,29,37,1,2026-03-28,Healthy
11284,674,2026-04-01,64,15,39,1,2026-04-29,Healthy
11285,674,2026-05-01,58,17,47,1,2026-05-30,Healthy
11286,674,2026-06-01,49,18,32,0,2026-06-27,Healthy
11287,675,2024-07-01,43,20,30,2,2024-07-29,Healthy
11288,675,2024-08-01,47,21,23,0,2024-08-29,Healthy
11289,675,2024-09-01,32,8,11,4,2024-09-23,At Risk
11290,675,2024-10-01,51,29,36,1,2024-10-29,Healthy
11291,675,2024-11-01,66,16,37,2,2024-11-29,Healthy
11292,675,2024-12-01,36,15,48,2,2024-12-31,Healthy
11293,675,2025-01-01,60,22,43,0,2025-01-26,Healthy
11294,675,2025-02-01,34,17,45,1,2025-02-25,Healthy
11295,675,2025-03-01,36,28,38,0,2025-03-29,Healthy
11296,675,2025-04-01,57,20,33,2,2025-04-26,Healthy
11297,675,2025-05-01,39,17,29,1,2025-05-31,Healthy
11298,675,2025-06-01,13,9,18,2,2025-06-21,At Risk
11299,675,2025-07-01,63,16,41,0,2025-07-27,Healthy
11300,675,2025-08-01,46,24,27,1,2025-08-26,Healthy
11301,675,2025-09-01,16,7,13,2,2025-09-21,At Risk
11302,675,2025-10-01,21,5,12,5,2025-10-17,At Risk
11303,675,2025-11-01,26,11,9,2,2025-11-22,At Risk
11304,675,2025-12-01,10,3,3,8,2025-12-06,Critical
11305,675,2026-01-01,6,2,3,8,2026-01-10,Critical
11306,675,2026-02-01,9,0,3,5,2026-02-08,Critical
11307,675,2026-03-01,2,2,1,5,2026-03-10,Critical
11308,675,2026-04-01,7,1,7,3,2026-04-04,Critical
11309,675,2026-05-01,24,12,10,3,2026-05-19,At Risk
11310,675,2026-06-01,30,9,9,2,2026-06-19,At Risk
11311,676,2025-08-01,148,21,40,0,2025-08-30,Healthy
11312,676,2025-09-01,200,22,43,1,2025-09-30,Healthy
11313,676,2025-10-01,135,25,30,0,2025-10-31,Healthy
11314,676,2025-11-01,172,28,23,0,2025-11-25,Healthy
11315,676,2025-12-01,53,5,9,1,2025-12-24,At Risk
11316,676,2026-01-01,81,9,17,4,2026-01-25,At Risk
11317,676,2026-02-01,197,30,26,1,2026-02-24,Healthy
11318,676,2026-03-01,150,18,26,0,2026-03-31,Healthy
11319,676,2026-04-01,144,26,39,1,2026-04-29,Healthy
11320,676,2026-05-01,206,23,28,2,2026-05-29,Healthy
11321,676,2026-06-01,205,24,25,1,2026-06-25,Healthy
11322,677,2024-11-01,2349,29,22,2,2024-11-28,Healthy
11323,677,2024-12-01,2029,30,44,2,2024-12-29,Healthy
11324,677,2025-01-01,2358,26,22,1,2025-01-26,Healthy
11325,677,2025-02-01,2413,21,25,0,2025-02-28,Healthy
11326,677,2025-03-01,2074,25,46,0,2025-03-29,Healthy
11327,677,2025-04-01,2490,29,24,0,2025-04-25,Healthy
11328,677,2025-05-01,2359,16,49,2,2025-05-29,Healthy
11329,677,2025-06-01,1145,11,12,3,2025-06-16,At Risk
11330,677,2025-07-01,726,6,9,3,2025-07-25,At Risk
11331,677,2025-08-01,2081,16,49,2,2025-08-27,Healthy
11332,677,2025-09-01,1291,11,18,4,2025-09-20,At Risk
11333,677,2025-10-01,1127,5,17,1,2025-10-17,At Risk
11334,677,2025-11-01,1108,7,19,2,2025-11-22,At Risk
11335,677,2025-12-01,2227,15,25,1,2025-12-29,Healthy
11336,677,2026-01-01,529,14,9,2,2026-01-21,At Risk
11337,677,2026-02-01,969,7,13,3,2026-02-22,At Risk
11338,677,2026-03-01,1483,15,26,0,2026-03-26,Healthy
11339,677,2026-04-01,1298,29,36,2,2026-04-26,Healthy
11340,677,2026-05-01,2139,24,36,1,2026-05-26,Healthy
11341,677,2026-06-01,1646,21,30,0,2026-06-29,Healthy
11342,678,2025-05-01,17,16,20,2,2025-05-31,Healthy
11343,678,2025-06-01,29,23,48,0,2025-06-28,Healthy
11344,678,2025-07-01,22,24,35,1,2025-07-26,Healthy
11345,678,2025-08-01,16,27,22,2,2025-08-28,Healthy
11346,678,2025-09-01,27,23,43,2,2025-09-25,Healthy
11347,678,2025-10-01,15,20,36,0,2025-10-27,Healthy
11348,678,2025-11-01,18,25,43,0,2025-11-29,Healthy
11349,678,2025-12-01,27,21,24,2,2025-12-26,Healthy
11350,678,2026-01-01,12,7,13,3,2026-01-18,At Risk
11351,678,2026-02-01,14,8,15,4,2026-02-20,At Risk
11352,678,2026-03-01,14,7,19,4,2026-03-17,At Risk
11353,678,2026-04-01,11,9,11,3,2026-04-18,At Risk
11354,678,2026-05-01,13,11,10,3,2026-05-20,At Risk
11355,678,2026-06-01,11,10,16,1,2026-06-20,At Risk
11356,679,2024-10-01,69,24,44,1,2024-10-27,Healthy
11357,679,2024-11-01,48,26,21,0,2024-11-27,Healthy
11358,679,2024-12-01,67,24,35,0,2024-12-31,Healthy
11359,679,2025-01-01,37,23,36,0,2025-01-28,Healthy
11360,679,2025-02-01,44,20,45,2,2025-02-24,Healthy
11361,679,2025-03-01,68,17,48,2,2025-03-27,Healthy
11362,679,2025-04-01,44,30,24,0,2025-04-28,Healthy
11363,679,2025-05-01,26,9,16,5,2025-05-23,At Risk
11364,679,2025-06-01,15,8,17,2,2025-06-24,At Risk
11365,679,2025-07-01,18,12,13,2,2025-07-25,At Risk
11366,679,2025-08-01,10,0,2,3,2025-08-01,Critical
11367,679,2025-09-01,14,11,18,3,2025-09-20,At Risk
11368,679,2025-10-01,29,11,12,3,2025-10-21,At Risk
11369,679,2025-11-01,13,1,0,6,2025-11-13,Critical
11370,679,2025-12-01,7,1,4,6,2025-12-02,Critical
11371,679,2026-01-01,19,10,19,5,2026-01-16,At Risk
11372,679,2026-02-01,21,11,16,4,2026-02-15,At Risk
11373,679,2026-03-01,61,24,35,2,2026-03-30,Healthy
11374,679,2026-04-01,50,27,45,1,2026-04-28,Healthy
11375,679,2026-05-01,66,20,21,0,2026-05-31,Healthy
11376,679,2026-06-01,41,16,33,1,2026-06-30,Healthy
11377,680,2026-01-01,25,1,7,4,2026-01-01,Critical
11378,680,2026-02-01,55,1,3,5,2026-01-30,Critical
11379,680,2026-03-01,36,2,6,3,2026-03-04,Critical
11380,680,2026-04-01,174,9,13,2,2026-04-24,At Risk
11381,680,2026-05-01,67,2,3,7,2026-05-09,Critical
11382,680,2026-06-01,100,12,13,1,2026-06-19,At Risk
11383,681,2024-08-01,6,8,19,5,2024-08-21,At Risk
11384,681,2024-09-01,5,12,11,2,2024-09-24,At Risk
11385,681,2024-10-01,16,15,20,0,2024-10-27,Healthy
11386,681,2024-11-01,14,23,43,0,2024-11-29,Healthy
11387,681,2024-12-01,9,16,44,2,2024-12-27,Healthy
11388,681,2025-01-01,12,17,32,2,2025-01-30,Healthy
11389,681,2025-02-01,16,19,35,1,2025-02-27,Healthy
11390,681,2025-03-01,17,15,21,2,2025-03-27,Healthy
11391,681,2025-04-01,10,22,44,0,2025-04-26,Healthy
11392,681,2025-05-01,18,22,21,1,2025-05-27,Healthy
11393,681,2025-06-01,13,22,43,0,2025-06-28,Healthy
11394,681,2025-07-01,15,27,32,2,2025-07-29,Healthy
11395,681,2025-08-01,12,17,44,0,2025-08-31,Healthy
11396,681,2025-09-01,13,20,48,2,2025-09-29,Healthy
11397,681,2025-10-01,13,21,37,2,2025-10-26,Healthy
11398,681,2025-11-01,14,19,23,0,2025-11-25,Healthy
11399,681,2025-12-01,10,24,49,0,2025-12-28,Healthy
11400,681,2026-01-01,18,18,23,0,2026-01-30,Healthy
11401,681,2026-02-01,14,25,50,1,2026-02-27,Healthy
11402,681,2026-03-01,16,18,24,0,2026-03-26,Healthy
11403,681,2026-04-01,14,26,32,2,2026-04-29,Healthy
11404,681,2026-05-01,17,23,31,2,2026-05-28,Healthy
11405,681,2026-06-01,7,14,16,3,2026-06-18,At Risk
11406,682,2024-12-01,1,0,0,3,2024-12-14,Critical
11407,682,2025-01-01,3,4,5,8,2025-01-07,Critical
11408,682,2025-02-01,6,9,13,1,2025-02-22,At Risk
11409,682,2025-03-01,8,5,8,5,2025-03-19,At Risk
11410,682,2025-04-01,15,20,34,2,2025-04-27,Healthy
11411,682,2025-05-01,13,15,31,1,2025-05-31,Healthy
11412,682,2025-06-01,13,24,45,2,2025-06-25,Healthy
11413,682,2025-07-01,16,15,25,2,2025-07-31,Healthy
11414,682,2025-08-01,13,30,33,0,2025-08-31,Healthy
11415,682,2025-09-01,8,12,16,2,2025-09-22,At Risk
11416,682,2025-10-01,13,15,47,0,2025-10-26,Healthy
11417,682,2025-11-01,13,16,45,0,2025-11-28,Healthy
11418,682,2025-12-01,17,26,44,0,2025-12-28,Healthy
11419,682,2026-01-01,16,30,32,1,2026-01-28,Healthy
11420,682,2026-02-01,19,22,22,2,2026-02-27,Healthy
11421,682,2026-03-01,18,24,29,1,2026-03-28,Healthy
11422,682,2026-04-01,17,20,21,0,2026-04-25,Healthy
11423,682,2026-05-01,10,20,23,2,2026-05-26,Healthy
11424,682,2026-06-01,15,20,48,2,2026-06-30,Healthy
11425,683,2026-01-01,12,15,21,2,2026-01-31,Healthy
11426,683,2026-02-01,1,1,6,5,2026-02-09,Critical
11427,683,2026-03-01,1,1,4,3,2026-03-08,Critical
11428,683,2026-04-01,6,6,19,2,2026-04-23,At Risk
11429,683,2026-05-01,3,9,9,5,2026-05-24,At Risk
11430,683,2026-06-01,11,27,38,2,2026-06-30,Healthy
11431,684,2025-06-01,17,19,26,2,2025-06-26,Healthy
11432,684,2025-07-01,16,30,23,2,2025-07-27,Healthy
11433,684,2025-08-01,28,18,47,1,2025-08-31,Healthy
11434,684,2025-09-01,16,21,24,2,2025-09-28,Healthy
11435,684,2025-10-01,29,30,28,1,2025-10-31,Healthy
11436,684,2025-11-01,24,22,36,2,2025-11-27,Healthy
11437,684,2025-12-01,3,3,3,7,2025-12-03,Critical
11438,684,2026-01-01,4,4,3,4,2026-01-07,Critical
11439,684,2026-02-01,10,12,14,5,2026-02-15,At Risk
11440,684,2026-03-01,4,4,0,4,2026-03-12,Critical
11441,684,2026-04-01,5,4,2,7,2026-04-10,Critical
11442,684,2026-05-01,10,14,13,4,2026-05-22,At Risk
11443,684,2026-06-01,9,11,8,4,2026-06-16,At Risk
11444,685,2025-06-01,3,4,1,3,2025-06-14,Critical
11445,685,2025-07-01,3,1,1,3,2025-07-12,Critical
11446,685,2025-08-01,14,2,0,6,2025-08-10,Critical
11447,685,2025-09-01,5,3,4,6,2025-09-11,Critical
11448,685,2025-10-01,11,1,0,4,2025-10-12,Critical
11449,685,2025-11-01,5,4,1,5,2025-11-08,Critical
11450,685,2025-12-01,6,2,0,4,2025-12-05,Critical
11451,685,2026-01-01,44,6,9,2,2026-01-22,At Risk
11452,685,2026-02-01,11,1,0,7,2026-02-11,Critical
11453,685,2026-03-01,5,2,0,5,2026-03-12,Critical
11454,685,2026-04-01,10,2,5,5,2026-04-07,Critical
11455,685,2026-05-01,6,3,0,8,2026-05-01,Critical
11456,685,2026-06-01,46,7,8,2,2026-06-17,At Risk
11457,686,2025-09-01,56,23,24,2,2025-09-30,Healthy
11458,686,2025-10-01,4,1,6,4,2025-10-13,Critical
11459,686,2025-11-01,11,3,5,5,2025-11-02,Critical
11460,686,2025-12-01,4,3,4,3,2025-12-07,Critical
11461,686,2026-01-01,4,2,2,3,2026-01-04,Critical
11462,686,2026-02-01,2,0,3,6,2026-01-30,Critical
11463,686,2026-03-01,12,0,4,6,2026-03-06,Critical
11464,686,2026-04-01,46,29,39,0,2026-04-28,Healthy
11465,686,2026-05-01,47,21,46,1,2026-05-26,Healthy
11466,686,2026-06-01,58,18,41,0,2026-06-30,Healthy
11467,687,2024-02-01,4,2,6,7,2024-02-06,Critical
11468,687,2024-03-01,5,3,7,6,2024-03-15,Critical
11469,687,2024-04-01,8,10,11,1,2024-04-17,At Risk
11470,687,2024-05-01,2,2,6,3,2024-05-10,Critical
11471,687,2024-06-01,2,2,3,6,2024-05-31,Critical
11472,687,2024-07-01,26,28,46,2,2024-07-26,Healthy
11473,687,2024-08-01,7,12,11,1,2024-08-22,At Risk
11474,687,2024-09-01,10,9,8,5,2024-09-24,At Risk
11475,687,2024-10-01,9,7,8,2,2024-10-21,At Risk
11476,687,2024-11-01,6,14,8,5,2024-11-15,At Risk
11477,687,2024-12-01,10,9,10,4,2024-12-19,At Risk
11478,687,2025-01-01,3,1,3,4,2025-01-12,Critical
11479,687,2025-02-01,12,8,9,5,2025-02-19,At Risk
11480,687,2025-03-01,6,14,9,2,2025-03-24,At Risk
11481,687,2025-04-01,6,9,16,3,2025-04-23,At Risk
11482,687,2025-05-01,8,5,10,4,2025-05-21,At Risk
11483,687,2025-06-01,12,9,16,1,2025-06-19,At Risk
11484,687,2025-07-01,14,10,18,4,2025-07-17,At Risk
11485,687,2025-08-01,28,17,44,2,2025-08-29,Healthy
11486,687,2025-09-01,18,22,41,1,2025-09-30,Healthy
11487,687,2025-10-01,12,8,18,1,2025-10-23,At Risk
11488,687,2025-11-01,9,9,19,3,2025-11-22,At Risk
11489,687,2025-12-01,6,9,13,4,2025-12-18,At Risk
11490,687,2026-01-01,5,4,7,6,2026-01-13,Critical
11491,687,2026-02-01,1,3,3,3,2026-02-06,Critical
11492,687,2026-03-01,8,10,19,5,2026-03-19,At Risk
11493,687,2026-04-01,9,10,9,3,2026-04-24,At Risk
11494,687,2026-05-01,17,28,20,0,2026-05-26,Healthy
11495,687,2026-06-01,22,15,32,1,2026-06-30,Healthy
11496,688,2024-11-01,877,15,44,1,2024-11-28,Healthy
11497,688,2024-12-01,1148,27,46,1,2024-12-27,Healthy
11498,688,2025-01-01,841,30,36,1,2025-01-31,Healthy
11499,688,2025-02-01,609,7,11,1,2025-02-17,At Risk
11500,688,2025-03-01,504,11,16,1,2025-03-22,At Risk
11501,688,2025-04-01,1329,15,40,1,2025-04-25,Healthy
11502,688,2025-05-01,1205,28,30,2,2025-05-29,Healthy
11503,688,2025-06-01,1232,27,41,0,2025-06-27,Healthy
11504,688,2025-07-01,694,27,37,0,2025-07-31,Healthy
11505,688,2025-08-01,1184,19,21,1,2025-08-29,Healthy
11506,688,2025-09-01,1129,22,23,1,2025-09-27,Healthy
11507,688,2025-10-01,921,21,24,0,2025-10-31,Healthy
11508,688,2025-11-01,913,19,31,2,2025-11-30,Healthy
11509,688,2025-12-01,1063,18,38,1,2025-12-27,Healthy
11510,688,2026-01-01,1194,19,50,1,2026-01-27,Healthy
11511,688,2026-02-01,1018,22,33,0,2026-02-23,Healthy
11512,688,2026-03-01,1234,15,37,2,2026-03-31,Healthy
11513,688,2026-04-01,1109,15,50,2,2026-04-26,Healthy
11514,688,2026-05-01,1115,17,32,2,2026-05-31,Healthy
11515,688,2026-06-01,723,23,25,1,2026-06-28,Healthy
11516,689,2024-06-01,8,20,21,0,2024-06-25,Healthy
11517,689,2024-07-01,7,8,9,4,2024-07-24,At Risk
11518,689,2024-08-01,6,12,8,1,2024-08-19,At Risk
11519,689,2024-09-01,5,13,19,3,2024-09-15,At Risk
11520,689,2024-10-01,3,14,13,1,2024-10-24,At Risk
11521,689,2024-11-01,12,17,46,0,2024-11-29,Healthy
11522,689,2024-12-01,15,25,33,1,2024-12-30,Healthy
11523,689,2025-01-01,14,15,41,0,2025-01-27,Healthy
11524,689,2025-02-01,14,16,32,2,2025-02-27,Healthy
11525,689,2025-03-01,14,25,40,2,2025-03-29,Healthy
11526,689,2025-04-01,16,19,44,1,2025-04-29,Healthy
11527,689,2025-05-01,12,22,21,1,2025-05-28,Healthy
11528,689,2025-06-01,11,24,44,0,2025-06-28,Healthy
11529,689,2025-07-01,8,12,12,4,2025-07-21,At Risk
11530,689,2025-08-01,3,11,9,5,2025-08-21,At Risk
11531,689,2025-09-01,1,2,4,6,2025-09-05,Critical
11532,689,2025-10-01,12,24,40,1,2025-10-31,Healthy
11533,689,2025-11-01,8,8,9,5,2025-11-24,At Risk
11534,689,2025-12-01,7,13,10,2,2025-12-24,At Risk
11535,689,2026-01-01,5,9,14,2,2026-01-19,At Risk
11536,689,2026-02-01,16,28,30,1,2026-02-25,Healthy
11537,689,2026-03-01,15,30,34,0,2026-03-26,Healthy
11538,689,2026-04-01,3,14,8,2,2026-04-15,At Risk
11539,689,2026-05-01,3,0,4,3,2026-05-06,Critical
11540,689,2026-06-01,2,0,3,8,2026-06-09,Critical
11541,690,2025-02-01,24,23,25,2,2025-02-24,Healthy
11542,690,2025-03-01,14,17,26,0,2025-03-27,Healthy
11543,690,2025-04-01,13,29,34,2,2025-04-25,Healthy
11544,690,2025-05-01,18,29,27,2,2025-05-30,Healthy
11545,690,2025-06-01,20,22,41,2,2025-06-25,Healthy
11546,690,2025-07-01,16,17,31,0,2025-07-28,Healthy
11547,690,2025-08-01,18,20,42,2,2025-08-29,Healthy
11548,690,2025-09-01,21,21,48,0,2025-09-25,Healthy
11549,690,2025-10-01,14,21,48,2,2025-10-31,Healthy
11550,690,2025-11-01,21,16,32,0,2025-11-29,Healthy
11551,690,2025-12-01,25,22,41,2,2025-12-26,Healthy
11552,690,2026-01-01,4,1,5,3,2026-01-07,Critical
11553,690,2026-02-01,24,27,24,2,2026-02-25,Healthy
11554,690,2026-03-01,26,26,26,0,2026-03-29,Healthy
11555,690,2026-04-01,19,23,29,1,2026-04-26,Healthy
11556,690,2026-05-01,20,20,25,0,2026-05-29,Healthy
11557,690,2026-06-01,22,23,47,1,2026-06-29,Healthy
11558,691,2025-02-01,92,22,30,1,2025-02-28,Healthy
11559,691,2025-03-01,102,23,41,2,2025-03-28,Healthy
11560,691,2025-04-01,90,29,25,2,2025-04-26,Healthy
11561,691,2025-05-01,120,22,34,2,2025-05-28,Healthy
11562,691,2025-06-01,110,26,41,0,2025-06-27,Healthy
11563,691,2025-07-01,72,19,50,2,2025-07-30,Healthy
11564,691,2025-08-01,15,3,1,6,2025-08-08,Critical
11565,691,2025-09-01,6,1,1,5,2025-09-03,Critical
11566,691,2025-10-01,35,9,19,5,2025-10-24,At Risk
11567,691,2025-11-01,93,30,33,2,2025-11-27,Healthy
11568,691,2025-12-01,82,25,24,2,2025-12-29,Healthy
11569,691,2026-01-01,122,27,36,2,2026-01-31,Healthy
11570,691,2026-02-01,47,8,18,5,2026-02-19,At Risk
11571,691,2026-03-01,54,11,19,5,2026-03-24,At Risk
11572,691,2026-04-01,7,4,2,3,2026-04-13,Critical
11573,691,2026-05-01,13,4,1,6,2026-05-11,Critical
11574,691,2026-06-01,27,9,12,3,2026-06-23,At Risk
11575,692,2025-07-01,53,2,6,7,2025-07-05,Critical
11576,692,2025-08-01,242,22,33,0,2025-08-29,Healthy
11577,692,2025-09-01,226,20,22,1,2025-09-25,Healthy
11578,692,2025-10-01,348,24,22,1,2025-10-29,Healthy
11579,692,2025-11-01,85,7,9,2,2025-11-21,At Risk
11580,692,2025-12-01,21,4,7,7,2025-12-09,Critical
11581,692,2026-01-01,32,4,5,8,2026-01-04,Critical
11582,692,2026-02-01,18,4,1,4,2026-02-12,Critical
11583,692,2026-03-01,125,8,19,4,2026-03-16,At Risk
11584,692,2026-04-01,189,9,10,4,2026-04-16,At Risk
11585,692,2026-05-01,162,11,19,2,2026-05-18,At Risk
11586,692,2026-06-01,251,28,23,1,2026-06-28,Healthy
11587,693,2024-08-01,48,11,15,5,2024-08-20,At Risk
11588,693,2024-09-01,52,11,19,4,2024-09-24,At Risk
11589,693,2024-10-01,201,19,41,1,2024-10-31,Healthy
11590,693,2024-11-01,224,22,32,0,2024-11-30,Healthy
11591,693,2024-12-01,153,25,39,1,2024-12-28,Healthy
11592,693,2025-01-01,108,7,19,3,2025-01-18,At Risk
11593,693,2025-02-01,64,9,18,4,2025-02-14,At Risk
11594,693,2025-03-01,201,20,20,2,2025-03-31,Healthy
11595,693,2025-04-01,107,5,10,3,2025-04-21,At Risk
11596,693,2025-05-01,56,12,9,4,2025-05-19,At Risk
11597,693,2025-06-01,120,9,15,2,2025-06-17,At Risk
11598,693,2025-07-01,77,7,8,4,2025-07-16,At Risk
11599,693,2025-08-01,63,12,14,5,2025-08-18,At Risk
11600,693,2025-09-01,58,9,13,2,2025-09-15,At Risk
11601,693,2025-10-01,58,8,8,5,2025-10-21,At Risk
11602,693,2025-11-01,13,4,7,8,2025-11-10,Critical
11603,693,2025-12-01,21,1,6,8,2025-12-02,Critical
11604,693,2026-01-01,33,3,4,7,2026-01-04,Critical
11605,693,2026-02-01,11,2,5,5,2026-02-03,Critical
11606,693,2026-03-01,209,26,36,2,2026-03-28,Healthy
11607,693,2026-04-01,129,26,50,2,2026-04-25,Healthy
11608,693,2026-05-01,146,28,40,1,2026-05-31,Healthy
11609,693,2026-06-01,139,20,50,0,2026-06-30,Healthy
11610,694,2024-12-01,17,22,27,2,2024-12-29,Healthy
11611,694,2025-01-01,15,24,25,2,2025-01-30,Healthy
11612,694,2025-02-01,16,25,46,1,2025-02-27,Healthy
11613,694,2025-03-01,10,22,49,0,2025-03-27,Healthy
11614,694,2025-04-01,12,29,23,2,2025-04-29,Healthy
11615,694,2025-05-01,4,9,17,3,2025-05-16,At Risk
11616,694,2025-06-01,6,14,17,1,2025-06-22,At Risk
11617,694,2025-07-01,6,10,12,5,2025-07-20,At Risk
11618,694,2025-08-01,16,26,20,2,2025-08-28,Healthy
11619,694,2025-09-01,11,22,20,0,2025-09-28,Healthy
11620,694,2025-10-01,5,13,19,4,2025-10-19,At Risk
11621,694,2025-11-01,7,10,10,5,2025-11-19,At Risk
11622,694,2025-12-01,7,12,8,3,2025-12-17,At Risk
11623,694,2026-01-01,1,4,4,5,2026-01-14,Critical
11624,694,2026-02-01,3,1,1,4,2026-01-29,Critical
11625,694,2026-03-01,3,2,3,6,2026-03-06,Critical
11626,694,2026-04-01,1,2,2,7,2026-04-09,Critical
11627,694,2026-05-01,6,7,13,2,2026-05-23,At Risk
11628,694,2026-06-01,9,22,42,0,2026-06-27,Healthy
11629,695,2025-03-01,319,17,46,1,2025-03-31,Healthy
11630,695,2025-04-01,52,2,4,8,2025-04-03,Critical
11631,695,2025-05-01,190,7,10,3,2025-05-18,At Risk
11632,695,2025-06-01,326,30,23,0,2025-06-25,Healthy
11633,695,2025-07-01,279,29,24,1,2025-07-27,Healthy
11634,695,2025-08-01,262,29,33,1,2025-08-27,Healthy
11635,695,2025-09-01,229,25,49,2,2025-09-26,Healthy
11636,695,2025-10-01,221,28,47,2,2025-10-31,Healthy
11637,695,2025-11-01,287,15,22,1,2025-11-27,Healthy
11638,695,2025-12-01,269,27,24,2,2025-12-27,Healthy
11639,695,2026-01-01,200,20,22,2,2026-01-29,Healthy
11640,695,2026-02-01,203,26,45,0,2026-02-27,Healthy
11641,695,2026-03-01,235,17,39,2,2026-03-29,Healthy
11642,695,2026-04-01,249,20,50,1,2026-04-26,Healthy
11643,695,2026-05-01,333,24,39,1,2026-05-29,Healthy
11644,695,2026-06-01,208,19,28,2,2026-06-28,Healthy
11645,696,2024-07-01,170,11,8,4,2024-07-20,At Risk
11646,696,2024-08-01,333,23,35,2,2024-08-31,Healthy
11647,696,2024-09-01,159,11,15,4,2024-09-15,At Risk
11648,696,2024-10-01,108,5,10,5,2024-10-23,At Risk
11649,696,2024-11-01,149,10,8,1,2024-11-22,At Risk
11650,696,2024-12-01,147,6,11,5,2024-12-17,At Risk
11651,696,2025-01-01,203,16,39,0,2025-01-30,Healthy
11652,696,2025-02-01,308,30,23,1,2025-02-28,Healthy
11653,696,2025-03-01,237,28,36,1,2025-03-29,Healthy
11654,696,2025-04-01,334,26,24,1,2025-04-26,Healthy
11655,696,2025-05-01,231,19,42,0,2025-05-31,Healthy
11656,696,2025-06-01,289,25,50,2,2025-06-29,Healthy
11657,696,2025-07-01,225,23,31,2,2025-07-29,Healthy
11658,696,2025-08-01,214,17,32,2,2025-08-26,Healthy
11659,696,2025-09-01,196,15,27,0,2025-09-29,Healthy
11660,696,2025-10-01,299,16,36,1,2025-10-31,Healthy
11661,696,2025-11-01,343,23,33,2,2025-11-25,Healthy
11662,696,2025-12-01,136,12,14,2,2025-12-23,At Risk
11663,696,2026-01-01,152,6,15,5,2026-01-16,At Risk
11664,696,2026-02-01,121,14,19,4,2026-02-19,At Risk
11665,696,2026-03-01,64,2,2,8,2026-03-11,Critical
11666,696,2026-04-01,115,10,17,5,2026-04-23,At Risk
11667,696,2026-05-01,104,5,18,5,2026-05-18,At Risk
11668,696,2026-06-01,110,10,16,2,2026-06-20,At Risk
11669,697,2024-06-01,39,17,29,2,2024-06-30,Healthy
11670,697,2024-07-01,13,9,11,1,2024-07-23,At Risk
11671,697,2024-08-01,18,8,12,3,2024-08-22,At Risk
11672,697,2024-09-01,23,11,15,4,2024-09-17,At Risk
11673,697,2024-10-01,8,1,5,4,2024-10-09,Critical
11674,697,2024-11-01,7,3,2,3,2024-11-13,Critical
11675,697,2024-12-01,40,24,24,1,2024-12-28,Healthy
11676,697,2025-01-01,33,29,20,1,2025-01-27,Healthy
11677,697,2025-02-01,46,26,38,2,2025-02-23,Healthy
11678,697,2025-03-01,48,22,39,2,2025-03-28,Healthy
11679,697,2025-04-01,51,15,33,0,2025-04-28,Healthy
11680,697,2025-05-01,30,26,48,2,2025-05-26,Healthy
11681,697,2025-06-01,51,28,33,1,2025-06-27,Healthy
11682,697,2025-07-01,49,18,41,0,2025-07-29,Healthy
11683,697,2025-08-01,41,25,46,1,2025-08-31,Healthy
11684,697,2025-09-01,21,10,12,3,2025-09-20,At Risk
11685,697,2025-10-01,9,4,2,4,2025-10-02,Critical
11686,697,2025-11-01,4,0,3,5,2025-11-03,Critical
11687,697,2025-12-01,9,1,6,4,2025-12-09,Critical
11688,697,2026-01-01,9,4,3,5,2026-01-06,Critical
11689,697,2026-02-01,7,2,4,8,2026-02-02,Critical
11690,697,2026-03-01,11,7,8,3,2026-03-19,At Risk
11691,697,2026-04-01,15,8,8,3,2026-04-24,At Risk
11692,697,2026-05-01,38,19,25,0,2026-05-26,Healthy
11693,697,2026-06-01,24,10,16,2,2026-06-24,At Risk
11694,698,2024-07-01,49,29,21,0,2024-07-29,Healthy
11695,698,2024-08-01,46,26,37,1,2024-08-31,Healthy
11696,698,2024-09-01,27,17,29,1,2024-09-28,Healthy
11697,698,2024-10-01,44,20,43,1,2024-10-29,Healthy
11698,698,2024-11-01,32,20,37,1,2024-11-29,Healthy
11699,698,2024-12-01,28,15,27,2,2024-12-29,Healthy
11700,698,2025-01-01,45,21,32,2,2025-01-30,Healthy
11701,698,2025-02-01,28,18,37,1,2025-02-26,Healthy
11702,698,2025-03-01,42,20,37,2,2025-03-29,Healthy
11703,698,2025-04-01,28,23,25,1,2025-04-25,Healthy
11704,698,2025-05-01,29,17,48,1,2025-05-28,Healthy
11705,698,2025-06-01,35,30,21,2,2025-06-27,Healthy
11706,698,2025-07-01,36,27,21,1,2025-07-26,Healthy
11707,698,2025-08-01,46,27,40,0,2025-08-29,Healthy
11708,698,2025-09-01,41,30,29,1,2025-09-26,Healthy
11709,698,2025-10-01,36,30,29,2,2025-10-30,Healthy
11710,698,2025-11-01,14,5,14,1,2025-11-19,At Risk
11711,698,2025-12-01,30,16,48,0,2025-12-29,Healthy
11712,698,2026-01-01,11,12,16,4,2026-01-22,At Risk
11713,698,2026-02-01,10,6,8,4,2026-02-22,At Risk
11714,698,2026-03-01,3,1,5,8,2026-03-15,Critical
11715,698,2026-04-01,10,11,19,3,2026-04-20,At Risk
11716,698,2026-05-01,7,0,7,7,2026-05-07,Critical
11717,698,2026-06-01,24,14,19,3,2026-06-19,At Risk
11718,699,2025-11-01,102,24,27,2,2025-11-27,Healthy
11719,699,2025-12-01,75,15,20,0,2025-12-30,Healthy
11720,699,2026-01-01,102,17,27,2,2026-01-31,Healthy
11721,699,2026-02-01,71,16,35,2,2026-02-26,Healthy
11722,699,2026-03-01,74,19,50,2,2026-03-30,Healthy
11723,699,2026-04-01,38,6,15,2,2026-04-22,At Risk
11724,699,2026-05-01,56,9,18,1,2026-05-25,At Risk
11725,699,2026-06-01,30,5,10,5,2026-06-20,At Risk
11726,700,2024-11-01,40,27,38,0,2024-11-27,Healthy
11727,700,2024-12-01,33,24,37,2,2024-12-28,Healthy
11728,700,2025-01-01,33,18,50,0,2025-01-28,Healthy
11729,700,2025-02-01,34,15,43,2,2025-02-28,Healthy
11730,700,2025-03-01,36,15,29,1,2025-03-29,Healthy
11731,700,2025-04-01,30,26,48,2,2025-04-25,Healthy
11732,700,2025-05-01,37,26,22,2,2025-05-27,Healthy
11733,700,2025-06-01,35,19,22,0,2025-06-30,Healthy
11734,700,2025-07-01,30,22,33,1,2025-07-30,Healthy
11735,700,2025-08-01,17,6,10,1,2025-08-23,At Risk
11736,700,2025-09-01,32,30,33,1,2025-09-28,Healthy
11737,700,2025-10-01,32,17,43,1,2025-10-26,Healthy
11738,700,2025-11-01,20,6,16,5,2025-11-23,At Risk
11739,700,2025-12-01,4,3,6,6,2025-12-08,Critical
11740,700,2026-01-01,16,12,13,5,2026-01-25,At Risk
11741,700,2026-02-01,15,6,18,2,2026-02-18,At Risk
11742,700,2026-03-01,33,30,36,2,2026-03-27,Healthy
11743,700,2026-04-01,22,27,26,1,2026-04-25,Healthy
11744,700,2026-05-01,32,24,27,2,2026-05-31,Healthy
11745,700,2026-06-01,24,20,31,2,2026-06-26,Healthy
11746,701,2024-09-01,16,24,31,2,2024-09-30,Healthy
11747,701,2024-10-01,14,15,44,0,2024-10-27,Healthy
11748,701,2024-11-01,15,29,28,0,2024-11-29,Healthy
11749,701,2024-12-01,5,14,14,4,2024-12-17,At Risk
11750,701,2025-01-01,10,19,36,2,2025-01-28,Healthy
11751,701,2025-02-01,11,17,49,0,2025-02-28,Healthy
11752,701,2025-03-01,6,11,13,5,2025-03-16,At Risk
11753,701,2025-04-01,1,1,3,3,2025-04-10,Critical
11754,701,2025-05-01,6,14,19,1,2025-05-24,At Risk
11755,701,2025-06-01,8,13,18,4,2025-06-19,At Risk
11756,701,2025-07-01,4,8,17,2,2025-07-21,At Risk
11757,701,2025-08-01,4,5,15,3,2025-08-23,At Risk
11758,701,2025-09-01,7,5,14,4,2025-09-23,At Risk
11759,701,2025-10-01,4,7,18,1,2025-10-24,At Risk
11760,701,2025-11-01,7,9,14,2,2025-11-16,At Risk
11761,701,2025-12-01,8,8,17,2,2025-12-19,At Risk
11762,701,2026-01-01,3,2,3,4,2026-01-13,Critical
11763,701,2026-02-01,2,3,1,7,2026-02-02,Critical
11764,701,2026-03-01,1,2,4,6,2026-03-12,Critical
11765,701,2026-04-01,6,8,18,2,2026-04-17,At Risk
11766,701,2026-05-01,7,9,16,1,2026-05-25,At Risk
11767,701,2026-06-01,5,6,17,3,2026-06-22,At Risk
11768,702,2025-04-01,56,18,33,2,2025-04-30,Healthy
11769,702,2025-05-01,61,29,37,2,2025-05-27,Healthy
11770,702,2025-06-01,56,20,33,2,2025-06-30,Healthy
11771,702,2025-07-01,35,27,27,1,2025-07-28,Healthy
11772,702,2025-08-01,54,21,36,2,2025-08-29,Healthy
11773,702,2025-09-01,63,27,49,2,2025-09-30,Healthy
11774,702,2025-10-01,39,18,32,0,2025-10-30,Healthy
11775,702,2025-11-01,59,17,43,0,2025-11-27,Healthy
11776,702,2025-12-01,59,16,40,1,2025-12-28,Healthy
11777,702,2026-01-01,63,16,46,0,2026-01-28,Healthy
11778,702,2026-02-01,54,22,39,1,2026-02-25,Healthy
11779,702,2026-03-01,47,22,20,2,2026-03-26,Healthy
11780,702,2026-04-01,26,8,12,2,2026-04-23,At Risk
11781,702,2026-05-01,50,19,49,1,2026-05-28,Healthy
11782,702,2026-06-01,58,22,41,0,2026-06-30,Healthy
11783,703,2026-01-01,47,1,3,3,2026-01-09,Critical
11784,703,2026-02-01,49,1,3,4,2026-02-02,Critical
11785,703,2026-03-01,14,0,0,8,2026-03-11,Critical
11786,703,2026-04-01,40,4,5,5,2026-04-07,Critical
11787,703,2026-05-01,164,17,36,0,2026-05-30,Healthy
11788,703,2026-06-01,165,30,48,2,2026-06-30,Healthy
11789,704,2025-03-01,22,17,28,0,2025-03-28,Healthy
11790,704,2025-04-01,1,2,0,6,2025-03-31,Critical
11791,704,2025-05-01,11,9,10,4,2025-05-24,At Risk
11792,704,2025-06-01,13,14,13,3,2025-06-16,At Risk
11793,704,2025-07-01,11,11,12,5,2025-07-17,At Risk
11794,704,2025-08-01,6,14,15,5,2025-08-20,At Risk
11795,704,2025-09-01,9,6,8,5,2025-09-22,At Risk
11796,704,2025-10-01,10,9,18,4,2025-10-16,At Risk
11797,704,2025-11-01,8,6,14,2,2025-11-19,At Risk
11798,704,2025-12-01,11,12,14,4,2025-12-22,At Risk
11799,704,2026-01-01,8,8,17,5,2026-01-19,At Risk
11800,704,2026-02-01,8,13,13,2,2026-02-16,At Risk
11801,704,2026-03-01,26,27,23,0,2026-03-29,Healthy
11802,704,2026-04-01,18,24,38,2,2026-04-26,Healthy
11803,704,2026-05-01,17,29,44,2,2026-05-30,Healthy
11804,704,2026-06-01,25,16,41,1,2026-06-26,Healthy
11805,705,2026-01-01,52,24,44,2,2026-01-26,Healthy
11806,705,2026-02-01,50,19,31,0,2026-02-24,Healthy
11807,705,2026-03-01,23,5,11,2,2026-03-23,At Risk
11808,705,2026-04-01,24,6,12,5,2026-04-16,At Risk
11809,705,2026-05-01,26,10,19,1,2026-05-22,At Risk
11810,705,2026-06-01,16,12,18,1,2026-06-17,At Risk
11811,706,2024-12-01,77,22,22,2,2024-12-28,Healthy
11812,706,2025-01-01,107,16,38,2,2025-01-30,Healthy
11813,706,2025-02-01,102,19,35,0,2025-02-23,Healthy
11814,706,2025-03-01,78,24,46,2,2025-03-30,Healthy
11815,706,2025-04-01,65,25,31,0,2025-04-27,Healthy
11816,706,2025-05-01,71,26,20,2,2025-05-26,Healthy
11817,706,2025-06-01,96,27,35,0,2025-06-30,Healthy
11818,706,2025-07-01,119,21,32,1,2025-07-31,Healthy
11819,706,2025-08-01,83,21,50,1,2025-08-27,Healthy
11820,706,2025-09-01,116,16,44,2,2025-09-25,Healthy
11821,706,2025-10-01,71,28,45,2,2025-10-27,Healthy
11822,706,2025-11-01,119,25,29,0,2025-11-27,Healthy
11823,706,2025-12-01,102,21,33,0,2025-12-28,Healthy
11824,706,2026-01-01,88,18,27,1,2026-01-28,Healthy
11825,706,2026-02-01,96,23,35,2,2026-02-24,Healthy
11826,706,2026-03-01,112,16,47,0,2026-03-30,Healthy
11827,706,2026-04-01,52,9,12,2,2026-04-19,At Risk
11828,706,2026-05-01,21,0,1,7,2026-05-07,Critical
11829,706,2026-06-01,95,25,26,2,2026-06-28,Healthy
11830,707,2025-12-01,57,15,25,0,2025-12-27,Healthy
11831,707,2026-01-01,61,19,24,2,2026-01-31,Healthy
11832,707,2026-02-01,56,22,37,2,2026-02-28,Healthy
11833,707,2026-03-01,37,15,26,2,2026-03-31,Healthy
11834,707,2026-04-01,48,20,43,2,2026-04-27,Healthy
11835,707,2026-05-01,60,21,44,0,2026-05-29,Healthy
11836,707,2026-06-01,40,23,37,2,2026-06-30,Healthy
11837,708,2024-10-01,33,13,16,5,2024-10-17,At Risk
11838,708,2024-11-01,16,1,1,4,2024-11-11,Critical
11839,708,2024-12-01,7,2,0,7,2024-12-09,Critical
11840,708,2025-01-01,46,9,17,5,2025-01-22,At Risk
11841,708,2025-02-01,30,6,13,1,2025-02-17,At Risk
11842,708,2025-03-01,20,12,8,5,2025-03-18,At Risk
11843,708,2025-04-01,10,4,6,7,2025-04-02,Critical
11844,708,2025-05-01,5,3,5,3,2025-05-15,Critical
11845,708,2025-06-01,5,3,0,6,2025-06-09,Critical
11846,708,2025-07-01,41,14,16,4,2025-07-19,At Risk
11847,708,2025-08-01,15,4,6,5,2025-08-09,Critical
11848,708,2025-09-01,10,0,5,5,2025-09-04,Critical
11849,708,2025-10-01,14,3,2,8,2025-10-13,Critical
11850,708,2025-11-01,14,2,5,8,2025-11-03,Critical
11851,708,2025-12-01,18,7,10,1,2025-12-17,At Risk
11852,708,2026-01-01,82,18,32,1,2026-01-27,Healthy
11853,708,2026-02-01,59,15,35,2,2026-02-24,Healthy
11854,708,2026-03-01,82,21,45,2,2026-03-27,Healthy
11855,708,2026-04-01,57,22,25,2,2026-04-27,Healthy
11856,708,2026-05-01,48,15,20,0,2026-05-26,Healthy
11857,708,2026-06-01,58,18,40,0,2026-06-27,Healthy
11858,709,2025-11-01,15,20,47,2,2025-11-25,Healthy
11859,709,2025-12-01,21,28,28,2,2025-12-28,Healthy
11860,709,2026-01-01,12,21,49,2,2026-01-31,Healthy
11861,709,2026-02-01,16,26,23,2,2026-02-25,Healthy
11862,709,2026-03-01,15,26,46,0,2026-03-27,Healthy
11863,709,2026-04-01,22,15,29,2,2026-04-27,Healthy
11864,709,2026-05-01,13,28,22,1,2026-05-26,Healthy
11865,709,2026-06-01,11,25,37,0,2026-06-28,Healthy
11866,710,2024-07-01,65,26,35,1,2024-07-28,Healthy
11867,710,2024-08-01,57,26,28,0,2024-08-28,Healthy
11868,710,2024-09-01,53,24,46,0,2024-09-26,Healthy
11869,710,2024-10-01,37,22,33,0,2024-10-28,Healthy
11870,710,2024-11-01,60,22,31,0,2024-11-29,Healthy
11871,710,2024-12-01,64,18,46,0,2024-12-29,Healthy
11872,710,2025-01-01,3,3,6,6,2025-01-08,Critical
11873,710,2025-02-01,36,8,13,5,2025-02-17,At Risk
11874,710,2025-03-01,11,2,3,3,2025-03-03,Critical
11875,710,2025-04-01,3,3,3,4,2025-04-05,Critical
11876,710,2025-05-01,7,2,7,6,2025-05-09,Critical
11877,710,2025-06-01,7,4,3,6,2025-06-14,Critical
11878,710,2025-07-01,7,2,6,5,2025-07-09,Critical
11879,710,2025-08-01,17,7,10,1,2025-08-16,At Risk
11880,710,2025-09-01,6,1,6,4,2025-09-07,Critical
11881,710,2025-10-01,9,1,5,7,2025-10-05,Critical
11882,710,2025-11-01,16,13,15,2,2025-11-23,At Risk
11883,710,2025-12-01,20,10,9,4,2025-12-22,At Risk
11884,710,2026-01-01,53,23,27,1,2026-01-27,Healthy
11885,710,2026-02-01,46,23,25,0,2026-02-23,Healthy
11886,710,2026-03-01,66,26,46,0,2026-03-26,Healthy
11887,710,2026-04-01,11,3,7,7,2026-03-31,Critical
11888,710,2026-05-01,7,0,0,3,2026-05-02,Critical
11889,710,2026-06-01,58,20,31,2,2026-06-25,Healthy
11890,711,2024-04-01,66,24,34,0,2024-04-25,Healthy
11891,711,2024-05-01,38,24,45,1,2024-05-29,Healthy
11892,711,2024-06-01,54,16,26,1,2024-06-25,Healthy
11893,711,2024-07-01,44,29,35,0,2024-07-26,Healthy
11894,711,2024-08-01,74,26,37,1,2024-08-29,Healthy
11895,711,2024-09-01,14,13,19,4,2024-09-18,At Risk
11896,711,2024-10-01,45,17,23,1,2024-10-29,Healthy
11897,711,2024-11-01,64,24,22,2,2024-11-28,Healthy
11898,711,2024-12-01,38,29,27,1,2024-12-30,Healthy
11899,711,2025-01-01,53,28,30,1,2025-01-30,Healthy
11900,711,2025-02-01,72,22,29,0,2025-02-26,Healthy
11901,711,2025-03-01,34,5,10,4,2025-03-25,At Risk
11902,711,2025-04-01,54,25,35,1,2025-04-27,Healthy
11903,711,2025-05-01,42,18,20,0,2025-05-27,Healthy
11904,711,2025-06-01,59,24,28,0,2025-06-25,Healthy
11905,711,2025-07-01,30,13,8,1,2025-07-22,At Risk
11906,711,2025-08-01,30,10,14,4,2025-08-19,At Risk
11907,711,2025-09-01,52,30,46,0,2025-09-30,Healthy
11908,711,2025-10-01,5,3,0,6,2025-10-03,Critical
11909,711,2025-11-01,29,12,14,4,2025-11-23,At Risk
11910,711,2025-12-01,13,0,0,5,2025-12-07,Critical
11911,711,2026-01-01,14,0,3,5,2026-01-12,Critical
11912,711,2026-02-01,36,6,14,2,2026-02-18,At Risk
11913,711,2026-03-01,64,28,31,2,2026-03-27,Healthy
11914,711,2026-04-01,49,22,42,1,2026-04-28,Healthy
11915,711,2026-05-01,49,26,20,2,2026-05-26,Healthy
11916,711,2026-06-01,72,19,26,0,2026-06-28,Healthy
11917,712,2025-07-01,215,24,36,2,2025-07-26,Healthy
11918,712,2025-08-01,248,21,28,0,2025-08-29,Healthy
11919,712,2025-09-01,298,17,33,0,2025-09-28,Healthy
11920,712,2025-10-01,248,22,36,0,2025-10-27,Healthy
11921,712,2025-11-01,179,28,21,1,2025-11-27,Healthy
11922,712,2025-12-01,145,8,13,1,2025-12-22,At Risk
11923,712,2026-01-01,80,6,10,3,2026-01-23,At Risk
11924,712,2026-02-01,162,11,13,3,2026-02-20,At Risk
11925,712,2026-03-01,142,5,13,4,2026-03-21,At Risk
11926,712,2026-04-01,159,11,19,2,2026-04-24,At Risk
11927,712,2026-05-01,140,6,12,4,2026-05-19,At Risk
11928,712,2026-06-01,151,13,13,4,2026-06-21,At Risk
11929,713,2024-12-01,2726,17,28,2,2024-12-28,Healthy
11930,713,2025-01-01,2669,20,48,0,2025-01-29,Healthy
11931,713,2025-02-01,1650,9,10,2,2025-02-22,At Risk
11932,713,2025-03-01,1625,11,18,2,2025-03-23,At Risk
11933,713,2025-04-01,1152,13,10,1,2025-04-15,At Risk
11934,713,2025-05-01,3613,17,22,0,2025-05-27,Healthy
11935,713,2025-06-01,3409,17,48,0,2025-06-27,Healthy
11936,713,2025-07-01,895,13,10,5,2025-07-19,At Risk
11937,713,2025-08-01,1111,14,15,2,2025-08-25,At Risk
11938,713,2025-09-01,3535,30,25,2,2025-09-27,Healthy
11939,713,2025-10-01,2923,30,35,1,2025-10-29,Healthy
11940,713,2025-11-01,1033,14,14,5,2025-11-24,At Risk
11941,713,2025-12-01,528,2,7,3,2025-12-10,Critical
11942,713,2026-01-01,1321,13,11,1,2026-01-22,At Risk
11943,713,2026-02-01,1818,13,8,4,2026-02-17,At Risk
11944,713,2026-03-01,2801,30,36,0,2026-03-31,Healthy
11945,713,2026-04-01,2711,20,29,0,2026-04-28,Healthy
11946,713,2026-05-01,2017,22,50,2,2026-05-26,Healthy
11947,713,2026-06-01,2076,27,31,1,2026-06-28,Healthy
11948,714,2025-10-01,1058,25,44,2,2025-10-27,Healthy
11949,714,2025-11-01,1606,17,47,0,2025-11-28,Healthy
11950,714,2025-12-01,1846,29,33,0,2025-12-30,Healthy
11951,714,2026-01-01,1606,26,42,1,2026-01-30,Healthy
11952,714,2026-02-01,2011,15,27,1,2026-02-27,Healthy
11953,714,2026-03-01,1376,28,30,1,2026-03-30,Healthy
11954,714,2026-04-01,1150,23,50,2,2026-04-29,Healthy
11955,714,2026-05-01,389,14,14,1,2026-05-20,At Risk
11956,714,2026-06-01,97,2,1,4,2026-06-01,Critical
11957,715,2024-01-01,15,16,43,2,2024-01-30,Healthy
11958,715,2024-02-01,21,17,26,2,2024-02-25,Healthy
11959,715,2024-03-01,6,3,6,5,2024-03-01,Critical
11960,715,2024-04-01,5,4,3,8,2024-04-02,Critical
11961,715,2024-05-01,4,4,6,7,2024-05-08,Critical
11962,715,2024-06-01,4,3,0,4,2024-06-04,Critical
11963,715,2024-07-01,1,3,7,4,2024-07-08,Critical
11964,715,2024-08-01,3,0,3,4,2024-08-05,Critical
11965,715,2024-09-01,8,7,9,4,2024-09-17,At Risk
11966,715,2024-10-01,10,6,18,3,2024-10-23,At Risk
11967,715,2024-11-01,1,4,0,3,2024-10-31,Critical
11968,715,2024-12-01,3,3,6,6,2024-12-12,Critical
11969,715,2025-01-01,1,3,7,3,2025-01-02,Critical
11970,715,2025-02-01,27,16,41,2,2025-02-23,Healthy
11971,715,2025-03-01,7,7,16,3,2025-03-21,At Risk
11972,715,2025-04-01,13,6,10,2,2025-04-20,At Risk
11973,715,2025-05-01,14,14,13,4,2025-05-25,At Risk
11974,715,2025-06-01,5,1,4,6,2025-06-07,Critical
11975,715,2025-07-01,2,1,4,3,2025-07-10,Critical
11976,715,2025-08-01,2,3,4,4,2025-08-14,Critical
11977,715,2025-09-01,3,3,4,6,2025-09-11,Critical
11978,715,2025-10-01,14,13,15,1,2025-10-23,At Risk
11979,715,2025-11-01,20,23,44,2,2025-11-26,Healthy
11980,715,2025-12-01,23,19,25,0,2025-12-30,Healthy
11981,715,2026-01-01,26,21,50,2,2026-01-31,Healthy
11982,715,2026-02-01,24,29,43,2,2026-02-28,Healthy
11983,715,2026-03-01,18,24,36,2,2026-03-27,Healthy
11984,715,2026-04-01,16,21,40,1,2026-04-30,Healthy
11985,715,2026-05-01,26,22,50,1,2026-05-29,Healthy
11986,715,2026-06-01,22,16,50,0,2026-06-28,Healthy
11987,716,2025-10-01,5,0,5,7,2025-10-02,Critical
11988,716,2025-11-01,19,1,0,6,2025-11-14,Critical
11989,716,2025-12-01,3,1,5,6,2025-12-04,Critical
11990,716,2026-01-01,27,10,14,2,2026-01-16,At Risk
11991,716,2026-02-01,16,0,5,7,2026-02-04,Critical
11992,716,2026-03-01,6,0,7,3,2026-03-12,Critical
11993,716,2026-04-01,6,4,1,6,2026-04-10,Critical
11994,716,2026-05-01,20,4,5,3,2026-05-11,Critical
11995,716,2026-06-01,14,1,5,6,2026-06-05,Critical
11996,717,2024-06-01,17,24,20,2,2024-06-26,Healthy
11997,717,2024-07-01,1,4,1,6,2024-07-02,Critical
11998,717,2024-08-01,4,3,4,7,2024-08-07,Critical
11999,717,2024-09-01,3,2,0,6,2024-09-04,Critical
12000,717,2024-10-01,6,13,14,3,2024-10-19,At Risk
12001,717,2024-11-01,6,10,19,3,2024-11-21,At Risk
12002,717,2024-12-01,12,16,29,0,2024-12-28,Healthy
12003,717,2025-01-01,15,16,49,2,2025-01-26,Healthy
12004,717,2025-02-01,15,27,23,1,2025-02-28,Healthy
12005,717,2025-03-01,18,16,25,2,2025-03-28,Healthy
12006,717,2025-04-01,22,22,30,0,2025-04-29,Healthy
12007,717,2025-05-01,14,29,25,0,2025-05-27,Healthy
12008,717,2025-06-01,10,11,8,4,2025-06-19,At Risk
12009,717,2025-07-01,2,2,5,8,2025-07-02,Critical
12010,717,2025-08-01,8,11,19,3,2025-08-22,At Risk
12011,717,2025-09-01,8,11,14,3,2025-09-19,At Risk
12012,717,2025-10-01,8,14,14,4,2025-10-22,At Risk
12013,717,2025-11-01,5,8,16,3,2025-11-21,At Risk
12014,717,2025-12-01,4,4,3,5,2025-12-15,Critical
12015,717,2026-01-01,6,10,10,4,2026-01-19,At Risk
12016,717,2026-02-01,8,10,16,5,2026-02-15,At Risk
12017,717,2026-03-01,7,13,15,2,2026-03-21,At Risk
12018,717,2026-04-01,4,4,5,3,2026-04-14,Critical
12019,717,2026-05-01,11,7,15,3,2026-05-18,At Risk
12020,717,2026-06-01,3,3,7,8,2026-06-01,Critical
12021,718,2024-05-01,30,21,49,2,2024-05-28,Healthy
12022,718,2024-06-01,33,23,20,2,2024-06-25,Healthy
12023,718,2024-07-01,26,23,47,1,2024-07-30,Healthy
12024,718,2024-08-01,51,28,34,0,2024-08-30,Healthy
12025,718,2024-09-01,28,23,20,0,2024-09-27,Healthy
12026,718,2024-10-01,47,20,36,0,2024-10-28,Healthy
12027,718,2024-11-01,44,29,36,1,2024-11-26,Healthy
12028,718,2024-12-01,41,19,26,0,2024-12-30,Healthy
12029,718,2025-01-01,14,10,17,4,2025-01-24,At Risk
12030,718,2025-02-01,6,3,1,4,2025-02-08,Critical
12031,718,2025-03-01,9,3,2,6,2025-03-03,Critical
12032,718,2025-04-01,34,19,26,0,2025-04-25,Healthy
12033,718,2025-05-01,31,28,34,2,2025-05-30,Healthy
12034,718,2025-06-01,9,1,7,3,2025-06-13,Critical
12035,718,2025-07-01,10,14,19,3,2025-07-17,At Risk
12036,718,2025-08-01,47,19,43,0,2025-08-26,Healthy
12037,718,2025-09-01,37,21,24,2,2025-09-29,Healthy
12038,718,2025-10-01,26,9,16,4,2025-10-23,At Risk
12039,718,2025-11-01,4,2,5,7,2025-11-09,Critical
12040,718,2025-12-01,36,25,27,0,2025-12-28,Healthy
12041,718,2026-01-01,44,25,33,2,2026-01-31,Healthy
12042,718,2026-02-01,30,21,22,0,2026-02-24,Healthy
12043,718,2026-03-01,11,5,13,2,2026-03-25,At Risk
12044,718,2026-04-01,25,9,18,4,2026-04-17,At Risk
12045,718,2026-05-01,29,16,41,2,2026-05-31,Healthy
12046,718,2026-06-01,17,5,15,3,2026-06-23,At Risk
12047,719,2025-02-01,19,5,19,4,2025-02-14,At Risk
12048,719,2025-03-01,17,13,16,2,2025-03-21,At Risk
12049,719,2025-04-01,20,13,10,1,2025-04-17,At Risk
12050,719,2025-05-01,25,20,30,1,2025-05-27,Healthy
12051,719,2025-06-01,15,10,18,5,2025-06-18,At Risk
12052,719,2025-07-01,5,0,5,7,2025-07-07,Critical
12053,719,2025-08-01,7,3,5,6,2025-08-11,Critical
12054,719,2025-09-01,20,5,18,5,2025-09-22,At Risk
12055,719,2025-10-01,12,14,10,3,2025-10-18,At Risk
12056,719,2025-11-01,30,29,47,1,2025-11-29,Healthy
12057,719,2025-12-01,17,10,12,3,2025-12-20,At Risk
12058,719,2026-01-01,13,8,17,5,2026-01-18,At Risk
12059,719,2026-02-01,12,6,16,5,2026-02-20,At Risk
12060,719,2026-03-01,24,19,41,2,2026-03-31,Healthy
12061,719,2026-04-01,24,23,28,0,2026-04-30,Healthy
12062,719,2026-05-01,30,27,26,1,2026-05-31,Healthy
12063,719,2026-06-01,25,29,30,1,2026-06-25,Healthy
12064,720,2024-11-01,83,25,21,1,2024-11-30,Healthy
12065,720,2024-12-01,54,11,8,1,2024-12-18,At Risk
12066,720,2025-01-01,20,4,7,8,2025-01-08,Critical
12067,720,2025-02-01,29,9,18,1,2025-02-17,At Risk
12068,720,2025-03-01,19,2,2,4,2025-03-06,Critical
12069,720,2025-04-01,101,23,36,1,2025-04-29,Healthy
12070,720,2025-05-01,100,17,25,0,2025-05-31,Healthy
12071,720,2025-06-01,114,22,27,0,2025-06-25,Healthy
12072,720,2025-07-01,86,28,26,1,2025-07-26,Healthy
12073,720,2025-08-01,132,15,34,1,2025-08-30,Healthy
12074,720,2025-09-01,66,6,14,4,2025-09-20,At Risk
12075,720,2025-10-01,27,13,17,4,2025-10-17,At Risk
12076,720,2025-11-01,67,13,9,1,2025-11-16,At Risk
12077,720,2025-12-01,13,1,2,6,2025-12-06,Critical
12078,720,2026-01-01,67,8,12,4,2026-01-19,At Risk
12079,720,2026-02-01,74,25,22,2,2026-02-28,Healthy
12080,720,2026-03-01,111,27,25,0,2026-03-30,Healthy
12081,720,2026-04-01,84,16,34,1,2026-04-26,Healthy
12082,720,2026-05-01,72,19,45,1,2026-05-28,Healthy
12083,720,2026-06-01,98,20,42,1,2026-06-30,Healthy
12084,721,2025-07-01,5,2,1,8,2025-07-09,Critical
12085,721,2025-08-01,16,12,14,5,2025-08-20,At Risk
12086,721,2025-09-01,45,28,35,0,2025-09-29,Healthy
12087,721,2025-10-01,37,30,34,0,2025-10-29,Healthy
12088,721,2025-11-01,47,23,38,1,2025-11-26,Healthy
12089,721,2025-12-01,16,12,13,2,2025-12-20,At Risk
12090,721,2026-01-01,21,14,10,5,2026-01-21,At Risk
12091,721,2026-02-01,18,13,19,4,2026-02-18,At Risk
12092,721,2026-03-01,35,8,16,1,2026-03-22,At Risk
12093,721,2026-04-01,25,10,12,4,2026-04-22,At Risk
12094,721,2026-05-01,25,14,11,5,2026-05-24,At Risk
12095,721,2026-06-01,30,10,16,4,2026-06-24,At Risk
12096,722,2025-07-01,49,18,38,2,2025-07-31,Healthy
12097,722,2025-08-01,11,3,3,6,2025-08-05,Critical
12098,722,2025-09-01,3,4,0,5,2025-09-03,Critical
12099,722,2025-10-01,7,1,5,6,2025-10-10,Critical
12100,722,2025-11-01,10,1,7,5,2025-10-31,Critical
12101,722,2025-12-01,7,3,0,8,2025-12-10,Critical
12102,722,2026-01-01,22,12,12,4,2026-01-16,At Risk
12103,722,2026-02-01,24,14,14,2,2026-02-20,At Risk
12104,722,2026-03-01,4,1,7,4,2026-03-08,Critical
12105,722,2026-04-01,57,26,27,1,2026-04-30,Healthy
12106,722,2026-05-01,32,15,26,2,2026-05-31,Healthy
12107,722,2026-06-01,42,20,36,1,2026-06-25,Healthy
12108,723,2025-04-01,109,26,47,1,2025-04-27,Healthy
12109,723,2025-05-01,89,25,33,2,2025-05-30,Healthy
12110,723,2025-06-01,115,26,26,0,2025-06-29,Healthy
12111,723,2025-07-01,88,20,33,0,2025-07-28,Healthy
12112,723,2025-08-01,110,23,46,0,2025-08-27,Healthy
12113,723,2025-09-01,72,25,36,0,2025-09-27,Healthy
12114,723,2025-10-01,19,2,2,8,2025-10-07,Critical
12115,723,2025-11-01,11,1,4,5,2025-11-14,Critical
12116,723,2025-12-01,14,0,6,7,2025-12-11,Critical
12117,723,2026-01-01,56,7,12,5,2026-01-20,At Risk
12118,723,2026-02-01,56,14,11,5,2026-02-19,At Risk
12119,723,2026-03-01,100,25,35,0,2026-03-29,Healthy
12120,723,2026-04-01,24,11,12,4,2026-04-24,At Risk
12121,723,2026-05-01,16,0,7,3,2026-05-12,Critical
12122,723,2026-06-01,55,7,13,1,2026-06-17,At Risk
12123,724,2025-09-01,1,2,6,5,2025-09-11,Critical
12124,724,2025-10-01,1,2,6,6,2025-10-04,Critical
12125,724,2025-11-01,1,4,7,6,2025-11-07,Critical
12126,724,2025-12-01,3,11,9,2,2025-12-25,At Risk
12127,724,2026-01-01,1,2,2,6,2026-01-08,Critical
12128,724,2026-02-01,1,4,2,4,2026-02-03,Critical
12129,724,2026-03-01,1,4,6,6,2026-03-12,Critical
12130,724,2026-04-01,1,1,6,4,2026-04-09,Critical
12131,724,2026-05-01,1,0,0,6,2026-05-05,Critical
12132,724,2026-06-01,1,4,0,8,2026-05-31,Critical
12133,725,2024-12-01,10,16,46,2,2024-12-30,Healthy
12134,725,2025-01-01,12,24,50,2,2025-01-30,Healthy
12135,725,2025-02-01,7,7,19,1,2025-02-16,At Risk
12136,725,2025-03-01,3,8,9,1,2025-03-18,At Risk
12137,725,2025-04-01,3,6,14,1,2025-04-18,At Risk
12138,725,2025-05-01,2,4,2,3,2025-05-06,Critical
12139,725,2025-06-01,1,3,1,8,2025-06-05,Critical
12140,725,2025-07-01,1,1,1,6,2025-07-02,Critical
12141,725,2025-08-01,1,2,0,5,2025-08-01,Critical
12142,725,2025-09-01,9,29,48,1,2025-09-26,Healthy
12143,725,2025-10-01,9,25,48,2,2025-10-29,Healthy
12144,725,2025-11-01,10,24,20,0,2025-11-25,Healthy
12145,725,2025-12-01,2,1,0,8,2025-12-06,Critical
12146,725,2026-01-01,5,7,19,4,2026-01-17,At Risk
12147,725,2026-02-01,7,29,29,2,2026-02-27,Healthy
12148,725,2026-03-01,9,25,30,2,2026-03-31,Healthy
12149,725,2026-04-01,3,10,9,2,2026-04-23,At Risk
12150,725,2026-05-01,5,7,9,4,2026-05-21,At Risk
12151,725,2026-06-01,1,4,3,6,2026-06-10,Critical
12152,726,2025-08-01,17,12,9,3,2025-08-18,At Risk
12153,726,2025-09-01,45,29,23,2,2025-09-27,Healthy
12154,726,2025-10-01,35,17,22,0,2025-10-30,Healthy
12155,726,2025-11-01,30,23,48,0,2025-11-28,Healthy
12156,726,2025-12-01,17,9,15,5,2025-12-19,At Risk
12157,726,2026-01-01,24,11,10,3,2026-01-24,At Risk
12158,726,2026-02-01,11,12,19,3,2026-02-21,At Risk
12159,726,2026-03-01,11,11,13,3,2026-03-25,At Risk
12160,726,2026-04-01,50,16,23,1,2026-04-30,Healthy
12161,726,2026-05-01,3,3,1,5,2026-05-08,Critical
12162,726,2026-06-01,8,3,0,3,2026-06-07,Critical
12163,727,2024-05-01,10,14,13,4,2024-05-24,At Risk
12164,727,2024-06-01,12,6,9,4,2024-06-24,At Risk
12165,727,2024-07-01,7,2,1,7,2024-07-10,Critical
12166,727,2024-08-01,5,3,3,7,2024-08-15,Critical
12167,727,2024-09-01,2,0,6,8,2024-09-14,Critical
12168,727,2024-10-01,14,10,19,3,2024-10-24,At Risk
12169,727,2024-11-01,18,7,15,2,2024-11-22,At Risk
12170,727,2024-12-01,11,7,11,5,2024-12-20,At Risk
12171,727,2025-01-01,21,19,37,1,2025-01-29,Healthy
12172,727,2025-02-01,20,30,38,1,2025-02-23,Healthy
12173,727,2025-03-01,21,25,25,0,2025-03-29,Healthy
12174,727,2025-04-01,19,27,48,1,2025-04-26,Healthy
12175,727,2025-05-01,24,18,39,0,2025-05-30,Healthy
12176,727,2025-06-01,28,15,40,2,2025-06-28,Healthy
12177,727,2025-07-01,23,29,26,1,2025-07-31,Healthy
12178,727,2025-08-01,32,26,39,2,2025-08-28,Healthy
12179,727,2025-09-01,17,7,13,5,2025-09-16,At Risk
12180,727,2025-10-01,31,15,48,2,2025-10-29,Healthy
12181,727,2025-11-01,27,26,37,1,2025-11-26,Healthy
12182,727,2025-12-01,13,5,11,3,2025-12-25,At Risk
12183,727,2026-01-01,3,0,0,8,2026-01-10,Critical
12184,727,2026-02-01,6,4,3,6,2026-02-02,Critical
12185,727,2026-03-01,6,3,3,4,2026-03-08,Critical
12186,727,2026-04-01,16,7,17,4,2026-04-21,At Risk
12187,727,2026-05-01,5,0,7,5,2026-05-07,Critical
12188,727,2026-06-01,10,11,19,1,2026-06-24,At Risk
12189,728,2025-01-01,39,22,48,2,2025-01-30,Healthy
12190,728,2025-02-01,59,16,42,1,2025-02-28,Healthy
12191,728,2025-03-01,60,21,21,1,2025-03-30,Healthy
12192,728,2025-04-01,21,5,9,1,2025-04-19,At Risk
12193,728,2025-05-01,31,10,18,5,2025-05-22,At Risk
12194,728,2025-06-01,24,9,17,2,2025-06-23,At Risk
12195,728,2025-07-01,38,25,45,0,2025-07-31,Healthy
12196,728,2025-08-01,53,28,33,2,2025-08-31,Healthy
12197,728,2025-09-01,51,21,26,1,2025-09-25,Healthy
12198,728,2025-10-01,54,18,36,1,2025-10-26,Healthy
12199,728,2025-11-01,59,29,36,0,2025-11-28,Healthy
12200,728,2025-12-01,69,22,37,0,2025-12-29,Healthy
12201,728,2026-01-01,42,15,42,1,2026-01-30,Healthy
12202,728,2026-02-01,66,18,40,0,2026-02-27,Healthy
12203,728,2026-03-01,20,11,16,5,2026-03-16,At Risk
12204,728,2026-04-01,21,14,18,1,2026-04-15,At Risk
12205,728,2026-05-01,26,7,16,1,2026-05-18,At Risk
12206,728,2026-06-01,17,5,19,5,2026-06-19,At Risk
12207,729,2025-01-01,59,23,31,1,2025-01-31,Healthy
12208,729,2025-02-01,60,20,37,2,2025-02-26,Healthy
12209,729,2025-03-01,33,30,48,1,2025-03-26,Healthy
12210,729,2025-04-01,35,18,33,0,2025-04-28,Healthy
12211,729,2025-05-01,44,17,46,2,2025-05-26,Healthy
12212,729,2025-06-01,35,23,43,1,2025-06-28,Healthy
12213,729,2025-07-01,51,27,40,0,2025-07-31,Healthy
12214,729,2025-08-01,57,17,35,1,2025-08-30,Healthy
12215,729,2025-09-01,55,29,27,0,2025-09-25,Healthy
12216,729,2025-10-01,62,21,47,0,2025-10-26,Healthy
12217,729,2025-11-01,54,29,21,1,2025-11-29,Healthy
12218,729,2025-12-01,8,2,5,4,2025-12-13,Critical
12219,729,2026-01-01,10,0,6,3,2026-01-06,Critical
12220,729,2026-02-01,45,18,50,2,2026-02-27,Healthy
12221,729,2026-03-01,61,15,24,2,2026-03-31,Healthy
12222,729,2026-04-01,52,30,25,1,2026-04-25,Healthy
12223,729,2026-05-01,54,18,23,0,2026-05-27,Healthy
12224,729,2026-06-01,26,8,16,1,2026-06-22,At Risk
12225,730,2025-07-01,3419,22,46,2,2025-07-31,Healthy
12226,730,2025-08-01,3113,16,27,2,2025-08-30,Healthy
12227,730,2025-09-01,2541,21,24,0,2025-09-26,Healthy
12228,730,2025-10-01,3869,22,23,1,2025-10-29,Healthy
12229,730,2025-11-01,3403,24,36,0,2025-11-28,Healthy
12230,730,2025-12-01,3801,26,45,1,2025-12-28,Healthy
12231,730,2026-01-01,3639,30,41,1,2026-01-31,Healthy
12232,730,2026-02-01,3366,29,21,0,2026-02-23,Healthy
12233,730,2026-03-01,3791,30,47,0,2026-03-30,Healthy
12234,730,2026-04-01,3469,25,31,0,2026-04-29,Healthy
12235,730,2026-05-01,2603,15,24,2,2026-05-30,Healthy
12236,730,2026-06-01,3962,23,23,2,2026-06-30,Healthy
12237,731,2024-11-01,350,20,23,0,2024-11-29,Healthy
12238,731,2024-12-01,66,14,14,2,2024-12-19,At Risk
12239,731,2025-01-01,56,0,0,3,2025-01-15,Critical
12240,731,2025-02-01,315,17,50,2,2025-02-28,Healthy
12241,731,2025-03-01,214,19,43,0,2025-03-26,Healthy
12242,731,2025-04-01,346,18,38,0,2025-04-27,Healthy
12243,731,2025-05-01,289,22,50,0,2025-05-31,Healthy
12244,731,2025-06-01,207,15,36,1,2025-06-28,Healthy
12245,731,2025-07-01,229,30,27,1,2025-07-27,Healthy
12246,731,2025-08-01,182,21,26,1,2025-08-26,Healthy
12247,731,2025-09-01,219,29,29,0,2025-09-26,Healthy
12248,731,2025-10-01,241,29,46,1,2025-10-30,Healthy
12249,731,2025-11-01,174,11,13,5,2025-11-16,At Risk
12250,731,2025-12-01,102,12,12,4,2025-12-17,At Risk
12251,731,2026-01-01,317,29,42,2,2026-01-29,Healthy
12252,731,2026-02-01,260,18,46,0,2026-02-23,Healthy
12253,731,2026-03-01,227,29,36,2,2026-03-31,Healthy
12254,731,2026-04-01,93,12,16,2,2026-04-24,At Risk
12255,731,2026-05-01,188,20,23,2,2026-05-31,Healthy
12256,731,2026-06-01,209,29,40,1,2026-06-28,Healthy
12257,732,2024-12-01,307,22,42,2,2024-12-31,Healthy
12258,732,2025-01-01,330,22,20,0,2025-01-26,Healthy
12259,732,2025-02-01,344,17,47,2,2025-02-27,Healthy
12260,732,2025-03-01,252,18,41,0,2025-03-31,Healthy
12261,732,2025-04-01,261,27,20,2,2025-04-29,Healthy
12262,732,2025-05-01,198,20,27,0,2025-05-28,Healthy
12263,732,2025-06-01,215,20,32,1,2025-06-25,Healthy
12264,732,2025-07-01,293,28,27,2,2025-07-30,Healthy
12265,732,2025-08-01,251,25,50,0,2025-08-27,Healthy
12266,732,2025-09-01,323,27,48,0,2025-09-27,Healthy
12267,732,2025-10-01,168,5,10,4,2025-10-22,At Risk
12268,732,2025-11-01,40,2,0,6,2025-11-14,Critical
12269,732,2025-12-01,26,1,1,6,2025-12-01,Critical
12270,732,2026-01-01,138,13,18,3,2026-01-20,At Risk
12271,732,2026-02-01,160,6,8,4,2026-02-14,At Risk
12272,732,2026-03-01,158,14,19,4,2026-03-25,At Risk
12273,732,2026-04-01,282,29,40,2,2026-04-27,Healthy
12274,732,2026-05-01,235,19,28,0,2026-05-26,Healthy
12275,732,2026-06-01,294,22,32,2,2026-06-29,Healthy
12276,733,2025-12-01,3111,22,37,2,2025-12-27,Healthy
12277,733,2026-01-01,954,5,11,4,2026-01-17,At Risk
12278,733,2026-02-01,656,1,7,7,2026-02-04,Critical
12279,733,2026-03-01,3627,28,30,2,2026-03-31,Healthy
12280,733,2026-04-01,3620,22,46,0,2026-04-28,Healthy
12281,733,2026-05-01,1989,25,34,1,2026-05-29,Healthy
12282,733,2026-06-01,300,2,3,4,2026-06-06,Critical
12283,734,2025-02-01,54,22,47,0,2025-02-23,Healthy
12284,734,2025-03-01,33,19,37,0,2025-03-29,Healthy
12285,734,2025-04-01,41,28,41,2,2025-04-28,Healthy
12286,734,2025-05-01,18,8,19,5,2025-05-22,At Risk
12287,734,2025-06-01,44,24,48,2,2025-06-30,Healthy
12288,734,2025-07-01,2,3,5,6,2025-07-03,Critical
12289,734,2025-08-01,8,4,0,5,2025-08-04,Critical
12290,734,2025-09-01,25,6,9,2,2025-09-15,At Risk
12291,734,2025-10-01,23,6,14,1,2025-10-25,At Risk
12292,734,2025-11-01,8,4,1,8,2025-11-13,Critical
12293,734,2025-12-01,3,3,5,4,2025-12-14,Critical
12294,734,2026-01-01,16,9,15,4,2026-01-24,At Risk
12295,734,2026-02-01,11,8,19,3,2026-02-14,At Risk
12296,734,2026-03-01,15,6,17,5,2026-03-16,At Risk
12297,734,2026-04-01,41,17,47,0,2026-04-28,Healthy
12298,734,2026-05-01,40,27,37,2,2026-05-28,Healthy
12299,734,2026-06-01,38,25,35,2,2026-06-26,Healthy
12300,735,2025-09-01,15,22,44,0,2025-09-30,Healthy
12301,735,2025-10-01,12,26,49,2,2025-10-27,Healthy
12302,735,2025-11-01,2,3,5,7,2025-11-14,Critical
12303,735,2025-12-01,6,11,14,5,2025-12-18,At Risk
12304,735,2026-01-01,10,17,22,1,2026-01-27,Healthy
12305,735,2026-02-01,2,1,6,3,2026-02-05,Critical
12306,735,2026-03-01,2,1,5,8,2026-03-06,Critical
12307,735,2026-04-01,2,0,4,7,2026-03-31,Critical
12308,735,2026-05-01,1,2,3,5,2026-05-05,Critical
12309,735,2026-06-01,7,6,8,3,2026-06-15,At Risk
12310,736,2025-04-01,7,29,40,0,2025-04-29,Healthy
12311,736,2025-05-01,1,1,2,6,2025-05-14,Critical
12312,736,2025-06-01,1,1,3,8,2025-06-04,Critical
12313,736,2025-07-01,2,11,8,1,2025-07-23,At Risk
12314,736,2025-08-01,1,4,0,4,2025-08-01,Critical
12315,736,2025-09-01,7,21,49,2,2025-09-25,Healthy
12316,736,2025-10-01,7,18,28,1,2025-10-26,Healthy
12317,736,2025-11-01,1,1,2,3,2025-11-01,Critical
12318,736,2025-12-01,5,22,46,1,2025-12-30,Healthy
12319,736,2026-01-01,6,22,48,0,2026-01-30,Healthy
12320,736,2026-02-01,6,18,24,1,2026-02-24,Healthy
12321,736,2026-03-01,8,17,29,1,2026-03-27,Healthy
12322,736,2026-04-01,7,26,49,0,2026-04-27,Healthy
12323,736,2026-05-01,1,3,2,6,2026-05-09,Critical
12324,736,2026-06-01,1,1,5,7,2026-06-03,Critical
12325,737,2025-05-01,44,10,10,1,2025-05-25,At Risk
12326,737,2025-06-01,66,10,12,5,2025-06-22,At Risk
12327,737,2025-07-01,69,6,12,1,2025-07-16,At Risk
12328,737,2025-08-01,16,2,3,8,2025-08-07,Critical
12329,737,2025-09-01,140,28,39,0,2025-09-29,Healthy
12330,737,2025-10-01,186,24,38,1,2025-10-29,Healthy
12331,737,2025-11-01,98,10,16,5,2025-11-18,At Risk
12332,737,2025-12-01,109,7,10,3,2025-12-16,At Risk
12333,737,2026-01-01,135,29,41,2,2026-01-27,Healthy
12334,737,2026-02-01,118,21,44,2,2026-02-27,Healthy
12335,737,2026-03-01,141,30,36,2,2026-03-31,Healthy
12336,737,2026-04-01,70,13,9,3,2026-04-16,At Risk
12337,737,2026-05-01,25,4,6,7,2026-05-15,Critical
12338,737,2026-06-01,23,1,0,5,2026-05-31,Critical
12339,738,2026-03-01,1514,30,24,0,2026-03-30,Healthy
12340,738,2026-04-01,1448,22,42,1,2026-04-25,Healthy
12341,738,2026-05-01,1906,19,45,1,2026-05-27,Healthy
12342,738,2026-06-01,1080,25,43,2,2026-06-30,Healthy
12343,739,2024-07-01,37,28,28,2,2024-07-31,Healthy
12344,739,2024-08-01,56,23,29,2,2024-08-30,Healthy
12345,739,2024-09-01,44,28,46,0,2024-09-25,Healthy
12346,739,2024-10-01,34,26,47,0,2024-10-31,Healthy
12347,739,2024-11-01,33,23,36,1,2024-11-27,Healthy
12348,739,2024-12-01,51,24,45,1,2024-12-28,Healthy
12349,739,2025-01-01,54,21,38,0,2025-01-31,Healthy
12350,739,2025-02-01,36,15,20,0,2025-02-28,Healthy
12351,739,2025-03-01,49,20,40,1,2025-03-26,Healthy
12352,739,2025-04-01,21,6,18,4,2025-04-16,At Risk
12353,739,2025-05-01,7,4,2,6,2025-05-11,Critical
12354,739,2025-06-01,10,3,6,5,2025-06-06,Critical
12355,739,2025-07-01,9,1,4,4,2025-07-10,Critical
12356,739,2025-08-01,9,2,0,6,2025-08-13,Critical
12357,739,2025-09-01,6,1,6,6,2025-09-01,Critical
12358,739,2025-10-01,4,1,0,8,2025-10-10,Critical
12359,739,2025-11-01,3,3,1,5,2025-11-12,Critical
12360,739,2025-12-01,7,1,7,3,2025-12-14,Critical
12361,739,2026-01-01,6,4,2,6,2026-01-10,Critical
12362,739,2026-02-01,15,13,16,3,2026-02-14,At Risk
12363,739,2026-03-01,29,13,12,2,2026-03-25,At Risk
12364,739,2026-04-01,36,20,32,2,2026-04-28,Healthy
12365,739,2026-05-01,45,25,50,0,2026-05-26,Healthy
12366,739,2026-06-01,42,27,20,2,2026-06-25,Healthy
12367,740,2024-06-01,11,5,9,2,2024-06-19,At Risk
12368,740,2024-07-01,8,8,17,3,2024-07-23,At Risk
12369,740,2024-08-01,16,13,12,3,2024-08-21,At Risk
12370,740,2024-09-01,11,11,16,5,2024-09-22,At Risk
12371,740,2024-10-01,12,11,10,4,2024-10-23,At Risk
12372,740,2024-11-01,4,2,2,3,2024-11-06,Critical
12373,740,2024-12-01,25,18,35,1,2024-12-31,Healthy
12374,740,2025-01-01,31,30,26,0,2025-01-31,Healthy
12375,740,2025-02-01,23,29,31,1,2025-02-28,Healthy
12376,740,2025-03-01,14,6,16,2,2025-03-22,At Risk
12377,740,2025-04-01,13,8,11,5,2025-04-21,At Risk
12378,740,2025-05-01,33,16,23,2,2025-05-27,Healthy
12379,740,2025-06-01,28,19,49,1,2025-06-26,Healthy
12380,740,2025-07-01,26,20,39,0,2025-07-28,Healthy
12381,740,2025-08-01,19,28,22,2,2025-08-29,Healthy
12382,740,2025-09-01,31,28,41,0,2025-09-29,Healthy
12383,740,2025-10-01,33,29,49,1,2025-10-28,Healthy
12384,740,2025-11-01,20,27,45,1,2025-11-27,Healthy
12385,740,2025-12-01,31,16,29,2,2025-12-29,Healthy
12386,740,2026-01-01,29,17,25,2,2026-01-28,Healthy
12387,740,2026-02-01,36,21,45,2,2026-02-23,Healthy
12388,740,2026-03-01,7,14,10,1,2026-03-17,At Risk
12389,740,2026-04-01,25,22,22,1,2026-04-28,Healthy
12390,740,2026-05-01,24,29,37,0,2026-05-30,Healthy
12391,740,2026-06-01,34,28,28,2,2026-06-28,Healthy
12392,741,2025-07-01,9,25,30,1,2025-07-28,Healthy
12393,741,2025-08-01,6,26,47,0,2025-08-29,Healthy
12394,741,2025-09-01,8,26,35,2,2025-09-29,Healthy
12395,741,2025-10-01,4,10,19,2,2025-10-22,At Risk
12396,741,2025-11-01,6,18,50,2,2025-11-25,Healthy
12397,741,2025-12-01,11,20,31,0,2025-12-31,Healthy
12398,741,2026-01-01,8,18,20,2,2026-01-27,Healthy
12399,741,2026-02-01,8,27,22,2,2026-02-27,Healthy
12400,741,2026-03-01,3,13,11,1,2026-03-23,At Risk
12401,741,2026-04-01,6,17,22,2,2026-04-27,Healthy
12402,741,2026-05-01,8,18,25,0,2026-05-31,Healthy
12403,741,2026-06-01,11,21,25,2,2026-06-28,Healthy
12404,742,2025-02-01,25,21,28,0,2025-02-26,Healthy
12405,742,2025-03-01,12,13,12,2,2025-03-17,At Risk
12406,742,2025-04-01,31,25,26,2,2025-04-28,Healthy
12407,742,2025-05-01,25,21,39,0,2025-05-27,Healthy
12408,742,2025-06-01,23,25,45,0,2025-06-28,Healthy
12409,742,2025-07-01,26,24,25,1,2025-07-26,Healthy
12410,742,2025-08-01,6,2,7,8,2025-08-08,Critical
12411,742,2025-09-01,6,0,4,6,2025-09-03,Critical
12412,742,2025-10-01,8,5,11,5,2025-10-24,At Risk
12413,742,2025-11-01,16,7,16,4,2025-11-22,At Risk
12414,742,2025-12-01,18,9,9,5,2025-12-20,At Risk
12415,742,2026-01-01,8,11,9,4,2026-01-19,At Risk
12416,742,2026-02-01,12,7,13,2,2026-02-20,At Risk
12417,742,2026-03-01,26,22,45,2,2026-03-28,Healthy
12418,742,2026-04-01,6,2,7,5,2026-04-09,Critical
12419,742,2026-05-01,16,10,12,2,2026-05-24,At Risk
12420,742,2026-06-01,27,28,37,1,2026-06-25,Healthy
12421,743,2024-01-01,16,8,18,5,2024-01-23,At Risk
12422,743,2024-02-01,7,9,17,1,2024-02-15,At Risk
12423,743,2024-03-01,32,17,43,1,2024-03-29,Healthy
12424,743,2024-04-01,27,24,37,1,2024-04-25,Healthy
12425,743,2024-05-01,20,30,44,2,2024-05-27,Healthy
12426,743,2024-06-01,22,20,50,0,2024-06-30,Healthy
12427,743,2024-07-01,26,25,22,2,2024-07-31,Healthy
12428,743,2024-08-01,26,21,34,1,2024-08-26,Healthy
12429,743,2024-09-01,25,24,22,0,2024-09-28,Healthy
12430,743,2024-10-01,20,24,24,1,2024-10-31,Healthy
12431,743,2024-11-01,17,18,29,0,2024-11-28,Healthy
12432,743,2024-12-01,20,19,44,1,2024-12-27,Healthy
12433,743,2025-01-01,24,27,33,2,2025-01-27,Healthy
12434,743,2025-02-01,23,23,37,0,2025-02-26,Healthy
12435,743,2025-03-01,8,14,10,5,2025-03-21,At Risk
12436,743,2025-04-01,7,8,16,1,2025-04-22,At Risk
12437,743,2025-05-01,16,5,18,3,2025-05-17,At Risk
12438,743,2025-06-01,15,6,13,5,2025-06-24,At Risk
12439,743,2025-07-01,29,25,28,2,2025-07-27,Healthy
12440,743,2025-08-01,23,25,24,2,2025-08-26,Healthy
12441,743,2025-09-01,14,5,12,2,2025-09-19,At Risk
12442,743,2025-10-01,15,6,8,3,2025-10-25,At Risk
12443,743,2025-11-01,5,2,0,7,2025-11-13,Critical
12444,743,2025-12-01,6,13,18,2,2025-12-19,At Risk
12445,743,2026-01-01,15,10,17,3,2026-01-21,At Risk
12446,743,2026-02-01,29,21,20,0,2026-02-28,Healthy
12447,743,2026-03-01,16,7,10,5,2026-03-20,At Risk
12448,743,2026-04-01,13,9,19,3,2026-04-18,At Risk
12449,743,2026-05-01,12,8,19,3,2026-05-20,At Risk
12450,743,2026-06-01,15,7,17,1,2026-06-24,At Risk
12451,744,2025-06-01,54,26,36,2,2025-06-26,Healthy
12452,744,2025-07-01,62,18,39,0,2025-07-31,Healthy
12453,744,2025-08-01,41,25,39,0,2025-08-31,Healthy
12454,744,2025-09-01,54,19,46,2,2025-09-26,Healthy
12455,744,2025-10-01,42,30,45,2,2025-10-30,Healthy
12456,744,2025-11-01,24,8,13,4,2025-11-20,At Risk
12457,744,2025-12-01,51,19,41,1,2025-12-29,Healthy
12458,744,2026-01-01,35,15,45,1,2026-01-31,Healthy
12459,744,2026-02-01,16,7,15,4,2026-02-15,At Risk
12460,744,2026-03-01,3,2,6,6,2026-03-01,Critical
12461,744,2026-04-01,5,1,1,6,2026-04-02,Critical
12462,744,2026-05-01,23,5,17,4,2026-05-23,At Risk
12463,744,2026-06-01,24,11,11,5,2026-06-17,At Risk
12464,745,2024-04-01,66,28,20,1,2024-04-25,Healthy
12465,745,2024-05-01,65,29,30,1,2024-05-30,Healthy
12466,745,2024-06-01,15,4,5,4,2024-06-04,Critical
12467,745,2024-07-01,77,18,24,2,2024-07-31,Healthy
12468,745,2024-08-01,80,18,30,2,2024-08-30,Healthy
12469,745,2024-09-01,88,29,40,2,2024-09-25,Healthy
12470,745,2024-10-01,20,9,9,4,2024-10-20,At Risk
12471,745,2024-11-01,16,0,3,4,2024-11-11,Critical
12472,745,2024-12-01,4,2,0,6,2024-12-14,Critical
12473,745,2025-01-01,13,4,6,8,2025-01-15,Critical
12474,745,2025-02-01,57,22,37,1,2025-02-27,Healthy
12475,745,2025-03-01,25,14,17,5,2025-03-24,At Risk
12476,745,2025-04-01,58,19,43,0,2025-04-25,Healthy
12477,745,2025-05-01,33,13,9,3,2025-05-23,At Risk
12478,745,2025-06-01,44,10,14,4,2025-06-15,At Risk
12479,745,2025-07-01,65,19,41,0,2025-07-26,Healthy
12480,745,2025-08-01,82,15,22,2,2025-08-31,Healthy
12481,745,2025-09-01,63,19,36,2,2025-09-27,Healthy
12482,745,2025-10-01,37,8,12,4,2025-10-20,At Risk
12483,745,2025-11-01,31,8,8,5,2025-11-17,At Risk
12484,745,2025-12-01,40,12,13,1,2025-12-18,At Risk
12485,745,2026-01-01,40,9,19,5,2026-01-17,At Risk
12486,745,2026-02-01,45,8,14,1,2026-02-20,At Risk
12487,745,2026-03-01,21,12,17,2,2026-03-21,At Risk
12488,745,2026-04-01,48,14,11,4,2026-04-21,At Risk
12489,745,2026-05-01,28,10,17,3,2026-05-22,At Risk
12490,745,2026-06-01,42,14,13,2,2026-06-16,At Risk
12491,746,2024-06-01,563,30,22,2,2024-06-29,Healthy
12492,746,2024-07-01,645,29,39,1,2024-07-30,Healthy
12493,746,2024-08-01,372,5,14,4,2024-08-20,At Risk
12494,746,2024-09-01,137,3,7,7,2024-09-12,Critical
12495,746,2024-10-01,132,3,7,6,2024-10-03,Critical
12496,746,2024-11-01,334,13,12,2,2024-11-17,At Risk
12497,746,2024-12-01,337,5,17,3,2024-12-25,At Risk
12498,746,2025-01-01,283,6,18,5,2025-01-21,At Risk
12499,746,2025-02-01,123,0,6,7,2025-02-08,Critical
12500,746,2025-03-01,23,4,3,5,2025-03-07,Critical
12501,746,2025-04-01,188,14,19,1,2025-04-15,At Risk
12502,746,2025-05-01,382,5,12,3,2025-05-19,At Risk
12503,746,2025-06-01,380,9,13,5,2025-06-24,At Risk
12504,746,2025-07-01,329,13,15,2,2025-07-16,At Risk
12505,746,2025-08-01,372,6,10,5,2025-08-23,At Risk
12506,746,2025-09-01,176,7,12,4,2025-09-24,At Risk
12507,746,2025-10-01,160,14,10,3,2025-10-17,At Risk
12508,746,2025-11-01,94,2,4,3,2025-11-05,Critical
12509,746,2025-12-01,184,6,11,4,2025-12-25,At Risk
12510,746,2026-01-01,297,10,8,1,2026-01-22,At Risk
12511,746,2026-02-01,227,14,18,4,2026-02-21,At Risk
12512,746,2026-03-01,378,6,14,1,2026-03-23,At Risk
12513,746,2026-04-01,550,17,42,2,2026-04-28,Healthy
12514,746,2026-05-01,650,22,29,2,2026-05-31,Healthy
12515,746,2026-06-01,419,27,32,1,2026-06-28,Healthy
12516,747,2024-02-01,37,20,34,0,2024-02-26,Healthy
12517,747,2024-03-01,52,19,25,2,2024-03-26,Healthy
12518,747,2024-04-01,59,19,24,0,2024-04-30,Healthy
12519,747,2024-05-01,41,19,29,0,2024-05-27,Healthy
12520,747,2024-06-01,35,26,45,0,2024-06-28,Healthy
12521,747,2024-07-01,41,28,21,1,2024-07-26,Healthy
12522,747,2024-08-01,60,22,39,0,2024-08-27,Healthy
12523,747,2024-09-01,49,20,32,1,2024-09-29,Healthy
12524,747,2024-10-01,13,12,19,4,2024-10-21,At Risk
12525,747,2024-11-01,28,12,10,2,2024-11-16,At Risk
12526,747,2024-12-01,17,7,10,3,2024-12-16,At Risk
12527,747,2025-01-01,3,0,6,6,2025-01-05,Critical
12528,747,2025-02-01,8,1,4,8,2025-02-04,Critical
12529,747,2025-03-01,9,1,6,6,2025-03-15,Critical
12530,747,2025-04-01,11,2,0,5,2025-04-14,Critical
12531,747,2025-05-01,11,4,2,6,2025-05-05,Critical
12532,747,2025-06-01,6,4,0,4,2025-06-08,Critical
12533,747,2025-07-01,9,4,6,7,2025-07-13,Critical
12534,747,2025-08-01,4,2,7,6,2025-08-12,Critical
12535,747,2025-09-01,42,21,41,0,2025-09-27,Healthy
12536,747,2025-10-01,52,18,34,2,2025-10-28,Healthy
12537,747,2025-11-01,54,17,41,2,2025-11-30,Healthy
12538,747,2025-12-01,62,22,36,0,2025-12-29,Healthy
12539,747,2026-01-01,41,23,26,1,2026-01-28,Healthy
12540,747,2026-02-01,50,20,47,0,2026-02-24,Healthy
12541,747,2026-03-01,40,27,42,2,2026-03-26,Healthy
12542,747,2026-04-01,45,15,49,1,2026-04-26,Healthy
12543,747,2026-05-01,49,16,44,1,2026-05-30,Healthy
12544,747,2026-06-01,9,3,4,5,2026-06-13,Critical
12545,748,2025-07-01,32,29,33,1,2025-07-29,Healthy
12546,748,2025-08-01,43,26,23,1,2025-08-29,Healthy
12547,748,2025-09-01,46,18,42,0,2025-09-28,Healthy
12548,748,2025-10-01,17,12,17,1,2025-10-22,At Risk
12549,748,2025-11-01,5,2,5,6,2025-11-04,Critical
12550,748,2025-12-01,4,0,5,3,2025-12-09,Critical
12551,748,2026-01-01,12,10,19,3,2026-01-22,At Risk
12552,748,2026-02-01,42,21,49,1,2026-02-24,Healthy
12553,748,2026-03-01,18,9,17,2,2026-03-24,At Risk
12554,748,2026-04-01,13,13,10,4,2026-04-21,At Risk
12555,748,2026-05-01,43,30,23,0,2026-05-28,Healthy
12556,748,2026-06-01,27,28,20,2,2026-06-29,Healthy
12557,749,2025-05-01,40,17,34,2,2025-05-31,Healthy
12558,749,2025-06-01,46,22,45,0,2025-06-29,Healthy
12559,749,2025-07-01,46,30,39,2,2025-07-28,Healthy
12560,749,2025-08-01,27,20,23,1,2025-08-28,Healthy
12561,749,2025-09-01,28,24,49,0,2025-09-30,Healthy
12562,749,2025-10-01,2,0,7,6,2025-10-05,Critical
12563,749,2025-11-01,17,12,10,3,2025-11-16,At Risk
12564,749,2025-12-01,3,4,5,6,2025-12-11,Critical
12565,749,2026-01-01,6,1,0,7,2026-01-03,Critical
12566,749,2026-02-01,4,4,2,3,2026-02-10,Critical
12567,749,2026-03-01,14,13,9,4,2026-03-17,At Risk
12568,749,2026-04-01,30,18,44,1,2026-04-29,Healthy
12569,749,2026-05-01,47,16,38,0,2026-05-29,Healthy
12570,749,2026-06-01,35,22,31,1,2026-06-26,Healthy
12571,750,2025-07-01,221,20,27,1,2025-07-30,Healthy
12572,750,2025-08-01,143,21,22,0,2025-08-29,Healthy
12573,750,2025-09-01,128,29,25,0,2025-09-27,Healthy
12574,750,2025-10-01,156,25,28,0,2025-10-31,Healthy
12575,750,2025-11-01,209,24,28,0,2025-11-30,Healthy
12576,750,2025-12-01,207,19,24,0,2025-12-28,Healthy
12577,750,2026-01-01,167,24,36,0,2026-01-27,Healthy
12578,750,2026-02-01,140,15,32,0,2026-02-28,Healthy
12579,750,2026-03-01,171,28,50,2,2026-03-26,Healthy
12580,750,2026-04-01,130,19,43,1,2026-04-25,Healthy
12581,750,2026-05-01,148,30,40,0,2026-05-28,Healthy
12582,750,2026-06-01,228,30,34,1,2026-06-27,Healthy
12583,751,2024-06-01,24,27,29,1,2024-06-26,Healthy
12584,751,2024-07-01,28,28,24,2,2024-07-26,Healthy
12585,751,2024-08-01,25,29,38,2,2024-08-26,Healthy
12586,751,2024-09-01,25,28,25,1,2024-09-28,Healthy
12587,751,2024-10-01,26,24,22,1,2024-10-26,Healthy
12588,751,2024-11-01,34,23,34,0,2024-11-28,Healthy
12589,751,2024-12-01,40,18,43,1,2024-12-29,Healthy
12590,751,2025-01-01,41,23,28,0,2025-01-27,Healthy
12591,751,2025-02-01,15,5,19,3,2025-02-22,At Risk
12592,751,2025-03-01,10,7,9,1,2025-03-25,At Risk
12593,751,2025-04-01,32,25,41,2,2025-04-29,Healthy
12594,751,2025-05-01,27,19,20,2,2025-05-28,Healthy
12595,751,2025-06-01,40,21,23,2,2025-06-29,Healthy
12596,751,2025-07-01,38,28,35,0,2025-07-28,Healthy
12597,751,2025-08-01,40,20,29,1,2025-08-30,Healthy
12598,751,2025-09-01,40,22,47,2,2025-09-25,Healthy
12599,751,2025-10-01,40,18,47,0,2025-10-26,Healthy
12600,751,2025-11-01,24,18,47,0,2025-11-27,Healthy
12601,751,2025-12-01,32,25,23,1,2025-12-27,Healthy
12602,751,2026-01-01,36,16,42,2,2026-01-27,Healthy
12603,751,2026-02-01,17,10,8,1,2026-02-13,At Risk
12604,751,2026-03-01,38,18,47,2,2026-03-27,Healthy
12605,751,2026-04-01,37,27,33,1,2026-04-29,Healthy
12606,751,2026-05-01,23,21,29,0,2026-05-28,Healthy
12607,751,2026-06-01,29,16,36,2,2026-06-28,Healthy
12608,752,2025-06-01,16,9,19,1,2025-06-24,At Risk
12609,752,2025-07-01,21,5,13,4,2025-07-18,At Risk
12610,752,2025-08-01,23,5,11,1,2025-08-18,At Risk
12611,752,2025-09-01,9,1,5,7,2025-09-14,Critical
12612,752,2025-10-01,5,2,6,4,2025-10-02,Critical
12613,752,2025-11-01,15,5,18,5,2025-11-24,At Risk
12614,752,2025-12-01,24,12,19,2,2025-12-24,At Risk
12615,752,2026-01-01,52,22,24,2,2026-01-30,Healthy
12616,752,2026-02-01,48,21,43,1,2026-02-26,Healthy
12617,752,2026-03-01,41,24,24,2,2026-03-27,Healthy
12618,752,2026-04-01,60,21,37,0,2026-04-30,Healthy
12619,752,2026-05-01,38,23,20,2,2026-05-27,Healthy
12620,752,2026-06-01,32,27,33,0,2026-06-27,Healthy
12621,753,2024-12-01,156,11,12,4,2024-12-17,At Risk
12622,753,2025-01-01,164,6,19,5,2025-01-19,At Risk
12623,753,2025-02-01,135,12,9,5,2025-02-14,At Risk
12624,753,2025-03-01,68,14,9,1,2025-03-21,At Risk
12625,753,2025-04-01,172,6,11,3,2025-04-19,At Risk
12626,753,2025-05-01,233,16,26,0,2025-05-30,Healthy
12627,753,2025-06-01,301,28,30,0,2025-06-28,Healthy
12628,753,2025-07-01,153,13,18,5,2025-07-25,At Risk
12629,753,2025-08-01,78,6,13,4,2025-08-17,At Risk
12630,753,2025-09-01,167,8,8,5,2025-09-18,At Risk
12631,753,2025-10-01,17,2,7,7,2025-10-04,Critical
12632,753,2025-11-01,43,3,2,6,2025-10-31,Critical
12633,753,2025-12-01,19,1,1,7,2025-12-09,Critical
12634,753,2026-01-01,50,2,3,7,2026-01-02,Critical
12635,753,2026-02-01,279,20,20,1,2026-02-24,Healthy
12636,753,2026-03-01,292,24,35,1,2026-03-27,Healthy
12637,753,2026-04-01,123,12,12,1,2026-04-15,At Risk
12638,753,2026-05-01,244,24,27,2,2026-05-27,Healthy
12639,753,2026-06-01,191,15,21,0,2026-06-27,Healthy
12640,754,2025-07-01,6,9,8,3,2025-07-24,At Risk
12641,754,2025-08-01,8,18,25,2,2025-08-26,Healthy
12642,754,2025-09-01,8,24,21,1,2025-09-30,Healthy
12643,754,2025-10-01,5,13,18,5,2025-10-16,At Risk
12644,754,2025-11-01,14,17,48,2,2025-11-25,Healthy
12645,754,2025-12-01,10,22,32,2,2025-12-30,Healthy
12646,754,2026-01-01,10,30,27,1,2026-01-31,Healthy
12647,754,2026-02-01,13,17,38,2,2026-02-24,Healthy
12648,754,2026-03-01,13,29,32,2,2026-03-29,Healthy
12649,754,2026-04-01,12,24,25,2,2026-04-28,Healthy
12650,754,2026-05-01,13,30,45,2,2026-05-27,Healthy
12651,754,2026-06-01,1,2,6,6,2026-06-02,Critical
12652,755,2024-09-01,30,23,40,0,2024-09-27,Healthy
12653,755,2024-10-01,32,27,30,2,2024-10-29,Healthy
12654,755,2024-11-01,25,30,48,1,2024-11-27,Healthy
12655,755,2024-12-01,21,20,32,2,2024-12-31,Healthy
12656,755,2025-01-01,16,13,12,5,2025-01-16,At Risk
12657,755,2025-02-01,21,26,31,2,2025-02-28,Healthy
12658,755,2025-03-01,33,26,46,0,2025-03-30,Healthy
12659,755,2025-04-01,26,27,42,0,2025-04-26,Healthy
12660,755,2025-05-01,30,16,40,1,2025-05-30,Healthy
12661,755,2025-06-01,35,26,20,0,2025-06-27,Healthy
12662,755,2025-07-01,27,19,36,1,2025-07-31,Healthy
12663,755,2025-08-01,34,27,30,2,2025-08-27,Healthy
12664,755,2025-09-01,18,14,8,3,2025-09-18,At Risk
12665,755,2025-10-01,19,11,16,3,2025-10-24,At Risk
12666,755,2025-11-01,22,23,38,0,2025-11-28,Healthy
12667,755,2025-12-01,22,23,32,1,2025-12-28,Healthy
12668,755,2026-01-01,34,26,24,2,2026-01-30,Healthy
12669,755,2026-02-01,27,23,41,1,2026-02-26,Healthy
12670,755,2026-03-01,15,6,18,1,2026-03-25,At Risk
12671,755,2026-04-01,3,4,7,8,2026-04-12,Critical
12672,755,2026-05-01,12,10,10,2,2026-05-23,At Risk
12673,755,2026-06-01,25,23,22,2,2026-06-28,Healthy
12674,756,2025-02-01,385,11,16,2,2025-02-21,At Risk
12675,756,2025-03-01,168,0,3,5,2025-03-08,Critical
12676,756,2025-04-01,667,11,14,2,2025-04-21,At Risk
12677,756,2025-05-01,351,11,15,5,2025-05-16,At Risk
12678,756,2025-06-01,328,1,1,6,2025-06-05,Critical
12679,756,2025-07-01,839,9,8,5,2025-07-20,At Risk
12680,756,2025-08-01,1756,27,30,1,2025-08-27,Healthy
12681,756,2025-09-01,1576,24,32,1,2025-09-28,Healthy
12682,756,2025-10-01,1064,20,27,2,2025-10-28,Healthy
12683,756,2025-11-01,1524,22,38,1,2025-11-29,Healthy
12684,756,2025-12-01,1164,18,36,0,2025-12-27,Healthy
12685,756,2026-01-01,1315,26,47,1,2026-01-26,Healthy
12686,756,2026-02-01,974,17,46,0,2026-02-24,Healthy
12687,756,2026-03-01,1140,20,24,1,2026-03-27,Healthy
12688,756,2026-04-01,1071,16,48,0,2026-04-28,Healthy
12689,756,2026-05-01,564,5,18,1,2026-05-20,At Risk
12690,756,2026-06-01,178,0,1,6,2026-06-02,Critical
12691,757,2024-08-01,56,30,24,2,2024-08-28,Healthy
12692,757,2024-09-01,23,13,13,2,2024-09-17,At Risk
12693,757,2024-10-01,54,20,47,1,2024-10-31,Healthy
12694,757,2024-11-01,55,19,47,1,2024-11-26,Healthy
12695,757,2024-12-01,56,27,35,1,2024-12-29,Healthy
12696,757,2025-01-01,69,21,47,0,2025-01-26,Healthy
12697,757,2025-02-01,68,29,37,2,2025-02-27,Healthy
12698,757,2025-03-01,17,9,12,2,2025-03-20,At Risk
12699,757,2025-04-01,2,1,5,7,2025-04-06,Critical
12700,757,2025-05-01,13,4,3,6,2025-05-04,Critical
12701,757,2025-06-01,27,14,15,3,2025-06-19,At Risk
12702,757,2025-07-01,31,7,16,2,2025-07-19,At Risk
12703,757,2025-08-01,10,4,4,7,2025-08-04,Critical
12704,757,2025-09-01,11,3,7,3,2025-09-10,Critical
12705,757,2025-10-01,22,5,15,5,2025-10-20,At Risk
12706,757,2025-11-01,34,11,14,5,2025-11-24,At Risk
12707,757,2025-12-01,39,20,36,0,2025-12-26,Healthy
12708,757,2026-01-01,2,0,0,4,2026-01-13,Critical
12709,757,2026-02-01,8,3,2,7,2026-02-02,Critical
12710,757,2026-03-01,8,2,3,5,2026-03-13,Critical
12711,757,2026-04-01,9,3,0,5,2026-04-11,Critical
12712,757,2026-05-01,7,0,7,7,2026-05-05,Critical
12713,757,2026-06-01,4,3,5,7,2026-05-31,Critical
12714,758,2024-11-01,18,28,22,2,2024-11-29,Healthy
12715,758,2024-12-01,23,25,40,2,2024-12-31,Healthy
12716,758,2025-01-01,27,18,41,2,2025-01-29,Healthy
12717,758,2025-02-01,25,30,26,2,2025-02-24,Healthy
12718,758,2025-03-01,29,25,24,2,2025-03-27,Healthy
12719,758,2025-04-01,16,26,30,0,2025-04-28,Healthy
12720,758,2025-05-01,22,15,36,1,2025-05-27,Healthy
12721,758,2025-06-01,29,30,42,2,2025-06-25,Healthy
12722,758,2025-07-01,31,17,42,2,2025-07-27,Healthy
12723,758,2025-08-01,20,27,48,1,2025-08-26,Healthy
12724,758,2025-09-01,22,18,23,2,2025-09-28,Healthy
12725,758,2025-10-01,18,30,27,0,2025-10-28,Healthy
12726,758,2025-11-01,27,17,33,1,2025-11-25,Healthy
12727,758,2025-12-01,12,5,17,1,2025-12-25,At Risk
12728,758,2026-01-01,3,0,1,8,2026-01-12,Critical
12729,758,2026-02-01,2,0,2,5,2026-02-12,Critical
12730,758,2026-03-01,14,13,10,2,2026-03-23,At Risk
12731,758,2026-04-01,23,18,47,0,2026-04-28,Healthy
12732,758,2026-05-01,27,25,30,1,2026-05-31,Healthy
12733,758,2026-06-01,6,1,7,6,2026-06-03,Critical
12734,759,2024-10-01,140,27,39,0,2024-10-26,Healthy
12735,759,2024-11-01,140,28,47,1,2024-11-30,Healthy
12736,759,2024-12-01,148,19,27,0,2024-12-27,Healthy
12737,759,2025-01-01,188,27,20,2,2025-01-27,Healthy
12738,759,2025-02-01,203,27,48,1,2025-02-23,Healthy
12739,759,2025-03-01,23,2,0,3,2025-03-04,Critical
12740,759,2025-04-01,21,2,3,6,2025-04-04,Critical
12741,759,2025-05-01,20,0,7,3,2025-05-15,Critical
12742,759,2025-06-01,42,4,0,6,2025-06-09,Critical
12743,759,2025-07-01,24,0,4,4,2025-07-05,Critical
12744,759,2025-08-01,61,8,14,1,2025-08-25,At Risk
12745,759,2025-09-01,82,13,10,5,2025-09-19,At Risk
12746,759,2025-10-01,133,19,24,1,2025-10-27,Healthy
12747,759,2025-11-01,27,3,1,3,2025-11-04,Critical
12748,759,2025-12-01,14,4,0,4,2025-12-14,Critical
12749,759,2026-01-01,33,0,5,5,2026-01-03,Critical
12750,759,2026-02-01,10,4,4,6,2026-02-08,Critical
12751,759,2026-03-01,67,10,17,5,2026-03-17,At Risk
12752,759,2026-04-01,123,25,39,0,2026-04-27,Healthy
12753,759,2026-05-01,224,16,31,0,2026-05-27,Healthy
12754,759,2026-06-01,52,6,16,4,2026-06-17,At Risk
12755,760,2024-05-01,12,23,41,1,2024-05-31,Healthy
12756,760,2024-06-01,5,14,16,4,2024-06-15,At Risk
12757,760,2024-07-01,15,19,38,1,2024-07-30,Healthy
12758,760,2024-08-01,22,21,50,0,2024-08-26,Healthy
12759,760,2024-09-01,23,29,43,1,2024-09-28,Healthy
12760,760,2024-10-01,22,29,32,1,2024-10-26,Healthy
12761,760,2024-11-01,16,27,21,2,2024-11-29,Healthy
12762,760,2024-12-01,15,17,50,0,2024-12-30,Healthy
12763,760,2025-01-01,23,27,43,2,2025-01-30,Healthy
12764,760,2025-02-01,21,25,27,1,2025-02-28,Healthy
12765,760,2025-03-01,21,26,20,0,2025-03-30,Healthy
12766,760,2025-04-01,4,0,6,7,2025-04-13,Critical
12767,760,2025-05-01,21,18,37,0,2025-05-28,Healthy
12768,760,2025-06-01,17,28,23,1,2025-06-27,Healthy
12769,760,2025-07-01,23,19,25,2,2025-07-26,Healthy
12770,760,2025-08-01,13,18,43,0,2025-08-30,Healthy
12771,760,2025-09-01,21,21,25,1,2025-09-30,Healthy
12772,760,2025-10-01,17,21,46,1,2025-10-26,Healthy
12773,760,2025-11-01,18,18,27,1,2025-11-27,Healthy
12774,760,2025-12-01,1,3,7,3,2025-12-10,Critical
12775,760,2026-01-01,12,18,33,2,2026-01-29,Healthy
12776,760,2026-02-01,22,24,39,1,2026-02-24,Healthy
12777,760,2026-03-01,2,0,6,6,2026-03-08,Critical
12778,760,2026-04-01,1,3,0,8,2026-04-05,Critical
12779,760,2026-05-01,11,11,19,5,2026-05-17,At Risk
12780,760,2026-06-01,1,0,3,3,2026-06-12,Critical
12781,761,2025-04-01,17,29,23,0,2025-04-27,Healthy
12782,761,2025-05-01,18,20,45,1,2025-05-31,Healthy
12783,761,2025-06-01,11,23,36,0,2025-06-25,Healthy
12784,761,2025-07-01,17,28,21,0,2025-07-31,Healthy
12785,761,2025-08-01,11,12,14,2,2025-08-21,At Risk
12786,761,2025-09-01,7,9,9,3,2025-09-22,At Risk
12787,761,2025-10-01,10,7,10,4,2025-10-25,At Risk
12788,761,2025-11-01,15,30,20,2,2025-11-25,Healthy
12789,761,2025-12-01,21,22,37,2,2025-12-28,Healthy
12790,761,2026-01-01,12,27,28,0,2026-01-31,Healthy
12791,761,2026-02-01,18,24,34,1,2026-02-25,Healthy
12792,761,2026-03-01,18,18,35,0,2026-03-30,Healthy
12793,761,2026-04-01,12,17,44,2,2026-04-25,Healthy
12794,761,2026-05-01,17,21,32,0,2026-05-29,Healthy
12795,761,2026-06-01,15,20,37,1,2026-06-28,Healthy
12796,762,2024-08-01,28,28,47,1,2024-08-26,Healthy
12797,762,2024-09-01,6,1,7,7,2024-09-11,Critical
12798,762,2024-10-01,4,0,4,4,2024-10-09,Critical
12799,762,2024-11-01,5,2,1,8,2024-11-04,Critical
12800,762,2024-12-01,4,2,4,4,2024-12-14,Critical
12801,762,2025-01-01,4,0,0,6,2025-01-04,Critical
12802,762,2025-02-01,3,4,6,4,2025-02-11,Critical
12803,762,2025-03-01,5,1,0,8,2025-03-09,Critical
12804,762,2025-04-01,4,1,0,4,2025-04-01,Critical
12805,762,2025-05-01,2,2,1,6,2025-05-11,Critical
12806,762,2025-06-01,3,4,6,8,2025-06-04,Critical
12807,762,2025-07-01,1,3,3,8,2025-07-02,Critical
12808,762,2025-08-01,10,10,11,3,2025-08-25,At Risk
12809,762,2025-09-01,7,7,18,5,2025-09-20,At Risk
12810,762,2025-10-01,6,8,13,2,2025-10-19,At Risk
12811,762,2025-11-01,29,18,38,0,2025-11-25,Healthy
12812,762,2025-12-01,29,21,20,1,2025-12-29,Healthy
12813,762,2026-01-01,26,27,23,1,2026-01-27,Healthy
12814,762,2026-02-01,17,18,41,1,2026-02-23,Healthy
12815,762,2026-03-01,29,23,43,2,2026-03-30,Healthy
12816,762,2026-04-01,30,30,33,1,2026-04-25,Healthy
12817,762,2026-05-01,14,13,19,3,2026-05-16,At Risk
12818,762,2026-06-01,6,9,19,3,2026-06-15,At Risk
12819,763,2024-09-01,29,18,32,2,2024-09-27,Healthy
12820,763,2024-10-01,27,26,38,2,2024-10-26,Healthy
12821,763,2024-11-01,25,17,22,1,2024-11-26,Healthy
12822,763,2024-12-01,25,24,46,0,2024-12-30,Healthy
12823,763,2025-01-01,21,23,42,2,2025-01-27,Healthy
12824,763,2025-02-01,11,6,18,4,2025-02-14,At Risk
12825,763,2025-03-01,27,17,34,0,2025-03-31,Healthy
12826,763,2025-04-01,26,19,27,2,2025-04-30,Healthy
12827,763,2025-05-01,25,22,21,1,2025-05-26,Healthy
12828,763,2025-06-01,31,24,50,2,2025-06-30,Healthy
12829,763,2025-07-01,8,8,15,1,2025-07-25,At Risk
12830,763,2025-08-01,9,7,18,3,2025-08-20,At Risk
12831,763,2025-09-01,9,12,19,1,2025-09-21,At Risk
12832,763,2025-10-01,30,19,23,2,2025-10-29,Healthy
12833,763,2025-11-01,17,21,46,0,2025-11-25,Healthy
12834,763,2025-12-01,16,13,17,4,2025-12-25,At Risk
12835,763,2026-01-01,1,0,1,7,2026-01-07,Critical
12836,763,2026-02-01,4,2,2,6,2026-02-07,Critical
12837,763,2026-03-01,8,12,9,2,2026-03-21,At Risk
12838,763,2026-04-01,2,1,1,3,2026-04-09,Critical
12839,763,2026-05-01,5,0,3,4,2026-05-05,Critical
12840,763,2026-06-01,3,0,4,8,2026-06-11,Critical
12841,764,2025-05-01,44,27,44,2,2025-05-27,Healthy
12842,764,2025-06-01,66,17,30,2,2025-06-25,Healthy
12843,764,2025-07-01,56,15,45,0,2025-07-30,Healthy
12844,764,2025-08-01,16,9,14,2,2025-08-19,At Risk
12845,764,2025-09-01,19,5,11,3,2025-09-15,At Risk
12846,764,2025-10-01,34,13,12,2,2025-10-22,At Risk
12847,764,2025-11-01,9,2,3,4,2025-11-11,Critical
12848,764,2025-12-01,11,1,7,5,2025-12-15,Critical
12849,764,2026-01-01,32,11,14,4,2026-01-25,At Risk
12850,764,2026-02-01,9,4,5,3,2026-02-01,Critical
12851,764,2026-03-01,13,3,7,5,2026-03-15,Critical
12852,764,2026-04-01,30,6,12,1,2026-04-19,At Risk
12853,764,2026-05-01,17,8,14,1,2026-05-21,At Risk
12854,764,2026-06-01,17,6,19,3,2026-06-23,At Risk
12855,765,2025-01-01,72,14,18,2,2025-01-16,At Risk
12856,765,2025-02-01,31,11,11,3,2025-02-14,At Risk
12857,765,2025-03-01,83,23,45,2,2025-03-26,Healthy
12858,765,2025-04-01,113,17,32,2,2025-04-27,Healthy
12859,765,2025-05-01,159,20,37,0,2025-05-26,Healthy
12860,765,2025-06-01,133,23,45,1,2025-06-30,Healthy
12861,765,2025-07-01,138,18,37,1,2025-07-26,Healthy
12862,765,2025-08-01,134,26,44,2,2025-08-31,Healthy
12863,765,2025-09-01,114,28,29,1,2025-09-25,Healthy
12864,765,2025-10-01,155,18,29,1,2025-10-27,Healthy
12865,765,2025-11-01,7,4,3,3,2025-10-31,Critical
12866,765,2025-12-01,49,13,16,3,2025-12-16,At Risk
12867,765,2026-01-01,162,29,28,1,2026-01-30,Healthy
12868,765,2026-02-01,103,22,34,0,2026-02-27,Healthy
12869,765,2026-03-01,135,19,36,2,2026-03-30,Healthy
12870,765,2026-04-01,155,28,40,0,2026-04-30,Healthy
12871,765,2026-05-01,39,7,11,5,2026-05-24,At Risk
12872,765,2026-06-01,25,4,2,8,2026-06-07,Critical
12873,766,2024-04-01,6,4,3,6,2024-04-05,Critical
12874,766,2024-05-01,4,1,5,3,2024-05-10,Critical
12875,766,2024-06-01,40,30,23,0,2024-06-25,Healthy
12876,766,2024-07-01,24,29,45,2,2024-07-27,Healthy
12877,766,2024-08-01,47,30,28,1,2024-08-29,Healthy
12878,766,2024-09-01,44,22,21,1,2024-09-25,Healthy
12879,766,2024-10-01,25,30,22,2,2024-10-29,Healthy
12880,766,2024-11-01,20,14,12,2,2024-11-18,At Risk
12881,766,2024-12-01,10,6,18,2,2024-12-21,At Risk
12882,766,2025-01-01,7,1,0,5,2025-01-15,Critical
12883,766,2025-02-01,3,0,1,6,2025-02-12,Critical
12884,766,2025-03-01,41,29,41,0,2025-03-31,Healthy
12885,766,2025-04-01,45,15,46,0,2025-04-28,Healthy
12886,766,2025-05-01,19,6,12,1,2025-05-18,At Risk
12887,766,2025-06-01,9,10,18,4,2025-06-24,At Risk
12888,766,2025-07-01,12,7,10,4,2025-07-24,At Risk
12889,766,2025-08-01,34,20,37,0,2025-08-28,Healthy
12890,766,2025-09-01,24,15,39,0,2025-09-26,Healthy
12891,766,2025-10-01,23,6,14,4,2025-10-23,At Risk
12892,766,2025-11-01,23,10,8,5,2025-11-23,At Risk
12893,766,2025-12-01,19,7,12,5,2025-12-21,At Risk
12894,766,2026-01-01,21,11,17,5,2026-01-19,At Risk
12895,766,2026-02-01,17,7,9,2,2026-02-15,At Risk
12896,766,2026-03-01,22,6,13,2,2026-03-22,At Risk
12897,766,2026-04-01,1,0,2,4,2026-04-05,Critical
12898,766,2026-05-01,7,2,4,3,2026-05-14,Critical
12899,766,2026-06-01,13,14,11,4,2026-06-19,At Risk
12900,767,2024-11-01,25,24,20,1,2024-11-27,Healthy
12901,767,2024-12-01,30,23,47,2,2024-12-28,Healthy
12902,767,2025-01-01,20,28,35,2,2025-01-31,Healthy
12903,767,2025-02-01,16,9,16,5,2025-02-16,At Risk
12904,767,2025-03-01,16,6,13,2,2025-03-25,At Risk
12905,767,2025-04-01,2,4,5,6,2025-04-04,Critical
12906,767,2025-05-01,5,2,7,6,2025-05-11,Critical
12907,767,2025-06-01,3,1,6,5,2025-06-02,Critical
12908,767,2025-07-01,29,30,21,0,2025-07-29,Healthy
12909,767,2025-08-01,18,13,15,5,2025-08-16,At Risk
12910,767,2025-09-01,9,5,13,1,2025-09-23,At Risk
12911,767,2025-10-01,15,10,17,5,2025-10-22,At Risk
12912,767,2025-11-01,33,20,33,2,2025-11-26,Healthy
12913,767,2025-12-01,27,15,37,2,2025-12-26,Healthy
12914,767,2026-01-01,34,29,21,0,2026-01-31,Healthy
12915,767,2026-02-01,24,21,31,1,2026-02-27,Healthy
12916,767,2026-03-01,21,16,50,0,2026-03-29,Healthy
12917,767,2026-04-01,34,28,30,1,2026-04-25,Healthy
12918,767,2026-05-01,14,13,8,4,2026-05-16,At Risk
12919,767,2026-06-01,11,8,17,2,2026-06-18,At Risk
12920,768,2024-03-01,226,24,23,0,2024-03-26,Healthy
12921,768,2024-04-01,387,30,38,1,2024-04-29,Healthy
12922,768,2024-05-01,365,26,32,0,2024-05-26,Healthy
12923,768,2024-06-01,356,25,37,0,2024-06-26,Healthy
12924,768,2024-07-01,255,18,49,2,2024-07-31,Healthy
12925,768,2024-08-01,306,29,44,1,2024-08-30,Healthy
12926,768,2024-09-01,361,30,24,2,2024-09-27,Healthy
12927,768,2024-10-01,241,28,27,2,2024-10-30,Healthy
12928,768,2024-11-01,100,9,15,4,2024-11-24,At Risk
12929,768,2024-12-01,200,19,30,1,2024-12-28,Healthy
12930,768,2025-01-01,89,10,8,5,2025-01-17,At Risk
12931,768,2025-02-01,55,3,7,3,2025-02-08,Critical
12932,768,2025-03-01,269,20,31,0,2025-03-27,Healthy
12933,768,2025-04-01,362,15,37,1,2025-04-28,Healthy
12934,768,2025-05-01,284,27,27,0,2025-05-30,Healthy
12935,768,2025-06-01,274,28,36,1,2025-06-27,Healthy
12936,768,2025-07-01,267,18,40,0,2025-07-26,Healthy
12937,768,2025-08-01,272,30,37,1,2025-08-26,Healthy
12938,768,2025-09-01,351,22,41,2,2025-09-28,Healthy
12939,768,2025-10-01,392,28,35,0,2025-10-30,Healthy
12940,768,2025-11-01,309,18,25,2,2025-11-25,Healthy
12941,768,2025-12-01,301,30,30,2,2025-12-28,Healthy
12942,768,2026-01-01,279,29,31,1,2026-01-27,Healthy
12943,768,2026-02-01,87,5,19,2,2026-02-22,At Risk
12944,768,2026-03-01,98,5,16,1,2026-03-18,At Risk
12945,768,2026-04-01,56,3,7,8,2026-04-05,Critical
12946,768,2026-05-01,74,1,2,4,2026-05-02,Critical
12947,768,2026-06-01,106,6,11,3,2026-06-19,At Risk
12948,769,2025-10-01,140,17,20,1,2025-10-30,Healthy
12949,769,2025-11-01,211,27,44,2,2025-11-29,Healthy
12950,769,2025-12-01,237,30,48,1,2025-12-26,Healthy
12951,769,2026-01-01,214,20,44,1,2026-01-28,Healthy
12952,769,2026-02-01,205,19,36,2,2026-02-27,Healthy
12953,769,2026-03-01,33,0,5,3,2026-03-04,Critical
12954,769,2026-04-01,22,1,0,5,2026-04-02,Critical
12955,769,2026-05-01,23,3,6,5,2026-05-08,Critical
12956,769,2026-06-01,46,4,0,8,2026-06-02,Critical
12957,770,2024-03-01,33,3,6,5,2024-03-12,Critical
12958,770,2024-04-01,51,2,3,4,2024-04-14,Critical
12959,770,2024-05-01,17,1,4,6,2024-05-04,Critical
12960,770,2024-06-01,256,21,46,1,2024-06-25,Healthy
12961,770,2024-07-01,253,25,50,0,2024-07-27,Healthy
12962,770,2024-08-01,113,7,14,4,2024-08-23,At Risk
12963,770,2024-09-01,236,23,41,1,2024-09-30,Healthy
12964,770,2024-10-01,204,19,31,1,2024-10-26,Healthy
12965,770,2024-11-01,247,30,23,0,2024-11-26,Healthy
12966,770,2024-12-01,195,15,32,0,2024-12-29,Healthy
12967,770,2025-01-01,154,7,19,5,2025-01-17,At Risk
12968,770,2025-02-01,137,14,16,3,2025-02-19,At Risk
12969,770,2025-03-01,173,17,32,1,2025-03-27,Healthy
12970,770,2025-04-01,179,29,23,2,2025-04-26,Healthy
12971,770,2025-05-01,173,18,49,0,2025-05-27,Healthy
12972,770,2025-06-01,158,21,28,0,2025-06-26,Healthy
12973,770,2025-07-01,169,17,40,0,2025-07-29,Healthy
12974,770,2025-08-01,204,22,27,0,2025-08-29,Healthy
12975,770,2025-09-01,158,30,35,2,2025-09-25,Healthy
12976,770,2025-10-01,137,6,8,4,2025-10-18,At Risk
12977,770,2025-11-01,65,14,16,3,2025-11-15,At Risk
12978,770,2025-12-01,145,12,17,5,2025-12-18,At Risk
12979,770,2026-01-01,65,12,8,4,2026-01-23,At Risk
12980,770,2026-02-01,185,17,37,2,2026-02-25,Healthy
12981,770,2026-03-01,263,15,30,0,2026-03-27,Healthy
12982,770,2026-04-01,181,26,29,2,2026-04-29,Healthy
12983,770,2026-05-01,257,21,42,1,2026-05-30,Healthy
12984,770,2026-06-01,258,21,41,0,2026-06-29,Healthy
12985,771,2025-04-01,55,11,14,2,2025-04-19,At Risk
12986,771,2025-05-01,54,6,9,4,2025-05-18,At Risk
12987,771,2025-06-01,77,5,18,4,2025-06-15,At Risk
12988,771,2025-07-01,108,6,16,3,2025-07-22,At Risk
12989,771,2025-08-01,72,9,14,1,2025-08-20,At Risk
12990,771,2025-09-01,39,4,5,4,2025-09-05,Critical
12991,771,2025-10-01,11,1,7,8,2025-10-04,Critical
12992,771,2025-11-01,182,21,44,2,2025-11-29,Healthy
12993,771,2025-12-01,146,25,42,1,2025-12-27,Healthy
12994,771,2026-01-01,54,12,8,2,2026-01-25,At Risk
12995,771,2026-02-01,98,10,17,4,2026-02-18,At Risk
12996,771,2026-03-01,87,11,8,4,2026-03-19,At Risk
12997,771,2026-04-01,83,8,13,3,2026-04-16,At Risk
12998,771,2026-05-01,98,6,19,2,2026-05-20,At Risk
12999,771,2026-06-01,125,18,26,0,2026-06-26,Healthy
13000,772,2024-06-01,1563,15,36,1,2024-06-29,Healthy
13001,772,2024-07-01,1629,25,21,0,2024-07-27,Healthy
13002,772,2024-08-01,1515,22,46,1,2024-08-27,Healthy
13003,772,2024-09-01,2097,15,37,0,2024-09-30,Healthy
13004,772,2024-10-01,966,10,9,1,2024-10-24,At Risk
13005,772,2024-11-01,1961,18,21,1,2024-11-30,Healthy
13006,772,2024-12-01,912,5,8,5,2024-12-24,At Risk
13007,772,2025-01-01,1516,16,29,2,2025-01-28,Healthy
13008,772,2025-02-01,1700,21,24,2,2025-02-23,Healthy
13009,772,2025-03-01,1766,24,40,2,2025-03-26,Healthy
13010,772,2025-04-01,607,8,11,3,2025-04-19,At Risk
13011,772,2025-05-01,533,7,19,2,2025-05-18,At Risk
13012,772,2025-06-01,149,1,2,4,2025-06-13,Critical
13013,772,2025-07-01,385,0,4,8,2025-07-01,Critical
13014,772,2025-08-01,1999,18,37,2,2025-08-27,Healthy
13015,772,2025-09-01,1721,26,34,1,2025-09-29,Healthy
13016,772,2025-10-01,351,0,5,7,2025-10-05,Critical
13017,772,2025-11-01,1034,12,13,4,2025-11-24,At Risk
13018,772,2025-12-01,672,7,13,3,2025-12-18,At Risk
13019,772,2026-01-01,219,3,5,3,2026-01-03,Critical
13020,772,2026-02-01,654,13,14,4,2026-02-22,At Risk
13021,772,2026-03-01,1096,23,23,2,2026-03-27,Healthy
13022,772,2026-04-01,677,12,8,1,2026-04-19,At Risk
13023,772,2026-05-01,654,11,15,2,2026-05-19,At Risk
13024,772,2026-06-01,422,9,13,2,2026-06-15,At Risk
13025,773,2024-08-01,37,24,27,2,2024-08-27,Healthy
13026,773,2024-09-01,35,27,27,0,2024-09-25,Healthy
13027,773,2024-10-01,57,19,39,0,2024-10-29,Healthy
13028,773,2024-11-01,47,19,45,1,2024-11-29,Healthy
13029,773,2024-12-01,38,22,29,0,2024-12-29,Healthy
13030,773,2025-01-01,3,1,0,3,2025-01-15,Critical
13031,773,2025-02-01,28,5,16,1,2025-02-18,At Risk
13032,773,2025-03-01,24,10,17,2,2025-03-23,At Risk
13033,773,2025-04-01,38,25,24,2,2025-04-26,Healthy
13034,773,2025-05-01,4,2,5,4,2025-05-04,Critical
13035,773,2025-06-01,23,5,19,1,2025-06-22,At Risk
13036,773,2025-07-01,64,30,35,1,2025-07-29,Healthy
13037,773,2025-08-01,61,29,31,1,2025-08-30,Healthy
13038,773,2025-09-01,43,20,25,2,2025-09-30,Healthy
13039,773,2025-10-01,64,19,40,2,2025-10-31,Healthy
13040,773,2025-11-01,42,19,39,0,2025-11-30,Healthy
13041,773,2025-12-01,65,28,21,1,2025-12-31,Healthy
13042,773,2026-01-01,47,16,34,1,2026-01-27,Healthy
13043,773,2026-02-01,38,20,40,1,2026-02-24,Healthy
13044,773,2026-03-01,17,12,11,2,2026-03-25,At Risk
13045,773,2026-04-01,32,8,9,4,2026-04-17,At Risk
13046,773,2026-05-01,16,5,19,3,2026-05-19,At Risk
13047,773,2026-06-01,26,12,8,4,2026-06-18,At Risk
13048,774,2025-03-01,26,6,19,4,2025-03-25,At Risk
13049,774,2025-04-01,5,1,0,6,2025-03-31,Critical
13050,774,2025-05-01,9,3,6,8,2025-05-11,Critical
13051,774,2025-06-01,6,0,4,7,2025-05-31,Critical
13052,774,2025-07-01,18,10,11,2,2025-07-24,At Risk
13053,774,2025-08-01,62,25,28,2,2025-08-30,Healthy
13054,774,2025-09-01,25,5,9,1,2025-09-17,At Risk
13055,774,2025-10-01,33,12,9,2,2025-10-25,At Risk
13056,774,2025-11-01,27,8,8,2,2025-11-24,At Risk
13057,774,2025-12-01,14,4,2,5,2025-12-10,Critical
13058,774,2026-01-01,30,13,16,1,2026-01-21,At Risk
13059,774,2026-02-01,25,12,8,5,2026-02-20,At Risk
13060,774,2026-03-01,19,8,8,4,2026-03-16,At Risk
13061,774,2026-04-01,20,6,10,3,2026-04-19,At Risk
13062,774,2026-05-01,20,8,8,2,2026-05-21,At Risk
13063,774,2026-06-01,38,6,16,3,2026-06-20,At Risk
13064,775,2024-11-01,34,2,4,5,2024-11-04,Critical
13065,775,2024-12-01,162,17,28,1,2024-12-26,Healthy
13066,775,2025-01-01,141,15,28,0,2025-01-30,Healthy
13067,775,2025-02-01,118,23,28,2,2025-02-24,Healthy
13068,775,2025-03-01,16,1,4,6,2025-03-13,Critical
13069,775,2025-04-01,65,5,16,1,2025-04-18,At Risk
13070,775,2025-05-01,60,5,11,5,2025-05-24,At Risk
13071,775,2025-06-01,132,16,45,1,2025-06-30,Healthy
13072,775,2025-07-01,125,22,20,1,2025-07-31,Healthy
13073,775,2025-08-01,150,16,20,0,2025-08-27,Healthy
13074,775,2025-09-01,148,22,22,1,2025-09-27,Healthy
13075,775,2025-10-01,110,26,24,2,2025-10-29,Healthy
13076,775,2025-11-01,142,25,42,1,2025-11-26,Healthy
13077,775,2025-12-01,143,16,39,2,2025-12-30,Healthy
13078,775,2026-01-01,104,30,37,1,2026-01-26,Healthy
13079,775,2026-02-01,149,16,33,2,2026-02-25,Healthy
13080,775,2026-03-01,200,18,41,0,2026-03-31,Healthy
13081,775,2026-04-01,118,28,28,1,2026-04-29,Healthy
13082,775,2026-05-01,190,29,34,2,2026-05-29,Healthy
13083,775,2026-06-01,115,22,47,1,2026-06-30,Healthy
13084,776,2025-09-01,2187,23,39,0,2025-09-26,Healthy
13085,776,2025-10-01,2822,17,28,2,2025-10-27,Healthy
13086,776,2025-11-01,1258,12,13,1,2025-11-22,At Risk
13087,776,2025-12-01,554,0,0,8,2025-12-11,Critical
13088,776,2026-01-01,223,0,4,7,2026-01-09,Critical
13089,776,2026-02-01,469,1,4,4,2026-02-01,Critical
13090,776,2026-03-01,735,10,13,5,2026-03-25,At Risk
13091,776,2026-04-01,1211,9,14,2,2026-04-23,At Risk
13092,776,2026-05-01,488,4,4,5,2026-05-02,Critical
13093,776,2026-06-01,1326,13,13,1,2026-06-18,At Risk
13094,777,2025-09-01,198,23,38,1,2025-09-28,Healthy
13095,777,2025-10-01,158,28,35,1,2025-10-27,Healthy
13096,777,2025-11-01,59,8,11,5,2025-11-21,At Risk
13097,777,2025-12-01,44,13,9,2,2025-12-19,At Risk
13098,777,2026-01-01,111,7,19,1,2026-01-18,At Risk
13099,777,2026-02-01,73,11,18,4,2026-02-20,At Risk
13100,777,2026-03-01,35,4,5,7,2026-03-10,Critical
13101,777,2026-04-01,82,7,18,1,2026-04-19,At Risk
13102,777,2026-05-01,31,1,1,6,2026-05-14,Critical
13103,777,2026-06-01,197,27,32,1,2026-06-29,Healthy
13104,778,2024-06-01,685,26,24,1,2024-06-30,Healthy
13105,778,2024-07-01,1184,25,21,2,2024-07-26,Healthy
13106,778,2024-08-01,1221,15,39,2,2024-08-31,Healthy
13107,778,2024-09-01,1084,21,26,1,2024-09-27,Healthy
13108,778,2024-10-01,395,11,19,2,2024-10-18,At Risk
13109,778,2024-11-01,357,10,18,5,2024-11-15,At Risk
13110,778,2024-12-01,473,9,10,3,2024-12-25,At Risk
13111,778,2025-01-01,843,18,50,2,2025-01-28,Healthy
13112,778,2025-02-01,1060,21,46,2,2025-02-24,Healthy
13113,778,2025-03-01,953,21,44,0,2025-03-28,Healthy
13114,778,2025-04-01,572,14,18,5,2025-04-16,At Risk
13115,778,2025-05-01,247,3,7,7,2025-05-15,Critical
13116,778,2025-06-01,430,5,16,4,2025-06-19,At Risk
13117,778,2025-07-01,562,7,8,3,2025-07-25,At Risk
13118,778,2025-08-01,258,7,12,3,2025-08-19,At Risk
13119,778,2025-09-01,283,13,19,2,2025-09-23,At Risk
13120,778,2025-10-01,143,2,2,8,2025-10-13,Critical
13121,778,2025-11-01,172,1,3,5,2025-11-11,Critical
13122,778,2025-12-01,106,4,4,5,2025-12-08,Critical
13123,778,2026-01-01,258,13,8,3,2026-01-24,At Risk
13124,778,2026-02-01,305,12,15,1,2026-02-18,At Risk
13125,778,2026-03-01,627,14,14,4,2026-03-21,At Risk
13126,778,2026-04-01,267,9,18,3,2026-04-18,At Risk
13127,778,2026-05-01,630,7,15,1,2026-05-20,At Risk
13128,778,2026-06-01,623,5,10,4,2026-06-19,At Risk
13129,779,2024-07-01,78,20,32,1,2024-07-27,Healthy
13130,779,2024-08-01,50,27,38,1,2024-08-28,Healthy
13131,779,2024-09-01,68,30,32,1,2024-09-27,Healthy
13132,779,2024-10-01,6,2,5,5,2024-10-07,Critical
13133,779,2024-11-01,11,3,3,5,2024-11-03,Critical
13134,779,2024-12-01,7,1,0,4,2024-12-05,Critical
13135,779,2025-01-01,21,13,17,1,2025-01-16,At Risk
13136,779,2025-02-01,84,30,44,1,2025-02-28,Healthy
13137,779,2025-03-01,71,28,35,0,2025-03-31,Healthy
13138,779,2025-04-01,55,15,38,1,2025-04-28,Healthy
13139,779,2025-05-01,53,18,49,2,2025-05-27,Healthy
13140,779,2025-06-01,17,9,17,3,2025-06-15,At Risk
13141,779,2025-07-01,25,5,8,1,2025-07-25,At Risk
13142,779,2025-08-01,70,22,39,2,2025-08-26,Healthy
13143,779,2025-09-01,48,18,21,2,2025-09-28,Healthy
13144,779,2025-10-01,74,21,29,1,2025-10-31,Healthy
13145,779,2025-11-01,70,21,26,0,2025-11-27,Healthy
13146,779,2025-12-01,67,30,33,1,2025-12-27,Healthy
13147,779,2026-01-01,83,26,31,2,2026-01-28,Healthy
13148,779,2026-02-01,34,9,10,2,2026-02-19,At Risk
13149,779,2026-03-01,33,8,19,1,2026-03-20,At Risk
13150,779,2026-04-01,70,16,46,0,2026-04-28,Healthy
13151,779,2026-05-01,50,17,37,0,2026-05-27,Healthy
13152,779,2026-06-01,60,21,41,1,2026-06-29,Healthy
13153,780,2025-09-01,41,20,40,2,2025-09-27,Healthy
13154,780,2025-10-01,35,27,35,2,2025-10-28,Healthy
13155,780,2025-11-01,32,24,21,1,2025-11-28,Healthy
13156,780,2025-12-01,44,15,22,1,2025-12-31,Healthy
13157,780,2026-01-01,33,24,37,2,2026-01-27,Healthy
13158,780,2026-02-01,39,29,32,0,2026-02-24,Healthy
13159,780,2026-03-01,28,26,27,2,2026-03-29,Healthy
13160,780,2026-04-01,18,5,18,5,2026-04-24,At Risk
13161,780,2026-05-01,2,3,3,4,2026-05-05,Critical
13162,780,2026-06-01,16,13,12,2,2026-06-15,At Risk
13163,781,2025-06-01,16,12,13,4,2025-06-16,At Risk
13164,781,2025-07-01,18,12,18,4,2025-07-19,At Risk
13165,781,2025-08-01,2,4,6,7,2025-08-06,Critical
13166,781,2025-09-01,4,1,1,8,2025-09-01,Critical
13167,781,2025-10-01,5,0,0,4,2025-10-12,Critical
13168,781,2025-11-01,1,2,4,5,2025-11-05,Critical
13169,781,2025-12-01,2,1,7,5,2025-12-02,Critical
13170,781,2026-01-01,3,1,2,8,2026-01-08,Critical
13171,781,2026-02-01,14,14,17,1,2026-02-14,At Risk
13172,781,2026-03-01,9,9,10,5,2026-03-17,At Risk
13173,781,2026-04-01,8,8,12,4,2026-04-15,At Risk
13174,781,2026-05-01,14,7,17,1,2026-05-22,At Risk
13175,781,2026-06-01,20,21,37,0,2026-06-28,Healthy
13176,782,2025-08-01,1782,11,11,1,2025-08-18,At Risk
13177,782,2025-09-01,240,2,5,6,2025-09-11,Critical
13178,782,2025-10-01,480,3,2,3,2025-10-09,Critical
13179,782,2025-11-01,3387,17,40,1,2025-11-30,Healthy
13180,782,2025-12-01,1362,5,19,3,2025-12-18,At Risk
13181,782,2026-01-01,2345,17,42,1,2026-01-30,Healthy
13182,782,2026-02-01,2458,19,45,1,2026-02-27,Healthy
13183,782,2026-03-01,2828,16,47,1,2026-03-31,Healthy
13184,782,2026-04-01,1221,8,8,5,2026-04-21,At Risk
13185,782,2026-05-01,1245,10,12,2,2026-05-16,At Risk
13186,782,2026-06-01,3225,19,50,1,2026-06-26,Healthy
13187,783,2024-07-01,12,2,0,4,2024-07-06,Critical
13188,783,2024-08-01,25,3,1,7,2024-08-10,Critical
13189,783,2024-09-01,52,3,2,5,2024-09-04,Critical
13190,783,2024-10-01,90,9,16,5,2024-10-23,At Risk
13191,783,2024-11-01,215,18,24,2,2024-11-26,Healthy
13192,783,2024-12-01,238,29,30,1,2024-12-28,Healthy
13193,783,2025-01-01,224,28,26,0,2025-01-27,Healthy
13194,783,2025-02-01,204,21,23,1,2025-02-28,Healthy
13195,783,2025-03-01,306,25,24,2,2025-03-27,Healthy
13196,783,2025-04-01,247,25,25,0,2025-04-26,Healthy
13197,783,2025-05-01,258,28,33,0,2025-05-28,Healthy
13198,783,2025-06-01,112,13,13,3,2025-06-19,At Risk
13199,783,2025-07-01,220,29,21,1,2025-07-26,Healthy
13200,783,2025-08-01,173,19,44,1,2025-08-31,Healthy
13201,783,2025-09-01,167,15,34,0,2025-09-26,Healthy
13202,783,2025-10-01,215,17,27,2,2025-10-30,Healthy
13203,783,2025-11-01,199,17,24,0,2025-11-25,Healthy
13204,783,2025-12-01,219,18,30,2,2025-12-26,Healthy
13205,783,2026-01-01,178,30,31,1,2026-01-31,Healthy
13206,783,2026-02-01,264,21,22,2,2026-02-26,Healthy
13207,783,2026-03-01,17,0,2,8,2026-03-15,Critical
13208,783,2026-04-01,281,26,42,2,2026-04-30,Healthy
13209,783,2026-05-01,304,15,33,1,2026-05-29,Healthy
13210,783,2026-06-01,239,27,28,1,2026-06-26,Healthy
13211,784,2025-09-01,1762,11,15,2,2025-09-20,At Risk
13212,784,2025-10-01,2025,26,33,0,2025-10-31,Healthy
13213,784,2025-11-01,386,4,5,4,2025-11-03,Critical
13214,784,2025-12-01,359,1,6,7,2025-12-09,Critical
13215,784,2026-01-01,1890,13,16,4,2026-01-17,At Risk
13216,784,2026-02-01,3423,16,32,0,2026-02-28,Healthy
13217,784,2026-03-01,2243,17,38,0,2026-03-28,Healthy
13218,784,2026-04-01,2528,30,48,1,2026-04-25,Healthy
13219,784,2026-05-01,2417,24,39,1,2026-05-28,Healthy
13220,784,2026-06-01,2118,18,27,1,2026-06-29,Healthy
13221,785,2025-09-01,2433,29,41,1,2025-09-30,Healthy
13222,785,2025-10-01,711,8,17,1,2025-10-22,At Risk
13223,785,2025-11-01,1199,12,16,5,2025-11-17,At Risk
13224,785,2025-12-01,1310,6,11,2,2025-12-16,At Risk
13225,785,2026-01-01,1564,25,46,0,2026-01-28,Healthy
13226,785,2026-02-01,2161,19,44,0,2026-02-24,Healthy
13227,785,2026-03-01,698,12,10,5,2026-03-23,At Risk
13228,785,2026-04-01,1291,13,19,5,2026-04-23,At Risk
13229,785,2026-05-01,1854,18,26,0,2026-05-27,Healthy
13230,785,2026-06-01,1461,21,25,1,2026-06-28,Healthy
13231,786,2025-08-01,620,16,50,1,2025-08-28,Healthy
13232,786,2025-09-01,625,24,39,0,2025-09-26,Healthy
13233,786,2025-10-01,696,27,50,2,2025-10-28,Healthy
13234,786,2025-11-01,518,20,33,1,2025-11-25,Healthy
13235,786,2025-12-01,513,23,24,1,2025-12-31,Healthy
13236,786,2026-01-01,421,23,44,2,2026-01-26,Healthy
13237,786,2026-02-01,468,30,38,0,2026-02-23,Healthy
13238,786,2026-03-01,664,30,49,0,2026-03-30,Healthy
13239,786,2026-04-01,571,19,48,2,2026-04-30,Healthy
13240,786,2026-05-01,648,21,49,2,2026-05-29,Healthy
13241,786,2026-06-01,713,15,40,0,2026-06-30,Healthy
13242,787,2024-11-01,45,15,49,2,2024-11-30,Healthy
13243,787,2024-12-01,55,29,27,0,2024-12-31,Healthy
13244,787,2025-01-01,31,30,25,2,2025-01-26,Healthy
13245,787,2025-02-01,51,15,28,1,2025-02-27,Healthy
13246,787,2025-03-01,35,17,42,0,2025-03-31,Healthy
13247,787,2025-04-01,34,17,24,1,2025-04-25,Healthy
13248,787,2025-05-01,44,25,23,1,2025-05-27,Healthy
13249,787,2025-06-01,16,9,15,1,2025-06-22,At Risk
13250,787,2025-07-01,55,17,32,0,2025-07-29,Healthy
13251,787,2025-08-01,49,28,34,2,2025-08-31,Healthy
13252,787,2025-09-01,45,17,38,1,2025-09-29,Healthy
13253,787,2025-10-01,45,28,27,0,2025-10-28,Healthy
13254,787,2025-11-01,52,17,49,0,2025-11-26,Healthy
13255,787,2025-12-01,45,19,30,2,2025-12-29,Healthy
13256,787,2026-01-01,3,3,0,6,2026-01-01,Critical
13257,787,2026-02-01,17,12,11,4,2026-02-22,At Risk
13258,787,2026-03-01,48,22,50,2,2026-03-28,Healthy
13259,787,2026-04-01,12,5,16,5,2026-04-19,At Risk
13260,787,2026-05-01,15,6,9,2,2026-05-17,At Risk
13261,787,2026-06-01,18,6,16,3,2026-06-18,At Risk
13262,788,2024-03-01,29,29,49,2,2024-03-28,Healthy
13263,788,2024-04-01,25,26,49,0,2024-04-26,Healthy
13264,788,2024-05-01,16,15,35,1,2024-05-29,Healthy
13265,788,2024-06-01,25,30,31,0,2024-06-26,Healthy
13266,788,2024-07-01,17,26,30,1,2024-07-31,Healthy
13267,788,2024-08-01,15,26,40,1,2024-08-30,Healthy
13268,788,2024-09-01,25,25,45,1,2024-09-29,Healthy
13269,788,2024-10-01,12,12,16,2,2024-10-23,At Risk
13270,788,2024-11-01,5,3,3,5,2024-11-14,Critical
13271,788,2024-12-01,11,8,17,5,2024-12-24,At Risk
13272,788,2025-01-01,8,5,9,4,2025-01-19,At Risk
13273,788,2025-02-01,15,6,9,2,2025-02-15,At Risk
13274,788,2025-03-01,7,12,14,2,2025-03-18,At Risk
13275,788,2025-04-01,24,25,32,2,2025-04-26,Healthy
13276,788,2025-05-01,23,22,24,2,2025-05-26,Healthy
13277,788,2025-06-01,23,20,49,1,2025-06-28,Healthy
13278,788,2025-07-01,27,26,30,2,2025-07-31,Healthy
13279,788,2025-08-01,7,9,17,2,2025-08-19,At Risk
13280,788,2025-09-01,9,6,19,3,2025-09-18,At Risk
13281,788,2025-10-01,5,3,1,8,2025-10-11,Critical
13282,788,2025-11-01,3,1,1,3,2025-11-11,Critical
13283,788,2025-12-01,3,0,4,8,2025-12-15,Critical
13284,788,2026-01-01,1,2,2,4,2026-01-04,Critical
13285,788,2026-02-01,12,14,8,5,2026-02-13,At Risk
13286,788,2026-03-01,7,9,11,3,2026-03-18,At Risk
13287,788,2026-04-01,13,10,13,1,2026-04-22,At Risk
13288,788,2026-05-01,12,13,18,3,2026-05-24,At Risk
13289,788,2026-06-01,29,20,35,2,2026-06-27,Healthy
13290,789,2025-09-01,121,15,30,2,2025-09-26,Healthy
13291,789,2025-10-01,138,17,25,1,2025-10-29,Healthy
13292,789,2025-11-01,102,28,37,1,2025-11-29,Healthy
13293,789,2025-12-01,138,15,21,0,2025-12-31,Healthy
13294,789,2026-01-01,100,20,45,1,2026-01-27,Healthy
13295,789,2026-02-01,121,29,27,1,2026-02-24,Healthy
13296,789,2026-03-01,117,17,22,2,2026-03-28,Healthy
13297,789,2026-04-01,90,19,20,1,2026-04-30,Healthy
13298,789,2026-05-01,113,24,38,2,2026-05-29,Healthy
13299,789,2026-06-01,109,16,23,2,2026-06-30,Healthy
13300,790,2025-08-01,184,19,30,0,2025-08-27,Healthy
13301,790,2025-09-01,140,27,40,1,2025-09-26,Healthy
13302,790,2025-10-01,223,27,24,0,2025-10-28,Healthy
13303,790,2025-11-01,90,14,10,5,2025-11-22,At Risk
13304,790,2025-12-01,97,5,10,5,2025-12-24,At Risk
13305,790,2026-01-01,33,1,6,5,2026-01-12,Critical
13306,790,2026-02-01,22,3,4,6,2026-01-29,Critical
13307,790,2026-03-01,13,3,6,8,2026-03-04,Critical
13308,790,2026-04-01,33,2,4,3,2026-04-05,Critical
13309,790,2026-05-01,67,13,19,2,2026-05-21,At Risk
13310,790,2026-06-01,52,9,11,5,2026-06-24,At Risk
13311,791,2026-02-01,237,15,44,0,2026-02-25,Healthy
13312,791,2026-03-01,218,15,39,0,2026-03-30,Healthy
13313,791,2026-04-01,209,22,50,2,2026-04-28,Healthy
13314,791,2026-05-01,148,25,45,2,2026-05-28,Healthy
13315,791,2026-06-01,157,26,33,0,2026-06-29,Healthy
13316,792,2025-01-01,65,27,43,1,2025-01-27,Healthy
13317,792,2025-02-01,56,30,45,1,2025-02-24,Healthy
13318,792,2025-03-01,54,19,38,0,2025-03-31,Healthy
13319,792,2025-04-01,61,23,43,2,2025-04-28,Healthy
13320,792,2025-05-01,50,29,20,0,2025-05-30,Healthy
13321,792,2025-06-01,64,16,50,1,2025-06-29,Healthy
13322,792,2025-07-01,61,18,47,0,2025-07-27,Healthy
13323,792,2025-08-01,17,8,14,4,2025-08-16,At Risk
13324,792,2025-09-01,7,4,1,8,2025-08-31,Critical
13325,792,2025-10-01,24,9,12,3,2025-10-25,At Risk
13326,792,2025-11-01,13,2,5,5,2025-11-04,Critical
13327,792,2025-12-01,6,1,1,8,2025-12-12,Critical
13328,792,2026-01-01,21,5,8,1,2026-01-16,At Risk
13329,792,2026-02-01,67,26,20,0,2026-02-23,Healthy
13330,792,2026-03-01,39,28,30,0,2026-03-28,Healthy
13331,792,2026-04-01,53,21,35,1,2026-04-25,Healthy
13332,792,2026-05-01,44,18,47,2,2026-05-26,Healthy
13333,792,2026-06-01,21,11,13,5,2026-06-15,At Risk
13334,793,2024-05-01,13,18,44,2,2024-05-31,Healthy
13335,793,2024-06-01,8,5,17,3,2024-06-21,At Risk
13336,793,2024-07-01,10,27,48,0,2024-07-29,Healthy
13337,793,2024-08-01,10,16,35,0,2024-08-31,Healthy
13338,793,2024-09-01,12,21,41,1,2024-09-28,Healthy
13339,793,2024-10-01,5,8,17,3,2024-10-24,At Risk
13340,793,2024-11-01,3,3,4,5,2024-11-14,Critical
13341,793,2024-12-01,1,2,2,7,2024-12-08,Critical
13342,793,2025-01-01,3,3,0,4,2025-01-13,Critical
13343,793,2025-02-01,8,10,15,4,2025-02-19,At Risk
13344,793,2025-03-01,8,5,11,1,2025-03-21,At Risk
13345,793,2025-04-01,8,12,19,5,2025-04-15,At Risk
13346,793,2025-05-01,6,12,15,3,2025-05-23,At Risk
13347,793,2025-06-01,12,22,23,0,2025-06-27,Healthy
13348,793,2025-07-01,15,23,23,1,2025-07-29,Healthy
13349,793,2025-08-01,12,18,39,2,2025-08-27,Healthy
13350,793,2025-09-01,14,23,44,1,2025-09-25,Healthy
13351,793,2025-10-01,11,30,35,0,2025-10-28,Healthy
13352,793,2025-11-01,9,20,35,0,2025-11-30,Healthy
13353,793,2025-12-01,8,28,27,2,2025-12-30,Healthy
13354,793,2026-01-01,11,18,47,1,2026-01-27,Healthy
13355,793,2026-02-01,13,29,30,0,2026-02-27,Healthy
13356,793,2026-03-01,9,28,26,1,2026-03-30,Healthy
13357,793,2026-04-01,12,16,40,1,2026-04-28,Healthy
13358,793,2026-05-01,12,30,46,0,2026-05-30,Healthy
13359,793,2026-06-01,9,29,24,0,2026-06-26,Healthy
13360,794,2024-03-01,32,23,40,0,2024-03-29,Healthy
13361,794,2024-04-01,37,16,30,1,2024-04-25,Healthy
13362,794,2024-05-01,46,15,46,2,2024-05-26,Healthy
13363,794,2024-06-01,39,23,30,2,2024-06-27,Healthy
13364,794,2024-07-01,47,22,39,2,2024-07-28,Healthy
13365,794,2024-08-01,34,20,50,0,2024-08-31,Healthy
13366,794,2024-09-01,4,3,6,8,2024-09-08,Critical
13367,794,2024-10-01,22,12,15,4,2024-10-21,At Risk
13368,794,2024-11-01,31,25,48,2,2024-11-30,Healthy
13369,794,2024-12-01,15,8,12,2,2024-12-24,At Risk
13370,794,2025-01-01,15,9,13,3,2025-01-25,At Risk
13371,794,2025-02-01,12,5,10,1,2025-02-18,At Risk
13372,794,2025-03-01,22,6,19,2,2025-03-18,At Risk
13373,794,2025-04-01,32,25,41,1,2025-04-30,Healthy
13374,794,2025-05-01,37,24,30,2,2025-05-28,Healthy
13375,794,2025-06-01,49,27,38,0,2025-06-30,Healthy
13376,794,2025-07-01,42,20,40,1,2025-07-28,Healthy
13377,794,2025-08-01,36,18,32,1,2025-08-31,Healthy
13378,794,2025-09-01,7,1,6,7,2025-09-10,Critical
13379,794,2025-10-01,4,4,5,4,2025-10-10,Critical
13380,794,2025-11-01,12,6,11,1,2025-11-23,At Risk
13381,794,2025-12-01,8,4,7,8,2025-12-07,Critical
13382,794,2026-01-01,4,0,1,4,2026-01-12,Critical
13383,794,2026-02-01,10,14,19,4,2026-02-17,At Risk
13384,794,2026-03-01,15,12,10,1,2026-03-24,At Risk
13385,794,2026-04-01,6,2,3,3,2026-04-07,Critical
13386,794,2026-05-01,24,12,10,5,2026-05-23,At Risk
13387,794,2026-06-01,16,9,10,3,2026-06-17,At Risk
13388,795,2024-06-01,78,24,48,2,2024-06-29,Healthy
13389,795,2024-07-01,94,21,34,1,2024-07-30,Healthy
13390,795,2024-08-01,139,24,35,1,2024-08-29,Healthy
13391,795,2024-09-01,96,16,32,2,2024-09-27,Healthy
13392,795,2024-10-01,64,10,15,2,2024-10-24,At Risk
13393,795,2024-11-01,140,18,33,2,2024-11-30,Healthy
13394,795,2024-12-01,94,17,24,2,2024-12-27,Healthy
13395,795,2025-01-01,55,9,9,3,2025-01-19,At Risk
13396,795,2025-02-01,51,10,13,4,2025-02-17,At Risk
13397,795,2025-03-01,19,1,0,7,2025-03-10,Critical
13398,795,2025-04-01,38,6,14,2,2025-04-21,At Risk
13399,795,2025-05-01,110,21,50,2,2025-05-28,Healthy
13400,795,2025-06-01,78,18,27,1,2025-06-30,Healthy
13401,795,2025-07-01,84,21,44,1,2025-07-28,Healthy
13402,795,2025-08-01,123,26,35,0,2025-08-27,Healthy
13403,795,2025-09-01,107,17,41,2,2025-09-26,Healthy
13404,795,2025-10-01,52,13,13,2,2025-10-18,At Risk
13405,795,2025-11-01,57,13,18,2,2025-11-20,At Risk
13406,795,2025-12-01,74,8,15,1,2025-12-19,At Risk
13407,795,2026-01-01,102,26,23,1,2026-01-26,Healthy
13408,795,2026-02-01,116,27,34,0,2026-02-25,Healthy
13409,795,2026-03-01,153,28,33,2,2026-03-31,Healthy
13410,795,2026-04-01,68,14,9,2,2026-04-23,At Risk
13411,795,2026-05-01,33,10,18,1,2026-05-21,At Risk
13412,795,2026-06-01,49,6,11,5,2026-06-24,At Risk
13413,796,2025-12-01,309,18,44,1,2025-12-28,Healthy
13414,796,2026-01-01,338,18,46,2,2026-01-30,Healthy
13415,796,2026-02-01,188,20,45,0,2026-02-28,Healthy
13416,796,2026-03-01,265,26,50,1,2026-03-28,Healthy
13417,796,2026-04-01,274,21,43,2,2026-04-25,Healthy
13418,796,2026-05-01,114,9,10,5,2026-05-17,At Risk
13419,796,2026-06-01,290,15,22,2,2026-06-29,Healthy
13420,797,2024-12-01,19,9,14,4,2024-12-23,At Risk
13421,797,2025-01-01,35,14,13,4,2025-01-16,At Risk
13422,797,2025-02-01,22,13,10,1,2025-02-14,At Risk
13423,797,2025-03-01,35,11,18,3,2025-03-23,At Risk
13424,797,2025-04-01,28,14,18,3,2025-04-16,At Risk
13425,797,2025-05-01,9,2,0,6,2025-05-10,Critical
13426,797,2025-06-01,4,4,0,3,2025-06-08,Critical
13427,797,2025-07-01,10,1,6,4,2025-07-15,Critical
13428,797,2025-08-01,13,0,1,8,2025-08-06,Critical
13429,797,2025-09-01,11,4,1,4,2025-09-09,Critical
13430,797,2025-10-01,12,4,1,7,2025-10-02,Critical
13431,797,2025-11-01,14,5,11,2,2025-11-19,At Risk
13432,797,2025-12-01,21,12,19,4,2025-12-23,At Risk
13433,797,2026-01-01,11,1,3,8,2026-01-08,Critical
13434,797,2026-02-01,27,6,9,4,2026-02-22,At Risk
13435,797,2026-03-01,11,2,2,8,2026-03-01,Critical
13436,797,2026-04-01,30,5,12,2,2026-04-16,At Risk
13437,797,2026-05-01,8,4,1,4,2026-05-11,Critical
13438,797,2026-06-01,3,1,6,8,2026-06-13,Critical
13439,798,2024-12-01,264,17,48,2,2024-12-31,Healthy
13440,798,2025-01-01,17,4,7,6,2025-01-14,Critical
13441,798,2025-02-01,15,4,5,4,2025-02-12,Critical
13442,798,2025-03-01,12,1,4,8,2025-03-08,Critical
13443,798,2025-04-01,22,3,1,5,2025-04-06,Critical
13444,798,2025-05-01,26,2,3,3,2025-05-07,Critical
13445,798,2025-06-01,226,26,39,0,2025-06-25,Healthy
13446,798,2025-07-01,262,19,40,1,2025-07-29,Healthy
13447,798,2025-08-01,143,12,16,4,2025-08-21,At Risk
13448,798,2025-09-01,149,11,14,4,2025-09-18,At Risk
13449,798,2025-10-01,35,0,1,5,2025-10-08,Critical
13450,798,2025-11-01,10,3,5,4,2025-11-10,Critical
13451,798,2025-12-01,32,1,0,3,2025-12-14,Critical
13452,798,2026-01-01,115,10,19,3,2026-01-16,At Risk
13453,798,2026-02-01,146,9,19,1,2026-02-22,At Risk
13454,798,2026-03-01,110,7,18,2,2026-03-23,At Risk
13455,798,2026-04-01,154,8,19,5,2026-04-22,At Risk
13456,798,2026-05-01,36,2,3,5,2026-05-14,Critical
13457,798,2026-06-01,73,6,19,2,2026-06-22,At Risk
13458,799,2025-06-01,651,27,28,0,2025-06-27,Healthy
13459,799,2025-07-01,443,26,27,0,2025-07-27,Healthy
13460,799,2025-08-01,564,28,46,0,2025-08-29,Healthy
13461,799,2025-09-01,554,16,37,2,2025-09-28,Healthy
13462,799,2025-10-01,758,15,46,1,2025-10-29,Healthy
13463,799,2025-11-01,585,23,39,0,2025-11-27,Healthy
13464,799,2025-12-01,529,21,28,1,2025-12-26,Healthy
13465,799,2026-01-01,364,10,8,5,2026-01-17,At Risk
13466,799,2026-02-01,605,22,23,2,2026-02-25,Healthy
13467,799,2026-03-01,623,30,38,2,2026-03-26,Healthy
13468,799,2026-04-01,567,29,28,2,2026-04-26,Healthy
13469,799,2026-05-01,496,21,50,2,2026-05-26,Healthy
13470,799,2026-06-01,488,20,44,0,2026-06-26,Healthy
13471,800,2026-02-01,30,4,0,4,2026-02-12,Critical
13472,800,2026-03-01,103,12,17,2,2026-03-21,At Risk
13473,800,2026-04-01,115,12,14,4,2026-04-19,At Risk
13474,800,2026-05-01,95,13,13,4,2026-05-25,At Risk
13475,800,2026-06-01,27,2,0,8,2026-05-31,Critical
13476,801,2024-09-01,32,4,1,3,2024-09-08,Critical
13477,801,2024-10-01,82,10,10,5,2024-10-21,At Risk
13478,801,2024-11-01,102,5,13,3,2024-11-19,At Risk
13479,801,2024-12-01,131,13,9,2,2024-12-25,At Risk
13480,801,2025-01-01,11,3,4,6,2025-01-14,Critical
13481,801,2025-02-01,45,1,7,4,2025-02-11,Critical
13482,801,2025-03-01,40,2,0,3,2025-03-01,Critical
13483,801,2025-04-01,25,1,1,4,2025-04-13,Critical
13484,801,2025-05-01,107,9,15,1,2025-05-25,At Risk
13485,801,2025-06-01,88,6,9,5,2025-06-20,At Risk
13486,801,2025-07-01,84,14,12,1,2025-07-16,At Risk
13487,801,2025-08-01,102,12,14,1,2025-08-20,At Risk
13488,801,2025-09-01,29,4,2,8,2025-09-04,Critical
13489,801,2025-10-01,42,0,1,6,2025-10-12,Critical
13490,801,2025-11-01,19,2,7,7,2025-11-06,Critical
13491,801,2025-12-01,25,4,2,3,2025-12-09,Critical
13492,801,2026-01-01,47,0,2,5,2026-01-04,Critical
13493,801,2026-02-01,120,10,12,5,2026-02-17,At Risk
13494,801,2026-03-01,91,13,19,5,2026-03-19,At Risk
13495,801,2026-04-01,187,20,42,1,2026-04-27,Healthy
13496,801,2026-05-01,137,7,15,2,2026-05-21,At Risk
13497,801,2026-06-01,112,13,15,1,2026-06-16,At Risk
13498,802,2026-01-01,19,20,38,0,2026-01-27,Healthy
13499,802,2026-02-01,23,21,20,2,2026-02-26,Healthy
13500,802,2026-03-01,24,28,39,0,2026-03-26,Healthy
13501,802,2026-04-01,24,22,21,2,2026-04-29,Healthy
13502,802,2026-05-01,23,23,26,2,2026-05-31,Healthy
13503,802,2026-06-01,25,15,50,2,2026-06-27,Healthy
13504,803,2025-01-01,12,6,18,1,2025-01-23,At Risk
13505,803,2025-02-01,45,16,20,2,2025-02-27,Healthy
13506,803,2025-03-01,47,17,43,1,2025-03-31,Healthy
13507,803,2025-04-01,50,29,36,2,2025-04-26,Healthy
13508,803,2025-05-01,8,4,4,5,2025-05-03,Critical
13509,803,2025-06-01,12,14,14,4,2025-06-17,At Risk
13510,803,2025-07-01,18,11,17,2,2025-07-25,At Risk
13511,803,2025-08-01,44,16,32,1,2025-08-27,Healthy
13512,803,2025-09-01,6,0,1,4,2025-09-12,Critical
13513,803,2025-10-01,11,14,10,4,2025-10-23,At Risk
13514,803,2025-11-01,23,10,13,1,2025-11-20,At Risk
13515,803,2025-12-01,24,13,19,1,2025-12-19,At Risk
13516,803,2026-01-01,50,29,41,1,2026-01-28,Healthy
13517,803,2026-02-01,36,20,47,1,2026-02-24,Healthy
13518,803,2026-03-01,34,29,41,2,2026-03-26,Healthy
13519,803,2026-04-01,45,18,49,2,2026-04-29,Healthy
13520,803,2026-05-01,50,17,33,2,2026-05-27,Healthy
13521,803,2026-06-01,37,17,26,2,2026-06-30,Healthy
13522,804,2025-06-01,36,25,37,1,2025-06-27,Healthy
13523,804,2025-07-01,45,16,38,1,2025-07-28,Healthy
13524,804,2025-08-01,42,25,35,0,2025-08-30,Healthy
13525,804,2025-09-01,46,30,40,1,2025-09-27,Healthy
13526,804,2025-10-01,68,21,31,1,2025-10-30,Healthy
13527,804,2025-11-01,43,29,31,0,2025-11-28,Healthy
13528,804,2025-12-01,43,28,45,0,2025-12-27,Healthy
13529,804,2026-01-01,68,28,28,2,2026-01-26,Healthy
13530,804,2026-02-01,43,29,38,1,2026-02-23,Healthy
13531,804,2026-03-01,37,25,23,0,2026-03-27,Healthy
13532,804,2026-04-01,67,27,41,2,2026-04-28,Healthy
13533,804,2026-05-01,35,28,30,2,2026-05-28,Healthy
13534,804,2026-06-01,31,8,16,1,2026-06-15,At Risk
13535,805,2024-04-01,10,9,15,1,2024-04-19,At Risk
13536,805,2024-05-01,8,11,17,2,2024-05-22,At Risk
13537,805,2024-06-01,3,4,5,4,2024-06-02,Critical
13538,805,2024-07-01,9,7,18,5,2024-07-22,At Risk
13539,805,2024-08-01,9,10,9,2,2024-08-22,At Risk
13540,805,2024-09-01,16,26,27,0,2024-09-25,Healthy
13541,805,2024-10-01,14,23,43,0,2024-10-28,Healthy
13542,805,2024-11-01,16,18,30,1,2024-11-28,Healthy
13543,805,2024-12-01,13,26,32,1,2024-12-26,Healthy
13544,805,2025-01-01,7,7,15,1,2025-01-21,At Risk
13545,805,2025-02-01,9,7,10,5,2025-02-17,At Risk
13546,805,2025-03-01,18,30,49,1,2025-03-31,Healthy
13547,805,2025-04-01,7,7,17,4,2025-04-22,At Risk
13548,805,2025-05-01,3,1,0,4,2025-05-02,Critical
13549,805,2025-06-01,1,0,4,7,2025-06-08,Critical
13550,805,2025-07-01,2,1,1,5,2025-07-09,Critical
13551,805,2025-08-01,12,24,43,0,2025-08-26,Healthy
13552,805,2025-09-01,18,28,47,0,2025-09-30,Healthy
13553,805,2025-10-01,12,21,24,0,2025-10-29,Healthy
13554,805,2025-11-01,5,6,12,1,2025-11-22,At Risk
13555,805,2025-12-01,2,1,3,5,2025-12-10,Critical
13556,805,2026-01-01,3,4,7,6,2026-01-14,Critical
13557,805,2026-02-01,2,3,6,6,2026-02-11,Critical
13558,805,2026-03-01,2,2,4,5,2026-03-12,Critical
13559,805,2026-04-01,2,4,0,5,2026-04-05,Critical
13560,805,2026-05-01,3,2,3,6,2026-05-11,Critical
13561,805,2026-06-01,1,0,0,6,2026-06-02,Critical
13562,806,2025-04-01,4,4,3,5,2025-04-10,Critical
13563,806,2025-05-01,15,10,12,3,2025-05-24,At Risk
13564,806,2025-06-01,20,14,8,3,2025-06-18,At Risk
13565,806,2025-07-01,26,16,50,2,2025-07-29,Healthy
13566,806,2025-08-01,39,17,24,0,2025-08-31,Healthy
13567,806,2025-09-01,31,23,26,0,2025-09-27,Healthy
13568,806,2025-10-01,27,17,38,0,2025-10-27,Healthy
13569,806,2025-11-01,37,30,40,1,2025-11-25,Healthy
13570,806,2025-12-01,11,8,15,5,2025-12-18,At Risk
13571,806,2026-01-01,13,8,14,2,2026-01-23,At Risk
13572,806,2026-02-01,44,17,29,0,2026-02-25,Healthy
13573,806,2026-03-01,13,14,9,2,2026-03-21,At Risk
13574,806,2026-04-01,8,2,6,4,2026-04-14,Critical
13575,806,2026-05-01,5,3,1,7,2026-05-02,Critical
13576,806,2026-06-01,2,2,6,8,2026-06-05,Critical
13577,807,2025-04-01,142,25,47,2,2025-04-26,Healthy
13578,807,2025-05-01,143,24,30,2,2025-05-28,Healthy
13579,807,2025-06-01,114,22,49,2,2025-06-29,Healthy
13580,807,2025-07-01,132,21,44,1,2025-07-26,Healthy
13581,807,2025-08-01,86,26,43,0,2025-08-30,Healthy
13582,807,2025-09-01,155,25,38,0,2025-09-26,Healthy
13583,807,2025-10-01,136,26,38,1,2025-10-30,Healthy
13584,807,2025-11-01,106,21,22,2,2025-11-28,Healthy
13585,807,2025-12-01,41,14,17,1,2025-12-25,At Risk
13586,807,2026-01-01,21,2,1,7,2026-01-08,Critical
13587,807,2026-02-01,8,0,2,6,2026-01-31,Critical
13588,807,2026-03-01,135,20,40,1,2026-03-28,Healthy
13589,807,2026-04-01,121,23,37,0,2026-04-26,Healthy
13590,807,2026-05-01,43,14,17,3,2026-05-20,At Risk
13591,807,2026-06-01,66,6,12,1,2026-06-19,At Risk
13592,808,2025-09-01,20,28,45,2,2025-09-27,Healthy
13593,808,2025-10-01,15,27,36,0,2025-10-30,Healthy
13594,808,2025-11-01,15,16,41,0,2025-11-30,Healthy
13595,808,2025-12-01,28,19,29,1,2025-12-30,Healthy
13596,808,2026-01-01,24,18,38,2,2026-01-31,Healthy
13597,808,2026-02-01,16,23,25,2,2026-02-24,Healthy
13598,808,2026-03-01,19,27,50,2,2026-03-27,Healthy
13599,808,2026-04-01,13,5,8,2,2026-04-19,At Risk
13600,808,2026-05-01,8,10,10,1,2026-05-22,At Risk
13601,808,2026-06-01,9,5,16,2,2026-06-19,At Risk
13602,809,2025-09-01,23,4,4,7,2025-09-12,Critical
13603,809,2025-10-01,12,0,4,8,2025-10-09,Critical
13604,809,2025-11-01,58,12,18,1,2025-11-24,At Risk
13605,809,2025-12-01,8,2,6,5,2025-12-10,Critical
13606,809,2026-01-01,54,5,12,3,2026-01-18,At Risk
13607,809,2026-02-01,45,9,8,4,2026-02-17,At Risk
13608,809,2026-03-01,17,4,5,5,2026-03-01,Critical
13609,809,2026-04-01,3,0,2,5,2026-04-03,Critical
13610,809,2026-05-01,4,1,7,6,2026-05-14,Critical
13611,809,2026-06-01,16,0,3,8,2026-06-07,Critical
13612,810,2024-11-01,11,18,21,2,2024-11-26,Healthy
13613,810,2024-12-01,7,26,22,2,2024-12-26,Healthy
13614,810,2025-01-01,7,29,26,1,2025-01-26,Healthy
13615,810,2025-02-01,9,25,27,2,2025-02-24,Healthy
13616,810,2025-03-01,11,17,30,2,2025-03-26,Healthy
13617,810,2025-04-01,9,17,27,0,2025-04-27,Healthy
13618,810,2025-05-01,12,21,50,1,2025-05-27,Healthy
13619,810,2025-06-01,11,29,50,0,2025-06-29,Healthy
13620,810,2025-07-01,7,28,32,1,2025-07-27,Healthy
13621,810,2025-08-01,5,11,16,1,2025-08-22,At Risk
13622,810,2025-09-01,1,1,2,4,2025-09-09,Critical
13623,810,2025-10-01,3,5,9,5,2025-10-16,At Risk
13624,810,2025-11-01,6,5,11,1,2025-11-19,At Risk
13625,810,2025-12-01,6,8,16,1,2025-12-16,At Risk
13626,810,2026-01-01,10,26,37,0,2026-01-28,Healthy
13627,810,2026-02-01,8,18,44,1,2026-02-26,Healthy
13628,810,2026-03-01,8,29,32,0,2026-03-31,Healthy
13629,810,2026-04-01,11,23,47,0,2026-04-29,Healthy
13630,810,2026-05-01,10,19,38,1,2026-05-26,Healthy
13631,810,2026-06-01,6,5,17,2,2026-06-23,At Risk
13632,811,2024-07-01,51,19,34,1,2024-07-26,Healthy
13633,811,2024-08-01,53,29,43,2,2024-08-29,Healthy
13634,811,2024-09-01,63,22,25,0,2024-09-28,Healthy
13635,811,2024-10-01,8,2,4,3,2024-10-06,Critical
13636,811,2024-11-01,11,0,1,5,2024-11-03,Critical
13637,811,2024-12-01,9,4,1,6,2024-12-01,Critical
13638,811,2025-01-01,3,0,1,4,2025-01-01,Critical
13639,811,2025-02-01,12,0,1,7,2025-02-11,Critical
13640,811,2025-03-01,7,4,6,3,2025-03-11,Critical
13641,811,2025-04-01,4,2,1,5,2025-04-05,Critical
13642,811,2025-05-01,11,4,5,8,2025-05-06,Critical
13643,811,2025-06-01,25,14,14,1,2025-06-23,At Risk
13644,811,2025-07-01,46,15,35,2,2025-07-31,Healthy
13645,811,2025-08-01,57,30,44,0,2025-08-26,Healthy
13646,811,2025-09-01,32,11,11,2,2025-09-17,At Risk
13647,811,2025-10-01,49,24,39,0,2025-10-28,Healthy
13648,811,2025-11-01,29,13,18,3,2025-11-17,At Risk
13649,811,2025-12-01,62,22,26,2,2025-12-31,Healthy
13650,811,2026-01-01,68,27,31,0,2026-01-27,Healthy
13651,811,2026-02-01,48,28,28,1,2026-02-24,Healthy
13652,811,2026-03-01,56,18,36,1,2026-03-26,Healthy
13653,811,2026-04-01,33,6,13,2,2026-04-24,At Risk
13654,811,2026-05-01,14,13,10,5,2026-05-19,At Risk
13655,811,2026-06-01,29,9,15,1,2026-06-22,At Risk
13656,812,2025-03-01,276,18,40,1,2025-03-30,Healthy
13657,812,2025-04-01,227,24,21,2,2025-04-29,Healthy
13658,812,2025-05-01,63,11,15,2,2025-05-22,At Risk
13659,812,2025-06-01,162,12,12,3,2025-06-24,At Risk
13660,812,2025-07-01,51,1,1,8,2025-07-04,Critical
13661,812,2025-08-01,131,8,17,4,2025-08-19,At Risk
13662,812,2025-09-01,155,6,16,2,2025-09-16,At Risk
13663,812,2025-10-01,46,3,3,6,2025-10-14,Critical
13664,812,2025-11-01,59,4,1,7,2025-11-03,Critical
13665,812,2025-12-01,67,10,17,5,2025-12-24,At Risk
13666,812,2026-01-01,64,8,19,3,2026-01-20,At Risk
13667,812,2026-02-01,17,4,7,6,2026-01-29,Critical
13668,812,2026-03-01,18,0,6,4,2026-03-03,Critical
13669,812,2026-04-01,260,19,24,1,2026-04-27,Healthy
13670,812,2026-05-01,187,29,20,2,2026-05-26,Healthy
13671,812,2026-06-01,281,22,31,1,2026-06-27,Healthy
13672,813,2025-06-01,221,18,49,2,2025-06-28,Healthy
13673,813,2025-07-01,328,30,36,0,2025-07-30,Healthy
13674,813,2025-08-01,337,23,28,1,2025-08-30,Healthy
13675,813,2025-09-01,181,30,39,1,2025-09-27,Healthy
13676,813,2025-10-01,291,27,20,1,2025-10-27,Healthy
13677,813,2025-11-01,314,20,38,2,2025-11-28,Healthy
13678,813,2025-12-01,298,21,50,2,2025-12-30,Healthy
13679,813,2026-01-01,318,24,28,2,2026-01-26,Healthy
13680,813,2026-02-01,288,24,28,1,2026-02-25,Healthy
13681,813,2026-03-01,119,8,16,4,2026-03-17,At Risk
13682,813,2026-04-01,159,14,9,4,2026-04-18,At Risk
13683,813,2026-05-01,117,7,10,2,2026-05-17,At Risk
13684,813,2026-06-01,106,10,10,1,2026-06-21,At Risk
13685,814,2024-04-01,136,22,24,2,2024-04-29,Healthy
13686,814,2024-05-01,169,17,41,1,2024-05-26,Healthy
13687,814,2024-06-01,209,17,40,1,2024-06-25,Healthy
13688,814,2024-07-01,229,25,47,1,2024-07-30,Healthy
13689,814,2024-08-01,153,18,49,0,2024-08-31,Healthy
13690,814,2024-09-01,214,22,22,1,2024-09-26,Healthy
13691,814,2024-10-01,78,8,16,2,2024-10-23,At Risk
13692,814,2024-11-01,233,18,42,1,2024-11-25,Healthy
13693,814,2024-12-01,243,27,36,1,2024-12-26,Healthy
13694,814,2025-01-01,137,29,42,0,2025-01-30,Healthy
13695,814,2025-02-01,64,8,12,4,2025-02-19,At Risk
13696,814,2025-03-01,71,8,16,4,2025-03-21,At Risk
13697,814,2025-04-01,113,6,13,4,2025-04-17,At Risk
13698,814,2025-05-01,64,5,9,1,2025-05-22,At Risk
13699,814,2025-06-01,115,11,15,3,2025-06-19,At Risk
13700,814,2025-07-01,61,7,8,2,2025-07-17,At Risk
13701,814,2025-08-01,18,1,1,3,2025-08-08,Critical
13702,814,2025-09-01,85,8,9,1,2025-09-21,At Risk
13703,814,2025-10-01,81,9,11,3,2025-10-25,At Risk
13704,814,2025-11-01,162,30,40,0,2025-11-26,Healthy
13705,814,2025-12-01,187,30,26,2,2025-12-30,Healthy
13706,814,2026-01-01,208,19,42,0,2026-01-26,Healthy
13707,814,2026-02-01,164,21,30,2,2026-02-24,Healthy
13708,814,2026-03-01,191,18,48,0,2026-03-31,Healthy
13709,814,2026-04-01,242,19,42,2,2026-04-29,Healthy
13710,814,2026-05-01,68,7,9,2,2026-05-17,At Risk
13711,814,2026-06-01,119,12,10,5,2026-06-21,At Risk
13712,815,2026-01-01,21,7,14,1,2026-01-25,At Risk
13713,815,2026-02-01,7,3,5,6,2026-02-03,Critical
13714,815,2026-03-01,5,1,4,3,2026-03-08,Critical
13715,815,2026-04-01,6,2,5,4,2026-04-14,Critical
13716,815,2026-05-01,5,0,5,4,2026-05-02,Critical
13717,815,2026-06-01,1,0,1,5,2026-06-07,Critical
13718,816,2025-04-01,12,25,22,2,2025-04-30,Healthy
13719,816,2025-05-01,5,9,15,3,2025-05-16,At Risk
13720,816,2025-06-01,1,3,6,4,2025-06-09,Critical
13721,816,2025-07-01,10,5,8,2,2025-07-24,At Risk
13722,816,2025-08-01,8,5,14,4,2025-08-22,At Risk
13723,816,2025-09-01,9,14,9,3,2025-09-23,At Risk
13724,816,2025-10-01,19,22,27,2,2025-10-27,Healthy
13725,816,2025-11-01,16,19,32,0,2025-11-30,Healthy
13726,816,2025-12-01,15,30,28,1,2025-12-27,Healthy
13727,816,2026-01-01,20,25,23,2,2026-01-30,Healthy
13728,816,2026-02-01,11,29,27,0,2026-02-28,Healthy
13729,816,2026-03-01,2,4,2,5,2026-03-01,Critical
13730,816,2026-04-01,3,3,3,7,2026-04-13,Critical
13731,816,2026-05-01,1,3,3,6,2026-05-03,Critical
13732,816,2026-06-01,3,3,5,5,2026-06-02,Critical
13733,817,2025-01-01,41,30,23,0,2025-01-29,Healthy
13734,817,2025-02-01,37,29,28,1,2025-02-23,Healthy
13735,817,2025-03-01,42,29,33,0,2025-03-30,Healthy
13736,817,2025-04-01,11,9,16,4,2025-04-16,At Risk
13737,817,2025-05-01,26,7,12,1,2025-05-19,At Risk
13738,817,2025-06-01,18,10,17,3,2025-06-21,At Risk
13739,817,2025-07-01,28,20,27,0,2025-07-29,Healthy
13740,817,2025-08-01,45,23,39,0,2025-08-30,Healthy
13741,817,2025-09-01,52,20,45,2,2025-09-27,Healthy
13742,817,2025-10-01,31,25,21,0,2025-10-26,Healthy
13743,817,2025-11-01,31,28,25,1,2025-11-27,Healthy
13744,817,2025-12-01,47,26,36,1,2025-12-30,Healthy
13745,817,2026-01-01,36,24,49,1,2026-01-30,Healthy
13746,817,2026-02-01,50,19,20,0,2026-02-27,Healthy
13747,817,2026-03-01,29,27,29,0,2026-03-26,Healthy
13748,817,2026-04-01,46,20,20,0,2026-04-28,Healthy
13749,817,2026-05-01,34,30,49,0,2026-05-31,Healthy
13750,817,2026-06-01,38,30,35,0,2026-06-28,Healthy
13751,818,2024-06-01,49,13,14,5,2024-06-19,At Risk
13752,818,2024-07-01,24,0,4,6,2024-07-05,Critical
13753,818,2024-08-01,57,6,19,2,2024-08-18,At Risk
13754,818,2024-09-01,66,7,18,5,2024-09-24,At Risk
13755,818,2024-10-01,60,7,11,5,2024-10-22,At Risk
13756,818,2024-11-01,8,4,3,7,2024-11-14,Critical
13757,818,2024-12-01,10,1,0,3,2024-12-01,Critical
13758,818,2025-01-01,51,10,10,1,2025-01-22,At Risk
13759,818,2025-02-01,15,0,0,4,2025-02-07,Critical
13760,818,2025-03-01,20,0,3,4,2025-03-05,Critical
13761,818,2025-04-01,22,1,7,5,2025-04-02,Critical
13762,818,2025-05-01,65,14,18,5,2025-05-17,At Risk
13763,818,2025-06-01,46,12,14,4,2025-06-15,At Risk
13764,818,2025-07-01,47,13,17,3,2025-07-16,At Risk
13765,818,2025-08-01,48,5,15,3,2025-08-18,At Risk
13766,818,2025-09-01,28,12,17,3,2025-09-24,At Risk
13767,818,2025-10-01,30,11,11,1,2025-10-24,At Risk
13768,818,2025-11-01,44,7,12,2,2025-11-23,At Risk
13769,818,2025-12-01,37,8,18,2,2025-12-25,At Risk
13770,818,2026-01-01,13,3,0,8,2026-01-10,Critical
13771,818,2026-02-01,5,2,4,6,2026-02-05,Critical
13772,818,2026-03-01,32,7,18,1,2026-03-24,At Risk
13773,818,2026-04-01,55,8,14,2,2026-04-16,At Risk
13774,818,2026-05-01,35,10,11,5,2026-05-21,At Risk
13775,818,2026-06-01,90,24,31,1,2026-06-25,Healthy
13776,819,2025-06-01,27,27,26,1,2025-06-28,Healthy
13777,819,2025-07-01,41,29,31,1,2025-07-29,Healthy
13778,819,2025-08-01,25,16,45,0,2025-08-31,Healthy
13779,819,2025-09-01,29,22,41,0,2025-09-28,Healthy
13780,819,2025-10-01,24,29,30,2,2025-10-27,Healthy
13781,819,2025-11-01,16,10,18,3,2025-11-16,At Risk
13782,819,2025-12-01,10,8,16,5,2025-12-24,At Risk
13783,819,2026-01-01,20,13,10,4,2026-01-22,At Risk
13784,819,2026-02-01,26,27,25,1,2026-02-24,Healthy
13785,819,2026-03-01,37,20,49,2,2026-03-31,Healthy
13786,819,2026-04-01,22,17,47,2,2026-04-27,Healthy
13787,819,2026-05-01,28,20,25,1,2026-05-28,Healthy
13788,819,2026-06-01,36,21,39,0,2026-06-30,Healthy
13789,820,2024-08-01,7,30,38,1,2024-08-26,Healthy
13790,820,2024-09-01,7,17,45,0,2024-09-28,Healthy
13791,820,2024-10-01,10,17,46,1,2024-10-27,Healthy
13792,820,2024-11-01,1,1,3,3,2024-11-06,Critical
13793,820,2024-12-01,2,11,17,2,2024-12-16,At Risk
13794,820,2025-01-01,1,4,1,8,2025-01-10,Critical
13795,820,2025-02-01,4,8,16,5,2025-02-16,At Risk
13796,820,2025-03-01,6,28,50,1,2025-03-28,Healthy
13797,820,2025-04-01,10,16,49,2,2025-04-29,Healthy
13798,820,2025-05-01,11,30,28,0,2025-05-29,Healthy
13799,820,2025-06-01,7,19,29,1,2025-06-28,Healthy
13800,820,2025-07-01,10,24,46,1,2025-07-28,Healthy
13801,820,2025-08-01,7,30,30,0,2025-08-31,Healthy
13802,820,2025-09-01,7,18,28,0,2025-09-25,Healthy
13803,820,2025-10-01,9,21,43,1,2025-10-29,Healthy
13804,820,2025-11-01,5,6,14,5,2025-11-20,At Risk
13805,820,2025-12-01,3,13,17,2,2025-12-18,At Risk
13806,820,2026-01-01,9,16,39,1,2026-01-26,Healthy
13807,820,2026-02-01,9,23,43,0,2026-02-24,Healthy
13808,820,2026-03-01,5,7,19,5,2026-03-21,At Risk
13809,820,2026-04-01,3,11,16,5,2026-04-18,At Risk
13810,820,2026-05-01,10,17,38,2,2026-05-26,Healthy
13811,820,2026-06-01,8,29,47,1,2026-06-28,Healthy
13812,821,2026-02-01,1594,9,18,1,2026-02-21,At Risk
13813,821,2026-03-01,883,11,15,5,2026-03-22,At Risk
13814,821,2026-04-01,1099,6,16,3,2026-04-15,At Risk
13815,821,2026-05-01,140,2,2,5,2026-05-05,Critical
13816,821,2026-06-01,582,0,2,6,2026-06-13,Critical
13817,822,2024-07-01,3,12,16,3,2024-07-20,At Risk
13818,822,2024-08-01,1,3,2,8,2024-08-06,Critical
13819,822,2024-09-01,1,0,2,4,2024-09-02,Critical
13820,822,2024-10-01,1,3,7,8,2024-10-10,Critical
13821,822,2024-11-01,1,3,3,7,2024-11-04,Critical
13822,822,2024-12-01,1,1,1,5,2024-12-13,Critical
13823,822,2025-01-01,1,2,2,7,2025-01-11,Critical
13824,822,2025-02-01,1,0,6,5,2025-02-06,Critical
13825,822,2025-03-01,8,19,39,0,2025-03-28,Healthy
13826,822,2025-04-01,2,4,3,3,2025-04-11,Critical
13827,822,2025-05-01,5,30,23,1,2025-05-31,Healthy
13828,822,2025-06-01,5,28,30,1,2025-06-27,Healthy
13829,822,2025-07-01,8,20,44,0,2025-07-27,Healthy
13830,822,2025-08-01,5,26,35,2,2025-08-27,Healthy
13831,822,2025-09-01,4,28,47,2,2025-09-30,Healthy
13832,822,2025-10-01,5,23,38,2,2025-10-29,Healthy
13833,822,2025-11-01,5,25,24,1,2025-11-29,Healthy
13834,822,2025-12-01,4,7,13,4,2025-12-19,At Risk
13835,822,2026-01-01,1,1,6,6,2026-01-15,Critical
13836,822,2026-02-01,1,1,6,3,2026-02-06,Critical
13837,822,2026-03-01,1,3,5,3,2026-03-11,Critical
13838,822,2026-04-01,1,2,3,6,2026-03-31,Critical
13839,822,2026-05-01,2,0,1,5,2026-05-06,Critical
13840,822,2026-06-01,1,0,3,8,2026-06-07,Critical
13841,823,2026-01-01,583,20,40,1,2026-01-31,Healthy
13842,823,2026-02-01,520,26,48,0,2026-02-26,Healthy
13843,823,2026-03-01,432,23,21,1,2026-03-31,Healthy
13844,823,2026-04-01,59,3,2,7,2026-04-03,Critical
13845,823,2026-05-01,122,4,5,8,2026-05-11,Critical
13846,823,2026-06-01,377,5,11,4,2026-06-15,At Risk
13847,824,2025-09-01,78,16,36,2,2025-09-29,Healthy
13848,824,2025-10-01,31,11,16,1,2025-10-16,At Risk
13849,824,2025-11-01,56,11,18,2,2025-11-15,At Risk
13850,824,2025-12-01,33,14,8,1,2025-12-22,At Risk
13851,824,2026-01-01,45,7,13,4,2026-01-17,At Risk
13852,824,2026-02-01,9,4,0,7,2026-02-02,Critical
13853,824,2026-03-01,128,19,44,1,2026-03-31,Healthy
13854,824,2026-04-01,108,26,35,0,2026-04-27,Healthy
13855,824,2026-05-01,118,30,39,2,2026-05-28,Healthy
13856,824,2026-06-01,109,23,43,2,2026-06-28,Healthy
13857,825,2025-02-01,7,28,22,2,2025-02-27,Healthy
13858,825,2025-03-01,10,26,49,0,2025-03-28,Healthy
13859,825,2025-04-01,10,16,41,0,2025-04-28,Healthy
13860,825,2025-05-01,6,30,30,1,2025-05-31,Healthy
13861,825,2025-06-01,6,18,46,2,2025-06-27,Healthy
13862,825,2025-07-01,6,21,50,0,2025-07-27,Healthy
13863,825,2025-08-01,8,17,26,1,2025-08-29,Healthy
13864,825,2025-09-01,8,18,20,1,2025-09-25,Healthy
13865,825,2025-10-01,7,19,39,0,2025-10-27,Healthy
13866,825,2025-11-01,10,29,45,0,2025-11-29,Healthy
13867,825,2025-12-01,6,23,36,1,2025-12-29,Healthy
13868,825,2026-01-01,10,23,29,2,2026-01-31,Healthy
13869,825,2026-02-01,6,20,38,2,2026-02-24,Healthy
13870,825,2026-03-01,8,21,20,1,2026-03-28,Healthy
13871,825,2026-04-01,6,29,21,1,2026-04-25,Healthy
13872,825,2026-05-01,6,18,41,0,2026-05-30,Healthy
13873,825,2026-06-01,1,4,1,6,2026-06-01,Critical
13874,826,2025-01-01,76,15,35,1,2025-01-30,Healthy
13875,826,2025-02-01,24,14,9,3,2025-02-22,At Risk
13876,826,2025-03-01,30,11,16,1,2025-03-21,At Risk
13877,826,2025-04-01,28,12,14,4,2025-04-15,At Risk
13878,826,2025-05-01,21,5,9,3,2025-05-19,At Risk
13879,826,2025-06-01,78,15,40,1,2025-06-27,Healthy
13880,826,2025-07-01,49,25,38,0,2025-07-31,Healthy
13881,826,2025-08-01,78,24,33,2,2025-08-29,Healthy
13882,826,2025-09-01,62,24,22,2,2025-09-26,Healthy
13883,826,2025-10-01,50,22,27,0,2025-10-30,Healthy
13884,826,2025-11-01,77,18,36,0,2025-11-28,Healthy
13885,826,2025-12-01,69,24,41,1,2025-12-29,Healthy
13886,826,2026-01-01,81,27,20,1,2026-01-30,Healthy
13887,826,2026-02-01,79,18,36,1,2026-02-26,Healthy
13888,826,2026-03-01,45,16,36,0,2026-03-27,Healthy
13889,826,2026-04-01,57,21,39,0,2026-04-26,Healthy
13890,826,2026-05-01,58,30,49,0,2026-05-27,Healthy
13891,826,2026-06-01,80,20,31,1,2026-06-29,Healthy
13892,827,2024-07-01,35,16,32,2,2024-07-31,Healthy
13893,827,2024-08-01,54,19,46,2,2024-08-28,Healthy
13894,827,2024-09-01,58,28,40,2,2024-09-28,Healthy
13895,827,2024-10-01,60,22,47,0,2024-10-30,Healthy
13896,827,2024-11-01,36,30,39,1,2024-11-25,Healthy
13897,827,2024-12-01,39,28,34,0,2024-12-27,Healthy
13898,827,2025-01-01,49,18,45,0,2025-01-29,Healthy
13899,827,2025-02-01,39,19,31,0,2025-02-24,Healthy
13900,827,2025-03-01,34,30,44,2,2025-03-26,Healthy
13901,827,2025-04-01,42,27,23,0,2025-04-28,Healthy
13902,827,2025-05-01,55,22,25,0,2025-05-27,Healthy
13903,827,2025-06-01,17,11,9,4,2025-06-18,At Risk
13904,827,2025-07-01,27,10,17,2,2025-07-20,At Risk
13905,827,2025-08-01,32,22,32,1,2025-08-28,Healthy
13906,827,2025-09-01,50,30,47,2,2025-09-28,Healthy
13907,827,2025-10-01,38,22,25,1,2025-10-26,Healthy
13908,827,2025-11-01,42,20,38,1,2025-11-26,Healthy
13909,827,2025-12-01,47,17,46,2,2025-12-29,Healthy
13910,827,2026-01-01,37,22,45,1,2026-01-27,Healthy
13911,827,2026-02-01,45,24,31,1,2026-02-27,Healthy
13912,827,2026-03-01,42,29,26,1,2026-03-29,Healthy
13913,827,2026-04-01,44,28,35,2,2026-04-30,Healthy
13914,827,2026-05-01,61,20,42,2,2026-05-29,Healthy
13915,827,2026-06-01,2,0,4,5,2026-06-13,Critical
13916,828,2024-03-01,148,20,21,1,2024-03-30,Healthy
13917,828,2024-04-01,113,24,49,1,2024-04-27,Healthy
13918,828,2024-05-01,147,24,48,1,2024-05-27,Healthy
13919,828,2024-06-01,146,19,29,1,2024-06-29,Healthy
13920,828,2024-07-01,153,15,32,2,2024-07-28,Healthy
13921,828,2024-08-01,156,24,24,0,2024-08-26,Healthy
13922,828,2024-09-01,30,1,4,3,2024-09-13,Critical
13923,828,2024-10-01,34,2,2,8,2024-10-06,Critical
13924,828,2024-11-01,58,6,16,1,2024-11-24,At Risk
13925,828,2024-12-01,50,6,17,1,2024-12-19,At Risk
13926,828,2025-01-01,85,6,10,5,2025-01-19,At Risk
13927,828,2025-02-01,18,4,2,3,2025-02-05,Critical
13928,828,2025-03-01,180,15,44,1,2025-03-26,Healthy
13929,828,2025-04-01,132,26,32,1,2025-04-30,Healthy
13930,828,2025-05-01,83,8,18,1,2025-05-16,At Risk
13931,828,2025-06-01,96,13,16,5,2025-06-20,At Risk
13932,828,2025-07-01,132,30,47,2,2025-07-31,Healthy
13933,828,2025-08-01,148,27,32,0,2025-08-30,Healthy
13934,828,2025-09-01,161,27,28,2,2025-09-30,Healthy
13935,828,2025-10-01,151,16,30,1,2025-10-31,Healthy
13936,828,2025-11-01,59,7,9,3,2025-11-22,At Risk
13937,828,2025-12-01,61,8,12,4,2025-12-16,At Risk
13938,828,2026-01-01,22,0,5,6,2026-01-10,Critical
13939,828,2026-02-01,191,15,24,1,2026-02-24,Healthy
13940,828,2026-03-01,129,24,43,2,2026-03-28,Healthy
13941,828,2026-04-01,32,3,6,7,2026-04-10,Critical
13942,828,2026-05-01,20,4,4,5,2026-05-14,Critical
13943,828,2026-06-01,11,1,4,7,2026-06-09,Critical
13944,829,2025-04-01,65,24,32,1,2025-04-29,Healthy
13945,829,2025-05-01,40,9,16,5,2025-05-21,At Risk
13946,829,2025-06-01,36,8,16,3,2025-06-15,At Risk
13947,829,2025-07-01,41,5,18,4,2025-07-19,At Risk
13948,829,2025-08-01,77,25,40,2,2025-08-26,Healthy
13949,829,2025-09-01,64,17,21,0,2025-09-30,Healthy
13950,829,2025-10-01,85,17,37,2,2025-10-29,Healthy
13951,829,2025-11-01,64,27,39,1,2025-11-27,Healthy
13952,829,2025-12-01,59,15,39,2,2025-12-27,Healthy
13953,829,2026-01-01,52,30,35,1,2026-01-29,Healthy
13954,829,2026-02-01,77,22,31,2,2026-02-26,Healthy
13955,829,2026-03-01,29,10,8,1,2026-03-17,At Risk
13956,829,2026-04-01,39,8,12,4,2026-04-19,At Risk
13957,829,2026-05-01,55,30,47,2,2026-05-30,Healthy
13958,829,2026-06-01,52,23,47,1,2026-06-25,Healthy
13959,830,2024-03-01,28,15,27,0,2024-03-27,Healthy
13960,830,2024-04-01,40,28,42,0,2024-04-29,Healthy
13961,830,2024-05-01,37,28,48,0,2024-05-30,Healthy
13962,830,2024-06-01,31,20,27,2,2024-06-28,Healthy
13963,830,2024-07-01,34,22,25,2,2024-07-29,Healthy
13964,830,2024-08-01,46,25,25,2,2024-08-26,Healthy
13965,830,2024-09-01,56,26,29,0,2024-09-29,Healthy
13966,830,2024-10-01,47,24,50,1,2024-10-30,Healthy
13967,830,2024-11-01,51,27,43,1,2024-11-25,Healthy
13968,830,2024-12-01,37,29,29,1,2024-12-26,Healthy
13969,830,2025-01-01,51,16,29,1,2025-01-30,Healthy
13970,830,2025-02-01,14,12,14,1,2025-02-19,At Risk
13971,830,2025-03-01,16,5,16,2,2025-03-20,At Risk
13972,830,2025-04-01,20,10,15,2,2025-04-17,At Risk
13973,830,2025-05-01,22,14,8,3,2025-05-23,At Risk
13974,830,2025-06-01,20,12,10,4,2025-06-19,At Risk
13975,830,2025-07-01,32,24,20,1,2025-07-28,Healthy
13976,830,2025-08-01,35,29,24,2,2025-08-27,Healthy
13977,830,2025-09-01,52,18,41,0,2025-09-25,Healthy
13978,830,2025-10-01,51,16,41,1,2025-10-29,Healthy
13979,830,2025-11-01,54,20,49,1,2025-11-27,Healthy
13980,830,2025-12-01,40,19,35,1,2025-12-26,Healthy
13981,830,2026-01-01,48,17,47,1,2026-01-31,Healthy
13982,830,2026-02-01,30,21,27,2,2026-02-27,Healthy
13983,830,2026-03-01,52,15,49,1,2026-03-31,Healthy
13984,830,2026-04-01,32,23,30,1,2026-04-27,Healthy
13985,830,2026-05-01,56,23,36,1,2026-05-26,Healthy
13986,830,2026-06-01,53,21,43,2,2026-06-27,Healthy
13987,831,2025-05-01,37,16,22,2,2025-05-28,Healthy
13988,831,2025-06-01,24,17,34,1,2025-06-25,Healthy
13989,831,2025-07-01,42,17,31,2,2025-07-30,Healthy
13990,831,2025-08-01,35,29,24,0,2025-08-28,Healthy
13991,831,2025-09-01,23,16,50,1,2025-09-28,Healthy
13992,831,2025-10-01,23,19,48,1,2025-10-30,Healthy
13993,831,2025-11-01,28,18,33,1,2025-11-27,Healthy
13994,831,2025-12-01,36,20,29,2,2025-12-29,Healthy
13995,831,2026-01-01,28,27,47,0,2026-01-30,Healthy
13996,831,2026-02-01,13,11,18,3,2026-02-20,At Risk
13997,831,2026-03-01,29,27,43,1,2026-03-28,Healthy
13998,831,2026-04-01,23,18,33,0,2026-04-25,Healthy
13999,831,2026-05-01,40,24,33,2,2026-05-30,Healthy
14000,831,2026-06-01,7,3,4,5,2026-06-09,Critical
14001,832,2024-08-01,32,18,34,1,2024-08-27,Healthy
14002,832,2024-09-01,58,24,48,2,2024-09-29,Healthy
14003,832,2024-10-01,56,21,50,2,2024-10-27,Healthy
14004,832,2024-11-01,51,26,23,1,2024-11-28,Healthy
14005,832,2024-12-01,31,25,39,2,2024-12-28,Healthy
14006,832,2025-01-01,33,19,39,2,2025-01-31,Healthy
14007,832,2025-02-01,44,22,47,1,2025-02-23,Healthy
14008,832,2025-03-01,41,27,31,2,2025-03-31,Healthy
14009,832,2025-04-01,35,20,47,2,2025-04-26,Healthy
14010,832,2025-05-01,27,6,12,2,2025-05-18,At Risk
14011,832,2025-06-01,23,8,8,1,2025-06-19,At Risk
14012,832,2025-07-01,20,12,16,1,2025-07-23,At Risk
14013,832,2025-08-01,19,7,10,4,2025-08-20,At Risk
14014,832,2025-09-01,14,9,11,2,2025-09-23,At Risk
14015,832,2025-10-01,57,24,45,1,2025-10-31,Healthy
14016,832,2025-11-01,39,19,32,2,2025-11-28,Healthy
14017,832,2025-12-01,40,24,36,1,2025-12-27,Healthy
14018,832,2026-01-01,59,27,41,0,2026-01-30,Healthy
14019,832,2026-02-01,44,17,22,1,2026-02-27,Healthy
14020,832,2026-03-01,18,14,16,5,2026-03-16,At Risk
14021,832,2026-04-01,25,5,15,5,2026-04-22,At Risk
14022,832,2026-05-01,31,18,22,2,2026-05-26,Healthy
14023,832,2026-06-01,38,24,21,0,2026-06-26,Healthy
14024,833,2025-07-01,41,20,46,2,2025-07-26,Healthy
14025,833,2025-08-01,42,29,50,2,2025-08-28,Healthy
14026,833,2025-09-01,33,24,29,2,2025-09-29,Healthy
14027,833,2025-10-01,55,21,38,1,2025-10-31,Healthy
14028,833,2025-11-01,44,26,30,0,2025-11-27,Healthy
14029,833,2025-12-01,43,24,44,2,2025-12-26,Healthy
14030,833,2026-01-01,56,23,34,1,2026-01-27,Healthy
14031,833,2026-02-01,50,17,31,1,2026-02-24,Healthy
14032,833,2026-03-01,45,20,43,2,2026-03-31,Healthy
14033,833,2026-04-01,39,25,35,1,2026-04-28,Healthy
14034,833,2026-05-01,38,28,44,1,2026-05-27,Healthy
14035,833,2026-06-01,40,16,39,2,2026-06-30,Healthy
14036,834,2025-09-01,35,5,18,1,2025-09-22,At Risk
14037,834,2025-10-01,52,13,15,2,2025-10-25,At Risk
14038,834,2025-11-01,12,4,5,8,2025-11-02,Critical
14039,834,2025-12-01,21,4,4,3,2025-12-12,Critical
14040,834,2026-01-01,18,1,4,8,2026-01-06,Critical
14041,834,2026-02-01,17,0,1,6,2026-02-12,Critical
14042,834,2026-03-01,7,2,5,3,2026-03-10,Critical
14043,834,2026-04-01,22,0,6,7,2026-04-04,Critical
14044,834,2026-05-01,30,7,19,1,2026-05-25,At Risk
14045,834,2026-06-01,89,22,43,0,2026-06-25,Healthy
14046,835,2025-03-01,1041,19,31,0,2025-03-29,Healthy
14047,835,2025-04-01,809,16,47,1,2025-04-29,Healthy
14048,835,2025-05-01,1056,26,32,0,2025-05-29,Healthy
14049,835,2025-06-01,768,22,21,1,2025-06-27,Healthy
14050,835,2025-07-01,643,17,43,0,2025-07-26,Healthy
14051,835,2025-08-01,385,14,13,1,2025-08-19,At Risk
14052,835,2025-09-01,464,5,10,1,2025-09-20,At Risk
14053,835,2025-10-01,379,6,16,1,2025-10-19,At Risk
14054,835,2025-11-01,148,2,5,5,2025-11-09,Critical
14055,835,2025-12-01,986,25,34,1,2025-12-26,Healthy
14056,835,2026-01-01,790,29,46,2,2026-01-30,Healthy
14057,835,2026-02-01,1085,15,30,1,2026-02-28,Healthy
14058,835,2026-03-01,508,14,13,3,2026-03-18,At Risk
14059,835,2026-04-01,408,10,16,1,2026-04-18,At Risk
14060,835,2026-05-01,435,13,13,3,2026-05-16,At Risk
14061,835,2026-06-01,210,1,2,8,2026-06-10,Critical
14062,836,2025-09-01,39,7,12,2,2025-09-21,At Risk
14063,836,2025-10-01,130,29,22,2,2025-10-26,Healthy
14064,836,2025-11-01,125,15,35,1,2025-11-27,Healthy
14065,836,2025-12-01,101,20,45,0,2025-12-28,Healthy
14066,836,2026-01-01,23,3,2,6,2026-01-01,Critical
14067,836,2026-02-01,12,1,4,7,2026-02-03,Critical
14068,836,2026-03-01,9,2,0,8,2026-03-12,Critical
14069,836,2026-04-01,4,4,5,8,2026-04-02,Critical
14070,836,2026-05-01,39,12,19,3,2026-05-19,At Risk
14071,836,2026-06-01,36,10,11,3,2026-06-23,At Risk
14072,837,2025-03-01,41,16,28,2,2025-03-27,Healthy
14073,837,2025-04-01,50,18,35,1,2025-04-27,Healthy
14074,837,2025-05-01,25,9,11,3,2025-05-22,At Risk
14075,837,2025-06-01,45,17,42,1,2025-06-30,Healthy
14076,837,2025-07-01,42,27,39,0,2025-07-31,Healthy
14077,837,2025-08-01,40,26,37,0,2025-08-26,Healthy
14078,837,2025-09-01,57,30,28,1,2025-09-26,Healthy
14079,837,2025-10-01,40,24,25,2,2025-10-28,Healthy
14080,837,2025-11-01,55,17,32,0,2025-11-28,Healthy
14081,837,2025-12-01,44,20,34,0,2025-12-29,Healthy
14082,837,2026-01-01,31,16,42,0,2026-01-27,Healthy
14083,837,2026-02-01,40,16,39,2,2026-02-23,Healthy
14084,837,2026-03-01,51,25,20,0,2026-03-30,Healthy
14085,837,2026-04-01,21,10,9,3,2026-04-24,At Risk
14086,837,2026-05-01,13,12,10,1,2026-05-18,At Risk
14087,837,2026-06-01,36,15,42,2,2026-06-25,Healthy
14088,838,2025-01-01,819,19,48,1,2025-01-29,Healthy
14089,838,2025-02-01,1059,24,41,2,2025-02-25,Healthy
14090,838,2025-03-01,875,21,36,1,2025-03-26,Healthy
14091,838,2025-04-01,1164,17,29,2,2025-04-26,Healthy
14092,838,2025-05-01,515,12,8,2,2025-05-24,At Risk
14093,838,2025-06-01,432,7,14,4,2025-06-22,At Risk
14094,838,2025-07-01,238,7,10,5,2025-07-19,At Risk
14095,838,2025-08-01,161,2,0,4,2025-08-03,Critical
14096,838,2025-09-01,270,10,16,4,2025-09-20,At Risk
14097,838,2025-10-01,317,11,13,3,2025-10-21,At Risk
14098,838,2025-11-01,847,22,25,2,2025-11-26,Healthy
14099,838,2025-12-01,607,13,18,2,2025-12-25,At Risk
14100,838,2026-01-01,609,8,8,4,2026-01-19,At Risk
14101,838,2026-02-01,941,29,32,2,2026-02-26,Healthy
14102,838,2026-03-01,1013,29,50,1,2026-03-30,Healthy
14103,838,2026-04-01,1082,26,41,0,2026-04-27,Healthy
14104,838,2026-05-01,1116,24,24,1,2026-05-30,Healthy
14105,838,2026-06-01,674,29,46,1,2026-06-26,Healthy
14106,839,2025-11-01,44,16,50,0,2025-11-29,Healthy
14107,839,2025-12-01,68,19,28,0,2025-12-30,Healthy
14108,839,2026-01-01,71,24,31,0,2026-01-28,Healthy
14109,839,2026-02-01,51,20,46,2,2026-02-27,Healthy
14110,839,2026-03-01,18,13,19,3,2026-03-16,At Risk
14111,839,2026-04-01,2,3,5,8,2026-04-12,Critical
14112,839,2026-05-01,30,5,8,1,2026-05-24,At Risk
14113,839,2026-06-01,36,5,14,3,2026-06-17,At Risk
14114,840,2025-01-01,27,0,2,4,2025-01-04,Critical
14115,840,2025-02-01,8,4,0,8,2025-02-06,Critical
14116,840,2025-03-01,8,3,7,5,2025-03-01,Critical
14117,840,2025-04-01,27,4,3,4,2025-04-06,Critical
14118,840,2025-05-01,102,6,10,2,2025-05-17,At Risk
14119,840,2025-06-01,160,26,29,0,2025-06-30,Healthy
14120,840,2025-07-01,166,28,44,2,2025-07-26,Healthy
14121,840,2025-08-01,98,9,10,1,2025-08-24,At Risk
14122,840,2025-09-01,94,14,16,2,2025-09-23,At Risk
14123,840,2025-10-01,107,27,36,0,2025-10-31,Healthy
14124,840,2025-11-01,174,24,29,2,2025-11-29,Healthy
14125,840,2025-12-01,118,17,23,0,2025-12-31,Healthy
14126,840,2026-01-01,153,30,24,2,2026-01-27,Healthy
14127,840,2026-02-01,170,17,25,2,2026-02-27,Healthy
14128,840,2026-03-01,173,23,39,0,2026-03-27,Healthy
14129,840,2026-04-01,106,21,49,2,2026-04-30,Healthy
14130,840,2026-05-01,158,22,42,1,2026-05-29,Healthy
14131,840,2026-06-01,151,20,45,1,2026-06-27,Healthy
14132,841,2025-09-01,2176,16,20,2,2025-09-26,Healthy
14133,841,2025-10-01,1182,14,8,2,2025-10-24,At Risk
14134,841,2025-11-01,1262,5,10,4,2025-11-23,At Risk
14135,841,2025-12-01,1797,12,16,4,2025-12-19,At Risk
14136,841,2026-01-01,354,3,4,6,2026-01-14,Critical
14137,841,2026-02-01,1073,7,16,3,2026-02-13,At Risk
14138,841,2026-03-01,1860,14,10,5,2026-03-24,At Risk
14139,841,2026-04-01,1306,11,19,2,2026-04-24,At Risk
14140,841,2026-05-01,1695,8,8,3,2026-05-16,At Risk
14141,841,2026-06-01,1211,5,15,5,2026-06-19,At Risk
14142,842,2025-08-01,33,30,26,1,2025-08-31,Healthy
14143,842,2025-09-01,25,23,28,2,2025-09-26,Healthy
14144,842,2025-10-01,26,26,22,0,2025-10-27,Healthy
14145,842,2025-11-01,4,4,7,3,2025-11-10,Critical
14146,842,2025-12-01,11,12,8,2,2025-12-16,At Risk
14147,842,2026-01-01,19,7,12,4,2026-01-20,At Risk
14148,842,2026-02-01,14,5,8,1,2026-02-16,At Risk
14149,842,2026-03-01,8,11,14,3,2026-03-17,At Risk
14150,842,2026-04-01,18,12,13,3,2026-04-15,At Risk
14151,842,2026-05-01,19,8,9,4,2026-05-20,At Risk
14152,842,2026-06-01,19,8,10,3,2026-06-24,At Risk
14153,843,2024-08-01,252,16,24,2,2024-08-30,Healthy
14154,843,2024-09-01,152,5,11,5,2024-09-15,At Risk
14155,843,2024-10-01,91,5,15,5,2024-10-22,At Risk
14156,843,2024-11-01,72,10,12,3,2024-11-23,At Risk
14157,843,2024-12-01,22,3,7,4,2024-12-13,Critical
14158,843,2025-01-01,57,4,4,4,2025-01-02,Critical
14159,843,2025-02-01,100,7,15,1,2025-02-16,At Risk
14160,843,2025-03-01,262,29,26,2,2025-03-30,Healthy
14161,843,2025-04-01,319,26,44,2,2025-04-29,Healthy
14162,843,2025-05-01,259,28,23,0,2025-05-28,Healthy
14163,843,2025-06-01,312,22,50,2,2025-06-29,Healthy
14164,843,2025-07-01,180,28,21,0,2025-07-30,Healthy
14165,843,2025-08-01,66,9,17,5,2025-08-24,At Risk
14166,843,2025-09-01,37,0,2,4,2025-09-14,Critical
14167,843,2025-10-01,54,4,7,7,2025-10-11,Critical
14168,843,2025-11-01,185,24,22,0,2025-11-30,Healthy
14169,843,2025-12-01,231,16,35,0,2025-12-28,Healthy
14170,843,2026-01-01,273,25,20,1,2026-01-26,Healthy
14171,843,2026-02-01,145,11,11,1,2026-02-15,At Risk
14172,843,2026-03-01,17,2,3,5,2026-03-01,Critical
14173,843,2026-04-01,47,1,0,3,2026-04-12,Critical
14174,843,2026-05-01,28,3,6,7,2026-05-06,Critical
14175,843,2026-06-01,40,0,5,7,2026-06-12,Critical
14176,844,2024-04-01,47,29,39,0,2024-04-28,Healthy
14177,844,2024-05-01,48,15,49,1,2024-05-28,Healthy
14178,844,2024-06-01,42,16,30,2,2024-06-25,Healthy
14179,844,2024-07-01,50,27,37,2,2024-07-31,Healthy
14180,844,2024-08-01,58,25,32,0,2024-08-26,Healthy
14181,844,2024-09-01,36,22,37,2,2024-09-25,Healthy
14182,844,2024-10-01,62,18,24,2,2024-10-26,Healthy
14183,844,2024-11-01,24,12,13,5,2024-11-24,At Risk
14184,844,2024-12-01,35,19,20,2,2024-12-27,Healthy
14185,844,2025-01-01,66,28,22,1,2025-01-28,Healthy
14186,844,2025-02-01,31,11,16,3,2025-02-21,At Risk
14187,844,2025-03-01,5,1,7,6,2025-03-12,Critical
14188,844,2025-04-01,8,0,3,3,2025-04-11,Critical
14189,844,2025-05-01,10,2,4,4,2025-05-01,Critical
14190,844,2025-06-01,70,16,46,2,2025-06-25,Healthy
14191,844,2025-07-01,41,24,20,0,2025-07-27,Healthy
14192,844,2025-08-01,15,11,16,1,2025-08-23,At Risk
14193,844,2025-09-01,70,17,36,1,2025-09-25,Healthy
14194,844,2025-10-01,36,29,37,2,2025-10-27,Healthy
14195,844,2025-11-01,48,29,33,2,2025-11-26,Healthy
14196,844,2025-12-01,67,26,28,1,2025-12-29,Healthy
14197,844,2026-01-01,67,27,41,0,2026-01-26,Healthy
14198,844,2026-02-01,40,16,27,1,2026-02-23,Healthy
14199,844,2026-03-01,52,25,41,2,2026-03-26,Healthy
14200,844,2026-04-01,16,9,13,1,2026-04-20,At Risk
14201,844,2026-05-01,40,16,37,1,2026-05-30,Healthy
14202,844,2026-06-01,22,7,13,2,2026-06-22,At Risk
14203,845,2024-07-01,11,13,16,2,2024-07-22,At Risk
14204,845,2024-08-01,16,30,24,0,2024-08-28,Healthy
14205,845,2024-09-01,16,30,46,2,2024-09-29,Healthy
14206,845,2024-10-01,18,17,37,1,2024-10-28,Healthy
14207,845,2024-11-01,21,17,46,0,2024-11-30,Healthy
14208,845,2024-12-01,19,17,21,1,2024-12-27,Healthy
14209,845,2025-01-01,21,19,38,1,2025-01-26,Healthy
14210,845,2025-02-01,25,21,39,2,2025-02-25,Healthy
14211,845,2025-03-01,17,24,20,0,2025-03-30,Healthy
14212,845,2025-04-01,28,25,44,0,2025-04-27,Healthy
14213,845,2025-05-01,27,24,23,1,2025-05-28,Healthy
14214,845,2025-06-01,3,2,4,4,2025-06-12,Critical
14215,845,2025-07-01,6,9,12,3,2025-07-20,At Risk
14216,845,2025-08-01,4,0,4,4,2025-08-02,Critical
14217,845,2025-09-01,3,4,4,8,2025-09-10,Critical
14218,845,2025-10-01,9,8,12,4,2025-10-23,At Risk
14219,845,2025-11-01,19,28,32,1,2025-11-30,Healthy
14220,845,2025-12-01,7,9,10,3,2025-12-23,At Risk
14221,845,2026-01-01,9,6,11,2,2026-01-25,At Risk
14222,845,2026-02-01,3,1,5,4,2026-02-08,Critical
14223,845,2026-03-01,1,0,5,6,2026-03-05,Critical
14224,845,2026-04-01,2,1,5,3,2026-04-08,Critical
14225,845,2026-05-01,7,12,13,1,2026-05-24,At Risk
14226,845,2026-06-01,5,2,5,5,2026-06-12,Critical
14227,846,2025-11-01,7,22,43,0,2025-11-25,Healthy
14228,846,2025-12-01,10,22,21,2,2025-12-31,Healthy
14229,846,2026-01-01,10,18,36,1,2026-01-29,Healthy
14230,846,2026-02-01,10,15,49,1,2026-02-24,Healthy
14231,846,2026-03-01,8,30,20,0,2026-03-29,Healthy
14232,846,2026-04-01,3,11,13,2,2026-04-16,At Risk
14233,846,2026-05-01,5,5,9,4,2026-05-24,At Risk
14234,846,2026-06-01,4,10,14,1,2026-06-23,At Risk
14235,847,2025-04-01,52,23,30,1,2025-04-25,Healthy
14236,847,2025-05-01,53,30,22,1,2025-05-29,Healthy
14237,847,2025-06-01,32,21,28,2,2025-06-27,Healthy
14238,847,2025-07-01,16,9,14,1,2025-07-19,At Risk
14239,847,2025-08-01,30,28,42,1,2025-08-27,Healthy
14240,847,2025-09-01,9,3,1,4,2025-09-11,Critical
14241,847,2025-10-01,2,3,7,4,2025-10-03,Critical
14242,847,2025-11-01,13,14,10,3,2025-11-18,At Risk
14243,847,2025-12-01,3,4,7,3,2025-12-14,Critical
14244,847,2026-01-01,6,0,7,3,2026-01-09,Critical
14245,847,2026-02-01,10,3,3,3,2026-02-02,Critical
14246,847,2026-03-01,5,3,5,5,2026-03-09,Critical
14247,847,2026-04-01,21,7,11,2,2026-04-16,At Risk
14248,847,2026-05-01,19,9,13,5,2026-05-24,At Risk
14249,847,2026-06-01,17,14,10,4,2026-06-24,At Risk
14250,848,2025-08-01,3147,22,32,0,2025-08-31,Healthy
14251,848,2025-09-01,2983,16,27,1,2025-09-30,Healthy
14252,848,2025-10-01,3300,18,29,1,2025-10-29,Healthy
14253,848,2025-11-01,3504,15,33,1,2025-11-30,Healthy
14254,848,2025-12-01,3530,27,25,1,2025-12-30,Healthy
14255,848,2026-01-01,3457,27,20,0,2026-01-28,Healthy
14256,848,2026-02-01,1928,24,37,2,2026-02-26,Healthy
14257,848,2026-03-01,2441,17,21,1,2026-03-31,Healthy
14258,848,2026-04-01,3138,15,33,2,2026-04-26,Healthy
14259,848,2026-05-01,2420,18,37,0,2026-05-26,Healthy
14260,848,2026-06-01,2049,15,44,2,2026-06-29,Healthy
14261,849,2024-08-01,1553,28,39,1,2024-08-29,Healthy
14262,849,2024-09-01,1309,17,26,1,2024-09-26,Healthy
14263,849,2024-10-01,786,13,14,5,2024-10-24,At Risk
14264,849,2024-11-01,896,7,9,1,2024-11-22,At Risk
14265,849,2024-12-01,1112,8,17,3,2024-12-18,At Risk
14266,849,2025-01-01,575,7,11,1,2025-01-17,At Risk
14267,849,2025-02-01,2177,25,49,1,2025-02-24,Healthy
14268,849,2025-03-01,277,2,3,5,2025-03-09,Critical
14269,849,2025-04-01,172,0,7,4,2025-04-04,Critical
14270,849,2025-05-01,784,11,12,3,2025-05-22,At Risk
14271,849,2025-06-01,378,4,7,4,2025-06-12,Critical
14272,849,2025-07-01,164,0,5,3,2025-07-05,Critical
14273,849,2025-08-01,176,4,3,5,2025-08-14,Critical
14274,849,2025-09-01,1999,20,31,1,2025-09-26,Healthy
14275,849,2025-10-01,534,8,9,3,2025-10-20,At Risk
14276,849,2025-11-01,1341,22,44,0,2025-11-27,Healthy
14277,849,2025-12-01,1541,22,27,1,2025-12-30,Healthy
14278,849,2026-01-01,585,11,17,4,2026-01-17,At Risk
14279,849,2026-02-01,174,4,1,5,2026-02-07,Critical
14280,849,2026-03-01,345,1,2,3,2026-03-09,Critical
14281,849,2026-04-01,106,0,2,6,2026-04-14,Critical
14282,849,2026-05-01,351,2,0,7,2026-05-15,Critical
14283,849,2026-06-01,290,1,7,6,2026-06-09,Critical
14284,850,2026-02-01,272,16,35,0,2026-02-25,Healthy
14285,850,2026-03-01,233,22,29,1,2026-03-30,Healthy
14286,850,2026-04-01,112,12,12,4,2026-04-23,At Risk
14287,850,2026-05-01,49,4,1,7,2026-05-06,Critical
14288,850,2026-06-01,50,3,7,3,2026-06-02,Critical
14289,851,2024-08-01,24,7,15,2,2024-08-25,At Risk
14290,851,2024-09-01,16,9,16,5,2024-09-18,At Risk
14291,851,2024-10-01,55,21,42,0,2024-10-30,Healthy
14292,851,2024-11-01,33,28,20,0,2024-11-28,Healthy
14293,851,2024-12-01,5,4,7,8,2024-12-02,Critical
14294,851,2025-01-01,18,7,12,2,2025-01-16,At Risk
14295,851,2025-02-01,26,5,14,5,2025-02-18,At Risk
14296,851,2025-03-01,5,0,4,7,2025-03-02,Critical
14297,851,2025-04-01,7,2,3,7,2025-04-11,Critical
14298,851,2025-05-01,8,2,2,5,2025-05-07,Critical
14299,851,2025-06-01,7,0,1,4,2025-06-11,Critical
14300,851,2025-07-01,9,4,1,7,2025-07-13,Critical
14301,851,2025-08-01,2,3,4,6,2025-08-08,Critical
14302,851,2025-09-01,3,3,7,8,2025-09-11,Critical
14303,851,2025-10-01,7,0,7,6,2025-10-08,Critical
14304,851,2025-11-01,8,1,5,3,2025-11-04,Critical
14305,851,2025-12-01,42,18,34,1,2025-12-27,Healthy
14306,851,2026-01-01,36,23,45,1,2026-01-31,Healthy
14307,851,2026-02-01,5,2,5,6,2026-02-12,Critical
14308,851,2026-03-01,22,5,13,4,2026-03-18,At Risk
14309,851,2026-04-01,16,12,13,3,2026-04-17,At Risk
14310,851,2026-05-01,41,27,28,1,2026-05-30,Healthy
14311,851,2026-06-01,34,29,33,2,2026-06-28,Healthy
14312,852,2024-04-01,15,7,12,2,2024-04-24,At Risk
14313,852,2024-05-01,27,12,9,3,2024-05-16,At Risk
14314,852,2024-06-01,28,8,14,3,2024-06-15,At Risk
14315,852,2024-07-01,54,24,29,0,2024-07-28,Healthy
14316,852,2024-08-01,42,24,20,1,2024-08-26,Healthy
14317,852,2024-09-01,46,19,48,2,2024-09-29,Healthy
14318,852,2024-10-01,47,26,44,0,2024-10-27,Healthy
14319,852,2024-11-01,30,23,35,1,2024-11-30,Healthy
14320,852,2024-12-01,40,29,37,2,2024-12-27,Healthy
14321,852,2025-01-01,58,17,44,2,2025-01-27,Healthy
14322,852,2025-02-01,38,16,20,0,2025-02-27,Healthy
14323,852,2025-03-01,28,10,19,4,2025-03-22,At Risk
14324,852,2025-04-01,50,20,28,2,2025-04-29,Healthy
14325,852,2025-05-01,41,17,32,2,2025-05-30,Healthy
14326,852,2025-06-01,28,11,11,1,2025-06-22,At Risk
14327,852,2025-07-01,29,8,12,1,2025-07-16,At Risk
14328,852,2025-08-01,3,2,2,7,2025-08-08,Critical
14329,852,2025-09-01,5,3,5,3,2025-09-10,Critical
14330,852,2025-10-01,22,12,18,5,2025-10-16,At Risk
14331,852,2025-11-01,13,13,15,2,2025-11-21,At Risk
14332,852,2025-12-01,34,22,38,0,2025-12-28,Healthy
14333,852,2026-01-01,56,23,25,2,2026-01-31,Healthy
14334,852,2026-02-01,37,30,49,1,2026-02-28,Healthy
14335,852,2026-03-01,32,20,31,2,2026-03-28,Healthy
14336,852,2026-04-01,48,22,39,2,2026-04-25,Healthy
14337,852,2026-05-01,54,20,32,1,2026-05-26,Healthy
14338,852,2026-06-01,51,21,20,2,2026-06-26,Healthy
14339,853,2024-12-01,317,29,28,2,2024-12-31,Healthy
14340,853,2025-01-01,33,0,7,6,2025-01-11,Critical
14341,853,2025-02-01,62,4,1,6,2025-02-03,Critical
14342,853,2025-03-01,47,2,6,7,2025-03-07,Critical
14343,853,2025-04-01,167,10,17,2,2025-04-20,At Risk
14344,853,2025-05-01,172,7,16,1,2025-05-19,At Risk
14345,853,2025-06-01,65,0,6,7,2025-06-04,Critical
14346,853,2025-07-01,115,11,11,1,2025-07-21,At Risk
14347,853,2025-08-01,341,25,50,2,2025-08-31,Healthy
14348,853,2025-09-01,288,21,23,0,2025-09-27,Healthy
14349,853,2025-10-01,273,21,31,0,2025-10-29,Healthy
14350,853,2025-11-01,339,21,36,2,2025-11-28,Healthy
14351,853,2025-12-01,48,4,4,6,2025-12-09,Critical
14352,853,2026-01-01,44,1,4,6,2026-01-11,Critical
14353,853,2026-02-01,28,0,5,4,2026-02-10,Critical
14354,853,2026-03-01,279,21,25,2,2026-03-31,Healthy
14355,853,2026-04-01,301,28,43,2,2026-04-25,Healthy
14356,853,2026-05-01,188,22,32,2,2026-05-27,Healthy
14357,853,2026-06-01,182,29,43,2,2026-06-25,Healthy
14358,854,2025-10-01,43,1,6,8,2025-10-04,Critical
14359,854,2025-11-01,26,3,4,4,2025-11-04,Critical
14360,854,2025-12-01,86,12,13,3,2025-12-18,At Risk
14361,854,2026-01-01,187,18,38,2,2026-01-29,Healthy
14362,854,2026-02-01,239,20,35,1,2026-02-27,Healthy
14363,854,2026-03-01,267,19,30,0,2026-03-26,Healthy
14364,854,2026-04-01,165,17,37,2,2026-04-30,Healthy
14365,854,2026-05-01,234,26,38,0,2026-05-26,Healthy
14366,854,2026-06-01,92,6,8,5,2026-06-17,At Risk
14367,855,2025-07-01,29,15,45,0,2025-07-29,Healthy
14368,855,2025-08-01,19,22,30,2,2025-08-26,Healthy
14369,855,2025-09-01,14,23,24,2,2025-09-26,Healthy
14370,855,2025-10-01,20,23,26,2,2025-10-31,Healthy
14371,855,2025-11-01,19,20,23,0,2025-11-29,Healthy
14372,855,2025-12-01,20,18,37,1,2025-12-30,Healthy
14373,855,2026-01-01,27,15,48,2,2026-01-31,Healthy
14374,855,2026-02-01,15,28,35,1,2026-02-23,Healthy
14375,855,2026-03-01,13,9,19,5,2026-03-19,At Risk
14376,855,2026-04-01,6,11,14,2,2026-04-15,At Risk
14377,855,2026-05-01,8,13,19,1,2026-05-24,At Risk
14378,855,2026-06-01,7,10,16,3,2026-06-19,At Risk
14379,856,2025-06-01,149,19,49,0,2025-06-29,Healthy
14380,856,2025-07-01,186,26,29,2,2025-07-31,Healthy
14381,856,2025-08-01,109,22,23,1,2025-08-26,Healthy
14382,856,2025-09-01,168,25,34,1,2025-09-29,Healthy
14383,856,2025-10-01,155,26,24,2,2025-10-29,Healthy
14384,856,2025-11-01,48,10,9,2,2025-11-24,At Risk
14385,856,2025-12-01,45,5,17,2,2025-12-18,At Risk
14386,856,2026-01-01,42,5,11,4,2026-01-22,At Risk
14387,856,2026-02-01,35,1,3,4,2026-02-12,Critical
14388,856,2026-03-01,76,7,14,2,2026-03-16,At Risk
14389,856,2026-04-01,41,5,15,2,2026-04-16,At Risk
14390,856,2026-05-01,123,23,40,1,2026-05-26,Healthy
14391,856,2026-06-01,188,27,42,1,2026-06-28,Healthy
14392,857,2024-11-01,725,20,27,2,2024-11-28,Healthy
14393,857,2024-12-01,607,16,49,0,2024-12-27,Healthy
14394,857,2025-01-01,517,30,28,2,2025-01-26,Healthy
14395,857,2025-02-01,311,9,13,2,2025-02-14,At Risk
14396,857,2025-03-01,323,14,14,4,2025-03-20,At Risk
14397,857,2025-04-01,721,16,20,0,2025-04-26,Healthy
14398,857,2025-05-01,539,24,36,0,2025-05-30,Healthy
14399,857,2025-06-01,445,22,37,1,2025-06-27,Healthy
14400,857,2025-07-01,137,4,2,4,2025-07-14,Critical
14401,857,2025-08-01,130,2,6,6,2025-08-02,Critical
14402,857,2025-09-01,211,12,13,5,2025-09-22,At Risk
14403,857,2025-10-01,693,27,31,1,2025-10-27,Healthy
14404,857,2025-11-01,404,21,26,0,2025-11-25,Healthy
14405,857,2025-12-01,327,13,18,5,2025-12-25,At Risk
14406,857,2026-01-01,688,15,49,1,2026-01-30,Healthy
14407,857,2026-02-01,491,16,37,0,2026-02-27,Healthy
14408,857,2026-03-01,30,2,0,6,2026-03-02,Critical
14409,857,2026-04-01,352,14,12,4,2026-04-21,At Risk
14410,857,2026-05-01,327,8,16,5,2026-05-17,At Risk
14411,857,2026-06-01,249,13,12,1,2026-06-15,At Risk
14412,858,2025-11-01,22,25,32,0,2025-11-30,Healthy
14413,858,2025-12-01,34,26,42,0,2025-12-31,Healthy
14414,858,2026-01-01,23,18,23,0,2026-01-30,Healthy
14415,858,2026-02-01,15,11,18,3,2026-02-15,At Risk
14416,858,2026-03-01,20,13,15,2,2026-03-16,At Risk
14417,858,2026-04-01,5,3,0,8,2026-04-14,Critical
14418,858,2026-05-01,7,2,6,3,2026-05-05,Critical
14419,858,2026-06-01,21,12,19,4,2026-06-21,At Risk
14420,859,2024-10-01,135,27,46,1,2024-10-28,Healthy
14421,859,2024-11-01,113,18,34,0,2024-11-26,Healthy
14422,859,2024-12-01,29,2,0,5,2024-12-14,Critical
14423,859,2025-01-01,78,14,15,4,2025-01-22,At Risk
14424,859,2025-02-01,20,4,3,6,2025-02-09,Critical
14425,859,2025-03-01,80,7,8,5,2025-03-18,At Risk
14426,859,2025-04-01,54,9,12,1,2025-04-22,At Risk
14427,859,2025-05-01,112,23,49,2,2025-05-30,Healthy
14428,859,2025-06-01,137,27,22,2,2025-06-28,Healthy
14429,859,2025-07-01,76,10,15,4,2025-07-25,At Risk
14430,859,2025-08-01,57,7,8,4,2025-08-20,At Risk
14431,859,2025-09-01,50,10,8,1,2025-09-18,At Risk
14432,859,2025-10-01,123,25,22,2,2025-10-26,Healthy
14433,859,2025-11-01,118,28,21,2,2025-11-26,Healthy
14434,859,2025-12-01,163,21,36,1,2025-12-28,Healthy
14435,859,2026-01-01,118,16,28,1,2026-01-29,Healthy
14436,859,2026-02-01,67,13,15,4,2026-02-14,At Risk
14437,859,2026-03-01,87,10,16,2,2026-03-22,At Risk
14438,859,2026-04-01,17,4,4,7,2026-04-06,Critical
14439,859,2026-05-01,5,4,1,3,2026-05-15,Critical
14440,859,2026-06-01,67,6,19,4,2026-06-18,At Risk
14441,860,2024-08-01,244,21,22,1,2024-08-30,Healthy
14442,860,2024-09-01,265,23,20,0,2024-09-25,Healthy
14443,860,2024-10-01,225,27,37,0,2024-10-30,Healthy
14444,860,2024-11-01,288,18,38,2,2024-11-26,Healthy
14445,860,2024-12-01,250,23,35,0,2024-12-31,Healthy
14446,860,2025-01-01,230,25,47,1,2025-01-28,Healthy
14447,860,2025-02-01,287,27,33,0,2025-02-24,Healthy
14448,860,2025-03-01,137,7,11,2,2025-03-18,At Risk
14449,860,2025-04-01,92,14,8,4,2025-04-17,At Risk
14450,860,2025-05-01,51,1,0,8,2025-05-08,Critical
14451,860,2025-06-01,107,8,13,1,2025-06-16,At Risk
14452,860,2025-07-01,68,7,14,1,2025-07-22,At Risk
14453,860,2025-08-01,256,29,35,2,2025-08-26,Healthy
14454,860,2025-09-01,208,28,46,2,2025-09-27,Healthy
14455,860,2025-10-01,280,30,43,1,2025-10-27,Healthy
14456,860,2025-11-01,8,2,4,7,2025-11-04,Critical
14457,860,2025-12-01,101,8,14,1,2025-12-18,At Risk
14458,860,2026-01-01,57,7,18,3,2026-01-20,At Risk
14459,860,2026-02-01,15,1,4,3,2026-02-11,Critical
14460,860,2026-03-01,52,1,6,4,2026-03-15,Critical
14461,860,2026-04-01,60,7,18,2,2026-04-21,At Risk
14462,860,2026-05-01,99,9,10,3,2026-05-23,At Risk
14463,860,2026-06-01,103,11,16,2,2026-06-20,At Risk
14464,861,2024-10-01,10,10,11,1,2024-10-18,At Risk
14465,861,2024-11-01,13,10,9,5,2024-11-22,At Risk
14466,861,2024-12-01,12,6,10,4,2024-12-17,At Risk
14467,861,2025-01-01,18,8,16,3,2025-01-24,At Risk
14468,861,2025-02-01,12,8,19,5,2025-02-18,At Risk
14469,861,2025-03-01,45,23,28,2,2025-03-27,Healthy
14470,861,2025-04-01,30,16,50,1,2025-04-29,Healthy
14471,861,2025-05-01,37,21,41,0,2025-05-26,Healthy
14472,861,2025-06-01,42,29,32,2,2025-06-26,Healthy
14473,861,2025-07-01,46,17,28,2,2025-07-29,Healthy
14474,861,2025-08-01,45,25,34,1,2025-08-29,Healthy
14475,861,2025-09-01,36,19,27,0,2025-09-25,Healthy
14476,861,2025-10-01,36,16,33,2,2025-10-28,Healthy
14477,861,2025-11-01,24,5,8,5,2025-11-20,At Risk
14478,861,2025-12-01,12,12,10,4,2025-12-17,At Risk
14479,861,2026-01-01,19,14,12,2,2026-01-25,At Risk
14480,861,2026-02-01,18,14,11,5,2026-02-22,At Risk
14481,861,2026-03-01,11,6,17,1,2026-03-21,At Risk
14482,861,2026-04-01,7,2,6,3,2026-04-02,Critical
14483,861,2026-05-01,24,6,16,2,2026-05-21,At Risk
14484,861,2026-06-01,14,11,18,3,2026-06-23,At Risk
14485,862,2025-09-01,35,16,41,1,2025-09-26,Healthy
14486,862,2025-10-01,34,20,35,0,2025-10-29,Healthy
14487,862,2025-11-01,55,18,24,1,2025-11-30,Healthy
14488,862,2025-12-01,32,22,37,0,2025-12-27,Healthy
14489,862,2026-01-01,43,19,39,2,2026-01-28,Healthy
14490,862,2026-02-01,39,26,30,2,2026-02-28,Healthy
14491,862,2026-03-01,2,3,5,5,2026-03-11,Critical
14492,862,2026-04-01,50,21,27,1,2026-04-30,Healthy
14493,862,2026-05-01,35,27,44,1,2026-05-31,Healthy
14494,862,2026-06-01,46,24,38,0,2026-06-30,Healthy
14495,863,2024-02-01,62,20,48,0,2024-02-27,Healthy
14496,863,2024-03-01,61,24,50,2,2024-03-31,Healthy
14497,863,2024-04-01,25,9,18,3,2024-04-16,At Risk
14498,863,2024-05-01,34,12,16,3,2024-05-20,At Risk
14499,863,2024-06-01,17,11,10,3,2024-06-15,At Risk
14500,863,2024-07-01,37,8,15,3,2024-07-18,At Risk
14501,863,2024-08-01,59,18,48,2,2024-08-31,Healthy
14502,863,2024-09-01,46,18,36,0,2024-09-27,Healthy
14503,863,2024-10-01,35,10,14,4,2024-10-22,At Risk
14504,863,2024-11-01,25,7,19,5,2024-11-23,At Risk
14505,863,2024-12-01,25,10,11,1,2024-12-24,At Risk
14506,863,2025-01-01,5,2,1,4,2025-01-03,Critical
14507,863,2025-02-01,12,0,5,4,2025-01-30,Critical
14508,863,2025-03-01,2,3,0,3,2025-03-07,Critical
14509,863,2025-04-01,5,1,0,5,2025-04-11,Critical
14510,863,2025-05-01,35,10,9,5,2025-05-20,At Risk
14511,863,2025-06-01,46,28,44,1,2025-06-28,Healthy
14512,863,2025-07-01,45,30,45,0,2025-07-29,Healthy
14513,863,2025-08-01,55,29,33,2,2025-08-29,Healthy
14514,863,2025-09-01,20,14,10,4,2025-09-17,At Risk
14515,863,2025-10-01,55,29,41,0,2025-10-31,Healthy
14516,863,2025-11-01,77,20,33,1,2025-11-30,Healthy
14517,863,2025-12-01,52,27,47,0,2025-12-27,Healthy
14518,863,2026-01-01,76,29,34,0,2026-01-26,Healthy
14519,863,2026-02-01,69,16,31,2,2026-02-23,Healthy
14520,863,2026-03-01,13,0,6,6,2026-03-05,Critical
14521,863,2026-04-01,13,1,3,4,2026-04-07,Critical
14522,863,2026-05-01,23,8,9,4,2026-05-22,At Risk
14523,863,2026-06-01,34,10,11,3,2026-06-23,At Risk
14524,864,2025-07-01,13,3,3,3,2025-07-03,Critical
14525,864,2025-08-01,10,0,5,5,2025-08-11,Critical
14526,864,2025-09-01,15,2,0,6,2025-09-13,Critical
14527,864,2025-10-01,97,6,11,1,2025-10-22,At Risk
14528,864,2025-11-01,231,15,26,2,2025-11-30,Healthy
14529,864,2025-12-01,154,15,42,2,2025-12-30,Healthy
14530,864,2026-01-01,163,22,35,1,2026-01-29,Healthy
14531,864,2026-02-01,34,0,3,8,2026-01-30,Critical
14532,864,2026-03-01,41,3,5,4,2026-03-15,Critical
14533,864,2026-04-01,50,7,11,3,2026-04-23,At Risk
14534,864,2026-05-01,40,2,5,8,2026-05-13,Critical
14535,864,2026-06-01,74,8,18,1,2026-06-24,At Risk
14536,865,2024-08-01,94,11,19,4,2024-08-19,At Risk
14537,865,2024-09-01,225,29,43,1,2024-09-25,Healthy
14538,865,2024-10-01,181,19,38,1,2024-10-30,Healthy
14539,865,2024-11-01,146,28,39,2,2024-11-26,Healthy
14540,865,2024-12-01,216,16,39,2,2024-12-31,Healthy
14541,865,2025-01-01,53,9,14,2,2025-01-17,At Risk
14542,865,2025-02-01,115,14,18,3,2025-02-13,At Risk
14543,865,2025-03-01,106,14,11,2,2025-03-22,At Risk
14544,865,2025-04-01,84,13,13,1,2025-04-20,At Risk
14545,865,2025-05-01,117,9,8,4,2025-05-25,At Risk
14546,865,2025-06-01,23,0,7,3,2025-06-11,Critical
14547,865,2025-07-01,35,4,1,4,2025-07-02,Critical
14548,865,2025-08-01,16,3,0,5,2025-08-15,Critical
14549,865,2025-09-01,82,10,14,4,2025-09-20,At Risk
14550,865,2025-10-01,68,13,13,4,2025-10-22,At Risk
14551,865,2025-11-01,255,21,43,1,2025-11-25,Healthy
14552,865,2025-12-01,155,18,38,0,2025-12-26,Healthy
14553,865,2026-01-01,132,15,43,0,2026-01-31,Healthy
14554,865,2026-02-01,145,24,31,2,2026-02-24,Healthy
14555,865,2026-03-01,175,17,49,1,2026-03-29,Healthy
14556,865,2026-04-01,223,29,41,1,2026-04-30,Healthy
14557,865,2026-05-01,218,15,44,1,2026-05-29,Healthy
14558,865,2026-06-01,244,29,20,0,2026-06-29,Healthy
14559,866,2026-01-01,2286,20,42,1,2026-01-29,Healthy
14560,866,2026-02-01,1682,8,15,4,2026-02-22,At Risk
14561,866,2026-03-01,1299,14,10,4,2026-03-16,At Risk
14562,866,2026-04-01,462,1,5,8,2026-04-12,Critical
14563,866,2026-05-01,358,0,6,3,2026-05-06,Critical
14564,866,2026-06-01,595,2,5,4,2026-06-12,Critical
14565,867,2025-01-01,8,17,47,2,2025-01-27,Healthy
14566,867,2025-02-01,8,30,43,2,2025-02-27,Healthy
14567,867,2025-03-01,8,22,28,1,2025-03-31,Healthy
14568,867,2025-04-01,6,30,33,1,2025-04-29,Healthy
14569,867,2025-05-01,8,25,43,1,2025-05-28,Healthy
14570,867,2025-06-01,7,24,48,2,2025-06-27,Healthy
14571,867,2025-07-01,4,6,14,3,2025-07-19,At Risk
14572,867,2025-08-01,9,19,40,1,2025-08-29,Healthy
14573,867,2025-09-01,5,27,42,1,2025-09-30,Healthy
14574,867,2025-10-01,8,20,25,1,2025-10-27,Healthy
14575,867,2025-11-01,5,30,49,1,2025-11-25,Healthy
14576,867,2025-12-01,6,28,23,0,2025-12-29,Healthy
14577,867,2026-01-01,5,25,43,2,2026-01-30,Healthy
14578,867,2026-02-01,6,22,20,1,2026-02-26,Healthy
14579,867,2026-03-01,5,18,32,2,2026-03-31,Healthy
14580,867,2026-04-01,5,25,35,0,2026-04-27,Healthy
14581,867,2026-05-01,6,24,47,0,2026-05-31,Healthy
14582,867,2026-06-01,5,19,28,2,2026-06-30,Healthy
14583,868,2025-08-01,196,25,28,0,2025-08-28,Healthy
14584,868,2025-09-01,272,24,50,1,2025-09-27,Healthy
14585,868,2025-10-01,287,17,24,0,2025-10-27,Healthy
14586,868,2025-11-01,352,20,41,0,2025-11-25,Healthy
14587,868,2025-12-01,229,15,37,0,2025-12-29,Healthy
14588,868,2026-01-01,120,8,18,2,2026-01-18,At Risk
14589,868,2026-02-01,147,11,9,3,2026-02-22,At Risk
14590,868,2026-03-01,98,5,16,5,2026-03-20,At Risk
14591,868,2026-04-01,80,9,15,3,2026-04-22,At Risk
14592,868,2026-05-01,144,14,18,1,2026-05-19,At Risk
14593,868,2026-06-01,295,18,46,2,2026-06-29,Healthy
14594,869,2024-12-01,1,0,1,6,2024-12-12,Critical
14595,869,2025-01-01,1,0,5,5,2025-01-15,Critical
14596,869,2025-02-01,2,2,7,3,2025-02-08,Critical
14597,869,2025-03-01,26,16,27,2,2025-03-30,Healthy
14598,869,2025-04-01,27,30,20,2,2025-04-28,Healthy
14599,869,2025-05-01,15,21,22,2,2025-05-29,Healthy
14600,869,2025-06-01,25,22,40,1,2025-06-29,Healthy
14601,869,2025-07-01,13,11,9,1,2025-07-21,At Risk
14602,869,2025-08-01,17,16,39,0,2025-08-27,Healthy
14603,869,2025-09-01,15,18,33,2,2025-09-28,Healthy
14604,869,2025-10-01,26,26,36,1,2025-10-31,Healthy
14605,869,2025-11-01,21,24,23,1,2025-11-26,Healthy
14606,869,2025-12-01,23,23,33,0,2025-12-29,Healthy
14607,869,2026-01-01,22,16,47,1,2026-01-27,Healthy
14608,869,2026-02-01,20,28,27,0,2026-02-27,Healthy
14609,869,2026-03-01,22,20,45,1,2026-03-29,Healthy
14610,869,2026-04-01,17,21,39,2,2026-04-27,Healthy
14611,869,2026-05-01,15,18,43,2,2026-05-29,Healthy
14612,869,2026-06-01,11,10,12,2,2026-06-23,At Risk
14613,870,2024-10-01,1796,17,24,2,2024-10-27,Healthy
14614,870,2024-11-01,2763,28,31,2,2024-11-26,Healthy
14615,870,2024-12-01,3219,18,33,1,2024-12-29,Healthy
14616,870,2025-01-01,2313,15,23,2,2025-01-31,Healthy
14617,870,2025-02-01,2142,19,46,0,2025-02-27,Healthy
14618,870,2025-03-01,2804,22,40,1,2025-03-28,Healthy
14619,870,2025-04-01,2498,28,23,0,2025-04-25,Healthy
14620,870,2025-05-01,2029,15,45,2,2025-05-31,Healthy
14621,870,2025-06-01,2295,20,20,2,2025-06-27,Healthy
14622,870,2025-07-01,3428,27,44,1,2025-07-30,Healthy
14623,870,2025-08-01,3055,28,50,0,2025-08-30,Healthy
14624,870,2025-09-01,2852,28,25,1,2025-09-27,Healthy
14625,870,2025-10-01,2652,29,43,1,2025-10-29,Healthy
14626,870,2025-11-01,3542,21,22,2,2025-11-28,Healthy
14627,870,2025-12-01,3395,17,36,0,2025-12-28,Healthy
14628,870,2026-01-01,2291,15,48,0,2026-01-28,Healthy
14629,870,2026-02-01,3051,22,48,1,2026-02-27,Healthy
14630,870,2026-03-01,1927,21,33,1,2026-03-27,Healthy
14631,870,2026-04-01,2103,24,22,0,2026-04-30,Healthy
14632,870,2026-05-01,682,5,10,4,2026-05-25,At Risk
14633,870,2026-06-01,1518,13,16,1,2026-06-24,At Risk
14634,871,2025-04-01,239,16,24,1,2025-04-30,Healthy
14635,871,2025-05-01,246,22,42,1,2025-05-26,Healthy
14636,871,2025-06-01,277,17,48,0,2025-06-27,Healthy
14637,871,2025-07-01,50,0,2,3,2025-07-15,Critical
14638,871,2025-08-01,16,2,3,8,2025-08-06,Critical
14639,871,2025-09-01,27,4,1,3,2025-09-08,Critical
14640,871,2025-10-01,146,5,16,5,2025-10-17,At Risk
14641,871,2025-11-01,272,18,32,0,2025-11-28,Healthy
14642,871,2025-12-01,204,16,21,1,2025-12-30,Healthy
14643,871,2026-01-01,312,19,25,0,2026-01-26,Healthy
14644,871,2026-02-01,84,12,10,3,2026-02-20,At Risk
14645,871,2026-03-01,30,4,0,6,2026-03-07,Critical
14646,871,2026-04-01,157,10,18,3,2026-04-20,At Risk
14647,871,2026-05-01,308,19,26,0,2026-05-30,Healthy
14648,871,2026-06-01,193,23,40,0,2026-06-29,Healthy
14649,872,2026-01-01,23,22,39,2,2026-01-27,Healthy
14650,872,2026-02-01,9,13,19,3,2026-02-20,At Risk
14651,872,2026-03-01,10,6,8,5,2026-03-16,At Risk
14652,872,2026-04-01,4,4,4,6,2026-04-13,Critical
14653,872,2026-05-01,4,4,4,3,2026-05-14,Critical
14654,872,2026-06-01,13,7,13,3,2026-06-20,At Risk
14655,873,2025-03-01,6,1,5,3,2025-03-02,Critical
14656,873,2025-04-01,3,3,4,6,2025-04-12,Critical
14657,873,2025-05-01,8,2,2,6,2025-05-04,Critical
14658,873,2025-06-01,4,2,6,7,2025-06-03,Critical
14659,873,2025-07-01,20,13,8,3,2025-07-22,At Risk
14660,873,2025-08-01,28,23,36,0,2025-08-26,Healthy
14661,873,2025-09-01,46,18,33,2,2025-09-28,Healthy
14662,873,2025-10-01,22,13,18,1,2025-10-24,At Risk
14663,873,2025-11-01,8,2,6,5,2025-11-09,Critical
14664,873,2025-12-01,4,1,4,5,2025-12-07,Critical
14665,873,2026-01-01,4,0,1,8,2026-01-02,Critical
14666,873,2026-02-01,51,17,49,2,2026-02-24,Healthy
14667,873,2026-03-01,26,7,13,5,2026-03-25,At Risk
14668,873,2026-04-01,38,23,45,2,2026-04-27,Healthy
14669,873,2026-05-01,42,29,38,2,2026-05-26,Healthy
14670,873,2026-06-01,48,23,49,0,2026-06-26,Healthy
14671,874,2025-06-01,110,14,11,1,2025-06-19,At Risk
14672,874,2025-07-01,99,14,11,3,2025-07-23,At Risk
14673,874,2025-08-01,166,26,31,0,2025-08-31,Healthy
14674,874,2025-09-01,219,30,42,1,2025-09-28,Healthy
14675,874,2025-10-01,255,24,44,0,2025-10-27,Healthy
14676,874,2025-11-01,228,23,36,0,2025-11-25,Healthy
14677,874,2025-12-01,268,26,39,0,2025-12-27,Healthy
14678,874,2026-01-01,250,19,46,1,2026-01-30,Healthy
14679,874,2026-02-01,166,27,43,2,2026-02-28,Healthy
14680,874,2026-03-01,307,24,27,0,2026-03-30,Healthy
14681,874,2026-04-01,237,26,45,1,2026-04-29,Healthy
14682,874,2026-05-01,67,12,14,5,2026-05-23,At Risk
14683,874,2026-06-01,299,22,22,0,2026-06-26,Healthy
14684,875,2025-01-01,47,26,50,1,2025-01-31,Healthy
14685,875,2025-02-01,28,17,35,2,2025-02-24,Healthy
14686,875,2025-03-01,42,24,45,0,2025-03-29,Healthy
14687,875,2025-04-01,47,24,38,2,2025-04-27,Healthy
14688,875,2025-05-01,36,30,27,2,2025-05-31,Healthy
14689,875,2025-06-01,29,27,30,1,2025-06-29,Healthy
14690,875,2025-07-01,28,26,50,2,2025-07-27,Healthy
14691,875,2025-08-01,26,19,32,1,2025-08-28,Healthy
14692,875,2025-09-01,42,28,23,2,2025-09-30,Healthy
14693,875,2025-10-01,36,23,43,0,2025-10-26,Healthy
14694,875,2025-11-01,35,18,31,1,2025-11-30,Healthy
14695,875,2025-12-01,47,18,23,1,2025-12-27,Healthy
14696,875,2026-01-01,37,29,36,2,2026-01-29,Healthy
14697,875,2026-02-01,42,16,40,2,2026-02-24,Healthy
14698,875,2026-03-01,47,17,26,2,2026-03-28,Healthy
14699,875,2026-04-01,47,21,25,0,2026-04-28,Healthy
14700,875,2026-05-01,29,19,20,1,2026-05-28,Healthy
14701,875,2026-06-01,31,18,24,0,2026-06-28,Healthy
14702,876,2025-12-01,8,4,4,3,2025-12-12,Critical
14703,876,2026-01-01,8,1,6,8,2026-01-05,Critical
14704,876,2026-02-01,4,4,2,3,2026-02-07,Critical
14705,876,2026-03-01,9,0,5,7,2026-03-05,Critical
14706,876,2026-04-01,24,13,19,5,2026-04-16,At Risk
14707,876,2026-05-01,11,6,9,2,2026-05-16,At Risk
14708,876,2026-06-01,37,22,40,1,2026-06-29,Healthy
14709,877,2025-12-01,20,30,28,2,2025-12-31,Healthy
14710,877,2026-01-01,15,15,47,2,2026-01-30,Healthy
14711,877,2026-02-01,12,30,46,1,2026-02-23,Healthy
14712,877,2026-03-01,22,15,25,2,2026-03-30,Healthy
14713,877,2026-04-01,13,25,28,1,2026-04-27,Healthy
14714,877,2026-05-01,13,16,25,0,2026-05-29,Healthy
14715,877,2026-06-01,7,7,12,5,2026-06-17,At Risk
14716,878,2024-05-01,209,21,47,2,2024-05-26,Healthy
14717,878,2024-06-01,295,23,40,0,2024-06-29,Healthy
14718,878,2024-07-01,62,14,9,4,2024-07-17,At Risk
14719,878,2024-08-01,247,23,41,0,2024-08-27,Healthy
14720,878,2024-09-01,188,26,25,1,2024-09-29,Healthy
14721,878,2024-10-01,295,18,34,1,2024-10-28,Healthy
14722,878,2024-11-01,246,28,35,2,2024-11-27,Healthy
14723,878,2024-12-01,168,15,23,0,2024-12-30,Healthy
14724,878,2025-01-01,175,17,20,2,2025-01-30,Healthy
14725,878,2025-02-01,298,19,39,0,2025-02-28,Healthy
14726,878,2025-03-01,276,16,46,1,2025-03-30,Healthy
14727,878,2025-04-01,157,19,21,0,2025-04-30,Healthy
14728,878,2025-05-01,306,27,38,0,2025-05-30,Healthy
14729,878,2025-06-01,305,25,48,2,2025-06-28,Healthy
14730,878,2025-07-01,229,18,41,1,2025-07-30,Healthy
14731,878,2025-08-01,219,30,42,1,2025-08-31,Healthy
14732,878,2025-09-01,193,28,38,1,2025-09-26,Healthy
14733,878,2025-10-01,303,20,49,0,2025-10-30,Healthy
14734,878,2025-11-01,292,29,45,0,2025-11-29,Healthy
14735,878,2025-12-01,292,29,42,2,2025-12-26,Healthy
14736,878,2026-01-01,28,1,7,6,2026-01-03,Critical
14737,878,2026-02-01,47,0,3,5,2026-02-11,Critical
14738,878,2026-03-01,84,11,9,2,2026-03-22,At Risk
14739,878,2026-04-01,76,12,17,4,2026-04-24,At Risk
14740,878,2026-05-01,80,6,15,1,2026-05-22,At Risk
14741,878,2026-06-01,51,3,1,6,2026-05-31,Critical
14742,879,2024-04-01,3,12,14,4,2024-04-16,At Risk
14743,879,2024-05-01,3,12,9,3,2024-05-18,At Risk
14744,879,2024-06-01,1,0,2,8,2024-06-05,Critical
14745,879,2024-07-01,1,4,1,4,2024-07-03,Critical
14746,879,2024-08-01,2,1,3,3,2024-08-13,Critical
14747,879,2024-09-01,12,19,33,1,2024-09-26,Healthy
14748,879,2024-10-01,6,30,42,1,2024-10-27,Healthy
14749,879,2024-11-01,7,24,34,1,2024-11-26,Healthy
14750,879,2024-12-01,6,6,10,2,2024-12-25,At Risk
14751,879,2025-01-01,9,20,26,0,2025-01-29,Healthy
14752,879,2025-02-01,7,29,29,2,2025-02-25,Healthy
14753,879,2025-03-01,10,28,31,2,2025-03-28,Healthy
14754,879,2025-04-01,8,28,26,0,2025-04-26,Healthy
14755,879,2025-05-01,7,29,33,2,2025-05-30,Healthy
14756,879,2025-06-01,5,8,10,4,2025-06-23,At Risk
14757,879,2025-07-01,8,19,44,1,2025-07-30,Healthy
14758,879,2025-08-01,11,16,42,2,2025-08-31,Healthy
14759,879,2025-09-01,8,22,20,1,2025-09-28,Healthy
14760,879,2025-10-01,12,20,31,2,2025-10-31,Healthy
14761,879,2025-11-01,12,27,40,0,2025-11-25,Healthy
14762,879,2025-12-01,4,5,11,3,2025-12-21,At Risk
14763,879,2026-01-01,3,11,16,5,2026-01-25,At Risk
14764,879,2026-02-01,2,1,0,3,2026-02-11,Critical
14765,879,2026-03-01,1,2,3,3,2026-03-06,Critical
14766,879,2026-04-01,1,0,0,7,2026-04-07,Critical
14767,879,2026-05-01,6,15,20,0,2026-05-26,Healthy
14768,879,2026-06-01,5,11,17,3,2026-06-23,At Risk
14769,880,2025-07-01,156,27,22,1,2025-07-29,Healthy
14770,880,2025-08-01,162,26,50,2,2025-08-27,Healthy
14771,880,2025-09-01,91,24,38,0,2025-09-28,Healthy
14772,880,2025-10-01,112,26,44,0,2025-10-29,Healthy
14773,880,2025-11-01,129,24,41,2,2025-11-25,Healthy
14774,880,2025-12-01,96,22,33,1,2025-12-27,Healthy
14775,880,2026-01-01,82,19,26,1,2026-01-31,Healthy
14776,880,2026-02-01,161,25,24,1,2026-02-25,Healthy
14777,880,2026-03-01,25,1,6,5,2026-03-11,Critical
14778,880,2026-04-01,91,26,25,2,2026-04-27,Healthy
14779,880,2026-05-01,105,20,21,1,2026-05-27,Healthy
14780,880,2026-06-01,144,29,46,0,2026-06-25,Healthy
14781,881,2024-09-01,2937,30,27,1,2024-09-28,Healthy
14782,881,2024-10-01,916,6,11,2,2024-10-18,At Risk
14783,881,2024-11-01,931,12,8,5,2024-11-16,At Risk
14784,881,2024-12-01,1099,5,17,1,2024-12-23,At Risk
14785,881,2025-01-01,329,4,0,5,2025-01-07,Critical
14786,881,2025-02-01,147,3,1,6,2025-02-02,Critical
14787,881,2025-03-01,1506,6,14,1,2025-03-18,At Risk
14788,881,2025-04-01,2888,29,42,2,2025-04-28,Healthy
14789,881,2025-05-01,3054,28,32,2,2025-05-27,Healthy
14790,881,2025-06-01,1694,23,33,1,2025-06-29,Healthy
14791,881,2025-07-01,2712,16,40,1,2025-07-26,Healthy
14792,881,2025-08-01,1942,30,45,0,2025-08-28,Healthy
14793,881,2025-09-01,2536,22,47,1,2025-09-30,Healthy
14794,881,2025-10-01,2404,30,32,0,2025-10-31,Healthy
14795,881,2025-11-01,2213,23,30,2,2025-11-27,Healthy
14796,881,2025-12-01,1564,29,23,0,2025-12-31,Healthy
14797,881,2026-01-01,2607,24,41,0,2026-01-30,Healthy
14798,881,2026-02-01,1004,11,15,5,2026-02-22,At Risk
14799,881,2026-03-01,1513,13,9,1,2026-03-21,At Risk
14800,881,2026-04-01,176,0,2,3,2026-04-10,Critical
14801,881,2026-05-01,255,3,2,7,2026-05-03,Critical
14802,881,2026-06-01,380,2,2,5,2026-06-05,Critical
14803,882,2025-01-01,153,28,21,0,2025-01-26,Healthy
14804,882,2025-02-01,254,29,44,2,2025-02-28,Healthy
14805,882,2025-03-01,66,8,10,3,2025-03-21,At Risk
14806,882,2025-04-01,104,10,16,2,2025-04-21,At Risk
14807,882,2025-05-01,60,9,19,1,2025-05-25,At Risk
14808,882,2025-06-01,30,2,2,4,2025-06-06,Critical
14809,882,2025-07-01,32,4,0,7,2025-07-01,Critical
14810,882,2025-08-01,158,22,36,0,2025-08-30,Healthy
14811,882,2025-09-01,172,22,31,0,2025-09-28,Healthy
14812,882,2025-10-01,175,21,26,1,2025-10-30,Healthy
14813,882,2025-11-01,54,6,9,4,2025-11-23,At Risk
14814,882,2025-12-01,154,22,25,0,2025-12-28,Healthy
14815,882,2026-01-01,154,21,40,0,2026-01-26,Healthy
14816,882,2026-02-01,249,22,22,2,2026-02-23,Healthy
14817,882,2026-03-01,117,14,16,4,2026-03-24,At Risk
14818,882,2026-04-01,153,24,24,1,2026-04-27,Healthy
14819,882,2026-05-01,201,26,36,1,2026-05-28,Healthy
14820,882,2026-06-01,152,30,25,1,2026-06-26,Healthy
14821,883,2025-03-01,11,23,29,2,2025-03-29,Healthy
14822,883,2025-04-01,7,14,15,3,2025-04-21,At Risk
14823,883,2025-05-01,6,13,10,4,2025-05-21,At Risk
14824,883,2025-06-01,11,26,44,2,2025-06-30,Healthy
14825,883,2025-07-01,14,19,46,1,2025-07-31,Healthy
14826,883,2025-08-01,20,18,39,0,2025-08-26,Healthy
14827,883,2025-09-01,14,26,28,1,2025-09-27,Healthy
14828,883,2025-10-01,16,24,44,2,2025-10-28,Healthy
14829,883,2025-11-01,14,20,45,0,2025-11-30,Healthy
14830,883,2025-12-01,12,15,22,1,2025-12-27,Healthy
14831,883,2026-01-01,20,19,28,0,2026-01-27,Healthy
14832,883,2026-02-01,18,29,31,1,2026-02-24,Healthy
14833,883,2026-03-01,13,22,46,0,2026-03-27,Healthy
14834,883,2026-04-01,9,11,14,2,2026-04-23,At Risk
14835,883,2026-05-01,6,13,13,5,2026-05-20,At Risk
14836,883,2026-06-01,1,4,5,3,2026-06-09,Critical
14837,884,2025-01-01,230,18,25,0,2025-01-26,Healthy
14838,884,2025-02-01,350,19,32,0,2025-02-27,Healthy
14839,884,2025-03-01,190,29,22,2,2025-03-31,Healthy
14840,884,2025-04-01,214,15,32,0,2025-04-26,Healthy
14841,884,2025-05-01,115,14,15,3,2025-05-24,At Risk
14842,884,2025-06-01,302,20,21,1,2025-06-25,Healthy
14843,884,2025-07-01,313,21,23,2,2025-07-29,Healthy
14844,884,2025-08-01,204,25,29,0,2025-08-28,Healthy
14845,884,2025-09-01,337,28,33,2,2025-09-27,Healthy
14846,884,2025-10-01,285,16,35,0,2025-10-27,Healthy
14847,884,2025-11-01,215,29,38,2,2025-11-29,Healthy
14848,884,2025-12-01,188,18,48,0,2025-12-27,Healthy
14849,884,2026-01-01,269,26,45,1,2026-01-27,Healthy
14850,884,2026-02-01,364,15,22,1,2026-02-27,Healthy
14851,884,2026-03-01,262,27,35,0,2026-03-26,Healthy
14852,884,2026-04-01,118,7,9,1,2026-04-23,At Risk
14853,884,2026-05-01,145,6,17,2,2026-05-21,At Risk
14854,884,2026-06-01,93,14,17,4,2026-06-16,At Risk
14855,885,2025-04-01,43,29,50,2,2025-04-28,Healthy
14856,885,2025-05-01,34,20,31,1,2025-05-31,Healthy
14857,885,2025-06-01,37,24,30,0,2025-06-29,Healthy
14858,885,2025-07-01,53,25,41,0,2025-07-30,Healthy
14859,885,2025-08-01,49,25,28,1,2025-08-27,Healthy
14860,885,2025-09-01,59,15,34,1,2025-09-30,Healthy
14861,885,2025-10-01,40,25,23,1,2025-10-27,Healthy
14862,885,2025-11-01,62,19,33,1,2025-11-28,Healthy
14863,885,2025-12-01,35,17,50,2,2025-12-30,Healthy
14864,885,2026-01-01,64,25,20,2,2026-01-27,Healthy
14865,885,2026-02-01,27,8,9,4,2026-02-22,At Risk
14866,885,2026-03-01,21,14,15,2,2026-03-21,At Risk
14867,885,2026-04-01,13,8,17,2,2026-04-20,At Risk
14868,885,2026-05-01,10,1,6,7,2026-05-12,Critical
14869,885,2026-06-01,7,2,0,5,2026-06-06,Critical
14870,886,2026-02-01,1902,16,49,0,2026-02-24,Healthy
14871,886,2026-03-01,1675,24,37,0,2026-03-26,Healthy
14872,886,2026-04-01,1138,24,44,0,2026-04-29,Healthy
14873,886,2026-05-01,1425,20,44,2,2026-05-31,Healthy
14874,886,2026-06-01,1378,23,39,1,2026-06-25,Healthy
14875,887,2025-08-01,26,6,10,2,2025-08-17,At Risk
14876,887,2025-09-01,4,4,4,5,2025-09-05,Critical
14877,887,2025-10-01,9,1,1,7,2025-10-04,Critical
14878,887,2025-11-01,20,8,8,1,2025-11-18,At Risk
14879,887,2025-12-01,22,9,16,4,2025-12-24,At Risk
14880,887,2026-01-01,8,2,1,3,2026-01-07,Critical
14881,887,2026-02-01,7,3,4,6,2026-02-01,Critical
14882,887,2026-03-01,38,5,11,4,2026-03-25,At Risk
14883,887,2026-04-01,23,12,16,1,2026-04-20,At Risk
14884,887,2026-05-01,29,12,15,5,2026-05-18,At Risk
14885,887,2026-06-01,70,27,20,1,2026-06-25,Healthy
14886,888,2025-04-01,34,20,49,1,2025-04-27,Healthy
14887,888,2025-05-01,38,16,36,2,2025-05-29,Healthy
14888,888,2025-06-01,22,14,8,1,2025-06-17,At Risk
14889,888,2025-07-01,5,1,0,3,2025-07-08,Critical
14890,888,2025-08-01,3,3,4,6,2025-08-11,Critical
14891,888,2025-09-01,23,13,11,3,2025-09-15,At Risk
14892,888,2025-10-01,37,27,29,1,2025-10-29,Healthy
14893,888,2025-11-01,30,24,44,2,2025-11-27,Healthy
14894,888,2025-12-01,13,8,11,2,2025-12-20,At Risk
14895,888,2026-01-01,8,3,7,3,2026-01-14,Critical
14896,888,2026-02-01,13,6,19,1,2026-02-21,At Risk
14897,888,2026-03-01,9,7,9,4,2026-03-22,At Risk
14898,888,2026-04-01,33,18,29,2,2026-04-29,Healthy
14899,888,2026-05-01,43,22,33,1,2026-05-26,Healthy
14900,888,2026-06-01,39,17,20,2,2026-06-25,Healthy
14901,889,2024-05-01,124,11,8,3,2024-05-25,At Risk
14902,889,2024-06-01,322,20,31,1,2024-06-30,Healthy
14903,889,2024-07-01,244,18,38,1,2024-07-29,Healthy
14904,889,2024-08-01,304,26,46,2,2024-08-29,Healthy
14905,889,2024-09-01,344,24,27,2,2024-09-26,Healthy
14906,889,2024-10-01,236,26,45,1,2024-10-29,Healthy
14907,889,2024-11-01,85,7,17,4,2024-11-15,At Risk
14908,889,2024-12-01,78,13,19,4,2024-12-18,At Risk
14909,889,2025-01-01,155,5,9,4,2025-01-25,At Risk
14910,889,2025-02-01,253,24,38,2,2025-02-25,Healthy
14911,889,2025-03-01,230,15,32,1,2025-03-27,Healthy
14912,889,2025-04-01,251,26,25,1,2025-04-25,Healthy
14913,889,2025-05-01,227,24,44,0,2025-05-27,Healthy
14914,889,2025-06-01,325,24,25,2,2025-06-26,Healthy
14915,889,2025-07-01,269,17,35,0,2025-07-29,Healthy
14916,889,2025-08-01,223,21,28,0,2025-08-26,Healthy
14917,889,2025-09-01,358,22,24,0,2025-09-29,Healthy
14918,889,2025-10-01,347,17,32,0,2025-10-29,Healthy
14919,889,2025-11-01,377,19,33,0,2025-11-28,Healthy
14920,889,2025-12-01,245,29,49,2,2025-12-28,Healthy
14921,889,2026-01-01,343,15,32,2,2026-01-28,Healthy
14922,889,2026-02-01,95,14,16,3,2026-02-20,At Risk
14923,889,2026-03-01,233,28,25,1,2026-03-26,Healthy
14924,889,2026-04-01,255,22,37,1,2026-04-25,Healthy
14925,889,2026-05-01,293,23,43,1,2026-05-28,Healthy
14926,889,2026-06-01,262,22,36,1,2026-06-28,Healthy
14927,890,2025-05-01,1503,27,37,0,2025-05-26,Healthy
14928,890,2025-06-01,1379,13,10,1,2025-06-22,At Risk
14929,890,2025-07-01,1097,12,10,1,2025-07-24,At Risk
14930,890,2025-08-01,522,1,5,6,2025-08-13,Critical
14931,890,2025-09-01,201,3,3,5,2025-09-14,Critical
14932,890,2025-10-01,710,8,15,3,2025-10-24,At Risk
14933,890,2025-11-01,2739,15,32,1,2025-11-29,Healthy
14934,890,2025-12-01,1855,21,28,2,2025-12-28,Healthy
14935,890,2026-01-01,2650,21,22,1,2026-01-31,Healthy
14936,890,2026-02-01,1544,19,27,2,2026-02-28,Healthy
14937,890,2026-03-01,1606,15,29,2,2026-03-31,Healthy
14938,890,2026-04-01,482,0,4,4,2026-04-03,Critical
14939,890,2026-05-01,672,10,12,4,2026-05-23,At Risk
14940,890,2026-06-01,602,12,12,5,2026-06-15,At Risk
14941,891,2025-05-01,8,24,26,0,2025-05-30,Healthy
14942,891,2025-06-01,7,23,38,2,2025-06-29,Healthy
14943,891,2025-07-01,11,18,35,2,2025-07-26,Healthy
14944,891,2025-08-01,11,19,40,2,2025-08-29,Healthy
14945,891,2025-09-01,10,23,47,1,2025-09-27,Healthy
14946,891,2025-10-01,3,14,15,4,2025-10-18,At Risk
14947,891,2025-11-01,7,15,28,1,2025-11-28,Healthy
14948,891,2025-12-01,3,13,19,1,2025-12-16,At Risk
14949,891,2026-01-01,1,4,4,6,2026-01-09,Critical
14950,891,2026-02-01,3,7,10,3,2026-02-16,At Risk
14951,891,2026-03-01,5,8,18,1,2026-03-20,At Risk
14952,891,2026-04-01,6,20,32,0,2026-04-29,Healthy
14953,891,2026-05-01,11,19,29,2,2026-05-26,Healthy
14954,891,2026-06-01,4,13,11,4,2026-06-16,At Risk
14955,892,2025-07-01,33,14,15,1,2025-07-22,At Risk
14956,892,2025-08-01,12,0,6,7,2025-08-06,Critical
14957,892,2025-09-01,9,3,3,4,2025-09-12,Critical
14958,892,2025-10-01,7,3,4,6,2025-10-14,Critical
14959,892,2025-11-01,14,2,4,5,2025-11-04,Critical
14960,892,2025-12-01,5,2,2,3,2025-12-07,Critical
14961,892,2026-01-01,6,1,7,3,2026-01-10,Critical
14962,892,2026-02-01,9,2,2,4,2026-02-10,Critical
14963,892,2026-03-01,16,3,6,4,2026-03-04,Critical
14964,892,2026-04-01,17,3,5,6,2026-04-10,Critical
14965,892,2026-05-01,4,2,0,5,2026-05-06,Critical
14966,892,2026-06-01,16,1,7,6,2026-06-11,Critical
14967,893,2024-04-01,25,16,35,0,2024-04-25,Healthy
14968,893,2024-05-01,23,20,30,2,2024-05-29,Healthy
14969,893,2024-06-01,26,27,34,0,2024-06-25,Healthy
14970,893,2024-07-01,23,22,37,2,2024-07-27,Healthy
14971,893,2024-08-01,18,27,29,0,2024-08-29,Healthy
14972,893,2024-09-01,15,19,21,2,2024-09-27,Healthy
14973,893,2024-10-01,23,30,39,0,2024-10-30,Healthy
14974,893,2024-11-01,26,15,24,2,2024-11-28,Healthy
14975,893,2024-12-01,25,27,38,2,2024-12-31,Healthy
14976,893,2025-01-01,15,16,38,2,2025-01-29,Healthy
14977,893,2025-02-01,20,23,28,1,2025-02-24,Healthy
14978,893,2025-03-01,11,12,8,1,2025-03-20,At Risk
14979,893,2025-04-01,13,6,14,3,2025-04-20,At Risk
14980,893,2025-05-01,19,30,21,1,2025-05-26,Healthy
14981,893,2025-06-01,26,20,41,1,2025-06-29,Healthy
14982,893,2025-07-01,25,29,42,1,2025-07-28,Healthy
14983,893,2025-08-01,23,15,24,2,2025-08-30,Healthy
14984,893,2025-09-01,25,26,24,0,2025-09-25,Healthy
14985,893,2025-10-01,20,26,27,2,2025-10-26,Healthy
14986,893,2025-11-01,19,26,24,0,2025-11-30,Healthy
14987,893,2025-12-01,15,15,37,1,2025-12-30,Healthy
14988,893,2026-01-01,13,27,24,2,2026-01-29,Healthy
14989,893,2026-02-01,24,18,24,0,2026-02-28,Healthy
14990,893,2026-03-01,15,15,26,1,2026-03-30,Healthy
14991,893,2026-04-01,14,26,46,2,2026-04-27,Healthy
14992,893,2026-05-01,15,29,23,0,2026-05-26,Healthy
14993,893,2026-06-01,21,22,20,1,2026-06-26,Healthy
14994,894,2024-04-01,136,24,35,2,2024-04-30,Healthy
14995,894,2024-05-01,92,25,46,2,2024-05-29,Healthy
14996,894,2024-06-01,113,22,26,0,2024-06-26,Healthy
14997,894,2024-07-01,81,25,32,1,2024-07-26,Healthy
14998,894,2024-08-01,128,21,40,1,2024-08-26,Healthy
14999,894,2024-09-01,89,17,42,1,2024-09-26,Healthy
15000,894,2024-10-01,130,20,21,1,2024-10-26,Healthy
15001,894,2024-11-01,87,29,28,1,2024-11-30,Healthy
15002,894,2024-12-01,92,28,50,0,2024-12-29,Healthy
15003,894,2025-01-01,86,18,20,0,2025-01-30,Healthy
15004,894,2025-02-01,45,13,16,4,2025-02-15,At Risk
15005,894,2025-03-01,86,27,39,2,2025-03-29,Healthy
15006,894,2025-04-01,93,30,24,2,2025-04-28,Healthy
15007,894,2025-05-01,92,24,36,2,2025-05-29,Healthy
15008,894,2025-06-01,157,22,45,2,2025-06-29,Healthy
15009,894,2025-07-01,149,23,38,0,2025-07-28,Healthy
15010,894,2025-08-01,79,7,16,5,2025-08-19,At Risk
15011,894,2025-09-01,30,1,0,5,2025-09-09,Critical
15012,894,2025-10-01,45,11,15,3,2025-10-22,At Risk
15013,894,2025-11-01,58,11,16,2,2025-11-18,At Risk
15014,894,2025-12-01,18,0,1,5,2025-12-14,Critical
15015,894,2026-01-01,68,6,8,2,2026-01-24,At Risk
15016,894,2026-02-01,32,11,12,3,2026-02-15,At Risk
15017,894,2026-03-01,93,24,47,0,2026-03-28,Healthy
15018,894,2026-04-01,102,20,31,0,2026-04-28,Healthy
15019,894,2026-05-01,110,22,46,1,2026-05-27,Healthy
15020,894,2026-06-01,8,1,3,6,2026-06-06,Critical
15021,895,2024-10-01,8,11,12,2,2024-10-23,At Risk
15022,895,2024-11-01,13,11,11,5,2024-11-19,At Risk
15023,895,2024-12-01,2,4,2,3,2024-12-05,Critical
15024,895,2025-01-01,9,13,14,3,2025-01-22,At Risk
15025,895,2025-02-01,6,2,6,8,2025-02-11,Critical
15026,895,2025-03-01,11,14,13,2,2025-03-16,At Risk
15027,895,2025-04-01,24,24,33,2,2025-04-29,Healthy
15028,895,2025-05-01,29,28,43,0,2025-05-30,Healthy
15029,895,2025-06-01,12,14,12,1,2025-06-16,At Risk
15030,895,2025-07-01,8,7,17,4,2025-07-17,At Risk
15031,895,2025-08-01,7,0,4,3,2025-08-13,Critical
15032,895,2025-09-01,13,11,10,1,2025-09-21,At Risk
15033,895,2025-10-01,21,9,15,1,2025-10-18,At Risk
15034,895,2025-11-01,7,0,4,4,2025-11-14,Critical
15035,895,2025-12-01,2,1,0,3,2025-12-09,Critical
15036,895,2026-01-01,4,2,1,7,2026-01-04,Critical
15037,895,2026-02-01,7,2,6,8,2026-02-02,Critical
15038,895,2026-03-01,24,20,46,0,2026-03-28,Healthy
15039,895,2026-04-01,38,28,32,2,2026-04-26,Healthy
15040,895,2026-05-01,36,17,40,0,2026-05-31,Healthy
15041,895,2026-06-01,40,30,24,2,2026-06-26,Healthy
15042,896,2025-02-01,212,22,40,2,2025-02-23,Healthy
15043,896,2025-03-01,171,26,43,1,2025-03-26,Healthy
15044,896,2025-04-01,267,25,49,1,2025-04-29,Healthy
15045,896,2025-05-01,270,26,33,0,2025-05-30,Healthy
15046,896,2025-06-01,253,30,21,1,2025-06-28,Healthy
15047,896,2025-07-01,196,19,41,2,2025-07-26,Healthy
15048,896,2025-08-01,260,19,39,2,2025-08-29,Healthy
15049,896,2025-09-01,229,26,35,2,2025-09-26,Healthy
15050,896,2025-10-01,174,15,34,1,2025-10-31,Healthy
15051,896,2025-11-01,134,13,19,4,2025-11-15,At Risk
15052,896,2025-12-01,155,23,23,1,2025-12-31,Healthy
15053,896,2026-01-01,176,28,39,0,2026-01-30,Healthy
15054,896,2026-02-01,164,18,42,1,2026-02-24,Healthy
15055,896,2026-03-01,124,13,10,2,2026-03-19,At Risk
15056,896,2026-04-01,139,24,20,2,2026-04-28,Healthy
15057,896,2026-05-01,19,1,3,5,2026-05-08,Critical
15058,896,2026-06-01,33,0,0,8,2026-06-03,Critical
15059,897,2024-04-01,20,12,16,4,2024-04-18,At Risk
15060,897,2024-05-01,16,11,10,5,2024-05-25,At Risk
15061,897,2024-06-01,2,2,2,4,2024-06-02,Critical
15062,897,2024-07-01,3,0,2,6,2024-07-03,Critical
15063,897,2024-08-01,7,4,3,5,2024-08-05,Critical
15064,897,2024-09-01,29,5,9,4,2024-09-16,At Risk
15065,897,2024-10-01,26,5,10,4,2024-10-24,At Risk
15066,897,2024-11-01,30,9,16,1,2024-11-15,At Risk
15067,897,2024-12-01,61,30,34,0,2024-12-26,Healthy
15068,897,2025-01-01,17,5,16,1,2025-01-23,At Risk
15069,897,2025-02-01,4,4,6,7,2025-01-29,Critical
15070,897,2025-03-01,52,27,40,1,2025-03-27,Healthy
15071,897,2025-04-01,40,19,48,0,2025-04-26,Healthy
15072,897,2025-05-01,53,26,47,1,2025-05-30,Healthy
15073,897,2025-06-01,36,19,48,0,2025-06-28,Healthy
15074,897,2025-07-01,27,7,12,3,2025-07-24,At Risk
15075,897,2025-08-01,21,14,15,4,2025-08-22,At Risk
15076,897,2025-09-01,25,6,13,5,2025-09-15,At Risk
15077,897,2025-10-01,27,7,9,2,2025-10-18,At Risk
15078,897,2025-11-01,61,27,24,0,2025-11-28,Healthy
15079,897,2025-12-01,56,30,45,2,2025-12-28,Healthy
15080,897,2026-01-01,48,29,24,0,2026-01-31,Healthy
15081,897,2026-02-01,57,22,20,2,2026-02-23,Healthy
15082,897,2026-03-01,35,20,47,1,2026-03-27,Healthy
15083,897,2026-04-01,40,17,26,0,2026-04-29,Healthy
15084,897,2026-05-01,37,30,35,0,2026-05-30,Healthy
15085,897,2026-06-01,61,25,50,1,2026-06-26,Healthy
15086,898,2025-07-01,17,19,29,2,2025-07-31,Healthy
15087,898,2025-08-01,20,16,50,2,2025-08-27,Healthy
15088,898,2025-09-01,13,18,36,2,2025-09-28,Healthy
15089,898,2025-10-01,22,15,49,0,2025-10-26,Healthy
15090,898,2025-11-01,18,21,46,1,2025-11-30,Healthy
15091,898,2025-12-01,11,10,18,4,2025-12-25,At Risk
15092,898,2026-01-01,7,7,8,1,2026-01-25,At Risk
15093,898,2026-02-01,5,7,12,3,2026-02-22,At Risk
15094,898,2026-03-01,7,9,15,3,2026-03-22,At Risk
15095,898,2026-04-01,8,9,9,4,2026-04-18,At Risk
15096,898,2026-05-01,18,26,20,0,2026-05-31,Healthy
15097,898,2026-06-01,13,20,40,0,2026-06-27,Healthy
15098,899,2024-12-01,1013,30,46,1,2024-12-26,Healthy
15099,899,2025-01-01,1221,23,38,2,2025-01-27,Healthy
15100,899,2025-02-01,1201,28,46,0,2025-02-25,Healthy
15101,899,2025-03-01,1131,30,44,0,2025-03-27,Healthy
15102,899,2025-04-01,1441,23,30,0,2025-04-27,Healthy
15103,899,2025-05-01,883,26,27,2,2025-05-31,Healthy
15104,899,2025-06-01,1085,20,44,2,2025-06-25,Healthy
15105,899,2025-07-01,1539,18,41,2,2025-07-31,Healthy
15106,899,2025-08-01,390,9,19,3,2025-08-19,At Risk
15107,899,2025-09-01,762,11,14,1,2025-09-20,At Risk
15108,899,2025-10-01,563,12,10,5,2025-10-24,At Risk
15109,899,2025-11-01,419,5,16,4,2025-11-23,At Risk
15110,899,2025-12-01,1211,25,44,2,2025-12-26,Healthy
15111,899,2026-01-01,1102,18,34,1,2026-01-31,Healthy
15112,899,2026-02-01,781,30,47,1,2026-02-23,Healthy
15113,899,2026-03-01,1403,28,46,0,2026-03-27,Healthy
15114,899,2026-04-01,906,23,50,1,2026-04-27,Healthy
15115,899,2026-05-01,389,13,10,1,2026-05-19,At Risk
15116,899,2026-06-01,679,12,10,3,2026-06-18,At Risk
15117,900,2025-12-01,15,20,45,2,2025-12-26,Healthy
15118,900,2026-01-01,24,19,47,0,2026-01-31,Healthy
15119,900,2026-02-01,21,15,27,0,2026-02-28,Healthy
15120,900,2026-03-01,5,3,6,3,2026-03-14,Critical
15121,900,2026-04-01,3,4,0,7,2026-04-01,Critical
15122,900,2026-05-01,8,8,9,4,2026-05-20,At Risk
15123,900,2026-06-01,6,9,13,3,2026-06-15,At Risk
15124,901,2025-01-01,65,30,20,1,2025-01-29,Healthy
15125,901,2025-02-01,21,9,14,2,2025-02-13,At Risk
15126,901,2025-03-01,45,25,21,1,2025-03-27,Healthy
15127,901,2025-04-01,19,9,13,1,2025-04-15,At Risk
15128,901,2025-05-01,17,9,16,2,2025-05-25,At Risk
15129,901,2025-06-01,25,11,13,1,2025-06-21,At Risk
15130,901,2025-07-01,67,27,29,1,2025-07-26,Healthy
15131,901,2025-08-01,44,27,48,1,2025-08-26,Healthy
15132,901,2025-09-01,53,15,41,1,2025-09-30,Healthy
15133,901,2025-10-01,58,29,47,2,2025-10-27,Healthy
15134,901,2025-11-01,35,5,13,4,2025-11-21,At Risk
15135,901,2025-12-01,51,21,30,0,2025-12-31,Healthy
15136,901,2026-01-01,38,21,46,1,2026-01-30,Healthy
15137,901,2026-02-01,63,19,25,1,2026-02-25,Healthy
15138,901,2026-03-01,50,28,31,2,2026-03-27,Healthy
15139,901,2026-04-01,53,21,50,2,2026-04-27,Healthy
15140,901,2026-05-01,55,16,36,1,2026-05-27,Healthy
15141,901,2026-06-01,46,21,29,0,2026-06-26,Healthy
15142,902,2025-03-01,546,14,19,2,2025-03-17,At Risk
15143,902,2025-04-01,966,12,16,1,2025-04-24,At Risk
15144,902,2025-05-01,919,12,8,2,2025-05-22,At Risk
15145,902,2025-06-01,118,4,6,5,2025-06-11,Critical
15146,902,2025-07-01,103,1,2,4,2025-07-10,Critical
15147,902,2025-08-01,346,2,1,4,2025-08-15,Critical
15148,902,2025-09-01,56,2,4,3,2025-09-10,Critical
15149,902,2025-10-01,678,12,11,3,2025-10-19,At Risk
15150,902,2025-11-01,1116,19,24,0,2025-11-28,Healthy
15151,902,2025-12-01,1497,25,45,1,2025-12-31,Healthy
15152,902,2026-01-01,2167,23,44,2,2026-01-30,Healthy
15153,902,2026-02-01,1166,23,42,2,2026-02-26,Healthy
15154,902,2026-03-01,1530,17,36,2,2026-03-27,Healthy
15155,902,2026-04-01,1235,27,37,1,2026-04-30,Healthy
15156,902,2026-05-01,1425,15,50,1,2026-05-29,Healthy
15157,902,2026-06-01,299,4,3,8,2026-06-13,Critical
15158,903,2025-01-01,330,20,42,2,2025-01-29,Healthy
15159,903,2025-02-01,175,21,35,0,2025-02-25,Healthy
15160,903,2025-03-01,174,16,21,0,2025-03-29,Healthy
15161,903,2025-04-01,173,23,42,2,2025-04-29,Healthy
15162,903,2025-05-01,117,8,9,1,2025-05-23,At Risk
15163,903,2025-06-01,164,6,12,3,2025-06-18,At Risk
15164,903,2025-07-01,58,1,0,5,2025-07-09,Critical
15165,903,2025-08-01,207,15,26,2,2025-08-26,Healthy
15166,903,2025-09-01,147,14,15,5,2025-09-22,At Risk
15167,903,2025-10-01,27,1,6,5,2025-10-04,Critical
15168,903,2025-11-01,26,2,6,4,2025-11-05,Critical
15169,903,2025-12-01,83,14,14,2,2025-12-18,At Risk
15170,903,2026-01-01,164,10,19,4,2026-01-19,At Risk
15171,903,2026-02-01,63,5,14,4,2026-02-13,At Risk
15172,903,2026-03-01,108,8,11,4,2026-03-17,At Risk
15173,903,2026-04-01,58,2,5,7,2026-04-04,Critical
15174,903,2026-05-01,119,10,12,5,2026-05-16,At Risk
15175,903,2026-06-01,70,8,14,4,2026-06-23,At Risk
15176,904,2024-04-01,113,6,16,1,2024-04-22,At Risk
15177,904,2024-05-01,107,7,15,5,2024-05-20,At Risk
15178,904,2024-06-01,178,13,12,4,2024-06-21,At Risk
15179,904,2024-07-01,21,3,5,3,2024-07-08,Critical
15180,904,2024-08-01,37,0,2,3,2024-08-12,Critical
15181,904,2024-09-01,42,1,1,6,2024-09-12,Critical
15182,904,2024-10-01,98,6,18,3,2024-10-25,At Risk
15183,904,2024-11-01,111,14,13,2,2024-11-24,At Risk
15184,904,2024-12-01,311,17,29,1,2024-12-29,Healthy
15185,904,2025-01-01,380,26,42,0,2025-01-31,Healthy
15186,904,2025-02-01,114,6,17,5,2025-02-21,At Risk
15187,904,2025-03-01,125,12,14,3,2025-03-16,At Risk
15188,904,2025-04-01,164,13,14,5,2025-04-19,At Risk
15189,904,2025-05-01,20,3,0,7,2025-05-02,Critical
15190,904,2025-06-01,144,12,19,1,2025-06-16,At Risk
15191,904,2025-07-01,213,17,45,2,2025-07-29,Healthy
15192,904,2025-08-01,110,11,10,5,2025-08-20,At Risk
15193,904,2025-09-01,273,30,24,1,2025-09-29,Healthy
15194,904,2025-10-01,274,17,44,0,2025-10-31,Healthy
15195,904,2025-11-01,78,7,12,4,2025-11-24,At Risk
15196,904,2025-12-01,66,0,7,7,2025-12-02,Critical
15197,904,2026-01-01,16,1,6,6,2026-01-14,Critical
15198,904,2026-02-01,65,4,3,6,2026-02-09,Critical
15199,904,2026-03-01,57,3,1,6,2026-03-12,Critical
15200,904,2026-04-01,169,7,13,5,2026-04-19,At Risk
15201,904,2026-05-01,80,11,13,5,2026-05-24,At Risk
15202,904,2026-06-01,75,11,9,1,2026-06-15,At Risk
15203,905,2024-12-01,189,15,28,0,2024-12-29,Healthy
15204,905,2025-01-01,261,30,38,1,2025-01-26,Healthy
15205,905,2025-02-01,247,25,47,2,2025-02-27,Healthy
15206,905,2025-03-01,227,30,41,0,2025-03-31,Healthy
15207,905,2025-04-01,146,25,28,0,2025-04-29,Healthy
15208,905,2025-05-01,186,23,29,0,2025-05-27,Healthy
15209,905,2025-06-01,261,15,41,1,2025-06-27,Healthy
15210,905,2025-07-01,269,18,28,2,2025-07-29,Healthy
15211,905,2025-08-01,204,30,27,1,2025-08-30,Healthy
15212,905,2025-09-01,184,18,30,2,2025-09-26,Healthy
15213,905,2025-10-01,207,18,42,0,2025-10-28,Healthy
15214,905,2025-11-01,201,19,47,2,2025-11-30,Healthy
15215,905,2025-12-01,265,26,37,0,2025-12-27,Healthy
15216,905,2026-01-01,120,9,13,4,2026-01-21,At Risk
15217,905,2026-02-01,85,8,8,5,2026-02-18,At Risk
15218,905,2026-03-01,88,6,9,2,2026-03-19,At Risk
15219,905,2026-04-01,24,3,5,7,2026-04-06,Critical
15220,905,2026-05-01,72,12,9,4,2026-05-20,At Risk
15221,905,2026-06-01,75,13,9,3,2026-06-16,At Risk
15222,906,2025-11-01,10,17,33,2,2025-11-29,Healthy
15223,906,2025-12-01,11,30,35,0,2025-12-30,Healthy
15224,906,2026-01-01,11,22,22,0,2026-01-29,Healthy
15225,906,2026-02-01,8,30,28,0,2026-02-25,Healthy
15226,906,2026-03-01,11,26,33,2,2026-03-31,Healthy
15227,906,2026-04-01,11,27,44,1,2026-04-26,Healthy
15228,906,2026-05-01,7,23,49,0,2026-05-31,Healthy
15229,906,2026-06-01,8,23,30,2,2026-06-25,Healthy
15230,907,2025-12-01,7,4,7,3,2025-12-08,Critical
15231,907,2026-01-01,8,3,0,6,2026-01-04,Critical
15232,907,2026-02-01,10,4,2,7,2026-02-05,Critical
15233,907,2026-03-01,5,3,4,6,2026-03-15,Critical
15234,907,2026-04-01,3,0,1,6,2026-04-11,Critical
15235,907,2026-05-01,12,3,1,3,2026-05-12,Critical
15236,907,2026-06-01,4,4,7,7,2026-06-06,Critical
15237,908,2024-09-01,27,22,20,1,2024-09-29,Healthy
15238,908,2024-10-01,10,12,12,2,2024-10-19,At Risk
15239,908,2024-11-01,6,14,11,1,2024-11-24,At Risk
15240,908,2024-12-01,8,7,12,3,2024-12-25,At Risk
15241,908,2025-01-01,8,6,15,5,2025-01-17,At Risk
15242,908,2025-02-01,29,15,32,2,2025-02-23,Healthy
15243,908,2025-03-01,26,17,44,2,2025-03-26,Healthy
15244,908,2025-04-01,21,29,29,1,2025-04-28,Healthy
15245,908,2025-05-01,30,24,34,0,2025-05-29,Healthy
15246,908,2025-06-01,27,22,39,0,2025-06-30,Healthy
15247,908,2025-07-01,25,27,26,1,2025-07-27,Healthy
15248,908,2025-08-01,28,23,28,2,2025-08-27,Healthy
15249,908,2025-09-01,7,8,8,4,2025-09-22,At Risk
15250,908,2025-10-01,6,12,12,5,2025-10-19,At Risk
15251,908,2025-11-01,20,17,49,0,2025-11-30,Healthy
15252,908,2025-12-01,5,1,0,4,2025-12-14,Critical
15253,908,2026-01-01,29,19,24,2,2026-01-26,Healthy
15254,908,2026-02-01,18,19,34,1,2026-02-28,Healthy
15255,908,2026-03-01,21,22,28,0,2026-03-28,Healthy
15256,908,2026-04-01,25,21,48,2,2026-04-29,Healthy
15257,908,2026-05-01,17,28,47,2,2026-05-27,Healthy
15258,908,2026-06-01,28,18,21,1,2026-06-26,Healthy
15259,909,2025-03-01,82,8,16,5,2025-03-17,At Risk
15260,909,2025-04-01,66,8,17,5,2025-04-18,At Risk
15261,909,2025-05-01,111,30,42,2,2025-05-29,Healthy
15262,909,2025-06-01,182,24,44,1,2025-06-28,Healthy
15263,909,2025-07-01,154,21,36,1,2025-07-31,Healthy
15264,909,2025-08-01,169,15,49,0,2025-08-29,Healthy
15265,909,2025-09-01,174,15,45,1,2025-09-26,Healthy
15266,909,2025-10-01,90,6,10,3,2025-10-21,At Risk
15267,909,2025-11-01,67,13,14,1,2025-11-23,At Risk
15268,909,2025-12-01,27,1,5,3,2025-12-03,Critical
15269,909,2026-01-01,79,8,11,2,2026-01-23,At Risk
15270,909,2026-02-01,102,10,13,2,2026-02-14,At Risk
15271,909,2026-03-01,27,0,0,8,2026-03-14,Critical
15272,909,2026-04-01,133,28,28,0,2026-04-28,Healthy
15273,909,2026-05-01,159,29,30,0,2026-05-26,Healthy
15274,909,2026-06-01,108,26,28,1,2026-06-26,Healthy
15275,910,2024-10-01,9,20,49,1,2024-10-30,Healthy
15276,910,2024-11-01,7,19,40,1,2024-11-25,Healthy
15277,910,2024-12-01,7,26,45,0,2024-12-30,Healthy
15278,910,2025-01-01,9,15,35,1,2025-01-30,Healthy
15279,910,2025-02-01,8,17,25,2,2025-02-25,Healthy
15280,910,2025-03-01,12,16,37,1,2025-03-27,Healthy
15281,910,2025-04-01,8,27,24,1,2025-04-27,Healthy
15282,910,2025-05-01,5,5,19,3,2025-05-16,At Risk
15283,910,2025-06-01,3,9,10,4,2025-06-23,At Risk
15284,910,2025-07-01,4,9,14,1,2025-07-25,At Risk
15285,910,2025-08-01,3,12,8,1,2025-08-24,At Risk
15286,910,2025-09-01,2,4,4,6,2025-09-04,Critical
15287,910,2025-10-01,1,0,6,8,2025-10-01,Critical
15288,910,2025-11-01,2,2,1,4,2025-11-10,Critical
15289,910,2025-12-01,4,5,9,2,2025-12-18,At Risk
15290,910,2026-01-01,10,15,26,1,2026-01-30,Healthy
15291,910,2026-02-01,6,13,16,4,2026-02-18,At Risk
15292,910,2026-03-01,4,13,8,1,2026-03-21,At Risk
15293,910,2026-04-01,8,20,42,1,2026-04-30,Healthy
15294,910,2026-05-01,11,16,43,1,2026-05-28,Healthy
15295,910,2026-06-01,5,13,14,2,2026-06-22,At Risk
15296,911,2024-10-01,51,29,25,0,2024-10-28,Healthy
15297,911,2024-11-01,30,16,33,0,2024-11-28,Healthy
15298,911,2024-12-01,43,24,40,1,2024-12-29,Healthy
15299,911,2025-01-01,37,23,36,0,2025-01-30,Healthy
15300,911,2025-02-01,50,20,31,0,2025-02-28,Healthy
15301,911,2025-03-01,18,6,10,2,2025-03-24,At Risk
15302,911,2025-04-01,23,8,17,1,2025-04-15,At Risk
15303,911,2025-05-01,7,1,4,8,2025-05-14,Critical
15304,911,2025-06-01,9,2,2,5,2025-06-07,Critical
15305,911,2025-07-01,8,0,4,4,2025-07-12,Critical
15306,911,2025-08-01,27,15,50,2,2025-08-27,Healthy
15307,911,2025-09-01,28,20,40,0,2025-09-25,Healthy
15308,911,2025-10-01,51,22,27,2,2025-10-29,Healthy
15309,911,2025-11-01,42,27,37,1,2025-11-27,Healthy
15310,911,2025-12-01,41,28,23,2,2025-12-31,Healthy
15311,911,2026-01-01,30,25,29,2,2026-01-31,Healthy
15312,911,2026-02-01,45,21,40,1,2026-02-28,Healthy
15313,911,2026-03-01,32,16,20,2,2026-03-30,Healthy
15314,911,2026-04-01,11,11,10,4,2026-04-18,At Risk
15315,911,2026-05-01,46,26,20,2,2026-05-28,Healthy
15316,911,2026-06-01,48,19,21,2,2026-06-29,Healthy
15317,912,2025-10-01,131,29,38,0,2025-10-30,Healthy
15318,912,2025-11-01,23,2,0,3,2025-11-03,Critical
15319,912,2025-12-01,4,3,1,4,2025-12-05,Critical
15320,912,2026-01-01,13,4,6,6,2026-01-03,Critical
15321,912,2026-02-01,108,18,50,1,2026-02-28,Healthy
15322,912,2026-03-01,100,24,44,0,2026-03-29,Healthy
15323,912,2026-04-01,129,17,22,2,2026-04-27,Healthy
15324,912,2026-05-01,20,3,4,3,2026-05-03,Critical
15325,912,2026-06-01,56,11,18,4,2026-06-15,At Risk
15326,913,2024-02-01,45,24,26,1,2024-02-25,Healthy
15327,913,2024-03-01,45,21,49,2,2024-03-29,Healthy
15328,913,2024-04-01,30,15,45,1,2024-04-25,Healthy
15329,913,2024-05-01,8,4,0,4,2024-05-04,Critical
15330,913,2024-06-01,3,4,6,4,2024-06-04,Critical
15331,913,2024-07-01,12,6,12,5,2024-07-22,At Risk
15332,913,2024-08-01,7,2,6,5,2024-08-08,Critical
15333,913,2024-09-01,21,7,17,3,2024-09-23,At Risk
15334,913,2024-10-01,19,7,10,2,2024-10-18,At Risk
15335,913,2024-11-01,12,10,19,3,2024-11-15,At Risk
15336,913,2024-12-01,39,21,42,1,2024-12-30,Healthy
15337,913,2025-01-01,12,7,18,2,2025-01-25,At Risk
15338,913,2025-02-01,11,9,18,2,2025-02-20,At Risk
15339,913,2025-03-01,11,9,8,5,2025-03-20,At Risk
15340,913,2025-04-01,15,9,14,4,2025-04-20,At Risk
15341,913,2025-05-01,14,10,12,2,2025-05-21,At Risk
15342,913,2025-06-01,23,6,18,4,2025-06-17,At Risk
15343,913,2025-07-01,22,11,8,1,2025-07-18,At Risk
15344,913,2025-08-01,22,5,15,1,2025-08-22,At Risk
15345,913,2025-09-01,11,7,12,1,2025-09-24,At Risk
15346,913,2025-10-01,4,0,2,3,2025-10-03,Critical
15347,913,2025-11-01,5,3,0,4,2025-11-09,Critical
15348,913,2025-12-01,36,22,40,1,2025-12-30,Healthy
15349,913,2026-01-01,46,21,37,0,2026-01-26,Healthy
15350,913,2026-02-01,43,24,50,2,2026-02-27,Healthy
15351,913,2026-03-01,10,14,10,3,2026-03-16,At Risk
15352,913,2026-04-01,18,5,16,1,2026-04-22,At Risk
15353,913,2026-05-01,8,4,6,5,2026-05-10,Critical
15354,913,2026-06-01,1,2,4,3,2026-06-02,Critical
15355,914,2024-03-01,18,17,27,1,2024-03-26,Healthy
15356,914,2024-04-01,19,19,47,2,2024-04-30,Healthy
15357,914,2024-05-01,16,25,38,1,2024-05-27,Healthy
15358,914,2024-06-01,16,18,22,2,2024-06-28,Healthy
15359,914,2024-07-01,19,26,32,2,2024-07-29,Healthy
15360,914,2024-08-01,14,15,20,0,2024-08-29,Healthy
15361,914,2024-09-01,5,6,8,3,2024-09-21,At Risk
15362,914,2024-10-01,6,9,14,5,2024-10-17,At Risk
15363,914,2024-11-01,6,13,12,5,2024-11-20,At Risk
15364,914,2024-12-01,22,27,46,2,2024-12-26,Healthy
15365,914,2025-01-01,17,26,47,1,2025-01-30,Healthy
15366,914,2025-02-01,1,2,3,8,2025-02-04,Critical
15367,914,2025-03-01,4,1,5,6,2025-03-03,Critical
15368,914,2025-04-01,4,0,6,4,2025-04-02,Critical
15369,914,2025-05-01,2,2,2,7,2025-05-12,Critical
15370,914,2025-06-01,4,4,4,4,2025-06-06,Critical
15371,914,2025-07-01,11,11,11,3,2025-07-20,At Risk
15372,914,2025-08-01,7,13,13,2,2025-08-23,At Risk
15373,914,2025-09-01,7,8,17,1,2025-09-23,At Risk
15374,914,2025-10-01,2,2,0,3,2025-10-03,Critical
15375,914,2025-11-01,2,3,0,3,2025-11-05,Critical
15376,914,2025-12-01,7,11,18,2,2025-12-16,At Risk
15377,914,2026-01-01,19,30,48,1,2026-01-28,Healthy
15378,914,2026-02-01,11,28,34,2,2026-02-24,Healthy
15379,914,2026-03-01,22,26,30,0,2026-03-29,Healthy
15380,914,2026-04-01,22,21,27,2,2026-04-30,Healthy
15381,914,2026-05-01,17,20,36,0,2026-05-31,Healthy
15382,914,2026-06-01,13,22,34,0,2026-06-29,Healthy
15383,915,2025-02-01,47,28,28,2,2025-02-26,Healthy
15384,915,2025-03-01,66,26,36,2,2025-03-27,Healthy
15385,915,2025-04-01,43,15,28,0,2025-04-26,Healthy
15386,915,2025-05-01,56,27,37,2,2025-05-31,Healthy
15387,915,2025-06-01,49,18,37,1,2025-06-26,Healthy
15388,915,2025-07-01,46,28,49,1,2025-07-30,Healthy
15389,915,2025-08-01,43,28,25,2,2025-08-28,Healthy
15390,915,2025-09-01,53,16,21,2,2025-09-29,Healthy
15391,915,2025-10-01,63,21,47,0,2025-10-28,Healthy
15392,915,2025-11-01,39,25,30,0,2025-11-27,Healthy
15393,915,2025-12-01,15,10,10,3,2025-12-18,At Risk
15394,915,2026-01-01,16,6,16,5,2026-01-18,At Risk
15395,915,2026-02-01,9,3,2,6,2026-02-10,Critical
15396,915,2026-03-01,11,0,2,7,2026-03-04,Critical
15397,915,2026-04-01,65,17,25,2,2026-04-27,Healthy
15398,915,2026-05-01,2,1,4,7,2026-05-15,Critical
15399,915,2026-06-01,31,6,16,4,2026-06-17,At Risk
15400,916,2025-11-01,35,30,49,1,2025-11-29,Healthy
15401,916,2025-12-01,15,9,16,5,2025-12-25,At Risk
15402,916,2026-01-01,14,9,13,2,2026-01-23,At Risk
15403,916,2026-02-01,17,6,17,4,2026-02-14,At Risk
15404,916,2026-03-01,45,16,50,0,2026-03-28,Healthy
15405,916,2026-04-01,45,28,30,1,2026-04-29,Healthy
15406,916,2026-05-01,28,24,39,1,2026-05-30,Healthy
15407,916,2026-06-01,24,23,42,2,2026-06-30,Healthy
15408,917,2024-11-01,49,21,43,0,2024-11-28,Healthy
15409,917,2024-12-01,50,20,38,0,2024-12-29,Healthy
15410,917,2025-01-01,58,27,35,1,2025-01-28,Healthy
15411,917,2025-02-01,63,29,22,1,2025-02-24,Healthy
15412,917,2025-03-01,59,22,29,1,2025-03-30,Healthy
15413,917,2025-04-01,50,23,41,0,2025-04-27,Healthy
15414,917,2025-05-01,23,13,14,2,2025-05-18,At Risk
15415,917,2025-06-01,5,0,7,5,2025-06-10,Critical
15416,917,2025-07-01,7,3,2,4,2025-07-07,Critical
15417,917,2025-08-01,18,10,13,5,2025-08-20,At Risk
15418,917,2025-09-01,34,13,10,1,2025-09-23,At Risk
15419,917,2025-10-01,26,9,17,1,2025-10-16,At Risk
15420,917,2025-11-01,9,0,2,7,2025-11-09,Critical
15421,917,2025-12-01,66,30,47,1,2025-12-28,Healthy
15422,917,2026-01-01,43,30,30,0,2026-01-31,Healthy
15423,917,2026-02-01,35,9,18,3,2026-02-20,At Risk
15424,917,2026-03-01,35,13,17,3,2026-03-20,At Risk
15425,917,2026-04-01,49,28,34,1,2026-04-27,Healthy
15426,917,2026-05-01,45,24,22,1,2026-05-29,Healthy
15427,917,2026-06-01,64,29,45,0,2026-06-27,Healthy
15428,918,2025-12-01,29,18,46,1,2025-12-29,Healthy
15429,918,2026-01-01,31,28,27,0,2026-01-26,Healthy
15430,918,2026-02-01,24,17,20,2,2026-02-28,Healthy
15431,918,2026-03-01,23,26,33,1,2026-03-29,Healthy
15432,918,2026-04-01,28,19,37,1,2026-04-26,Healthy
15433,918,2026-05-01,14,14,12,4,2026-05-21,At Risk
15434,918,2026-06-01,12,13,10,5,2026-06-16,At Risk
15435,919,2024-07-01,148,24,36,2,2024-07-29,Healthy
15436,919,2024-08-01,181,26,45,2,2024-08-27,Healthy
15437,919,2024-09-01,159,21,21,2,2024-09-29,Healthy
15438,919,2024-10-01,222,21,38,1,2024-10-30,Healthy
15439,919,2024-11-01,125,29,38,1,2024-11-30,Healthy
15440,919,2024-12-01,210,26,26,2,2024-12-31,Healthy
15441,919,2025-01-01,159,24,37,1,2025-01-31,Healthy
15442,919,2025-02-01,169,25,45,0,2025-02-23,Healthy
15443,919,2025-03-01,126,19,42,1,2025-03-31,Healthy
15444,919,2025-04-01,174,27,25,0,2025-04-30,Healthy
15445,919,2025-05-01,206,30,28,2,2025-05-27,Healthy
15446,919,2025-06-01,11,2,1,5,2025-06-08,Critical
15447,919,2025-07-01,72,6,11,3,2025-07-23,At Risk
15448,919,2025-08-01,18,4,6,3,2025-08-07,Critical
15449,919,2025-09-01,84,7,17,1,2025-09-17,At Risk
15450,919,2025-10-01,9,4,7,6,2025-10-14,Critical
15451,919,2025-11-01,12,4,6,7,2025-11-08,Critical
15452,919,2025-12-01,9,3,1,7,2025-12-11,Critical
15453,919,2026-01-01,78,7,13,5,2026-01-17,At Risk
15454,919,2026-02-01,92,9,15,2,2026-02-20,At Risk
15455,919,2026-03-01,46,11,17,5,2026-03-23,At Risk
15456,919,2026-04-01,7,4,3,5,2026-04-02,Critical
15457,919,2026-05-01,84,12,16,4,2026-05-18,At Risk
15458,919,2026-06-01,12,4,6,5,2026-06-12,Critical
15459,920,2025-12-01,20,28,40,0,2025-12-26,Healthy
15460,920,2026-01-01,33,21,50,1,2026-01-29,Healthy
15461,920,2026-02-01,26,18,25,1,2026-02-28,Healthy
15462,920,2026-03-01,24,18,42,0,2026-03-30,Healthy
15463,920,2026-04-01,28,30,26,0,2026-04-30,Healthy
15464,920,2026-05-01,32,15,41,1,2026-05-30,Healthy
15465,920,2026-06-01,28,23,36,0,2026-06-28,Healthy
15466,921,2026-02-01,145,15,34,1,2026-02-28,Healthy
15467,921,2026-03-01,136,29,20,2,2026-03-31,Healthy
15468,921,2026-04-01,75,13,10,3,2026-04-23,At Risk
15469,921,2026-05-01,49,13,15,1,2026-05-20,At Risk
15470,921,2026-06-01,190,15,31,0,2026-06-26,Healthy
15471,922,2024-05-01,83,27,36,0,2024-05-30,Healthy
15472,922,2024-06-01,71,19,43,1,2024-06-27,Healthy
15473,922,2024-07-01,70,20,20,2,2024-07-31,Healthy
15474,922,2024-08-01,29,12,15,4,2024-08-18,At Risk
15475,922,2024-09-01,47,12,15,4,2024-09-20,At Risk
15476,922,2024-10-01,89,16,27,2,2024-10-26,Healthy
15477,922,2024-11-01,86,19,41,1,2024-11-27,Healthy
15478,922,2024-12-01,92,21,25,0,2024-12-29,Healthy
15479,922,2025-01-01,65,21,31,2,2025-01-27,Healthy
15480,922,2025-02-01,90,22,47,1,2025-02-24,Healthy
15481,922,2025-03-01,78,16,23,1,2025-03-28,Healthy
15482,922,2025-04-01,56,23,35,2,2025-04-28,Healthy
15483,922,2025-05-01,46,9,13,3,2025-05-21,At Risk
15484,922,2025-06-01,36,6,18,5,2025-06-24,At Risk
15485,922,2025-07-01,4,4,5,8,2025-07-05,Critical
15486,922,2025-08-01,11,1,3,6,2025-08-14,Critical
15487,922,2025-09-01,28,13,17,1,2025-09-20,At Risk
15488,922,2025-10-01,36,13,19,3,2025-10-20,At Risk
15489,922,2025-11-01,5,2,1,8,2025-11-14,Critical
15490,922,2025-12-01,3,1,6,3,2025-12-01,Critical
15491,922,2026-01-01,33,10,12,5,2026-01-18,At Risk
15492,922,2026-02-01,28,12,18,4,2026-02-15,At Risk
15493,922,2026-03-01,4,1,2,8,2026-03-06,Critical
15494,922,2026-04-01,16,4,0,8,2026-04-02,Critical
15495,922,2026-05-01,6,3,4,3,2026-05-08,Critical
15496,922,2026-06-01,18,0,7,8,2026-06-05,Critical
15497,923,2024-06-01,148,27,21,2,2024-06-27,Healthy
15498,923,2024-07-01,67,14,19,5,2024-07-17,At Risk
15499,923,2024-08-01,57,9,14,3,2024-08-17,At Risk
15500,923,2024-09-01,49,8,9,5,2024-09-15,At Risk
15501,923,2024-10-01,53,12,12,4,2024-10-18,At Risk
15502,923,2024-11-01,66,7,19,1,2024-11-20,At Risk
15503,923,2024-12-01,161,26,46,1,2024-12-29,Healthy
15504,923,2025-01-01,159,15,21,2,2025-01-31,Healthy
15505,923,2025-02-01,187,23,21,1,2025-02-26,Healthy
15506,923,2025-03-01,95,16,32,0,2025-03-31,Healthy
15507,923,2025-04-01,153,24,29,1,2025-04-28,Healthy
15508,923,2025-05-01,86,5,11,4,2025-05-25,At Risk
15509,923,2025-06-01,60,8,10,4,2025-06-24,At Risk
15510,923,2025-07-01,37,12,11,5,2025-07-20,At Risk
15511,923,2025-08-01,131,16,27,1,2025-08-27,Healthy
15512,923,2025-09-01,169,25,42,2,2025-09-29,Healthy
15513,923,2025-10-01,153,19,24,2,2025-10-28,Healthy
15514,923,2025-11-01,15,4,6,4,2025-11-08,Critical
15515,923,2025-12-01,96,28,42,0,2025-12-31,Healthy
15516,923,2026-01-01,135,18,49,2,2026-01-30,Healthy
15517,923,2026-02-01,91,12,13,4,2026-02-21,At Risk
15518,923,2026-03-01,91,7,19,1,2026-03-16,At Risk
15519,923,2026-04-01,8,2,6,4,2026-04-06,Critical
15520,923,2026-05-01,25,2,6,5,2026-05-10,Critical
15521,923,2026-06-01,23,3,2,7,2026-06-06,Critical
15522,924,2024-12-01,44,22,44,0,2024-12-30,Healthy
15523,924,2025-01-01,36,28,32,2,2025-01-30,Healthy
15524,924,2025-02-01,59,19,48,1,2025-02-25,Healthy
15525,924,2025-03-01,28,8,9,3,2025-03-25,At Risk
15526,924,2025-04-01,39,20,34,2,2025-04-27,Healthy
15527,924,2025-05-01,42,21,33,2,2025-05-26,Healthy
15528,924,2025-06-01,62,27,31,0,2025-06-27,Healthy
15529,924,2025-07-01,60,16,27,2,2025-07-28,Healthy
15530,924,2025-08-01,32,17,26,2,2025-08-29,Healthy
15531,924,2025-09-01,52,24,38,2,2025-09-27,Healthy
15532,924,2025-10-01,46,21,37,1,2025-10-29,Healthy
15533,924,2025-11-01,16,9,9,4,2025-11-21,At Risk
15534,924,2025-12-01,58,26,22,0,2025-12-29,Healthy
15535,924,2026-01-01,46,17,42,0,2026-01-30,Healthy
15536,924,2026-02-01,20,11,9,5,2026-02-20,At Risk
15537,924,2026-03-01,30,14,10,2,2026-03-18,At Risk
15538,924,2026-04-01,22,9,16,4,2026-04-22,At Risk
15539,924,2026-05-01,5,0,5,5,2026-05-13,Critical
15540,924,2026-06-01,15,8,17,3,2026-06-22,At Risk
15541,925,2025-02-01,65,6,14,4,2025-02-15,At Risk
15542,925,2025-03-01,124,10,16,1,2025-03-19,At Risk
15543,925,2025-04-01,53,7,17,2,2025-04-18,At Risk
15544,925,2025-05-01,42,1,3,3,2025-05-15,Critical
15545,925,2025-06-01,95,13,10,1,2025-06-20,At Risk
15546,925,2025-07-01,174,22,25,1,2025-07-29,Healthy
15547,925,2025-08-01,160,28,41,0,2025-08-29,Healthy
15548,925,2025-09-01,247,22,42,0,2025-09-27,Healthy
15549,925,2025-10-01,218,29,44,1,2025-10-29,Healthy
15550,925,2025-11-01,144,29,44,2,2025-11-25,Healthy
15551,925,2025-12-01,205,22,25,0,2025-12-30,Healthy
15552,925,2026-01-01,180,30,50,1,2026-01-26,Healthy
15553,925,2026-02-01,224,18,34,0,2026-02-23,Healthy
15554,925,2026-03-01,177,20,21,1,2026-03-29,Healthy
15555,925,2026-04-01,261,28,48,1,2026-04-28,Healthy
15556,925,2026-05-01,224,27,25,0,2026-05-31,Healthy
15557,925,2026-06-01,160,18,50,0,2026-06-29,Healthy
15558,926,2026-01-01,138,6,13,1,2026-01-20,At Risk
15559,926,2026-02-01,70,9,11,5,2026-02-15,At Risk
15560,926,2026-03-01,110,10,8,1,2026-03-24,At Risk
15561,926,2026-04-01,259,18,35,0,2026-04-26,Healthy
15562,926,2026-05-01,153,16,37,2,2026-05-31,Healthy
15563,926,2026-06-01,216,26,49,1,2026-06-26,Healthy
15564,927,2025-09-01,208,27,31,0,2025-09-27,Healthy
15565,927,2025-10-01,213,24,21,1,2025-10-30,Healthy
15566,927,2025-11-01,134,22,27,0,2025-11-30,Healthy
15567,927,2025-12-01,157,23,26,0,2025-12-29,Healthy
15568,927,2026-01-01,191,15,20,0,2026-01-27,Healthy
15569,927,2026-02-01,207,19,33,2,2026-02-23,Healthy
15570,927,2026-03-01,65,7,9,2,2026-03-25,At Risk
15571,927,2026-04-01,186,15,36,1,2026-04-26,Healthy
15572,927,2026-05-01,23,0,0,3,2026-05-12,Critical
15573,927,2026-06-01,41,1,7,5,2026-06-08,Critical
15574,928,2025-12-01,60,23,22,1,2025-12-27,Healthy
15575,928,2026-01-01,35,9,9,4,2026-01-18,At Risk
15576,928,2026-02-01,4,4,7,6,2026-02-01,Critical
15577,928,2026-03-01,25,7,12,3,2026-03-18,At Risk
15578,928,2026-04-01,44,19,47,0,2026-04-25,Healthy
15579,928,2026-05-01,68,29,31,2,2026-05-30,Healthy
15580,928,2026-06-01,41,23,46,0,2026-06-29,Healthy
15581,929,2025-07-01,197,16,31,1,2025-07-26,Healthy
15582,929,2025-08-01,117,25,39,1,2025-08-30,Healthy
15583,929,2025-09-01,117,30,36,1,2025-09-28,Healthy
15584,929,2025-10-01,129,27,39,1,2025-10-29,Healthy
15585,929,2025-11-01,197,26,34,0,2025-11-30,Healthy
15586,929,2025-12-01,26,2,7,7,2025-12-13,Critical
15587,929,2026-01-01,64,10,10,4,2026-01-17,At Risk
15588,929,2026-02-01,67,9,17,3,2026-02-14,At Risk
15589,929,2026-03-01,61,7,9,3,2026-03-24,At Risk
15590,929,2026-04-01,61,14,8,3,2026-04-23,At Risk
15591,929,2026-05-01,40,11,19,3,2026-05-25,At Risk
15592,929,2026-06-01,188,22,30,2,2026-06-25,Healthy
15593,930,2025-01-01,31,30,21,2,2025-01-28,Healthy
15594,930,2025-02-01,33,19,42,2,2025-02-23,Healthy
15595,930,2025-03-01,5,3,7,6,2025-03-02,Critical
15596,930,2025-04-01,20,5,18,3,2025-04-19,At Risk
15597,930,2025-05-01,8,0,2,7,2025-05-01,Critical
15598,930,2025-06-01,18,14,15,2,2025-06-15,At Risk
15599,930,2025-07-01,6,2,5,6,2025-07-13,Critical
15600,930,2025-08-01,18,11,14,1,2025-08-17,At Risk
15601,930,2025-09-01,10,14,12,5,2025-09-23,At Risk
15602,930,2025-10-01,12,13,9,1,2025-10-20,At Risk
15603,930,2025-11-01,6,1,0,4,2025-11-02,Critical
15604,930,2025-12-01,8,0,6,6,2025-12-11,Critical
15605,930,2026-01-01,4,2,2,8,2026-01-07,Critical
15606,930,2026-02-01,6,1,3,5,2026-02-10,Critical
15607,930,2026-03-01,5,2,5,3,2026-03-13,Critical
15608,930,2026-04-01,7,1,7,4,2026-04-14,Critical
15609,930,2026-05-01,23,19,24,1,2026-05-29,Healthy
15610,930,2026-06-01,22,21,25,0,2026-06-29,Healthy
15611,931,2025-08-01,2020,30,26,1,2025-08-31,Healthy
15612,931,2025-09-01,253,4,6,8,2025-09-04,Critical
15613,931,2025-10-01,678,5,17,1,2025-10-16,At Risk
15614,931,2025-11-01,594,12,14,4,2025-11-23,At Risk
15615,931,2025-12-01,939,13,12,4,2025-12-16,At Risk
15616,931,2026-01-01,293,1,1,8,2026-01-13,Critical
15617,931,2026-02-01,310,0,2,3,2026-02-02,Critical
15618,931,2026-03-01,182,0,7,8,2026-03-15,Critical
15619,931,2026-04-01,905,14,9,2,2026-04-19,At Risk
15620,931,2026-05-01,538,12,11,2,2026-05-19,At Risk
15621,931,2026-06-01,358,1,1,5,2026-06-05,Critical
15622,932,2025-02-01,19,18,26,2,2025-02-27,Healthy
15623,932,2025-03-01,8,10,12,3,2025-03-16,At Risk
15624,932,2025-04-01,5,9,10,5,2025-04-15,At Risk
15625,932,2025-05-01,1,1,3,8,2025-05-14,Critical
15626,932,2025-06-01,3,1,7,5,2025-06-13,Critical
15627,932,2025-07-01,1,2,6,3,2025-07-02,Critical
15628,932,2025-08-01,3,1,7,4,2025-08-04,Critical
15629,932,2025-09-01,10,6,9,1,2025-09-20,At Risk
15630,932,2025-10-01,3,2,3,3,2025-10-05,Critical
15631,932,2025-11-01,1,2,5,7,2025-11-03,Critical
15632,932,2025-12-01,6,13,8,3,2025-12-20,At Risk
15633,932,2026-01-01,4,12,11,3,2026-01-17,At Risk
15634,932,2026-02-01,19,21,43,2,2026-02-23,Healthy
15635,932,2026-03-01,17,26,39,2,2026-03-27,Healthy
15636,932,2026-04-01,19,29,43,1,2026-04-28,Healthy
15637,932,2026-05-01,17,19,45,2,2026-05-31,Healthy
15638,932,2026-06-01,10,24,34,0,2026-06-28,Healthy
15639,933,2024-09-01,24,13,19,4,2024-09-22,At Risk
15640,933,2024-10-01,57,27,48,0,2024-10-26,Healthy
15641,933,2024-11-01,5,4,2,7,2024-11-05,Critical
15642,933,2024-12-01,47,30,48,2,2024-12-30,Healthy
15643,933,2025-01-01,43,27,23,0,2025-01-29,Healthy
15644,933,2025-02-01,40,17,40,1,2025-02-28,Healthy
15645,933,2025-03-01,38,18,20,0,2025-03-30,Healthy
15646,933,2025-04-01,21,11,19,3,2025-04-17,At Risk
15647,933,2025-05-01,13,14,10,2,2025-05-23,At Risk
15648,933,2025-06-01,27,14,18,1,2025-06-16,At Risk
15649,933,2025-07-01,16,12,19,5,2025-07-24,At Risk
15650,933,2025-08-01,7,4,1,5,2025-08-08,Critical
15651,933,2025-09-01,8,0,6,8,2025-09-11,Critical
15652,933,2025-10-01,11,0,1,6,2025-10-10,Critical
15653,933,2025-11-01,32,17,37,1,2025-11-27,Healthy
15654,933,2025-12-01,50,21,31,1,2025-12-28,Healthy
15655,933,2026-01-01,48,21,26,0,2026-01-28,Healthy
15656,933,2026-02-01,29,5,19,3,2026-02-13,At Risk
15657,933,2026-03-01,8,3,2,3,2026-03-06,Critical
15658,933,2026-04-01,26,5,14,4,2026-04-16,At Risk
15659,933,2026-05-01,59,20,35,0,2026-05-30,Healthy
15660,933,2026-06-01,37,18,35,0,2026-06-27,Healthy
15661,934,2025-01-01,56,19,40,2,2025-01-27,Healthy
15662,934,2025-02-01,45,15,24,1,2025-02-26,Healthy
15663,934,2025-03-01,38,28,37,1,2025-03-30,Healthy
15664,934,2025-04-01,23,14,11,4,2025-04-21,At Risk
15665,934,2025-05-01,5,3,6,6,2025-05-03,Critical
15666,934,2025-06-01,14,13,8,4,2025-06-19,At Risk
15667,934,2025-07-01,27,10,11,3,2025-07-19,At Risk
15668,934,2025-08-01,19,7,13,3,2025-08-19,At Risk
15669,934,2025-09-01,20,7,11,3,2025-09-21,At Risk
15670,934,2025-10-01,14,13,18,1,2025-10-19,At Risk
15671,934,2025-11-01,8,2,5,4,2025-11-12,Critical
15672,934,2025-12-01,7,0,6,3,2025-12-12,Critical
15673,934,2026-01-01,3,1,2,4,2026-01-01,Critical
15674,934,2026-02-01,13,12,12,2,2026-02-15,At Risk
15675,934,2026-03-01,29,14,19,5,2026-03-20,At Risk
15676,934,2026-04-01,25,12,10,4,2026-04-21,At Risk
15677,934,2026-05-01,56,27,46,1,2026-05-26,Healthy
15678,934,2026-06-01,36,18,30,0,2026-06-27,Healthy
15679,935,2024-10-01,150,29,34,2,2024-10-26,Healthy
15680,935,2024-11-01,155,28,23,0,2024-11-25,Healthy
15681,935,2024-12-01,132,15,36,0,2024-12-27,Healthy
15682,935,2025-01-01,165,22,41,2,2025-01-31,Healthy
15683,935,2025-02-01,113,28,50,0,2025-02-23,Healthy
15684,935,2025-03-01,4,0,3,8,2025-03-10,Critical
15685,935,2025-04-01,86,12,13,3,2025-04-20,At Risk
15686,935,2025-05-01,20,4,0,7,2025-05-01,Critical
15687,935,2025-06-01,19,4,5,3,2025-06-08,Critical
15688,935,2025-07-01,26,3,2,8,2025-07-03,Critical
15689,935,2025-08-01,21,4,1,4,2025-08-14,Critical
15690,935,2025-09-01,12,3,6,3,2025-09-02,Critical
15691,935,2025-10-01,48,5,14,1,2025-10-22,At Risk
15692,935,2025-11-01,38,13,15,5,2025-11-22,At Risk
15693,935,2025-12-01,45,7,12,2,2025-12-20,At Risk
15694,935,2026-01-01,53,14,12,4,2026-01-21,At Risk
15695,935,2026-02-01,70,5,10,1,2026-02-22,At Risk
15696,935,2026-03-01,49,10,15,2,2026-03-18,At Risk
15697,935,2026-04-01,38,13,11,5,2026-04-15,At Risk
15698,935,2026-05-01,131,21,44,1,2026-05-31,Healthy
15699,935,2026-06-01,166,22,23,0,2026-06-27,Healthy
15700,936,2024-02-01,10,12,14,5,2024-02-14,At Risk
15701,936,2024-03-01,17,10,12,2,2024-03-16,At Risk
15702,936,2024-04-01,25,18,40,2,2024-04-28,Healthy
15703,936,2024-05-01,43,24,39,1,2024-05-31,Healthy
15704,936,2024-06-01,20,7,15,3,2024-06-23,At Risk
15705,936,2024-07-01,13,6,19,2,2024-07-25,At Risk
15706,936,2024-08-01,12,6,13,5,2024-08-17,At Risk
15707,936,2024-09-01,15,12,8,2,2024-09-19,At Risk
15708,936,2024-10-01,13,11,19,5,2024-10-24,At Risk
15709,936,2024-11-01,15,11,18,4,2024-11-22,At Risk
15710,936,2024-12-01,9,13,15,1,2024-12-22,At Risk
15711,936,2025-01-01,26,21,26,0,2025-01-31,Healthy
15712,936,2025-02-01,10,12,9,5,2025-02-19,At Risk
15713,936,2025-03-01,16,12,18,5,2025-03-25,At Risk
15714,936,2025-04-01,12,12,12,1,2025-04-21,At Risk
15715,936,2025-05-01,35,17,24,2,2025-05-29,Healthy
15716,936,2025-06-01,34,15,28,1,2025-06-26,Healthy
15717,936,2025-07-01,38,24,32,1,2025-07-31,Healthy
15718,936,2025-08-01,35,25,43,0,2025-08-29,Healthy
15719,936,2025-09-01,24,19,42,2,2025-09-30,Healthy
15720,936,2025-10-01,42,27,25,0,2025-10-30,Healthy
15721,936,2025-11-01,2,2,1,4,2025-11-11,Critical
15722,936,2025-12-01,3,2,5,4,2025-12-12,Critical
15723,936,2026-01-01,9,1,0,5,2026-01-06,Critical
15724,936,2026-02-01,43,29,50,0,2026-02-28,Healthy
15725,936,2026-03-01,12,11,16,3,2026-03-20,At Risk
15726,936,2026-04-01,22,13,13,2,2026-04-19,At Risk
15727,936,2026-05-01,11,7,11,1,2026-05-17,At Risk
15728,936,2026-06-01,24,24,43,1,2026-06-28,Healthy
15729,937,2025-08-01,26,7,12,4,2025-08-24,At Risk
15730,937,2025-09-01,3,4,3,6,2025-09-09,Critical
15731,937,2025-10-01,22,6,11,1,2025-10-16,At Risk
15732,937,2025-11-01,14,10,16,1,2025-11-21,At Risk
15733,937,2025-12-01,18,11,13,2,2025-12-23,At Risk
15734,937,2026-01-01,23,11,8,1,2026-01-22,At Risk
15735,937,2026-02-01,8,3,1,3,2026-02-11,Critical
15736,937,2026-03-01,19,11,11,5,2026-03-18,At Risk
15737,937,2026-04-01,7,2,3,3,2026-04-12,Critical
15738,937,2026-05-01,5,4,2,7,2026-05-10,Critical
15739,937,2026-06-01,5,2,5,5,2026-06-14,Critical
15740,938,2024-10-01,422,27,33,2,2024-10-26,Healthy
15741,938,2024-11-01,135,14,14,5,2024-11-17,At Risk
15742,938,2024-12-01,137,14,10,5,2024-12-24,At Risk
15743,938,2025-01-01,123,10,16,1,2025-01-24,At Risk
15744,938,2025-02-01,433,19,36,1,2025-02-27,Healthy
15745,938,2025-03-01,137,8,9,5,2025-03-21,At Risk
15746,938,2025-04-01,204,11,10,3,2025-04-15,At Risk
15747,938,2025-05-01,73,3,3,4,2025-05-07,Critical
15748,938,2025-06-01,19,0,1,6,2025-06-05,Critical
15749,938,2025-07-01,207,10,14,3,2025-07-17,At Risk
15750,938,2025-08-01,188,8,16,1,2025-08-25,At Risk
15751,938,2025-09-01,131,8,8,1,2025-09-18,At Risk
15752,938,2025-10-01,52,1,3,5,2025-10-06,Critical
15753,938,2025-11-01,129,14,10,1,2025-11-18,At Risk
15754,938,2025-12-01,114,6,10,2,2025-12-19,At Risk
15755,938,2026-01-01,127,12,9,4,2026-01-21,At Risk
15756,938,2026-02-01,215,13,12,3,2026-02-20,At Risk
15757,938,2026-03-01,241,20,41,0,2026-03-28,Healthy
15758,938,2026-04-01,14,2,0,4,2026-04-10,Critical
15759,938,2026-05-01,40,1,6,6,2026-05-07,Critical
15760,938,2026-06-01,134,8,14,3,2026-06-16,At Risk
15761,939,2025-09-01,45,17,49,0,2025-09-25,Healthy
15762,939,2025-10-01,58,21,20,0,2025-10-27,Healthy
15763,939,2025-11-01,38,21,45,2,2025-11-28,Healthy
15764,939,2025-12-01,39,20,42,2,2025-12-26,Healthy
15765,939,2026-01-01,28,10,8,5,2026-01-18,At Risk
15766,939,2026-02-01,50,16,45,1,2026-02-25,Healthy
15767,939,2026-03-01,42,25,37,0,2026-03-29,Healthy
15768,939,2026-04-01,57,22,30,2,2026-04-27,Healthy
15769,939,2026-05-01,15,13,9,4,2026-05-19,At Risk
15770,939,2026-06-01,31,14,17,4,2026-06-15,At Risk
15771,940,2024-10-01,59,16,45,1,2024-10-30,Healthy
15772,940,2024-11-01,39,24,28,0,2024-11-28,Healthy
15773,940,2024-12-01,19,5,17,1,2024-12-20,At Risk
15774,940,2025-01-01,25,8,11,2,2025-01-25,At Risk
15775,940,2025-02-01,14,10,14,2,2025-02-21,At Risk
15776,940,2025-03-01,9,0,2,4,2025-03-10,Critical
15777,940,2025-04-01,27,14,15,5,2025-04-16,At Risk
15778,940,2025-05-01,18,8,10,1,2025-05-16,At Risk
15779,940,2025-06-01,26,12,8,5,2025-06-19,At Risk
15780,940,2025-07-01,26,11,12,4,2025-07-18,At Risk
15781,940,2025-08-01,26,7,16,4,2025-08-17,At Risk
15782,940,2025-09-01,22,14,17,2,2025-09-16,At Risk
15783,940,2025-10-01,2,1,3,7,2025-10-07,Critical
15784,940,2025-11-01,12,2,3,6,2025-11-12,Critical
15785,940,2025-12-01,33,13,10,2,2025-12-17,At Risk
15786,940,2026-01-01,26,7,13,2,2026-01-18,At Risk
15787,940,2026-02-01,2,1,5,6,2026-02-11,Critical
15788,940,2026-03-01,12,4,6,6,2026-03-09,Critical
15789,940,2026-04-01,23,7,8,1,2026-04-20,At Risk
15790,940,2026-05-01,9,0,7,4,2026-05-04,Critical
15791,940,2026-06-01,6,0,6,3,2026-06-04,Critical
15792,941,2025-12-01,69,11,17,3,2025-12-17,At Risk
15793,941,2026-01-01,57,14,19,3,2026-01-24,At Risk
15794,941,2026-02-01,79,12,13,5,2026-02-20,At Risk
15795,941,2026-03-01,171,27,50,1,2026-03-29,Healthy
15796,941,2026-04-01,107,9,17,1,2026-04-17,At Risk
15797,941,2026-05-01,78,10,11,5,2026-05-23,At Risk
15798,941,2026-06-01,123,7,16,2,2026-06-18,At Risk
15799,942,2025-10-01,52,26,47,2,2025-10-26,Healthy
15800,942,2025-11-01,48,20,21,0,2025-11-29,Healthy
15801,942,2025-12-01,34,15,45,1,2025-12-30,Healthy
15802,942,2026-01-01,40,15,46,0,2026-01-28,Healthy
15803,942,2026-02-01,14,13,16,3,2026-02-20,At Risk
15804,942,2026-03-01,24,8,12,4,2026-03-21,At Risk
15805,942,2026-04-01,39,30,36,2,2026-04-29,Healthy
15806,942,2026-05-01,29,7,11,5,2026-05-22,At Risk
15807,942,2026-06-01,54,16,21,0,2026-06-28,Healthy
15808,943,2024-02-01,6,6,19,2,2024-02-20,At Risk
15809,943,2024-03-01,4,5,18,5,2024-03-24,At Risk
15810,943,2024-04-01,6,9,9,4,2024-04-22,At Risk
15811,943,2024-05-01,7,5,16,3,2024-05-20,At Risk
15812,943,2024-06-01,2,2,6,8,2024-06-07,Critical
15813,943,2024-07-01,1,1,5,6,2024-07-02,Critical
15814,943,2024-08-01,1,1,6,5,2024-08-05,Critical
15815,943,2024-09-01,2,4,3,6,2024-09-08,Critical
15816,943,2024-10-01,6,8,8,4,2024-10-22,At Risk
15817,943,2024-11-01,11,20,42,2,2024-11-27,Healthy
15818,943,2024-12-01,9,30,23,2,2024-12-27,Healthy
15819,943,2025-01-01,12,19,39,0,2025-01-27,Healthy
15820,943,2025-02-01,12,29,43,2,2025-02-25,Healthy
15821,943,2025-03-01,8,16,20,0,2025-03-30,Healthy
15822,943,2025-04-01,9,29,30,2,2025-04-26,Healthy
15823,943,2025-05-01,8,19,23,0,2025-05-31,Healthy
15824,943,2025-06-01,12,20,23,2,2025-06-26,Healthy
15825,943,2025-07-01,13,30,27,1,2025-07-26,Healthy
15826,943,2025-08-01,12,19,40,1,2025-08-29,Healthy
15827,943,2025-09-01,2,1,4,5,2025-09-06,Critical
15828,943,2025-10-01,13,27,46,2,2025-10-28,Healthy
15829,943,2025-11-01,13,27,50,1,2025-11-25,Healthy
15830,943,2025-12-01,12,16,49,2,2025-12-30,Healthy
15831,943,2026-01-01,13,19,39,1,2026-01-30,Healthy
15832,943,2026-02-01,8,23,21,2,2026-02-23,Healthy
15833,943,2026-03-01,13,25,38,1,2026-03-31,Healthy
15834,943,2026-04-01,8,16,39,0,2026-04-25,Healthy
15835,943,2026-05-01,2,4,1,3,2026-05-01,Critical
15836,943,2026-06-01,6,13,16,3,2026-06-17,At Risk
15837,944,2025-05-01,31,13,8,5,2025-05-22,At Risk
15838,944,2025-06-01,60,30,24,1,2025-06-25,Healthy
15839,944,2025-07-01,54,16,36,0,2025-07-26,Healthy
15840,944,2025-08-01,40,25,40,1,2025-08-29,Healthy
15841,944,2025-09-01,54,23,24,0,2025-09-28,Healthy
15842,944,2025-10-01,60,19,26,2,2025-10-31,Healthy
15843,944,2025-11-01,10,0,6,3,2025-11-06,Critical
15844,944,2025-12-01,3,1,1,5,2025-12-03,Critical
15845,944,2026-01-01,28,5,9,3,2026-01-18,At Risk
15846,944,2026-02-01,31,6,19,3,2026-02-21,At Risk
15847,944,2026-03-01,24,6,10,3,2026-03-23,At Risk
15848,944,2026-04-01,61,16,32,2,2026-04-27,Healthy
15849,944,2026-05-01,43,21,33,0,2026-05-31,Healthy
15850,944,2026-06-01,59,18,39,1,2026-06-30,Healthy
15851,945,2025-02-01,3,4,5,5,2025-02-05,Critical
15852,945,2025-03-01,3,0,4,5,2025-03-02,Critical
15853,945,2025-04-01,13,8,9,1,2025-04-18,At Risk
15854,945,2025-05-01,7,6,13,3,2025-05-16,At Risk
15855,945,2025-06-01,4,2,2,6,2025-06-08,Critical
15856,945,2025-07-01,4,4,6,6,2025-07-02,Critical
15857,945,2025-08-01,9,8,9,1,2025-08-24,At Risk
15858,945,2025-09-01,12,8,12,3,2025-09-16,At Risk
15859,945,2025-10-01,12,13,13,2,2025-10-16,At Risk
15860,945,2025-11-01,9,14,13,2,2025-11-23,At Risk
15861,945,2025-12-01,9,9,12,2,2025-12-22,At Risk
15862,945,2026-01-01,3,3,1,5,2026-01-08,Critical
15863,945,2026-02-01,3,2,1,8,2026-02-11,Critical
15864,945,2026-03-01,8,8,13,1,2026-03-24,At Risk
15865,945,2026-04-01,10,12,8,3,2026-04-16,At Risk
15866,945,2026-05-01,2,0,2,7,2026-05-05,Critical
15867,945,2026-06-01,5,2,3,7,2026-06-14,Critical
15868,946,2024-10-01,80,15,35,1,2024-10-26,Healthy
15869,946,2024-11-01,31,8,18,2,2024-11-19,At Risk
15870,946,2024-12-01,63,5,8,3,2024-12-20,At Risk
15871,946,2025-01-01,22,0,0,5,2025-01-14,Critical
15872,946,2025-02-01,41,10,9,4,2025-02-13,At Risk
15873,946,2025-03-01,111,19,40,0,2025-03-28,Healthy
15874,946,2025-04-01,112,17,39,1,2025-04-27,Healthy
15875,946,2025-05-01,99,18,37,1,2025-05-29,Healthy
15876,946,2025-06-01,132,19,20,0,2025-06-26,Healthy
15877,946,2025-07-01,84,23,49,0,2025-07-28,Healthy
15878,946,2025-08-01,86,30,48,2,2025-08-29,Healthy
15879,946,2025-09-01,32,10,19,5,2025-09-21,At Risk
15880,946,2025-10-01,122,23,32,0,2025-10-26,Healthy
15881,946,2025-11-01,41,10,13,5,2025-11-18,At Risk
15882,946,2025-12-01,62,7,16,2,2025-12-19,At Risk
15883,946,2026-01-01,18,3,2,3,2026-01-14,Critical
15884,946,2026-02-01,36,11,19,1,2026-02-15,At Risk
15885,946,2026-03-01,27,1,2,3,2026-03-15,Critical
15886,946,2026-04-01,36,7,13,3,2026-04-16,At Risk
15887,946,2026-05-01,72,5,14,3,2026-05-19,At Risk
15888,946,2026-06-01,10,2,4,7,2026-06-01,Critical
15889,947,2025-06-01,171,6,17,3,2025-06-16,At Risk
15890,947,2025-07-01,107,7,19,5,2025-07-25,At Risk
15891,947,2025-08-01,193,14,14,5,2025-08-17,At Risk
15892,947,2025-09-01,130,13,10,1,2025-09-22,At Risk
15893,947,2025-10-01,235,9,14,2,2025-10-23,At Risk
15894,947,2025-11-01,166,13,15,3,2025-11-19,At Risk
15895,947,2025-12-01,130,5,13,4,2025-12-23,At Risk
15896,947,2026-01-01,299,19,41,1,2026-01-28,Healthy
15897,947,2026-02-01,397,29,32,0,2026-02-27,Healthy
15898,947,2026-03-01,434,17,44,0,2026-03-26,Healthy
15899,947,2026-04-01,412,17,43,0,2026-04-29,Healthy
15900,947,2026-05-01,228,5,12,1,2026-05-20,At Risk
15901,947,2026-06-01,397,26,27,0,2026-06-25,Healthy
15902,948,2025-03-01,31,21,44,2,2025-03-29,Healthy
15903,948,2025-04-01,36,25,36,0,2025-04-29,Healthy
15904,948,2025-05-01,40,29,45,0,2025-05-27,Healthy
15905,948,2025-06-01,30,29,23,0,2025-06-25,Healthy
15906,948,2025-07-01,39,19,30,1,2025-07-29,Healthy
15907,948,2025-08-01,36,22,28,1,2025-08-27,Healthy
15908,948,2025-09-01,28,21,23,1,2025-09-29,Healthy
15909,948,2025-10-01,48,22,47,0,2025-10-31,Healthy
15910,948,2025-11-01,48,22,42,2,2025-11-28,Healthy
15911,948,2025-12-01,51,18,33,0,2025-12-28,Healthy
15912,948,2026-01-01,47,22,46,0,2026-01-29,Healthy
15913,948,2026-02-01,29,16,24,1,2026-02-27,Healthy
15914,948,2026-03-01,39,25,30,0,2026-03-29,Healthy
15915,948,2026-04-01,37,17,38,2,2026-04-25,Healthy
15916,948,2026-05-01,32,30,28,2,2026-05-27,Healthy
15917,948,2026-06-01,33,22,31,1,2026-06-29,Healthy
15918,949,2026-02-01,2130,17,38,2,2026-02-25,Healthy
15919,949,2026-03-01,1401,9,13,4,2026-03-25,At Risk
15920,949,2026-04-01,2108,29,47,0,2026-04-25,Healthy
15921,949,2026-05-01,2079,17,28,0,2026-05-26,Healthy
15922,949,2026-06-01,2636,21,24,2,2026-06-29,Healthy
15923,950,2024-06-01,75,5,10,2,2024-06-21,At Risk
15924,950,2024-07-01,61,14,18,4,2024-07-24,At Risk
15925,950,2024-08-01,158,28,29,2,2024-08-28,Healthy
15926,950,2024-09-01,113,16,31,0,2024-09-29,Healthy
15927,950,2024-10-01,91,8,14,5,2024-10-18,At Risk
15928,950,2024-11-01,142,26,31,1,2024-11-27,Healthy
15929,950,2024-12-01,151,21,34,1,2024-12-29,Healthy
15930,950,2025-01-01,36,4,4,7,2025-01-05,Critical
15931,950,2025-02-01,10,1,0,4,2025-02-08,Critical
15932,950,2025-03-01,28,4,3,8,2025-03-13,Critical
15933,950,2025-04-01,33,1,2,6,2025-04-09,Critical
15934,950,2025-05-01,36,4,4,3,2025-05-06,Critical
15935,950,2025-06-01,9,0,2,5,2025-06-12,Critical
15936,950,2025-07-01,8,3,4,4,2025-07-13,Critical
15937,950,2025-08-01,84,13,14,4,2025-08-24,At Risk
15938,950,2025-09-01,5,3,0,6,2025-09-02,Critical
15939,950,2025-10-01,27,0,7,3,2025-10-11,Critical
15940,950,2025-11-01,67,6,13,5,2025-11-16,At Risk
15941,950,2025-12-01,71,14,9,4,2025-12-19,At Risk
15942,950,2026-01-01,22,3,7,7,2026-01-11,Critical
15943,950,2026-02-01,5,4,5,5,2026-02-02,Critical
15944,950,2026-03-01,20,0,7,3,2026-03-07,Critical
15945,950,2026-04-01,22,3,6,7,2026-04-08,Critical
15946,950,2026-05-01,10,3,5,7,2026-05-04,Critical
15947,950,2026-06-01,76,6,9,5,2026-06-17,At Risk
15948,951,2025-05-01,28,18,45,1,2025-05-31,Healthy
15949,951,2025-06-01,28,26,44,0,2025-06-30,Healthy
15950,951,2025-07-01,26,24,46,2,2025-07-29,Healthy
15951,951,2025-08-01,10,14,16,1,2025-08-21,At Risk
15952,951,2025-09-01,3,1,3,8,2025-09-08,Critical
15953,951,2025-10-01,6,2,6,7,2025-10-08,Critical
15954,951,2025-11-01,3,4,3,6,2025-11-02,Critical
15955,951,2025-12-01,3,4,0,7,2025-12-04,Critical
15956,951,2026-01-01,4,0,2,4,2026-01-06,Critical
15957,951,2026-02-01,18,12,11,3,2026-02-18,At Risk
15958,951,2026-03-01,9,10,16,3,2026-03-16,At Risk
15959,951,2026-04-01,9,10,13,1,2026-04-23,At Risk
15960,951,2026-05-01,17,13,8,4,2026-05-24,At Risk
15961,951,2026-06-01,19,5,16,3,2026-06-18,At Risk
15962,952,2025-05-01,14,8,11,5,2025-05-24,At Risk
15963,952,2025-06-01,34,27,30,1,2025-06-28,Healthy
15964,952,2025-07-01,53,15,50,0,2025-07-26,Healthy
15965,952,2025-08-01,28,10,10,3,2025-08-25,At Risk
15966,952,2025-09-01,50,19,40,0,2025-09-26,Healthy
15967,952,2025-10-01,32,30,30,2,2025-10-29,Healthy
15968,952,2025-11-01,19,12,19,1,2025-11-24,At Risk
15969,952,2025-12-01,13,13,9,3,2025-12-25,At Risk
15970,952,2026-01-01,24,7,9,3,2026-01-21,At Risk
15971,952,2026-02-01,25,7,12,5,2026-02-22,At Risk
15972,952,2026-03-01,19,10,12,3,2026-03-18,At Risk
15973,952,2026-04-01,38,27,48,2,2026-04-30,Healthy
15974,952,2026-05-01,50,19,34,2,2026-05-26,Healthy
15975,952,2026-06-01,47,21,24,0,2026-06-25,Healthy
15976,953,2024-12-01,11,26,39,0,2024-12-28,Healthy
15977,953,2025-01-01,12,16,49,0,2025-01-28,Healthy
15978,953,2025-02-01,7,16,37,0,2025-02-23,Healthy
15979,953,2025-03-01,11,30,48,1,2025-03-30,Healthy
15980,953,2025-04-01,14,28,45,0,2025-04-30,Healthy
15981,953,2025-05-01,13,20,22,1,2025-05-29,Healthy
15982,953,2025-06-01,13,30,50,1,2025-06-27,Healthy
15983,953,2025-07-01,12,15,24,1,2025-07-29,Healthy
15984,953,2025-08-01,9,16,33,1,2025-08-28,Healthy
15985,953,2025-09-01,8,29,41,0,2025-09-27,Healthy
15986,953,2025-10-01,13,26,37,0,2025-10-28,Healthy
15987,953,2025-11-01,11,30,28,0,2025-11-29,Healthy
15988,953,2025-12-01,12,29,46,0,2025-12-27,Healthy
15989,953,2026-01-01,8,27,50,2,2026-01-31,Healthy
15990,953,2026-02-01,9,24,34,1,2026-02-26,Healthy
15991,953,2026-03-01,13,30,22,2,2026-03-26,Healthy
15992,953,2026-04-01,7,27,49,2,2026-04-26,Healthy
15993,953,2026-05-01,9,27,39,0,2026-05-26,Healthy
15994,953,2026-06-01,11,30,30,2,2026-06-25,Healthy
15995,954,2025-05-01,42,25,30,0,2025-05-29,Healthy
15996,954,2025-06-01,44,17,24,2,2025-06-28,Healthy
15997,954,2025-07-01,43,17,45,2,2025-07-31,Healthy
15998,954,2025-08-01,48,17,30,1,2025-08-29,Healthy
15999,954,2025-09-01,34,22,35,1,2025-09-28,Healthy
16000,954,2025-10-01,41,17,24,1,2025-10-29,Healthy
16001,954,2025-11-01,4,3,6,4,2025-11-08,Critical
16002,954,2025-12-01,3,0,3,7,2025-12-13,Critical
16003,954,2026-01-01,4,0,6,4,2026-01-08,Critical
16004,954,2026-02-01,7,4,5,3,2026-01-31,Critical
16005,954,2026-03-01,4,4,2,3,2026-03-06,Critical
16006,954,2026-04-01,7,2,1,3,2026-04-12,Critical
16007,954,2026-05-01,2,3,3,8,2026-05-02,Critical
16008,954,2026-06-01,4,4,2,5,2026-06-02,Critical
16009,955,2024-02-01,36,18,30,1,2024-02-26,Healthy
16010,955,2024-03-01,22,9,16,5,2024-03-23,At Risk
16011,955,2024-04-01,38,23,28,2,2024-04-30,Healthy
16012,955,2024-05-01,26,21,34,2,2024-05-26,Healthy
16013,955,2024-06-01,24,20,26,1,2024-06-25,Healthy
16014,955,2024-07-01,43,27,37,0,2024-07-30,Healthy
16015,955,2024-08-01,28,17,43,1,2024-08-29,Healthy
16016,955,2024-09-01,30,25,28,1,2024-09-30,Healthy
16017,955,2024-10-01,42,27,39,2,2024-10-27,Healthy
16018,955,2024-11-01,38,22,35,0,2024-11-28,Healthy
16019,955,2024-12-01,37,23,28,1,2024-12-31,Healthy
16020,955,2025-01-01,12,9,19,4,2025-01-22,At Risk
16021,955,2025-02-01,39,19,26,1,2025-02-24,Healthy
16022,955,2025-03-01,33,25,40,2,2025-03-28,Healthy
16023,955,2025-04-01,14,13,19,3,2025-04-22,At Risk
16024,955,2025-05-01,4,1,7,8,2025-05-07,Critical
16025,955,2025-06-01,16,6,13,2,2025-06-21,At Risk
16026,955,2025-07-01,16,13,19,4,2025-07-20,At Risk
16027,955,2025-08-01,34,20,44,0,2025-08-31,Healthy
16028,955,2025-09-01,39,20,39,1,2025-09-25,Healthy
16029,955,2025-10-01,37,26,40,2,2025-10-30,Healthy
16030,955,2025-11-01,41,26,34,0,2025-11-27,Healthy
16031,955,2025-12-01,36,25,41,2,2025-12-28,Healthy
16032,955,2026-01-01,32,27,35,1,2026-01-30,Healthy
16033,955,2026-02-01,12,6,8,2,2026-02-20,At Risk
16034,955,2026-03-01,12,5,17,1,2026-03-19,At Risk
16035,955,2026-04-01,38,22,22,0,2026-04-27,Healthy
16036,955,2026-05-01,35,16,48,1,2026-05-30,Healthy
16037,955,2026-06-01,43,27,33,1,2026-06-29,Healthy
16038,956,2024-09-01,14,11,13,2,2024-09-18,At Risk
16039,956,2024-10-01,12,12,8,1,2024-10-16,At Risk
16040,956,2024-11-01,30,22,34,2,2024-11-29,Healthy
16041,956,2024-12-01,31,19,28,0,2024-12-31,Healthy
16042,956,2025-01-01,11,11,12,4,2025-01-16,At Risk
16043,956,2025-02-01,16,8,19,5,2025-02-14,At Risk
16044,956,2025-03-01,17,13,12,1,2025-03-21,At Risk
16045,956,2025-04-01,38,16,50,0,2025-04-30,Healthy
16046,956,2025-05-01,36,16,36,1,2025-05-26,Healthy
16047,956,2025-06-01,34,18,45,2,2025-06-30,Healthy
16048,956,2025-07-01,29,17,27,2,2025-07-27,Healthy
16049,956,2025-08-01,14,11,16,4,2025-08-18,At Risk
16050,956,2025-09-01,10,6,19,2,2025-09-17,At Risk
16051,956,2025-10-01,8,0,7,6,2025-10-01,Critical
16052,956,2025-11-01,12,5,11,5,2025-11-24,At Risk
16053,956,2025-12-01,32,18,23,1,2025-12-27,Healthy
16054,956,2026-01-01,24,26,32,2,2026-01-26,Healthy
16055,956,2026-02-01,22,13,13,5,2026-02-14,At Risk
16056,956,2026-03-01,8,3,0,7,2026-03-10,Critical
16057,956,2026-04-01,2,2,6,3,2026-04-07,Critical
16058,956,2026-05-01,21,14,11,4,2026-05-17,At Risk
16059,956,2026-06-01,10,9,17,1,2026-06-18,At Risk
16060,957,2024-07-01,110,24,47,2,2024-07-31,Healthy
16061,957,2024-08-01,122,18,34,0,2024-08-29,Healthy
16062,957,2024-09-01,70,23,46,2,2024-09-27,Healthy
16063,957,2024-10-01,121,19,29,2,2024-10-28,Healthy
16064,957,2024-11-01,27,6,11,3,2024-11-15,At Risk
16065,957,2024-12-01,60,9,8,3,2024-12-16,At Risk
16066,957,2025-01-01,81,15,29,1,2025-01-29,Healthy
16067,957,2025-02-01,36,9,11,2,2025-02-15,At Risk
16068,957,2025-03-01,51,7,8,5,2025-03-21,At Risk
16069,957,2025-04-01,16,1,3,4,2025-04-13,Critical
16070,957,2025-05-01,63,9,10,4,2025-05-19,At Risk
16071,957,2025-06-01,31,7,13,3,2025-06-20,At Risk
16072,957,2025-07-01,40,5,17,2,2025-07-21,At Risk
16073,957,2025-08-01,10,1,7,6,2025-08-10,Critical
16074,957,2025-09-01,41,13,16,4,2025-09-22,At Risk
16075,957,2025-10-01,25,7,9,5,2025-10-23,At Risk
16076,957,2025-11-01,38,10,11,4,2025-11-19,At Risk
16077,957,2025-12-01,82,19,42,2,2025-12-30,Healthy
16078,957,2026-01-01,8,0,0,8,2026-01-08,Critical
16079,957,2026-02-01,32,7,13,3,2026-02-17,At Risk
16080,957,2026-03-01,65,6,13,1,2026-03-18,At Risk
16081,957,2026-04-01,15,1,7,3,2026-04-05,Critical
16082,957,2026-05-01,4,3,3,8,2026-05-14,Critical
16083,957,2026-06-01,19,0,6,4,2026-06-01,Critical
16084,958,2024-03-01,21,24,41,2,2024-03-31,Healthy
16085,958,2024-04-01,37,18,30,2,2024-04-25,Healthy
16086,958,2024-05-01,33,21,35,1,2024-05-27,Healthy
16087,958,2024-06-01,30,17,26,0,2024-06-28,Healthy
16088,958,2024-07-01,39,26,43,1,2024-07-27,Healthy
16089,958,2024-08-01,34,15,29,2,2024-08-26,Healthy
16090,958,2024-09-01,21,11,8,3,2024-09-21,At Risk
16091,958,2024-10-01,37,26,40,2,2024-10-29,Healthy
16092,958,2024-11-01,33,26,41,1,2024-11-26,Healthy
16093,958,2024-12-01,24,18,38,1,2024-12-31,Healthy
16094,958,2025-01-01,37,15,37,0,2025-01-31,Healthy
16095,958,2025-02-01,20,7,10,2,2025-02-21,At Risk
16096,958,2025-03-01,30,29,44,2,2025-03-29,Healthy
16097,958,2025-04-01,40,30,28,0,2025-04-29,Healthy
16098,958,2025-05-01,27,15,22,1,2025-05-30,Healthy
16099,958,2025-06-01,33,15,37,2,2025-06-29,Healthy
16100,958,2025-07-01,23,26,28,2,2025-07-28,Healthy
16101,958,2025-08-01,40,20,45,2,2025-08-30,Healthy
16102,958,2025-09-01,14,14,9,3,2025-09-15,At Risk
16103,958,2025-10-01,19,6,10,3,2025-10-17,At Risk
16104,958,2025-11-01,9,13,10,1,2025-11-24,At Risk
16105,958,2025-12-01,2,3,4,8,2025-12-04,Critical
16106,958,2026-01-01,4,4,4,7,2026-01-02,Critical
16107,958,2026-02-01,2,4,6,7,2026-02-05,Critical
16108,958,2026-03-01,7,4,2,5,2026-03-03,Critical
16109,958,2026-04-01,3,1,3,7,2026-04-09,Critical
16110,958,2026-05-01,5,4,4,3,2026-05-10,Critical
16111,958,2026-06-01,3,3,5,8,2026-06-07,Critical
16112,959,2025-06-01,1,1,0,5,2025-06-02,Critical
16113,959,2025-07-01,3,2,0,6,2025-07-01,Critical
16114,959,2025-08-01,2,3,4,4,2025-08-10,Critical
16115,959,2025-09-01,2,2,3,8,2025-08-31,Critical
16116,959,2025-10-01,6,1,4,7,2025-10-03,Critical
16117,959,2025-11-01,5,3,2,5,2025-10-31,Critical
16118,959,2025-12-01,4,4,6,3,2025-12-15,Critical
16119,959,2026-01-01,4,4,1,5,2026-01-10,Critical
16120,959,2026-02-01,6,2,3,5,2026-01-30,Critical
16121,959,2026-03-01,31,28,38,2,2026-03-26,Healthy
16122,959,2026-04-01,25,15,48,0,2026-04-29,Healthy
16123,959,2026-05-01,18,23,23,2,2026-05-26,Healthy
16124,959,2026-06-01,5,1,1,8,2026-06-14,Critical
16125,960,2024-04-01,17,13,10,4,2024-04-18,At Risk
16126,960,2024-05-01,15,6,13,1,2024-05-16,At Risk
16127,960,2024-06-01,31,13,14,4,2024-06-23,At Risk
16128,960,2024-07-01,12,4,7,8,2024-07-03,Critical
16129,960,2024-08-01,2,1,7,8,2024-08-08,Critical
16130,960,2024-09-01,4,0,1,8,2024-09-13,Critical
16131,960,2024-10-01,7,0,5,3,2024-10-12,Critical
16132,960,2024-11-01,27,7,15,5,2024-11-17,At Risk
16133,960,2024-12-01,3,3,6,3,2024-12-07,Critical
16134,960,2025-01-01,10,4,2,6,2025-01-11,Critical
16135,960,2025-02-01,7,2,7,7,2025-02-09,Critical
16136,960,2025-03-01,9,0,2,5,2025-03-15,Critical
16137,960,2025-04-01,6,2,1,8,2025-04-05,Critical
16138,960,2025-05-01,2,0,5,7,2025-05-04,Critical
16139,960,2025-06-01,12,3,0,8,2025-06-02,Critical
16140,960,2025-07-01,17,5,17,5,2025-07-25,At Risk
16141,960,2025-08-01,34,5,9,1,2025-08-22,At Risk
16142,960,2025-09-01,51,16,36,0,2025-09-28,Healthy
16143,960,2025-10-01,67,30,45,1,2025-10-29,Healthy
16144,960,2025-11-01,45,18,21,1,2025-11-28,Healthy
16145,960,2025-12-01,59,15,27,0,2025-12-31,Healthy
16146,960,2026-01-01,52,18,30,2,2026-01-30,Healthy
16147,960,2026-02-01,60,29,26,0,2026-02-26,Healthy
16148,960,2026-03-01,51,17,42,2,2026-03-31,Healthy
16149,960,2026-04-01,49,22,38,1,2026-04-27,Healthy
16150,960,2026-05-01,58,22,47,1,2026-05-29,Healthy
16151,960,2026-06-01,35,21,23,1,2026-06-27,Healthy
16152,961,2024-11-01,738,30,34,2,2024-11-27,Healthy
16153,961,2024-12-01,750,21,48,2,2024-12-27,Healthy
16154,961,2025-01-01,145,2,4,5,2025-01-13,Critical
16155,961,2025-02-01,69,0,6,4,2025-02-05,Critical
16156,961,2025-03-01,76,1,5,5,2025-03-08,Critical
16157,961,2025-04-01,119,3,4,3,2025-04-02,Critical
16158,961,2025-05-01,129,4,5,5,2025-05-03,Critical
16159,961,2025-06-01,326,6,8,5,2025-06-21,At Risk
16160,961,2025-07-01,230,9,16,3,2025-07-18,At Risk
16161,961,2025-08-01,326,11,11,4,2025-08-25,At Risk
16162,961,2025-09-01,165,10,18,4,2025-09-21,At Risk
16163,961,2025-10-01,57,2,5,6,2025-10-10,Critical
16164,961,2025-11-01,738,24,44,2,2025-11-25,Healthy
16165,961,2025-12-01,625,25,39,2,2025-12-26,Healthy
16166,961,2026-01-01,553,18,33,2,2026-01-31,Healthy
16167,961,2026-02-01,725,22,25,0,2026-02-25,Healthy
16168,961,2026-03-01,695,28,21,1,2026-03-29,Healthy
16169,961,2026-04-01,566,18,20,2,2026-04-25,Healthy
16170,961,2026-05-01,421,25,47,2,2026-05-26,Healthy
16171,961,2026-06-01,506,20,27,0,2026-06-29,Healthy
16172,962,2026-02-01,214,16,38,1,2026-02-24,Healthy
16173,962,2026-03-01,126,14,13,1,2026-03-17,At Risk
16174,962,2026-04-01,272,25,31,1,2026-04-25,Healthy
16175,962,2026-05-01,298,21,50,2,2026-05-31,Healthy
16176,962,2026-06-01,302,24,23,1,2026-06-29,Healthy
16177,963,2025-04-01,9,11,14,1,2025-04-18,At Risk
16178,963,2025-05-01,5,4,1,4,2025-05-12,Critical
16179,963,2025-06-01,5,0,6,6,2025-06-05,Critical
16180,963,2025-07-01,12,13,9,4,2025-07-17,At Risk
16181,963,2025-08-01,8,10,19,3,2025-08-17,At Risk
16182,963,2025-09-01,6,11,10,1,2025-09-19,At Risk
16183,963,2025-10-01,7,13,8,5,2025-10-16,At Risk
16184,963,2025-11-01,11,8,16,3,2025-11-21,At Risk
16185,963,2025-12-01,16,20,33,2,2025-12-27,Healthy
16186,963,2026-01-01,14,23,44,0,2026-01-27,Healthy
16187,963,2026-02-01,7,13,9,4,2026-02-21,At Risk
16188,963,2026-03-01,18,28,40,0,2026-03-27,Healthy
16189,963,2026-04-01,24,16,29,1,2026-04-26,Healthy
16190,963,2026-05-01,6,11,17,3,2026-05-16,At Risk
16191,963,2026-06-01,12,13,14,2,2026-06-16,At Risk
16192,964,2024-11-01,335,28,20,0,2024-11-26,Healthy
16193,964,2024-12-01,221,26,45,1,2024-12-28,Healthy
16194,964,2025-01-01,311,29,21,2,2025-01-29,Healthy
16195,964,2025-02-01,340,24,50,1,2025-02-25,Healthy
16196,964,2025-03-01,213,15,48,1,2025-03-30,Healthy
16197,964,2025-04-01,254,24,23,1,2025-04-28,Healthy
16198,964,2025-05-01,192,13,16,5,2025-05-20,At Risk
16199,964,2025-06-01,136,5,9,2,2025-06-16,At Risk
16200,964,2025-07-01,130,12,9,4,2025-07-18,At Risk
16201,964,2025-08-01,188,7,19,4,2025-08-16,At Risk
16202,964,2025-09-01,168,8,13,1,2025-09-23,At Risk
16203,964,2025-10-01,321,20,31,0,2025-10-31,Healthy
16204,964,2025-11-01,213,16,21,1,2025-11-27,Healthy
16205,964,2025-12-01,296,15,45,2,2025-12-26,Healthy
16206,964,2026-01-01,241,15,40,0,2026-01-31,Healthy
16207,964,2026-02-01,246,19,50,0,2026-02-23,Healthy
16208,964,2026-03-01,21,2,6,3,2026-03-15,Critical
16209,964,2026-04-01,187,9,8,2,2026-04-20,At Risk
16210,964,2026-05-01,352,19,40,0,2026-05-30,Healthy
16211,964,2026-06-01,388,22,29,1,2026-06-30,Healthy
16212,965,2025-05-01,29,16,41,2,2025-05-30,Healthy
16213,965,2025-06-01,9,14,17,4,2025-06-21,At Risk
16214,965,2025-07-01,32,20,30,2,2025-07-28,Healthy
16215,965,2025-08-01,41,28,24,1,2025-08-28,Healthy
16216,965,2025-09-01,30,19,23,0,2025-09-25,Healthy
16217,965,2025-10-01,24,28,29,2,2025-10-31,Healthy
16218,965,2025-11-01,31,30,25,0,2025-11-29,Healthy
16219,965,2025-12-01,30,25,35,0,2025-12-31,Healthy
16220,965,2026-01-01,19,9,11,4,2026-01-21,At Risk
16221,965,2026-02-01,4,0,6,6,2026-02-02,Critical
16222,965,2026-03-01,5,1,4,7,2026-03-04,Critical
16223,965,2026-04-01,15,10,10,2,2026-04-15,At Risk
16224,965,2026-05-01,9,12,12,1,2026-05-20,At Risk
16225,965,2026-06-01,22,12,16,2,2026-06-20,At Risk
16226,966,2025-10-01,8,6,16,5,2025-10-16,At Risk
16227,966,2025-11-01,14,7,11,2,2025-11-18,At Risk
16228,966,2025-12-01,17,6,13,2,2025-12-21,At Risk
16229,966,2026-01-01,20,12,10,2,2026-01-22,At Risk
16230,966,2026-02-01,1,1,7,8,2026-01-31,Critical
16231,966,2026-03-01,2,3,3,6,2026-03-01,Critical
16232,966,2026-04-01,27,26,23,1,2026-04-26,Healthy
16233,966,2026-05-01,39,15,27,2,2026-05-28,Healthy
16234,966,2026-06-01,21,27,45,1,2026-06-30,Healthy
16235,967,2024-08-01,16,21,20,1,2024-08-31,Healthy
16236,967,2024-09-01,16,16,31,0,2024-09-26,Healthy
16237,967,2024-10-01,18,22,21,1,2024-10-30,Healthy
16238,967,2024-11-01,13,21,38,2,2024-11-28,Healthy
16239,967,2024-12-01,13,26,47,1,2024-12-29,Healthy
16240,967,2025-01-01,21,26,45,1,2025-01-27,Healthy
16241,967,2025-02-01,10,11,11,3,2025-02-22,At Risk
16242,967,2025-03-01,8,10,14,4,2025-03-23,At Risk
16243,967,2025-04-01,21,18,25,1,2025-04-27,Healthy
16244,967,2025-05-01,18,29,50,1,2025-05-26,Healthy
16245,967,2025-06-01,20,26,37,2,2025-06-25,Healthy
16246,967,2025-07-01,12,19,33,2,2025-07-29,Healthy
16247,967,2025-08-01,7,10,12,1,2025-08-18,At Risk
16248,967,2025-09-01,6,5,8,2,2025-09-22,At Risk
16249,967,2025-10-01,19,27,21,2,2025-10-26,Healthy
16250,967,2025-11-01,7,8,9,3,2025-11-21,At Risk
16251,967,2025-12-01,12,25,25,1,2025-12-29,Healthy
16252,967,2026-01-01,18,18,50,1,2026-01-30,Healthy
16253,967,2026-02-01,21,28,43,2,2026-02-28,Healthy
16254,967,2026-03-01,16,15,37,1,2026-03-29,Healthy
16255,967,2026-04-01,4,9,19,5,2026-04-21,At Risk
16256,967,2026-05-01,5,13,17,3,2026-05-24,At Risk
16257,967,2026-06-01,4,10,14,4,2026-06-22,At Risk
16258,968,2024-06-01,145,21,22,0,2024-06-29,Healthy
16259,968,2024-07-01,102,9,9,2,2024-07-19,At Risk
16260,968,2024-08-01,93,8,19,1,2024-08-22,At Risk
16261,968,2024-09-01,103,11,19,4,2024-09-15,At Risk
16262,968,2024-10-01,82,9,9,2,2024-10-17,At Risk
16263,968,2024-11-01,87,5,18,3,2024-11-22,At Risk
16264,968,2024-12-01,87,9,16,1,2024-12-24,At Risk
16265,968,2025-01-01,40,14,15,2,2025-01-16,At Risk
16266,968,2025-02-01,196,27,35,2,2025-02-24,Healthy
16267,968,2025-03-01,181,15,48,0,2025-03-28,Healthy
16268,968,2025-04-01,130,24,27,2,2025-04-26,Healthy
16269,968,2025-05-01,150,24,37,2,2025-05-30,Healthy
16270,968,2025-06-01,17,1,0,7,2025-06-04,Critical
16271,968,2025-07-01,168,29,22,0,2025-07-30,Healthy
16272,968,2025-08-01,174,30,32,2,2025-08-27,Healthy
16273,968,2025-09-01,138,27,37,0,2025-09-27,Healthy
16274,968,2025-10-01,121,29,40,1,2025-10-27,Healthy
16275,968,2025-11-01,9,3,5,8,2025-11-11,Critical
16276,968,2025-12-01,19,3,6,7,2025-12-08,Critical
16277,968,2026-01-01,35,4,7,5,2026-01-04,Critical
16278,968,2026-02-01,106,22,40,0,2026-02-25,Healthy
16279,968,2026-03-01,208,17,48,2,2026-03-30,Healthy
16280,968,2026-04-01,163,22,33,1,2026-04-30,Healthy
16281,968,2026-05-01,120,15,46,2,2026-05-28,Healthy
16282,968,2026-06-01,204,21,33,2,2026-06-26,Healthy
16283,969,2024-09-01,37,5,16,1,2024-09-22,At Risk
16284,969,2024-10-01,38,6,16,5,2024-10-25,At Risk
16285,969,2024-11-01,33,12,12,2,2024-11-24,At Risk
16286,969,2024-12-01,15,0,0,3,2024-12-15,Critical
16287,969,2025-01-01,28,11,11,3,2025-01-24,At Risk
16288,969,2025-02-01,32,10,15,1,2025-02-17,At Risk
16289,969,2025-03-01,34,7,12,2,2025-03-24,At Risk
16290,969,2025-04-01,33,6,13,2,2025-04-21,At Risk
16291,969,2025-05-01,25,13,11,5,2025-05-22,At Risk
16292,969,2025-06-01,51,21,39,0,2025-06-30,Healthy
16293,969,2025-07-01,58,20,43,2,2025-07-27,Healthy
16294,969,2025-08-01,34,12,8,2,2025-08-21,At Risk
16295,969,2025-09-01,37,7,18,2,2025-09-20,At Risk
16296,969,2025-10-01,79,17,34,1,2025-10-29,Healthy
16297,969,2025-11-01,85,18,24,2,2025-11-30,Healthy
16298,969,2025-12-01,63,16,36,0,2025-12-29,Healthy
16299,969,2026-01-01,73,18,38,2,2026-01-28,Healthy
16300,969,2026-02-01,79,26,23,1,2026-02-27,Healthy
16301,969,2026-03-01,54,16,30,1,2026-03-26,Healthy
16302,969,2026-04-01,4,1,1,6,2026-04-02,Critical
16303,969,2026-05-01,11,3,2,5,2026-05-09,Critical
16304,969,2026-06-01,5,3,6,7,2026-06-12,Critical
16305,970,2025-08-01,338,19,48,0,2025-08-30,Healthy
16306,970,2025-09-01,300,19,38,1,2025-09-30,Healthy
16307,970,2025-10-01,458,30,39,1,2025-10-30,Healthy
16308,970,2025-11-01,352,24,36,1,2025-11-30,Healthy
16309,970,2025-12-01,571,18,27,1,2025-12-29,Healthy
16310,970,2026-01-01,358,22,46,1,2026-01-31,Healthy
16311,970,2026-02-01,384,25,50,0,2026-02-23,Healthy
16312,970,2026-03-01,434,18,47,2,2026-03-26,Healthy
16313,970,2026-04-01,139,7,16,1,2026-04-24,At Risk
16314,970,2026-05-01,174,5,8,3,2026-05-19,At Risk
16315,970,2026-06-01,237,7,8,4,2026-06-21,At Risk
16316,971,2024-04-01,177,0,3,5,2024-04-08,Critical
16317,971,2024-05-01,297,2,7,7,2024-05-10,Critical
16318,971,2024-06-01,97,2,3,5,2024-06-02,Critical
16319,971,2024-07-01,163,2,5,8,2024-07-12,Critical
16320,971,2024-08-01,189,2,7,7,2024-08-05,Critical
16321,971,2024-09-01,307,1,7,5,2024-09-12,Critical
16322,971,2024-10-01,678,6,12,5,2024-10-19,At Risk
16323,971,2024-11-01,111,3,4,7,2024-11-11,Critical
16324,971,2024-12-01,909,19,50,2,2024-12-29,Healthy
16325,971,2025-01-01,819,8,13,3,2025-01-18,At Risk
16326,971,2025-02-01,52,3,5,6,2025-02-11,Critical
16327,971,2025-03-01,64,1,0,4,2025-03-13,Critical
16328,971,2025-04-01,129,0,6,6,2025-04-04,Critical
16329,971,2025-05-01,306,4,7,3,2025-05-09,Critical
16330,971,2025-06-01,188,2,7,6,2025-06-11,Critical
16331,971,2025-07-01,104,1,1,7,2025-07-06,Critical
16332,971,2025-08-01,219,0,4,4,2025-08-08,Critical
16333,971,2025-09-01,44,3,2,7,2025-09-03,Critical
16334,971,2025-10-01,106,1,1,7,2025-10-12,Critical
16335,971,2025-11-01,175,4,0,4,2025-11-08,Critical
16336,971,2025-12-01,268,1,6,7,2025-12-13,Critical
16337,971,2026-01-01,62,0,1,7,2026-01-01,Critical
16338,971,2026-02-01,506,5,14,1,2026-02-22,At Risk
16339,971,2026-03-01,403,7,9,2,2026-03-20,At Risk
16340,971,2026-04-01,507,13,12,3,2026-04-20,At Risk
16341,971,2026-05-01,1035,22,21,0,2026-05-27,Healthy
16342,971,2026-06-01,293,2,3,8,2026-05-31,Critical
16343,972,2024-07-01,10,22,37,0,2024-07-28,Healthy
16344,972,2024-08-01,11,26,44,1,2024-08-31,Healthy
16345,972,2024-09-01,9,27,41,1,2024-09-28,Healthy
16346,972,2024-10-01,8,29,25,0,2024-10-31,Healthy
16347,972,2024-11-01,7,17,38,0,2024-11-26,Healthy
16348,972,2024-12-01,8,15,30,2,2024-12-27,Healthy
16349,972,2025-01-01,2,1,6,4,2025-01-13,Critical
16350,972,2025-02-01,2,1,4,6,2025-02-03,Critical
16351,972,2025-03-01,6,12,13,1,2025-03-16,At Risk
16352,972,2025-04-01,13,23,42,1,2025-04-28,Healthy
16353,972,2025-05-01,10,18,25,2,2025-05-29,Healthy
16354,972,2025-06-01,11,19,28,0,2025-06-29,Healthy
16355,972,2025-07-01,12,22,20,2,2025-07-26,Healthy
16356,972,2025-08-01,11,16,47,2,2025-08-30,Healthy
16357,972,2025-09-01,11,30,32,0,2025-09-25,Healthy
16358,972,2025-10-01,7,29,40,2,2025-10-29,Healthy
16359,972,2025-11-01,8,17,25,2,2025-11-28,Healthy
16360,972,2025-12-01,9,30,22,2,2025-12-31,Healthy
16361,972,2026-01-01,9,25,35,0,2026-01-26,Healthy
16362,972,2026-02-01,12,23,32,0,2026-02-26,Healthy
16363,972,2026-03-01,11,22,26,0,2026-03-27,Healthy
16364,972,2026-04-01,11,24,47,0,2026-04-25,Healthy
16365,972,2026-05-01,8,16,46,1,2026-05-31,Healthy
16366,972,2026-06-01,9,23,31,1,2026-06-27,Healthy
16367,973,2025-11-01,26,9,10,5,2025-11-22,At Risk
16368,973,2025-12-01,11,3,1,8,2025-12-12,Critical
16369,973,2026-01-01,5,1,4,3,2026-01-09,Critical
16370,973,2026-02-01,5,0,0,7,2026-02-01,Critical
16371,973,2026-03-01,10,1,3,6,2026-03-08,Critical
16372,973,2026-04-01,13,7,15,2,2026-04-20,At Risk
16373,973,2026-05-01,21,12,9,1,2026-05-17,At Risk
16374,973,2026-06-01,18,11,13,1,2026-06-16,At Risk
16375,974,2025-06-01,155,11,12,5,2025-06-16,At Risk
16376,974,2025-07-01,226,18,36,2,2025-07-26,Healthy
16377,974,2025-08-01,81,6,8,4,2025-08-17,At Risk
16378,974,2025-09-01,139,5,11,1,2025-09-21,At Risk
16379,974,2025-10-01,88,5,12,5,2025-10-16,At Risk
16380,974,2025-11-01,253,28,26,1,2025-11-27,Healthy
16381,974,2025-12-01,163,25,33,0,2025-12-31,Healthy
16382,974,2026-01-01,161,20,47,2,2026-01-28,Healthy
16383,974,2026-02-01,230,24,34,0,2026-02-26,Healthy
16384,974,2026-03-01,172,27,50,0,2026-03-31,Healthy
16385,974,2026-04-01,188,17,44,0,2026-04-29,Healthy
16386,974,2026-05-01,246,18,37,0,2026-05-26,Healthy
16387,974,2026-06-01,300,16,28,0,2026-06-26,Healthy
16388,975,2025-03-01,976,5,16,3,2025-03-16,At Risk
16389,975,2025-04-01,816,11,9,4,2025-04-17,At Risk
16390,975,2025-05-01,1694,6,11,4,2025-05-19,At Risk
16391,975,2025-06-01,1144,14,13,4,2025-06-20,At Risk
16392,975,2025-07-01,3114,21,33,0,2025-07-27,Healthy
16393,975,2025-08-01,2059,20,27,1,2025-08-26,Healthy
16394,975,2025-09-01,2266,22,48,1,2025-09-27,Healthy
16395,975,2025-10-01,2774,18,46,0,2025-10-27,Healthy
16396,975,2025-11-01,2774,15,31,1,2025-11-30,Healthy
16397,975,2025-12-01,2850,19,23,1,2025-12-30,Healthy
16398,975,2026-01-01,2641,15,50,0,2026-01-26,Healthy
16399,975,2026-02-01,2585,16,20,0,2026-02-28,Healthy
16400,975,2026-03-01,3114,17,37,0,2026-03-28,Healthy
16401,975,2026-04-01,2782,26,45,0,2026-04-25,Healthy
16402,975,2026-05-01,2525,26,44,2,2026-05-28,Healthy
16403,975,2026-06-01,2301,19,24,0,2026-06-28,Healthy
16404,976,2025-11-01,1,3,7,7,2025-11-07,Critical
16405,976,2025-12-01,15,25,48,1,2025-12-31,Healthy
16406,976,2026-01-01,2,4,2,7,2026-01-04,Critical
16407,976,2026-02-01,6,10,14,5,2026-02-21,At Risk
16408,976,2026-03-01,9,5,10,2,2026-03-17,At Risk
16409,976,2026-04-01,3,2,2,3,2026-04-07,Critical
16410,976,2026-05-01,12,9,12,3,2026-05-20,At Risk
16411,976,2026-06-01,21,26,21,2,2026-06-26,Healthy
16412,977,2025-08-01,42,21,28,0,2025-08-28,Healthy
16413,977,2025-09-01,31,25,27,1,2025-09-26,Healthy
16414,977,2025-10-01,39,27,46,0,2025-10-30,Healthy
16415,977,2025-11-01,28,27,44,1,2025-11-29,Healthy
16416,977,2025-12-01,39,18,45,2,2025-12-30,Healthy
16417,977,2026-01-01,44,21,50,2,2026-01-31,Healthy
16418,977,2026-02-01,21,13,14,1,2026-02-19,At Risk
16419,977,2026-03-01,34,23,20,0,2026-03-26,Healthy
16420,977,2026-04-01,36,15,38,2,2026-04-29,Healthy
16421,977,2026-05-01,29,26,39,2,2026-05-29,Healthy
16422,977,2026-06-01,53,23,20,0,2026-06-25,Healthy
16423,978,2024-05-01,1626,24,48,0,2024-05-27,Healthy
16424,978,2024-06-01,2688,30,25,0,2024-06-28,Healthy
16425,978,2024-07-01,2641,30,50,0,2024-07-27,Healthy
16426,978,2024-08-01,2569,20,35,1,2024-08-27,Healthy
16427,978,2024-09-01,1073,8,12,3,2024-09-21,At Risk
16428,978,2024-10-01,1455,5,15,2,2024-10-22,At Risk
16429,978,2024-11-01,949,7,16,3,2024-11-23,At Risk
16430,978,2024-12-01,829,12,17,1,2024-12-16,At Risk
16431,978,2025-01-01,2729,28,48,2,2025-01-27,Healthy
16432,978,2025-02-01,2330,19,24,2,2025-02-25,Healthy
16433,978,2025-03-01,1952,30,49,0,2025-03-28,Healthy
16434,978,2025-04-01,1857,17,26,0,2025-04-30,Healthy
16435,978,2025-05-01,1363,14,17,2,2025-05-21,At Risk
16436,978,2025-06-01,330,1,3,8,2025-06-12,Critical
16437,978,2025-07-01,297,4,0,7,2025-07-03,Critical
16438,978,2025-08-01,583,7,11,3,2025-08-16,At Risk
16439,978,2025-09-01,1236,5,17,1,2025-09-15,At Risk
16440,978,2025-10-01,202,4,7,8,2025-10-03,Critical
16441,978,2025-11-01,2551,20,42,1,2025-11-25,Healthy
16442,978,2025-12-01,2526,17,48,0,2025-12-31,Healthy
16443,978,2026-01-01,1034,10,14,5,2026-01-24,At Risk
16444,978,2026-02-01,1430,8,11,2,2026-02-22,At Risk
16445,978,2026-03-01,601,5,16,1,2026-03-17,At Risk
16446,978,2026-04-01,3057,15,46,1,2026-04-28,Healthy
16447,978,2026-05-01,1594,24,26,1,2026-05-29,Healthy
16448,978,2026-06-01,2521,27,22,0,2026-06-29,Healthy
16449,979,2026-01-01,9,29,35,1,2026-01-30,Healthy
16450,979,2026-02-01,7,21,49,0,2026-02-25,Healthy
16451,979,2026-03-01,11,17,20,1,2026-03-30,Healthy
16452,979,2026-04-01,10,22,37,0,2026-04-29,Healthy
16453,979,2026-05-01,9,15,30,1,2026-05-30,Healthy
16454,979,2026-06-01,9,23,26,2,2026-06-28,Healthy
16455,980,2025-08-01,1160,16,38,2,2025-08-27,Healthy
16456,980,2025-09-01,1363,16,28,0,2025-09-30,Healthy
16457,980,2025-10-01,1371,21,28,2,2025-10-27,Healthy
16458,980,2025-11-01,881,16,32,2,2025-11-26,Healthy
16459,980,2025-12-01,1530,30,36,1,2025-12-29,Healthy
16460,980,2026-01-01,1416,27,38,0,2026-01-26,Healthy
16461,980,2026-02-01,650,11,19,2,2026-02-13,At Risk
16462,980,2026-03-01,1316,30,27,1,2026-03-29,Healthy
16463,980,2026-04-01,936,23,25,0,2026-04-30,Healthy
16464,980,2026-05-01,1312,28,31,2,2026-05-30,Healthy
16465,980,2026-06-01,1339,27,45,2,2026-06-28,Healthy
16466,981,2024-08-01,215,21,35,1,2024-08-30,Healthy
16467,981,2024-09-01,194,19,32,2,2024-09-25,Healthy
16468,981,2024-10-01,172,28,37,2,2024-10-31,Healthy
16469,981,2024-11-01,88,6,10,3,2024-11-22,At Risk
16470,981,2024-12-01,86,9,10,3,2024-12-16,At Risk
16471,981,2025-01-01,20,3,2,8,2025-01-02,Critical
16472,981,2025-02-01,81,11,17,1,2025-02-13,At Risk
16473,981,2025-03-01,23,1,0,7,2025-03-03,Critical
16474,981,2025-04-01,88,9,9,2,2025-04-20,At Risk
16475,981,2025-05-01,97,9,10,5,2025-05-19,At Risk
16476,981,2025-06-01,66,9,18,2,2025-06-15,At Risk
16477,981,2025-07-01,180,29,34,0,2025-07-26,Healthy
16478,981,2025-08-01,193,24,20,0,2025-08-31,Healthy
16479,981,2025-09-01,246,16,28,0,2025-09-28,Healthy
16480,981,2025-10-01,235,26,49,0,2025-10-28,Healthy
16481,981,2025-11-01,52,14,18,4,2025-11-17,At Risk
16482,981,2025-12-01,105,7,17,5,2025-12-21,At Risk
16483,981,2026-01-01,263,28,40,0,2026-01-31,Healthy
16484,981,2026-02-01,258,19,25,0,2026-02-23,Healthy
16485,981,2026-03-01,192,20,44,0,2026-03-26,Healthy
16486,981,2026-04-01,247,16,30,2,2026-04-28,Healthy
16487,981,2026-05-01,53,13,17,5,2026-05-24,At Risk
16488,981,2026-06-01,128,11,11,2,2026-06-20,At Risk
16489,982,2026-02-01,49,28,26,1,2026-02-23,Healthy
16490,982,2026-03-01,27,8,15,2,2026-03-23,At Risk
16491,982,2026-04-01,5,2,1,7,2026-04-05,Critical
16492,982,2026-05-01,6,1,5,5,2026-05-03,Critical
16493,982,2026-06-01,5,2,2,5,2026-05-31,Critical
16494,983,2024-06-01,42,16,45,2,2024-06-25,Healthy
16495,983,2024-07-01,45,23,28,0,2024-07-30,Healthy
16496,983,2024-08-01,13,10,17,4,2024-08-25,At Risk
16497,983,2024-09-01,23,13,9,4,2024-09-20,At Risk
16498,983,2024-10-01,28,12,10,5,2024-10-25,At Risk
16499,983,2024-11-01,19,11,18,2,2024-11-24,At Risk
16500,983,2024-12-01,17,14,13,3,2024-12-25,At Risk
16501,983,2025-01-01,26,8,14,3,2025-01-25,At Risk
16502,983,2025-02-01,37,25,40,2,2025-02-27,Healthy
16503,983,2025-03-01,33,16,31,1,2025-03-30,Healthy
16504,983,2025-04-01,43,15,25,0,2025-04-30,Healthy
16505,983,2025-05-01,43,22,49,2,2025-05-28,Healthy
16506,983,2025-06-01,34,17,38,2,2025-06-25,Healthy
16507,983,2025-07-01,22,9,10,3,2025-07-20,At Risk
16508,983,2025-08-01,20,7,8,5,2025-08-17,At Risk
16509,983,2025-09-01,53,25,35,2,2025-09-25,Healthy
16510,983,2025-10-01,29,25,35,1,2025-10-30,Healthy
16511,983,2025-11-01,54,15,35,1,2025-11-26,Healthy
16512,983,2025-12-01,55,15,34,2,2025-12-26,Healthy
16513,983,2026-01-01,45,27,30,2,2026-01-28,Healthy
16514,983,2026-02-01,51,25,29,0,2026-02-24,Healthy
16515,983,2026-03-01,55,30,47,0,2026-03-31,Healthy
16516,983,2026-04-01,55,18,44,0,2026-04-28,Healthy
16517,983,2026-05-01,29,20,47,1,2026-05-26,Healthy
16518,983,2026-06-01,49,22,31,2,2026-06-30,Healthy
16519,984,2025-01-01,556,25,46,2,2025-01-28,Healthy
16520,984,2025-02-01,438,17,45,0,2025-02-26,Healthy
16521,984,2025-03-01,539,28,21,2,2025-03-28,Healthy
16522,984,2025-04-01,554,23,23,1,2025-04-27,Healthy
16523,984,2025-05-01,716,29,49,1,2025-05-31,Healthy
16524,984,2025-06-01,605,29,23,0,2025-06-27,Healthy
16525,984,2025-07-01,653,20,49,0,2025-07-26,Healthy
16526,984,2025-08-01,763,25,27,2,2025-08-29,Healthy
16527,984,2025-09-01,712,18,32,2,2025-09-27,Healthy
16528,984,2025-10-01,595,21,30,0,2025-10-29,Healthy
16529,984,2025-11-01,462,24,25,1,2025-11-30,Healthy
16530,984,2025-12-01,654,20,46,0,2025-12-27,Healthy
16531,984,2026-01-01,397,26,24,0,2026-01-30,Healthy
16532,984,2026-02-01,578,25,39,0,2026-02-23,Healthy
16533,984,2026-03-01,645,18,40,2,2026-03-31,Healthy
16534,984,2026-04-01,435,23,33,1,2026-04-30,Healthy
16535,984,2026-05-01,512,27,33,2,2026-05-31,Healthy
16536,984,2026-06-01,206,9,9,2,2026-06-15,At Risk
16537,985,2024-07-01,25,29,46,2,2024-07-28,Healthy
16538,985,2024-08-01,28,21,47,1,2024-08-27,Healthy
16539,985,2024-09-01,11,6,12,1,2024-09-21,At Risk
16540,985,2024-10-01,25,22,20,2,2024-10-29,Healthy
16541,985,2024-11-01,19,15,47,1,2024-11-30,Healthy
16542,985,2024-12-01,7,6,9,4,2024-12-19,At Risk
16543,985,2025-01-01,21,19,39,0,2025-01-26,Healthy
16544,985,2025-02-01,7,11,8,2,2025-02-17,At Risk
16545,985,2025-03-01,10,12,14,5,2025-03-18,At Risk
16546,985,2025-04-01,6,12,19,5,2025-04-15,At Risk
16547,985,2025-05-01,19,29,42,2,2025-05-27,Healthy
16548,985,2025-06-01,15,18,33,1,2025-06-29,Healthy
16549,985,2025-07-01,26,29,20,1,2025-07-29,Healthy
16550,985,2025-08-01,18,15,21,2,2025-08-30,Healthy
16551,985,2025-09-01,22,26,31,0,2025-09-27,Healthy
16552,985,2025-10-01,23,20,38,0,2025-10-26,Healthy
16553,985,2025-11-01,25,19,27,0,2025-11-29,Healthy
16554,985,2025-12-01,21,27,26,0,2025-12-29,Healthy
16555,985,2026-01-01,5,14,18,1,2026-01-24,At Risk
16556,985,2026-02-01,5,13,17,4,2026-02-13,At Risk
16557,985,2026-03-01,2,4,4,3,2026-03-03,Critical
16558,985,2026-04-01,11,11,17,5,2026-04-19,At Risk
16559,985,2026-05-01,27,15,28,0,2026-05-30,Healthy
16560,985,2026-06-01,25,15,44,2,2026-06-25,Healthy
16561,986,2025-04-01,60,5,18,4,2025-04-19,At Risk
16562,986,2025-05-01,159,24,38,0,2025-05-31,Healthy
16563,986,2025-06-01,103,24,24,0,2025-06-28,Healthy
16564,986,2025-07-01,74,13,14,3,2025-07-25,At Risk
16565,986,2025-08-01,31,2,4,6,2025-08-02,Critical
16566,986,2025-09-01,24,1,6,5,2025-09-14,Critical
16567,986,2025-10-01,80,6,10,3,2025-10-24,At Risk
16568,986,2025-11-01,43,8,9,2,2025-11-18,At Risk
16569,986,2025-12-01,18,4,4,6,2025-12-09,Critical
16570,986,2026-01-01,32,3,3,3,2026-01-09,Critical
16571,986,2026-02-01,16,2,4,6,2026-02-02,Critical
16572,986,2026-03-01,16,2,6,8,2026-03-04,Critical
16573,986,2026-04-01,48,10,18,5,2026-04-19,At Risk
16574,986,2026-05-01,76,8,14,5,2026-05-21,At Risk
16575,986,2026-06-01,82,12,11,4,2026-06-20,At Risk
16576,987,2025-04-01,11,5,9,5,2025-04-18,At Risk
16577,987,2025-05-01,6,14,14,2,2025-05-25,At Risk
16578,987,2025-06-01,6,9,13,1,2025-06-17,At Risk
16579,987,2025-07-01,3,1,5,4,2025-07-08,Critical
16580,987,2025-08-01,2,3,5,3,2025-08-14,Critical
16581,987,2025-09-01,3,2,5,7,2025-09-05,Critical
16582,987,2025-10-01,1,2,7,4,2025-10-10,Critical
16583,987,2025-11-01,4,2,2,6,2025-11-05,Critical
16584,987,2025-12-01,1,3,0,4,2025-12-10,Critical
16585,987,2026-01-01,18,20,49,2,2026-01-28,Healthy
16586,987,2026-02-01,12,21,27,1,2026-02-24,Healthy
16587,987,2026-03-01,12,23,29,0,2026-03-26,Healthy
16588,987,2026-04-01,19,15,39,2,2026-04-25,Healthy
16589,987,2026-05-01,17,22,29,2,2026-05-29,Healthy
16590,987,2026-06-01,19,29,36,1,2026-06-28,Healthy
16591,988,2024-05-01,91,24,38,1,2024-05-26,Healthy
16592,988,2024-06-01,26,8,12,5,2024-06-24,At Risk
16593,988,2024-07-01,13,1,5,8,2024-07-11,Critical
16594,988,2024-08-01,7,4,2,4,2024-08-02,Critical
16595,988,2024-09-01,21,4,4,8,2024-09-08,Critical
16596,988,2024-10-01,7,1,3,7,2024-10-08,Critical
16597,988,2024-11-01,37,10,19,2,2024-11-24,At Risk
16598,988,2024-12-01,55,8,10,3,2024-12-16,At Risk
16599,988,2025-01-01,83,28,30,2,2025-01-29,Healthy
16600,988,2025-02-01,119,15,45,0,2025-02-28,Healthy
16601,988,2025-03-01,75,18,46,0,2025-03-30,Healthy
16602,988,2025-04-01,94,25,32,2,2025-04-27,Healthy
16603,988,2025-05-01,76,17,36,0,2025-05-29,Healthy
16604,988,2025-06-01,13,2,5,5,2025-06-12,Critical
16605,988,2025-07-01,26,9,9,2,2025-07-16,At Risk
16606,988,2025-08-01,5,3,4,5,2025-08-01,Critical
16607,988,2025-09-01,16,0,1,6,2025-09-07,Critical
16608,988,2025-10-01,28,13,12,3,2025-10-16,At Risk
16609,988,2025-11-01,72,17,33,2,2025-11-25,Healthy
16610,988,2025-12-01,86,21,38,0,2025-12-30,Healthy
16611,988,2026-01-01,120,30,25,0,2026-01-29,Healthy
16612,988,2026-02-01,58,13,13,5,2026-02-20,At Risk
16613,988,2026-03-01,78,16,26,0,2026-03-31,Healthy
16614,988,2026-04-01,47,7,10,3,2026-04-21,At Risk
16615,988,2026-05-01,62,14,12,3,2026-05-20,At Risk
16616,988,2026-06-01,55,5,15,2,2026-06-17,At Risk
16617,989,2024-10-01,25,10,17,2,2024-10-20,At Risk
16618,989,2024-11-01,4,2,1,4,2024-11-03,Critical
16619,989,2024-12-01,8,1,5,8,2024-12-04,Critical
16620,989,2025-01-01,14,2,4,7,2025-01-15,Critical
16621,989,2025-02-01,5,1,7,3,2025-02-06,Critical
16622,989,2025-03-01,5,1,5,6,2025-03-09,Critical
16623,989,2025-04-01,12,4,0,6,2025-04-01,Critical
16624,989,2025-05-01,7,2,5,6,2025-05-05,Critical
16625,989,2025-06-01,12,4,7,8,2025-06-13,Critical
16626,989,2025-07-01,31,14,18,2,2025-07-19,At Risk
16627,989,2025-08-01,25,11,14,3,2025-08-20,At Risk
16628,989,2025-09-01,28,10,17,1,2025-09-20,At Risk
16629,989,2025-10-01,43,29,39,2,2025-10-29,Healthy
16630,989,2025-11-01,73,16,45,0,2025-11-30,Healthy
16631,989,2025-12-01,45,29,50,2,2025-12-30,Healthy
16632,989,2026-01-01,61,23,22,1,2026-01-28,Healthy
16633,989,2026-02-01,65,30,43,2,2026-02-24,Healthy
16634,989,2026-03-01,71,17,40,2,2026-03-30,Healthy
16635,989,2026-04-01,48,24,24,0,2026-04-26,Healthy
16636,989,2026-05-01,43,15,31,1,2026-05-29,Healthy
16637,989,2026-06-01,60,17,20,2,2026-06-30,Healthy
16638,990,2025-11-01,25,22,23,0,2025-11-26,Healthy
16639,990,2025-12-01,19,13,9,3,2025-12-19,At Risk
16640,990,2026-01-01,11,5,15,4,2026-01-24,At Risk
16641,990,2026-02-01,17,14,8,5,2026-02-16,At Risk
16642,990,2026-03-01,21,8,18,5,2026-03-18,At Risk
16643,990,2026-04-01,10,10,15,4,2026-04-19,At Risk
16644,990,2026-05-01,10,6,9,5,2026-05-20,At Risk
16645,990,2026-06-01,36,28,37,0,2026-06-27,Healthy
16646,991,2025-10-01,17,11,15,4,2025-10-24,At Risk
16647,991,2025-11-01,2,0,0,4,2025-11-02,Critical
16648,991,2025-12-01,8,3,7,6,2025-12-02,Critical
16649,991,2026-01-01,7,2,4,8,2026-01-02,Critical
16650,991,2026-02-01,9,0,6,8,2026-02-08,Critical
16651,991,2026-03-01,17,9,18,4,2026-03-16,At Risk
16652,991,2026-04-01,11,1,6,4,2026-04-01,Critical
16653,991,2026-05-01,20,13,14,4,2026-05-18,At Risk
16654,991,2026-06-01,28,13,17,2,2026-06-23,At Risk
16655,992,2024-03-01,26,19,50,0,2024-03-30,Healthy
16656,992,2024-04-01,15,22,21,2,2024-04-30,Healthy
16657,992,2024-05-01,21,30,38,1,2024-05-30,Healthy
16658,992,2024-06-01,27,26,33,1,2024-06-26,Healthy
16659,992,2024-07-01,18,29,45,2,2024-07-31,Healthy
16660,992,2024-08-01,20,16,29,2,2024-08-28,Healthy
16661,992,2024-09-01,12,6,19,4,2024-09-24,At Risk
16662,992,2024-10-01,11,5,10,1,2024-10-25,At Risk
16663,992,2024-11-01,11,11,13,5,2024-11-19,At Risk
16664,992,2024-12-01,24,17,20,2,2024-12-30,Healthy
16665,992,2025-01-01,21,26,30,0,2025-01-26,Healthy
16666,992,2025-02-01,1,2,6,4,2025-02-12,Critical
16667,992,2025-03-01,5,4,4,4,2025-03-15,Critical
16668,992,2025-04-01,3,0,5,6,2025-04-10,Critical
16669,992,2025-05-01,12,8,11,2,2025-05-18,At Risk
16670,992,2025-06-01,6,14,13,1,2025-06-20,At Risk
16671,992,2025-07-01,10,12,11,5,2025-07-25,At Risk
16672,992,2025-08-01,4,0,7,5,2025-08-15,Critical
16673,992,2025-09-01,3,3,7,5,2025-09-07,Critical
16674,992,2025-10-01,2,2,2,5,2025-10-14,Critical
16675,992,2025-11-01,8,9,12,3,2025-11-18,At Risk
16676,992,2025-12-01,14,8,18,5,2025-12-24,At Risk
16677,992,2026-01-01,12,10,18,4,2026-01-21,At Risk
16678,992,2026-02-01,7,9,10,5,2026-02-14,At Risk
16679,992,2026-03-01,9,10,18,3,2026-03-25,At Risk
16680,992,2026-04-01,17,18,46,0,2026-04-30,Healthy
16681,992,2026-05-01,3,0,4,5,2026-05-13,Critical
16682,992,2026-06-01,7,14,16,5,2026-06-22,At Risk
16683,993,2024-09-01,22,7,18,1,2024-09-21,At Risk
16684,993,2024-10-01,10,2,2,7,2024-10-11,Critical
16685,993,2024-11-01,2,1,4,6,2024-11-13,Critical
16686,993,2024-12-01,47,16,28,1,2024-12-27,Healthy
16687,993,2025-01-01,38,20,48,2,2025-01-29,Healthy
16688,993,2025-02-01,49,22,28,1,2025-02-28,Healthy
16689,993,2025-03-01,48,19,24,2,2025-03-28,Healthy
16690,993,2025-04-01,47,19,24,0,2025-04-29,Healthy
16691,993,2025-05-01,17,7,19,4,2025-05-24,At Risk
16692,993,2025-06-01,50,26,27,0,2025-06-25,Healthy
16693,993,2025-07-01,41,24,49,2,2025-07-30,Healthy
16694,993,2025-08-01,52,17,49,0,2025-08-26,Healthy
16695,993,2025-09-01,33,9,14,1,2025-09-22,At Risk
16696,993,2025-10-01,56,15,30,0,2025-10-30,Healthy
16697,993,2025-11-01,63,18,33,0,2025-11-25,Healthy
16698,993,2025-12-01,55,29,24,2,2025-12-26,Healthy
16699,993,2026-01-01,24,13,15,1,2026-01-24,At Risk
16700,993,2026-02-01,49,18,32,2,2026-02-28,Healthy
16701,993,2026-03-01,37,16,30,0,2026-03-30,Healthy
16702,993,2026-04-01,64,22,23,0,2026-04-25,Healthy
16703,993,2026-05-01,72,30,20,2,2026-05-29,Healthy
16704,993,2026-06-01,68,25,46,1,2026-06-27,Healthy
16705,994,2024-05-01,41,15,36,1,2024-05-29,Healthy
16706,994,2024-06-01,44,22,49,0,2024-06-30,Healthy
16707,994,2024-07-01,25,26,30,2,2024-07-28,Healthy
16708,994,2024-08-01,39,18,36,2,2024-08-29,Healthy
16709,994,2024-09-01,46,23,44,0,2024-09-27,Healthy
16710,994,2024-10-01,41,20,21,1,2024-10-26,Healthy
16711,994,2024-11-01,33,30,20,2,2024-11-28,Healthy
16712,994,2024-12-01,23,7,18,4,2024-12-18,At Risk
16713,994,2025-01-01,22,5,18,3,2025-01-16,At Risk
16714,994,2025-02-01,7,0,1,7,2025-02-10,Critical
16715,994,2025-03-01,23,12,16,5,2025-03-24,At Risk
16716,994,2025-04-01,40,30,48,1,2025-04-30,Healthy
16717,994,2025-05-01,29,20,49,0,2025-05-31,Healthy
16718,994,2025-06-01,29,28,33,1,2025-06-26,Healthy
16719,994,2025-07-01,10,13,8,4,2025-07-17,At Risk
16720,994,2025-08-01,23,12,15,2,2025-08-24,At Risk
16721,994,2025-09-01,15,5,11,3,2025-09-23,At Risk
16722,994,2025-10-01,4,4,2,5,2025-10-06,Critical
16723,994,2025-11-01,5,4,6,5,2025-11-06,Critical
16724,994,2025-12-01,8,2,3,3,2025-12-05,Critical
16725,994,2026-01-01,4,3,2,8,2026-01-03,Critical
16726,994,2026-02-01,4,1,7,4,2026-02-09,Critical
16727,994,2026-03-01,5,4,2,3,2026-03-11,Critical
16728,994,2026-04-01,10,9,11,4,2026-04-24,At Risk
16729,994,2026-05-01,48,21,30,2,2026-05-29,Healthy
16730,994,2026-06-01,36,30,26,0,2026-06-28,Healthy
16731,995,2024-09-01,21,29,29,0,2024-09-26,Healthy
16732,995,2024-10-01,22,17,24,2,2024-10-29,Healthy
16733,995,2024-11-01,13,13,9,3,2024-11-21,At Risk
16734,995,2024-12-01,7,9,19,1,2024-12-16,At Risk
16735,995,2025-01-01,14,13,9,4,2025-01-19,At Risk
16736,995,2025-02-01,29,27,27,1,2025-02-23,Healthy
16737,995,2025-03-01,8,7,15,1,2025-03-24,At Risk
16738,995,2025-04-01,4,4,2,5,2025-03-31,Critical
16739,995,2025-05-01,10,8,13,5,2025-05-16,At Risk
16740,995,2025-06-01,9,6,16,2,2025-06-22,At Risk
16741,995,2025-07-01,19,23,27,2,2025-07-27,Healthy
16742,995,2025-08-01,26,30,49,1,2025-08-26,Healthy
16743,995,2025-09-01,22,24,49,2,2025-09-26,Healthy
16744,995,2025-10-01,21,22,45,0,2025-10-27,Healthy
16745,995,2025-11-01,26,27,47,1,2025-11-29,Healthy
16746,995,2025-12-01,16,29,28,2,2025-12-29,Healthy
16747,995,2026-01-01,8,10,13,3,2026-01-21,At Risk
16748,995,2026-02-01,8,13,15,5,2026-02-13,At Risk
16749,995,2026-03-01,12,8,16,1,2026-03-20,At Risk
16750,995,2026-04-01,17,30,33,2,2026-04-26,Healthy
16751,995,2026-05-01,6,8,17,3,2026-05-23,At Risk
16752,995,2026-06-01,22,27,31,2,2026-06-30,Healthy
16753,996,2024-05-01,479,30,29,0,2024-05-26,Healthy
16754,996,2024-06-01,418,27,32,1,2024-06-26,Healthy
16755,996,2024-07-01,604,23,29,0,2024-07-28,Healthy
16756,996,2024-08-01,594,21,27,1,2024-08-28,Healthy
16757,996,2024-09-01,411,25,27,1,2024-09-30,Healthy
16758,996,2024-10-01,274,7,13,3,2024-10-21,At Risk
16759,996,2024-11-01,167,10,11,3,2024-11-24,At Risk
16760,996,2024-12-01,282,10,18,3,2024-12-21,At Risk
16761,996,2025-01-01,624,24,26,0,2025-01-29,Healthy
16762,996,2025-02-01,533,24,40,0,2025-02-26,Healthy
16763,996,2025-03-01,170,10,12,5,2025-03-19,At Risk
16764,996,2025-04-01,265,13,11,4,2025-04-19,At Risk
16765,996,2025-05-01,125,11,11,3,2025-05-21,At Risk
16766,996,2025-06-01,104,1,6,6,2025-06-07,Critical
16767,996,2025-07-01,61,4,4,6,2025-07-06,Critical
16768,996,2025-08-01,21,4,2,4,2025-08-06,Critical
16769,996,2025-09-01,33,4,7,5,2025-09-02,Critical
16770,996,2025-10-01,416,16,50,2,2025-10-26,Healthy
16771,996,2025-11-01,204,8,19,4,2025-11-18,At Risk
16772,996,2025-12-01,308,6,9,1,2025-12-16,At Risk
16773,996,2026-01-01,209,8,10,5,2026-01-19,At Risk
16774,996,2026-02-01,328,8,17,3,2026-02-18,At Risk
16775,996,2026-03-01,223,13,8,5,2026-03-20,At Risk
16776,996,2026-04-01,147,7,18,5,2026-04-16,At Risk
16777,996,2026-05-01,191,5,15,3,2026-05-20,At Risk
16778,996,2026-06-01,537,30,38,1,2026-06-28,Healthy
16779,997,2024-12-01,38,11,11,3,2024-12-24,At Risk
16780,997,2025-01-01,76,5,14,3,2025-01-20,At Risk
16781,997,2025-02-01,40,5,15,3,2025-02-14,At Risk
16782,997,2025-03-01,16,0,4,5,2025-03-01,Critical
16783,997,2025-04-01,43,6,16,1,2025-04-15,At Risk
16784,997,2025-05-01,30,14,11,3,2025-05-20,At Risk
16785,997,2025-06-01,85,19,22,2,2025-06-25,Healthy
16786,997,2025-07-01,140,16,49,2,2025-07-27,Healthy
16787,997,2025-08-01,151,21,31,2,2025-08-27,Healthy
16788,997,2025-09-01,45,10,10,5,2025-09-15,At Risk
16789,997,2025-10-01,36,11,13,3,2025-10-22,At Risk
16790,997,2025-11-01,74,7,18,5,2025-11-22,At Risk
16791,997,2025-12-01,152,15,39,0,2025-12-30,Healthy
16792,997,2026-01-01,98,26,40,1,2026-01-28,Healthy
16793,997,2026-02-01,45,12,18,4,2026-02-16,At Risk
16794,997,2026-03-01,37,6,12,4,2026-03-25,At Risk
16795,997,2026-04-01,145,16,37,2,2026-04-26,Healthy
16796,997,2026-05-01,106,22,48,1,2026-05-29,Healthy
16797,997,2026-06-01,147,17,47,0,2026-06-27,Healthy
16798,998,2025-02-01,46,30,48,2,2025-02-27,Healthy
16799,998,2025-03-01,39,20,42,2,2025-03-28,Healthy
16800,998,2025-04-01,64,28,41,0,2025-04-29,Healthy
16801,998,2025-05-01,51,27,47,2,2025-05-31,Healthy
16802,998,2025-06-01,2,3,0,6,2025-06-10,Critical
16803,998,2025-07-01,42,30,50,1,2025-07-30,Healthy
16804,998,2025-08-01,47,24,50,2,2025-08-31,Healthy
16805,998,2025-09-01,46,22,44,0,2025-09-25,Healthy
16806,998,2025-10-01,70,21,46,2,2025-10-27,Healthy
16807,998,2025-11-01,68,16,38,0,2025-11-29,Healthy
16808,998,2025-12-01,54,29,49,1,2025-12-31,Healthy
16809,998,2026-01-01,13,4,5,5,2026-01-02,Critical
16810,998,2026-02-01,11,4,5,4,2026-01-29,Critical
16811,998,2026-03-01,10,2,5,6,2026-03-01,Critical
16812,998,2026-04-01,5,3,1,5,2026-04-06,Critical
16813,998,2026-05-01,8,1,0,7,2026-05-02,Critical
16814,998,2026-06-01,9,4,6,5,2026-06-02,Critical
16815,999,2025-05-01,18,3,1,5,2025-05-05,Critical
16816,999,2025-06-01,91,18,36,2,2025-06-29,Healthy
16817,999,2025-07-01,126,15,21,1,2025-07-30,Healthy
16818,999,2025-08-01,116,25,34,2,2025-08-31,Healthy
16819,999,2025-09-01,89,24,32,1,2025-09-27,Healthy
16820,999,2025-10-01,81,30,29,1,2025-10-28,Healthy
16821,999,2025-11-01,68,18,46,1,2025-11-26,Healthy
16822,999,2025-12-01,91,30,35,0,2025-12-27,Healthy
16823,999,2026-01-01,72,17,24,1,2026-01-31,Healthy
16824,999,2026-02-01,101,28,42,2,2026-02-25,Healthy
16825,999,2026-03-01,11,2,7,5,2026-03-04,Critical
16826,999,2026-04-01,24,3,7,6,2026-04-02,Critical
16827,999,2026-05-01,117,17,50,1,2026-05-30,Healthy
16828,999,2026-06-01,131,18,28,0,2026-06-26,Healthy
16829,1000,2024-07-01,47,20,20,2,2024-07-29,Healthy
16830,1000,2024-08-01,26,5,16,4,2024-08-18,At Risk
16831,1000,2024-09-01,16,6,11,2,2024-09-20,At Risk
16832,1000,2024-10-01,24,8,12,4,2024-10-22,At Risk
16833,1000,2024-11-01,40,30,24,2,2024-11-25,Healthy
16834,1000,2024-12-01,52,24,41,2,2024-12-26,Healthy
16835,1000,2025-01-01,36,23,22,2,2025-01-28,Healthy
16836,1000,2025-02-01,42,28,20,2,2025-02-26,Healthy
16837,1000,2025-03-01,31,25,46,0,2025-03-31,Healthy
16838,1000,2025-04-01,37,20,44,1,2025-04-25,Healthy
16839,1000,2025-05-01,34,17,23,1,2025-05-31,Healthy
16840,1000,2025-06-01,43,16,21,1,2025-06-27,Healthy
16841,1000,2025-07-01,33,18,25,2,2025-07-29,Healthy
16842,1000,2025-08-01,28,5,19,4,2025-08-24,At Risk
16843,1000,2025-09-01,5,4,2,8,2025-09-12,Critical
16844,1000,2025-10-01,8,3,0,5,2025-10-14,Critical
16845,1000,2025-11-01,2,1,0,5,2025-11-10,Critical
16846,1000,2025-12-01,28,7,18,1,2025-12-16,At Risk
16847,1000,2026-01-01,19,11,19,5,2026-01-25,At Risk
16848,1000,2026-02-01,17,10,10,3,2026-02-19,At Risk
16849,1000,2026-03-01,18,11,11,3,2026-03-21,At Risk
16850,1000,2026-04-01,16,11,13,5,2026-04-19,At Risk
16851,1000,2026-05-01,47,28,31,0,2026-05-30,Healthy
16852,1000,2026-06-01,34,15,42,1,2026-06-26,Healthy
16853,1001,2024-08-01,37,20,39,2,2024-08-28,Healthy
16854,1001,2024-09-01,36,22,26,0,2024-09-30,Healthy
16855,1001,2024-10-01,30,23,39,2,2024-10-31,Healthy
16856,1001,2024-11-01,9,8,13,3,2024-11-17,At Risk
16857,1001,2024-12-01,41,23,31,1,2024-12-27,Healthy
16858,1001,2025-01-01,42,27,21,2,2025-01-30,Healthy
16859,1001,2025-02-01,21,7,13,4,2025-02-18,At Risk
16860,1001,2025-03-01,16,11,11,1,2025-03-21,At Risk
16861,1001,2025-04-01,10,9,9,3,2025-04-20,At Risk
16862,1001,2025-05-01,15,9,15,5,2025-05-18,At Risk
16863,1001,2025-06-01,19,12,13,4,2025-06-21,At Risk
16864,1001,2025-07-01,43,29,31,0,2025-07-30,Healthy
16865,1001,2025-08-01,39,16,30,0,2025-08-27,Healthy
16866,1001,2025-09-01,21,8,19,5,2025-09-24,At Risk
16867,1001,2025-10-01,19,10,16,5,2025-10-21,At Risk
16868,1001,2025-11-01,2,0,1,5,2025-11-08,Critical
16869,1001,2025-12-01,2,3,1,7,2025-12-13,Critical
16870,1001,2026-01-01,17,12,11,3,2026-01-20,At Risk
16871,1001,2026-02-01,5,1,0,4,2026-02-11,Critical
16872,1001,2026-03-01,22,11,11,3,2026-03-21,At Risk
16873,1001,2026-04-01,14,14,14,1,2026-04-16,At Risk
16874,1001,2026-05-01,20,5,17,5,2026-05-23,At Risk
16875,1001,2026-06-01,18,8,8,4,2026-06-15,At Risk
16876,1002,2024-08-01,3472,30,40,2,2024-08-27,Healthy
16877,1002,2024-09-01,3279,17,29,1,2024-09-25,Healthy
16878,1002,2024-10-01,3701,27,35,1,2024-10-30,Healthy
16879,1002,2024-11-01,798,6,11,1,2024-11-20,At Risk
16880,1002,2024-12-01,1039,9,8,2,2024-12-25,At Risk
16881,1002,2025-01-01,114,3,0,5,2025-01-03,Critical
16882,1002,2025-02-01,1951,16,29,0,2025-02-26,Healthy
16883,1002,2025-03-01,3493,16,30,0,2025-03-30,Healthy
16884,1002,2025-04-01,1971,20,47,0,2025-04-30,Healthy
16885,1002,2025-05-01,2282,20,39,1,2025-05-28,Healthy
16886,1002,2025-06-01,1204,6,16,5,2025-06-18,At Risk
16887,1002,2025-07-01,2459,17,33,0,2025-07-26,Healthy
16888,1002,2025-08-01,2132,18,36,1,2025-08-29,Healthy
16889,1002,2025-09-01,2810,16,28,1,2025-09-26,Healthy
16890,1002,2025-10-01,2395,22,50,1,2025-10-28,Healthy
16891,1002,2025-11-01,2733,21,39,1,2025-11-25,Healthy
16892,1002,2025-12-01,2500,16,37,2,2025-12-27,Healthy
16893,1002,2026-01-01,3754,21,30,0,2026-01-26,Healthy
16894,1002,2026-02-01,3702,22,45,1,2026-02-27,Healthy
16895,1002,2026-03-01,1390,6,16,4,2026-03-25,At Risk
16896,1002,2026-04-01,1721,6,8,5,2026-04-23,At Risk
16897,1002,2026-05-01,1588,5,17,3,2026-05-21,At Risk
16898,1002,2026-06-01,686,0,5,7,2026-06-03,Critical
16899,1003,2025-06-01,928,12,16,1,2025-06-23,At Risk
16900,1003,2025-07-01,1710,15,38,2,2025-07-27,Healthy
16901,1003,2025-08-01,3071,25,47,1,2025-08-27,Healthy
16902,1003,2025-09-01,310,2,0,6,2025-09-13,Critical
16903,1003,2025-10-01,506,0,7,3,2025-10-11,Critical
16904,1003,2025-11-01,370,4,2,6,2025-11-13,Critical
16905,1003,2025-12-01,1529,13,19,5,2025-12-17,At Risk
16906,1003,2026-01-01,1572,9,8,2,2026-01-22,At Risk
16907,1003,2026-02-01,1375,13,17,4,2026-02-19,At Risk
16908,1003,2026-03-01,2883,21,45,2,2026-03-29,Healthy
16909,1003,2026-04-01,1648,24,46,0,2026-04-29,Healthy
16910,1003,2026-05-01,1068,7,14,2,2026-05-22,At Risk
16911,1003,2026-06-01,945,11,16,5,2026-06-15,At Risk
16912,1004,2024-11-01,3234,19,34,0,2024-11-30,Healthy
16913,1004,2024-12-01,2187,19,48,0,2024-12-30,Healthy
16914,1004,2025-01-01,1306,6,11,5,2025-01-25,At Risk
16915,1004,2025-02-01,1136,7,11,5,2025-02-14,At Risk
16916,1004,2025-03-01,966,11,12,2,2025-03-24,At Risk
16917,1004,2025-04-01,556,1,2,3,2025-04-14,Critical
16918,1004,2025-05-01,1145,8,19,3,2025-05-22,At Risk
16919,1004,2025-06-01,2304,24,41,1,2025-06-30,Healthy
16920,1004,2025-07-01,1271,6,13,3,2025-07-19,At Risk
16921,1004,2025-08-01,931,5,18,2,2025-08-23,At Risk
16922,1004,2025-09-01,1200,14,17,5,2025-09-22,At Risk
16923,1004,2025-10-01,2522,30,43,0,2025-10-31,Healthy
16924,1004,2025-11-01,3050,22,34,0,2025-11-26,Healthy
16925,1004,2025-12-01,2049,21,44,0,2025-12-28,Healthy
16926,1004,2026-01-01,2679,23,24,2,2026-01-26,Healthy
16927,1004,2026-02-01,2447,23,28,2,2026-02-28,Healthy
16928,1004,2026-03-01,3291,19,47,1,2026-03-26,Healthy
16929,1004,2026-04-01,2338,27,28,0,2026-04-26,Healthy
16930,1004,2026-05-01,2158,23,21,0,2026-05-29,Healthy
16931,1004,2026-06-01,3142,24,20,1,2026-06-25,Healthy
16932,1005,2025-08-01,27,29,48,0,2025-08-30,Healthy
16933,1005,2025-09-01,35,18,45,0,2025-09-30,Healthy
16934,1005,2025-10-01,23,29,24,1,2025-10-31,Healthy
16935,1005,2025-11-01,26,26,21,1,2025-11-29,Healthy
16936,1005,2025-12-01,24,27,37,1,2025-12-28,Healthy
16937,1005,2026-01-01,26,25,38,1,2026-01-31,Healthy
16938,1005,2026-02-01,24,21,29,0,2026-02-26,Healthy
16939,1005,2026-03-01,23,22,32,1,2026-03-29,Healthy
16940,1005,2026-04-01,18,27,23,1,2026-04-27,Healthy
16941,1005,2026-05-01,13,13,11,5,2026-05-25,At Risk
16942,1005,2026-06-01,11,10,8,2,2026-06-20,At Risk
16943,1006,2025-12-01,1849,27,24,0,2025-12-29,Healthy
16944,1006,2026-01-01,1270,28,28,1,2026-01-27,Healthy
16945,1006,2026-02-01,480,10,19,3,2026-02-18,At Risk
16946,1006,2026-03-01,759,5,18,3,2026-03-22,At Risk
16947,1006,2026-04-01,175,1,5,5,2026-04-13,Critical
16948,1006,2026-05-01,152,2,2,7,2026-05-11,Critical
16949,1006,2026-06-01,747,7,15,1,2026-06-18,At Risk
16950,1007,2024-01-01,55,20,42,1,2024-01-28,Healthy
16951,1007,2024-02-01,5,1,4,6,2024-02-07,Critical
16952,1007,2024-03-01,11,0,5,3,2024-03-10,Critical
16953,1007,2024-04-01,12,3,0,6,2024-04-03,Critical
16954,1007,2024-05-01,27,13,13,1,2024-05-25,At Risk
16955,1007,2024-06-01,46,20,45,0,2024-06-26,Healthy
16956,1007,2024-07-01,69,27,41,2,2024-07-26,Healthy
16957,1007,2024-08-01,45,15,47,2,2024-08-29,Healthy
16958,1007,2024-09-01,38,24,32,1,2024-09-30,Healthy
16959,1007,2024-10-01,60,24,46,1,2024-10-31,Healthy
16960,1007,2024-11-01,32,5,16,2,2024-11-18,At Risk
16961,1007,2024-12-01,30,9,15,2,2024-12-17,At Risk
16962,1007,2025-01-01,28,8,13,2,2025-01-25,At Risk
16963,1007,2025-02-01,4,0,0,7,2025-02-09,Critical
16964,1007,2025-03-01,42,21,33,0,2025-03-29,Healthy
16965,1007,2025-04-01,66,26,44,2,2025-04-28,Healthy
16966,1007,2025-05-01,36,23,35,2,2025-05-27,Healthy
16967,1007,2025-06-01,62,19,38,2,2025-06-26,Healthy
16968,1007,2025-07-01,54,26,27,2,2025-07-29,Healthy
16969,1007,2025-08-01,46,15,41,1,2025-08-30,Healthy
16970,1007,2025-09-01,58,16,30,0,2025-09-25,Healthy
16971,1007,2025-10-01,47,29,35,2,2025-10-27,Healthy
16972,1007,2025-11-01,44,24,29,2,2025-11-26,Healthy
16973,1007,2025-12-01,63,23,29,1,2025-12-26,Healthy
16974,1007,2026-01-01,39,23,25,0,2026-01-29,Healthy
16975,1007,2026-02-01,57,17,42,2,2026-02-28,Healthy
16976,1007,2026-03-01,69,18,20,1,2026-03-26,Healthy
16977,1007,2026-04-01,67,20,29,2,2026-04-29,Healthy
16978,1007,2026-05-01,67,15,43,2,2026-05-31,Healthy
16979,1007,2026-06-01,50,21,41,2,2026-06-30,Healthy
16980,1008,2024-09-01,43,15,20,2,2024-09-30,Healthy
16981,1008,2024-10-01,31,29,27,1,2024-10-27,Healthy
16982,1008,2024-11-01,34,24,23,1,2024-11-30,Healthy
16983,1008,2024-12-01,32,28,50,1,2024-12-31,Healthy
16984,1008,2025-01-01,47,26,46,1,2025-01-26,Healthy
16985,1008,2025-02-01,25,30,21,0,2025-02-27,Healthy
16986,1008,2025-03-01,3,4,0,7,2025-03-04,Critical
16987,1008,2025-04-01,21,6,19,3,2025-04-15,At Risk
16988,1008,2025-05-01,11,14,14,3,2025-05-17,At Risk
16989,1008,2025-06-01,33,30,23,0,2025-06-30,Healthy
16990,1008,2025-07-01,42,21,24,0,2025-07-27,Healthy
16991,1008,2025-08-01,15,10,13,5,2025-08-24,At Risk
16992,1008,2025-09-01,23,9,15,2,2025-09-19,At Risk
16993,1008,2025-10-01,22,13,16,2,2025-10-18,At Risk
16994,1008,2025-11-01,17,10,15,1,2025-11-23,At Risk
16995,1008,2025-12-01,47,26,38,0,2025-12-29,Healthy
16996,1008,2026-01-01,36,28,23,2,2026-01-31,Healthy
16997,1008,2026-02-01,31,23,27,1,2026-02-28,Healthy
16998,1008,2026-03-01,43,20,39,2,2026-03-31,Healthy
16999,1008,2026-04-01,26,30,22,1,2026-04-30,Healthy
17000,1008,2026-05-01,5,0,7,7,2026-05-06,Critical
17001,1008,2026-06-01,19,12,9,3,2026-06-24,At Risk
17002,1009,2024-07-01,516,30,30,0,2024-07-29,Healthy
17003,1009,2024-08-01,108,14,17,2,2024-08-22,At Risk
17004,1009,2024-09-01,108,6,8,3,2024-09-19,At Risk
17005,1009,2024-10-01,214,12,19,3,2024-10-16,At Risk
17006,1009,2024-11-01,22,0,7,8,2024-11-07,Critical
17007,1009,2024-12-01,94,2,2,8,2024-12-14,Critical
17008,1009,2025-01-01,97,2,6,6,2025-01-13,Critical
17009,1009,2025-02-01,80,4,4,5,2025-01-29,Critical
17010,1009,2025-03-01,61,2,0,7,2025-03-15,Critical
17011,1009,2025-04-01,60,0,3,3,2025-04-14,Critical
17012,1009,2025-05-01,50,4,2,7,2025-05-15,Critical
17013,1009,2025-06-01,52,0,5,7,2025-06-10,Critical
17014,1009,2025-07-01,95,2,1,4,2025-07-02,Critical
17015,1009,2025-08-01,440,27,49,2,2025-08-31,Healthy
17016,1009,2025-09-01,418,16,45,1,2025-09-26,Healthy
17017,1009,2025-10-01,449,18,41,2,2025-10-30,Healthy
17018,1009,2025-11-01,446,15,43,2,2025-11-29,Healthy
17019,1009,2025-12-01,500,21,28,1,2025-12-29,Healthy
17020,1009,2026-01-01,323,26,44,2,2026-01-30,Healthy
17021,1009,2026-02-01,436,28,35,1,2026-02-27,Healthy
17022,1009,2026-03-01,197,7,15,4,2026-03-23,At Risk
17023,1009,2026-04-01,377,20,48,1,2026-04-30,Healthy
17024,1009,2026-05-01,415,29,46,1,2026-05-31,Healthy
17025,1009,2026-06-01,309,20,32,2,2026-06-28,Healthy
17026,1010,2025-07-01,15,8,18,1,2025-07-24,At Risk
17027,1010,2025-08-01,14,8,19,5,2025-08-22,At Risk
17028,1010,2025-09-01,5,1,3,4,2025-09-06,Critical
17029,1010,2025-10-01,7,8,16,3,2025-10-23,At Risk
17030,1010,2025-11-01,8,5,19,2,2025-11-17,At Risk
17031,1010,2025-12-01,2,1,2,3,2025-12-08,Critical
17032,1010,2026-01-01,3,3,5,8,2026-01-14,Critical
17033,1010,2026-02-01,8,7,17,2,2026-02-18,At Risk
17034,1010,2026-03-01,16,13,18,4,2026-03-25,At Risk
17035,1010,2026-04-01,31,17,31,1,2026-04-26,Healthy
17036,1010,2026-05-01,34,17,29,2,2026-05-29,Healthy
17037,1010,2026-06-01,25,29,35,1,2026-06-30,Healthy
17038,1011,2025-03-01,74,14,18,5,2025-03-22,At Risk
17039,1011,2025-04-01,111,10,16,2,2025-04-22,At Risk
17040,1011,2025-05-01,101,13,14,4,2025-05-22,At Risk
17041,1011,2025-06-01,91,5,14,2,2025-06-17,At Risk
17042,1011,2025-07-01,139,10,10,3,2025-07-22,At Risk
17043,1011,2025-08-01,12,3,2,5,2025-08-06,Critical
17044,1011,2025-09-01,48,0,4,8,2025-09-05,Critical
17045,1011,2025-10-01,8,0,0,6,2025-10-12,Critical
17046,1011,2025-11-01,103,11,18,1,2025-11-23,At Risk
17047,1011,2025-12-01,7,0,3,5,2025-12-09,Critical
17048,1011,2026-01-01,139,7,16,5,2026-01-25,At Risk
17049,1011,2026-02-01,26,3,6,5,2026-02-08,Critical
17050,1011,2026-03-01,83,12,10,3,2026-03-23,At Risk
17051,1011,2026-04-01,143,15,47,2,2026-04-30,Healthy
17052,1011,2026-05-01,227,18,40,0,2026-05-29,Healthy
17053,1011,2026-06-01,220,27,49,1,2026-06-28,Healthy
17054,1012,2025-08-01,354,18,36,1,2025-08-29,Healthy
17055,1012,2025-09-01,338,30,48,0,2025-09-26,Healthy
17056,1012,2025-10-01,231,19,37,0,2025-10-31,Healthy
17057,1012,2025-11-01,50,2,3,5,2025-11-04,Critical
17058,1012,2025-12-01,66,1,1,3,2025-12-05,Critical
17059,1012,2026-01-01,119,12,13,5,2026-01-25,At Risk
17060,1012,2026-02-01,11,1,4,6,2026-01-30,Critical
17061,1012,2026-03-01,87,12,9,5,2026-03-19,At Risk
17062,1012,2026-04-01,94,7,16,1,2026-04-21,At Risk
17063,1012,2026-05-01,90,8,10,3,2026-05-20,At Risk
17064,1012,2026-06-01,243,15,33,1,2026-06-25,Healthy
17065,1013,2025-06-01,70,24,45,1,2025-06-25,Healthy
17066,1013,2025-07-01,43,16,35,1,2025-07-30,Healthy
17067,1013,2025-08-01,67,15,20,1,2025-08-29,Healthy
17068,1013,2025-09-01,46,24,33,1,2025-09-26,Healthy
17069,1013,2025-10-01,36,18,38,0,2025-10-28,Healthy
17070,1013,2025-11-01,67,23,32,1,2025-11-27,Healthy
17071,1013,2025-12-01,60,29,48,0,2025-12-29,Healthy
17072,1013,2026-01-01,25,12,16,2,2026-01-25,At Risk
17073,1013,2026-02-01,35,11,8,2,2026-02-22,At Risk
17074,1013,2026-03-01,51,21,40,2,2026-03-28,Healthy
17075,1013,2026-04-01,34,5,14,3,2026-04-17,At Risk
17076,1013,2026-05-01,21,7,16,4,2026-05-24,At Risk
17077,1013,2026-06-01,43,19,41,1,2026-06-28,Healthy
17078,1014,2025-02-01,145,7,18,3,2025-02-20,At Risk
17079,1014,2025-03-01,102,12,13,5,2025-03-16,At Risk
17080,1014,2025-04-01,60,8,17,2,2025-04-16,At Risk
17081,1014,2025-05-01,139,13,19,5,2025-05-18,At Risk
17082,1014,2025-06-01,57,5,13,5,2025-06-18,At Risk
17083,1014,2025-07-01,179,22,35,0,2025-07-30,Healthy
17084,1014,2025-08-01,179,24,49,0,2025-08-30,Healthy
17085,1014,2025-09-01,128,13,13,4,2025-09-22,At Risk
17086,1014,2025-10-01,128,12,15,2,2025-10-22,At Risk
17087,1014,2025-11-01,90,10,12,2,2025-11-24,At Risk
17088,1014,2025-12-01,144,9,9,3,2025-12-24,At Risk
17089,1014,2026-01-01,142,14,12,1,2026-01-23,At Risk
17090,1014,2026-02-01,158,25,30,1,2026-02-26,Healthy
17091,1014,2026-03-01,287,26,47,0,2026-03-27,Healthy
17092,1014,2026-04-01,221,23,32,2,2026-04-29,Healthy
17093,1014,2026-05-01,276,28,30,0,2026-05-31,Healthy
17094,1014,2026-06-01,231,18,39,2,2026-06-25,Healthy
17095,1015,2025-11-01,47,19,24,0,2025-11-26,Healthy
17096,1015,2025-12-01,42,19,26,1,2025-12-30,Healthy
17097,1015,2026-01-01,18,5,12,1,2026-01-21,At Risk
17098,1015,2026-02-01,12,9,18,4,2026-02-15,At Risk
17099,1015,2026-03-01,12,7,8,2,2026-03-21,At Risk
17100,1015,2026-04-01,15,6,11,1,2026-04-23,At Risk
17101,1015,2026-05-01,19,8,9,1,2026-05-18,At Risk
17102,1015,2026-06-01,16,13,14,5,2026-06-16,At Risk
17103,1016,2024-10-01,28,22,34,0,2024-10-31,Healthy
17104,1016,2024-11-01,26,21,48,0,2024-11-28,Healthy
17105,1016,2024-12-01,27,25,32,0,2024-12-29,Healthy
17106,1016,2025-01-01,17,25,41,0,2025-01-31,Healthy
17107,1016,2025-02-01,20,24,39,2,2025-02-28,Healthy
17108,1016,2025-03-01,24,28,21,0,2025-03-27,Healthy
17109,1016,2025-04-01,20,21,46,1,2025-04-27,Healthy
17110,1016,2025-05-01,31,20,50,0,2025-05-30,Healthy
17111,1016,2025-06-01,5,3,5,7,2025-06-14,Critical
17112,1016,2025-07-01,2,3,5,5,2025-07-08,Critical
17113,1016,2025-08-01,6,0,1,3,2025-08-14,Critical
17114,1016,2025-09-01,1,3,6,3,2025-09-06,Critical
17115,1016,2025-10-01,6,2,4,7,2025-10-08,Critical
17116,1016,2025-11-01,4,3,2,5,2025-11-09,Critical
17117,1016,2025-12-01,6,7,19,1,2025-12-17,At Risk
17118,1016,2026-01-01,4,0,4,6,2026-01-01,Critical
17119,1016,2026-02-01,3,4,4,3,2026-01-31,Critical
17120,1016,2026-03-01,3,2,3,8,2026-03-15,Critical
17121,1016,2026-04-01,4,3,7,8,2026-04-06,Critical
17122,1016,2026-05-01,2,1,7,4,2026-05-09,Critical
17123,1016,2026-06-01,6,1,5,7,2026-06-02,Critical
17124,1017,2024-04-01,109,17,33,1,2024-04-27,Healthy
17125,1017,2024-05-01,164,16,20,2,2024-05-31,Healthy
17126,1017,2024-06-01,110,26,31,0,2024-06-25,Healthy
17127,1017,2024-07-01,114,16,27,2,2024-07-28,Healthy
17128,1017,2024-08-01,158,22,26,0,2024-08-30,Healthy
17129,1017,2024-09-01,78,5,15,5,2024-09-17,At Risk
17130,1017,2024-10-01,35,7,8,1,2024-10-21,At Risk
17131,1017,2024-11-01,88,14,18,4,2024-11-24,At Risk
17132,1017,2024-12-01,14,1,4,4,2024-12-03,Critical
17133,1017,2025-01-01,29,3,1,7,2025-01-11,Critical
17134,1017,2025-02-01,23,3,2,3,2025-02-01,Critical
17135,1017,2025-03-01,97,28,45,1,2025-03-30,Healthy
17136,1017,2025-04-01,160,30,36,2,2025-04-27,Healthy
17137,1017,2025-05-01,70,5,11,2,2025-05-22,At Risk
17138,1017,2025-06-01,40,11,8,2,2025-06-21,At Risk
17139,1017,2025-07-01,139,16,26,0,2025-07-30,Healthy
17140,1017,2025-08-01,143,30,38,2,2025-08-29,Healthy
17141,1017,2025-09-01,91,30,20,0,2025-09-30,Healthy
17142,1017,2025-10-01,139,27,26,1,2025-10-31,Healthy
17143,1017,2025-11-01,145,19,45,1,2025-11-29,Healthy
17144,1017,2025-12-01,163,23,44,1,2025-12-26,Healthy
17145,1017,2026-01-01,143,30,25,1,2026-01-28,Healthy
17146,1017,2026-02-01,172,15,22,0,2026-02-23,Healthy
17147,1017,2026-03-01,166,22,29,1,2026-03-31,Healthy
17148,1017,2026-04-01,59,12,16,2,2026-04-18,At Risk
17149,1017,2026-05-01,38,5,17,5,2026-05-25,At Risk
17150,1017,2026-06-01,63,8,8,1,2026-06-19,At Risk
17151,1018,2025-04-01,47,28,30,0,2025-04-28,Healthy
17152,1018,2025-05-01,46,27,25,1,2025-05-28,Healthy
17153,1018,2025-06-01,42,28,36,1,2025-06-26,Healthy
17154,1018,2025-07-01,2,2,5,7,2025-07-12,Critical
17155,1018,2025-08-01,6,4,0,4,2025-08-11,Critical
17156,1018,2025-09-01,45,19,21,1,2025-09-25,Healthy
17157,1018,2025-10-01,36,29,42,2,2025-10-26,Healthy
17158,1018,2025-11-01,47,25,27,2,2025-11-28,Healthy
17159,1018,2025-12-01,38,27,47,0,2025-12-26,Healthy
17160,1018,2026-01-01,28,30,38,2,2026-01-28,Healthy
17161,1018,2026-02-01,35,19,28,0,2026-02-28,Healthy
17162,1018,2026-03-01,35,24,49,0,2026-03-29,Healthy
17163,1018,2026-04-01,31,29,42,1,2026-04-25,Healthy
17164,1018,2026-05-01,44,22,25,1,2026-05-26,Healthy
17165,1018,2026-06-01,37,26,38,2,2026-06-26,Healthy
17166,1019,2024-06-01,11,18,32,0,2024-06-26,Healthy
17167,1019,2024-07-01,16,18,34,2,2024-07-27,Healthy
17168,1019,2024-08-01,19,25,35,2,2024-08-30,Healthy
17169,1019,2024-09-01,18,23,39,1,2024-09-27,Healthy
17170,1019,2024-10-01,19,18,32,2,2024-10-27,Healthy
17171,1019,2024-11-01,17,21,42,2,2024-11-30,Healthy
17172,1019,2024-12-01,3,3,5,4,2024-12-04,Critical
17173,1019,2025-01-01,2,0,4,5,2025-01-11,Critical
17174,1019,2025-02-01,7,6,15,5,2025-02-20,At Risk
17175,1019,2025-03-01,10,13,10,5,2025-03-20,At Risk
17176,1019,2025-04-01,18,21,47,2,2025-04-29,Healthy
17177,1019,2025-05-01,20,22,20,1,2025-05-29,Healthy
17178,1019,2025-06-01,18,24,30,1,2025-06-26,Healthy
17179,1019,2025-07-01,20,22,31,2,2025-07-29,Healthy
17180,1019,2025-08-01,19,18,37,1,2025-08-31,Healthy
17181,1019,2025-09-01,17,24,24,2,2025-09-26,Healthy
17182,1019,2025-10-01,21,21,26,2,2025-10-27,Healthy
17183,1019,2025-11-01,13,27,47,0,2025-11-29,Healthy
17184,1019,2025-12-01,17,22,32,0,2025-12-29,Healthy
17185,1019,2026-01-01,7,5,11,2,2026-01-23,At Risk
17186,1019,2026-02-01,17,17,34,1,2026-02-25,Healthy
17187,1019,2026-03-01,16,26,26,1,2026-03-27,Healthy
17188,1019,2026-04-01,15,25,28,1,2026-04-27,Healthy
17189,1019,2026-05-01,15,29,48,0,2026-05-30,Healthy
17190,1019,2026-06-01,19,24,22,1,2026-06-26,Healthy
17191,1020,2024-06-01,53,26,33,0,2024-06-28,Healthy
17192,1020,2024-07-01,62,18,21,2,2024-07-27,Healthy
17193,1020,2024-08-01,64,26,36,1,2024-08-26,Healthy
17194,1020,2024-09-01,12,10,8,5,2024-09-15,At Risk
17195,1020,2024-10-01,47,28,38,0,2024-10-29,Healthy
17196,1020,2024-11-01,60,22,24,0,2024-11-30,Healthy
17197,1020,2024-12-01,13,5,9,4,2024-12-18,At Risk
17198,1020,2025-01-01,19,14,11,3,2025-01-23,At Risk
17199,1020,2025-02-01,29,7,11,1,2025-02-18,At Risk
17200,1020,2025-03-01,25,7,11,1,2025-03-21,At Risk
17201,1020,2025-04-01,30,11,14,3,2025-04-20,At Risk
17202,1020,2025-05-01,46,22,30,0,2025-05-29,Healthy
17203,1020,2025-06-01,61,27,23,2,2025-06-26,Healthy
17204,1020,2025-07-01,47,18,28,0,2025-07-27,Healthy
17205,1020,2025-08-01,48,15,33,0,2025-08-27,Healthy
17206,1020,2025-09-01,57,26,20,1,2025-09-30,Healthy
17207,1020,2025-10-01,43,25,42,1,2025-10-30,Healthy
17208,1020,2025-11-01,50,19,31,1,2025-11-25,Healthy
17209,1020,2025-12-01,56,18,49,2,2025-12-31,Healthy
17210,1020,2026-01-01,58,21,27,2,2026-01-26,Healthy
17211,1020,2026-02-01,52,29,22,1,2026-02-24,Healthy
17212,1020,2026-03-01,42,28,38,2,2026-03-28,Healthy
17213,1020,2026-04-01,49,27,25,1,2026-04-26,Healthy
17214,1020,2026-05-01,48,15,38,0,2026-05-30,Healthy
17215,1020,2026-06-01,60,20,24,1,2026-06-29,Healthy
17216,1021,2024-12-01,41,24,49,0,2024-12-27,Healthy
17217,1021,2025-01-01,55,16,32,0,2025-01-29,Healthy
17218,1021,2025-02-01,40,27,44,0,2025-02-24,Healthy
17219,1021,2025-03-01,68,16,29,0,2025-03-30,Healthy
17220,1021,2025-04-01,50,21,37,0,2025-04-30,Healthy
17221,1021,2025-05-01,41,26,45,0,2025-05-30,Healthy
17222,1021,2025-06-01,71,30,32,0,2025-06-29,Healthy
17223,1021,2025-07-01,58,16,39,1,2025-07-27,Healthy
17224,1021,2025-08-01,45,23,20,0,2025-08-30,Healthy
17225,1021,2025-09-01,49,19,29,2,2025-09-27,Healthy
17226,1021,2025-10-01,71,30,36,2,2025-10-28,Healthy
17227,1021,2025-11-01,26,5,18,2,2025-11-15,At Risk
17228,1021,2025-12-01,35,11,16,1,2025-12-25,At Risk
17229,1021,2026-01-01,37,7,13,5,2026-01-20,At Risk
17230,1021,2026-02-01,44,23,44,0,2026-02-28,Healthy
17231,1021,2026-03-01,48,16,46,1,2026-03-29,Healthy
17232,1021,2026-04-01,74,17,46,2,2026-04-27,Healthy
17233,1021,2026-05-01,32,14,10,1,2026-05-25,At Risk
17234,1021,2026-06-01,16,13,16,4,2026-06-15,At Risk
17235,1022,2025-12-01,260,22,29,0,2025-12-27,Healthy
17236,1022,2026-01-01,228,17,26,2,2026-01-31,Healthy
17237,1022,2026-02-01,343,21,35,0,2026-02-27,Healthy
17238,1022,2026-03-01,231,24,27,2,2026-03-27,Healthy
17239,1022,2026-04-01,336,15,34,2,2026-04-29,Healthy
17240,1022,2026-05-01,201,20,28,0,2026-05-27,Healthy
17241,1022,2026-06-01,333,30,40,2,2026-06-26,Healthy
17242,1023,2025-12-01,6,10,9,2,2025-12-19,At Risk
17243,1023,2026-01-01,10,24,30,1,2026-01-27,Healthy
17244,1023,2026-02-01,3,4,2,5,2026-01-30,Critical
17245,1023,2026-03-01,9,9,10,2,2026-03-24,At Risk
17246,1023,2026-04-01,5,9,8,2,2026-04-24,At Risk
17247,1023,2026-05-01,5,13,18,2,2026-05-17,At Risk
17248,1023,2026-06-01,2,3,7,5,2026-06-04,Critical
17249,1024,2025-06-01,38,25,38,2,2025-06-27,Healthy
17250,1024,2025-07-01,44,20,26,2,2025-07-26,Healthy
17251,1024,2025-08-01,47,25,36,1,2025-08-28,Healthy
17252,1024,2025-09-01,42,30,47,0,2025-09-27,Healthy
17253,1024,2025-10-01,50,19,42,0,2025-10-31,Healthy
17254,1024,2025-11-01,40,15,26,2,2025-11-28,Healthy
17255,1024,2025-12-01,27,26,33,2,2025-12-26,Healthy
17256,1024,2026-01-01,35,28,23,0,2026-01-31,Healthy
17257,1024,2026-02-01,35,22,35,2,2026-02-23,Healthy
17258,1024,2026-03-01,45,16,48,2,2026-03-27,Healthy
17259,1024,2026-04-01,50,29,31,0,2026-04-26,Healthy
17260,1024,2026-05-01,30,20,48,2,2026-05-27,Healthy
17261,1024,2026-06-01,52,27,43,0,2026-06-29,Healthy
17262,1025,2024-10-01,33,23,49,0,2024-10-27,Healthy
17263,1025,2024-11-01,16,12,17,3,2024-11-24,At Risk
17264,1025,2024-12-01,22,23,44,2,2024-12-31,Healthy
17265,1025,2025-01-01,32,22,48,1,2025-01-26,Healthy
17266,1025,2025-02-01,31,20,49,0,2025-02-28,Healthy
17267,1025,2025-03-01,20,27,28,2,2025-03-29,Healthy
17268,1025,2025-04-01,34,26,28,1,2025-04-26,Healthy
17269,1025,2025-05-01,31,22,33,2,2025-05-29,Healthy
17270,1025,2025-06-01,20,24,36,0,2025-06-26,Healthy
17271,1025,2025-07-01,32,25,32,2,2025-07-30,Healthy
17272,1025,2025-08-01,35,26,38,2,2025-08-30,Healthy
17273,1025,2025-09-01,26,29,24,2,2025-09-26,Healthy
17274,1025,2025-10-01,25,29,28,0,2025-10-29,Healthy
17275,1025,2025-11-01,28,24,27,1,2025-11-27,Healthy
17276,1025,2025-12-01,38,16,33,0,2025-12-26,Healthy
17277,1025,2026-01-01,9,7,18,3,2026-01-24,At Risk
17278,1025,2026-02-01,4,3,2,6,2026-02-02,Critical
17279,1025,2026-03-01,9,11,15,5,2026-03-17,At Risk
17280,1025,2026-04-01,5,2,0,5,2026-04-02,Critical
17281,1025,2026-05-01,38,20,36,0,2026-05-31,Healthy
17282,1025,2026-06-01,20,15,34,2,2026-06-30,Healthy
17283,1026,2024-02-01,5,25,28,1,2024-02-25,Healthy
17284,1026,2024-03-01,6,25,39,1,2024-03-27,Healthy
17285,1026,2024-04-01,7,26,38,2,2024-04-27,Healthy
17286,1026,2024-05-01,2,10,8,2,2024-05-25,At Risk
17287,1026,2024-06-01,2,8,13,4,2024-06-17,At Risk
17288,1026,2024-07-01,2,9,13,5,2024-07-22,At Risk
17289,1026,2024-08-01,5,18,29,2,2024-08-31,Healthy
17290,1026,2024-09-01,4,15,43,0,2024-09-26,Healthy
17291,1026,2024-10-01,3,5,10,2,2024-10-22,At Risk
17292,1026,2024-11-01,2,5,19,5,2024-11-21,At Risk
17293,1026,2024-12-01,2,10,18,3,2024-12-20,At Risk
17294,1026,2025-01-01,4,5,14,1,2025-01-21,At Risk
17295,1026,2025-02-01,4,9,19,5,2025-02-20,At Risk
17296,1026,2025-03-01,1,3,6,8,2025-03-12,Critical
17297,1026,2025-04-01,1,3,7,5,2025-04-11,Critical
17298,1026,2025-05-01,1,0,0,5,2025-05-01,Critical
17299,1026,2025-06-01,2,5,9,3,2025-06-23,At Risk
17300,1026,2025-07-01,8,21,33,1,2025-07-31,Healthy
17301,1026,2025-08-01,3,14,13,3,2025-08-25,At Risk
17302,1026,2025-09-01,4,9,9,2,2025-09-20,At Risk
17303,1026,2025-10-01,2,10,17,2,2025-10-20,At Risk
17304,1026,2025-11-01,5,25,45,0,2025-11-26,Healthy
17305,1026,2025-12-01,8,26,28,2,2025-12-27,Healthy
17306,1026,2026-01-01,4,16,26,0,2026-01-31,Healthy
17307,1026,2026-02-01,1,3,6,6,2026-02-02,Critical
17308,1026,2026-03-01,3,13,12,5,2026-03-20,At Risk
17309,1026,2026-04-01,3,7,17,3,2026-04-16,At Risk
17310,1026,2026-05-01,3,10,8,3,2026-05-22,At Risk
17311,1026,2026-06-01,6,20,40,1,2026-06-27,Healthy
17312,1027,2025-04-01,138,15,48,2,2025-04-25,Healthy
17313,1027,2025-05-01,237,17,31,2,2025-05-26,Healthy
17314,1027,2025-06-01,133,17,50,2,2025-06-25,Healthy
17315,1027,2025-07-01,240,16,26,1,2025-07-29,Healthy
17316,1027,2025-08-01,14,2,6,7,2025-08-11,Critical
17317,1027,2025-09-01,45,0,5,4,2025-09-01,Critical
17318,1027,2025-10-01,41,3,4,7,2025-10-08,Critical
17319,1027,2025-11-01,16,2,6,4,2025-11-03,Critical
17320,1027,2025-12-01,25,4,7,6,2025-12-06,Critical
17321,1027,2026-01-01,23,3,7,8,2026-01-13,Critical
17322,1027,2026-02-01,11,2,5,8,2026-02-05,Critical
17323,1027,2026-03-01,85,8,18,2,2026-03-19,At Risk
17324,1027,2026-04-01,178,18,20,0,2026-04-26,Healthy
17325,1027,2026-05-01,169,15,48,2,2026-05-27,Healthy
17326,1027,2026-06-01,250,27,36,2,2026-06-25,Healthy
17327,1028,2025-11-01,66,26,40,0,2025-11-26,Healthy
17328,1028,2025-12-01,67,26,30,0,2025-12-29,Healthy
17329,1028,2026-01-01,24,7,19,1,2026-01-24,At Risk
17330,1028,2026-02-01,37,6,19,4,2026-02-14,At Risk
17331,1028,2026-03-01,9,2,0,4,2026-03-12,Critical
17332,1028,2026-04-01,76,29,34,0,2026-04-30,Healthy
17333,1028,2026-05-01,78,20,30,0,2026-05-29,Healthy
17334,1028,2026-06-01,25,7,11,1,2026-06-24,At Risk
17335,1029,2025-01-01,177,10,10,3,2025-01-20,At Risk
17336,1029,2025-02-01,126,10,16,1,2025-02-17,At Risk
17337,1029,2025-03-01,99,14,9,1,2025-03-22,At Risk
17338,1029,2025-04-01,114,7,9,3,2025-04-23,At Risk
17339,1029,2025-05-01,189,16,21,2,2025-05-29,Healthy
17340,1029,2025-06-01,296,19,47,0,2025-06-26,Healthy
17341,1029,2025-07-01,185,24,46,1,2025-07-27,Healthy
17342,1029,2025-08-01,292,25,42,2,2025-08-28,Healthy
17343,1029,2025-09-01,247,23,21,0,2025-09-28,Healthy
17344,1029,2025-10-01,310,18,45,0,2025-10-27,Healthy
17345,1029,2025-11-01,273,15,28,2,2025-11-29,Healthy
17346,1029,2025-12-01,267,26,41,0,2025-12-28,Healthy
17347,1029,2026-01-01,263,15,31,1,2026-01-30,Healthy
17348,1029,2026-02-01,322,29,31,1,2026-02-25,Healthy
17349,1029,2026-03-01,320,20,35,2,2026-03-28,Healthy
17350,1029,2026-04-01,264,29,35,0,2026-04-25,Healthy
17351,1029,2026-05-01,206,30,47,2,2026-05-30,Healthy
17352,1029,2026-06-01,251,25,37,0,2026-06-25,Healthy
17353,1030,2025-03-01,39,23,31,0,2025-03-30,Healthy
17354,1030,2025-04-01,46,25,29,1,2025-04-26,Healthy
17355,1030,2025-05-01,62,19,22,1,2025-05-30,Healthy
17356,1030,2025-06-01,27,12,14,2,2025-06-23,At Risk
17357,1030,2025-07-01,9,3,7,3,2025-07-12,Critical
17358,1030,2025-08-01,11,2,4,8,2025-08-07,Critical
17359,1030,2025-09-01,5,1,7,5,2025-09-06,Critical
17360,1030,2025-10-01,7,1,4,3,2025-10-05,Critical
17361,1030,2025-11-01,12,0,4,3,2025-11-12,Critical
17362,1030,2025-12-01,33,9,14,1,2025-12-17,At Risk
17363,1030,2026-01-01,19,8,13,4,2026-01-17,At Risk
17364,1030,2026-02-01,45,19,42,0,2026-02-26,Healthy
17365,1030,2026-03-01,14,11,17,2,2026-03-20,At Risk
17366,1030,2026-04-01,33,13,15,1,2026-04-20,At Risk
17367,1030,2026-05-01,28,12,17,5,2026-05-20,At Risk
17368,1030,2026-06-01,25,10,8,5,2026-06-22,At Risk
17369,1031,2025-05-01,174,22,42,0,2025-05-27,Healthy
17370,1031,2025-06-01,176,30,22,2,2025-06-25,Healthy
17371,1031,2025-07-01,103,19,25,2,2025-07-28,Healthy
17372,1031,2025-08-01,185,30,45,1,2025-08-26,Healthy
17373,1031,2025-09-01,79,10,16,3,2025-09-23,At Risk
17374,1031,2025-10-01,99,5,19,3,2025-10-18,At Risk
17375,1031,2025-11-01,40,9,19,2,2025-11-22,At Risk
17376,1031,2025-12-01,100,5,19,1,2025-12-17,At Risk
17377,1031,2026-01-01,56,6,19,3,2026-01-25,At Risk
17378,1031,2026-02-01,11,2,5,7,2026-02-08,Critical
17379,1031,2026-03-01,7,4,0,8,2026-03-02,Critical
17380,1031,2026-04-01,11,1,5,7,2026-04-07,Critical
17381,1031,2026-05-01,31,4,0,3,2026-05-02,Critical
17382,1031,2026-06-01,79,7,10,1,2026-06-19,At Risk
17383,1032,2025-03-01,25,6,18,5,2025-03-17,At Risk
17384,1032,2025-04-01,20,13,8,2,2025-04-17,At Risk
17385,1032,2025-05-01,11,11,12,3,2025-05-19,At Risk
17386,1032,2025-06-01,26,14,18,5,2025-06-16,At Risk
17387,1032,2025-07-01,21,13,11,4,2025-07-23,At Risk
17388,1032,2025-08-01,27,14,14,4,2025-08-16,At Risk
17389,1032,2025-09-01,25,6,11,5,2025-09-17,At Risk
17390,1032,2025-10-01,55,21,46,1,2025-10-27,Healthy
17391,1032,2025-11-01,34,24,44,0,2025-11-26,Healthy
17392,1032,2025-12-01,51,30,28,1,2025-12-29,Healthy
17393,1032,2026-01-01,32,24,23,1,2026-01-28,Healthy
17394,1032,2026-02-01,42,22,43,2,2026-02-28,Healthy
17395,1032,2026-03-01,37,19,34,1,2026-03-26,Healthy
17396,1032,2026-04-01,25,10,19,3,2026-04-20,At Risk
17397,1032,2026-05-01,11,7,13,2,2026-05-25,At Risk
17398,1032,2026-06-01,12,13,10,3,2026-06-17,At Risk
17399,1033,2025-07-01,11,24,44,0,2025-07-28,Healthy
17400,1033,2025-08-01,5,13,16,2,2025-08-22,At Risk
17401,1033,2025-09-01,11,29,37,0,2025-09-28,Healthy
17402,1033,2025-10-01,8,16,32,2,2025-10-29,Healthy
17403,1033,2025-11-01,4,7,14,3,2025-11-18,At Risk
17404,1033,2025-12-01,7,15,43,0,2025-12-29,Healthy
17405,1033,2026-01-01,9,30,37,2,2026-01-29,Healthy
17406,1033,2026-02-01,11,25,33,2,2026-02-25,Healthy
17407,1033,2026-03-01,6,6,18,4,2026-03-20,At Risk
17408,1033,2026-04-01,2,0,6,6,2026-03-31,Critical
17409,1033,2026-05-01,2,0,7,5,2026-05-13,Critical
17410,1033,2026-06-01,7,11,10,4,2026-06-15,At Risk
17411,1034,2024-05-01,58,18,33,0,2024-05-29,Healthy
17412,1034,2024-06-01,62,16,40,1,2024-06-26,Healthy
17413,1034,2024-07-01,15,11,12,3,2024-07-18,At Risk
17414,1034,2024-08-01,23,7,14,2,2024-08-22,At Risk
17415,1034,2024-09-01,6,4,7,7,2024-08-31,Critical
17416,1034,2024-10-01,4,1,5,3,2024-10-10,Critical
17417,1034,2024-11-01,27,5,18,1,2024-11-20,At Risk
17418,1034,2024-12-01,7,3,4,8,2024-12-11,Critical
17419,1034,2025-01-01,6,2,0,8,2025-01-07,Critical
17420,1034,2025-02-01,9,2,3,5,2025-01-29,Critical
17421,1034,2025-03-01,42,20,33,0,2025-03-30,Healthy
17422,1034,2025-04-01,20,14,11,2,2025-04-20,At Risk
17423,1034,2025-05-01,19,10,10,5,2025-05-25,At Risk
17424,1034,2025-06-01,44,25,45,1,2025-06-28,Healthy
17425,1034,2025-07-01,49,29,37,1,2025-07-30,Healthy
17426,1034,2025-08-01,3,4,7,6,2025-08-01,Critical
17427,1034,2025-09-01,4,3,4,5,2025-09-11,Critical
17428,1034,2025-10-01,27,7,16,5,2025-10-24,At Risk
17429,1034,2025-11-01,5,3,7,4,2025-11-04,Critical
17430,1034,2025-12-01,5,2,0,5,2025-12-03,Critical
17431,1034,2026-01-01,5,1,0,8,2026-01-08,Critical
17432,1034,2026-02-01,3,3,0,5,2026-02-06,Critical
17433,1034,2026-03-01,22,5,12,3,2026-03-16,At Risk
17434,1034,2026-04-01,10,0,6,7,2026-04-04,Critical
17435,1034,2026-05-01,41,15,23,2,2026-05-30,Healthy
17436,1034,2026-06-01,6,4,0,4,2026-06-06,Critical
17437,1035,2026-01-01,3258,23,50,0,2026-01-29,Healthy
17438,1035,2026-02-01,2491,15,31,2,2026-02-27,Healthy
17439,1035,2026-03-01,2529,22,29,0,2026-03-29,Healthy
17440,1035,2026-04-01,2255,18,48,0,2026-04-26,Healthy
17441,1035,2026-05-01,2832,29,34,2,2026-05-29,Healthy
17442,1035,2026-06-01,2100,26,38,2,2026-06-25,Healthy
17443,1036,2024-11-01,48,20,31,1,2024-11-29,Healthy
17444,1036,2024-12-01,40,20,47,1,2024-12-29,Healthy
17445,1036,2025-01-01,19,9,13,1,2025-01-22,At Risk
17446,1036,2025-02-01,30,9,17,5,2025-02-15,At Risk
17447,1036,2025-03-01,55,16,36,2,2025-03-29,Healthy
17448,1036,2025-04-01,59,27,50,2,2025-04-27,Healthy
17449,1036,2025-05-01,44,20,41,2,2025-05-27,Healthy
17450,1036,2025-06-01,60,25,39,2,2025-06-28,Healthy
17451,1036,2025-07-01,44,26,21,0,2025-07-27,Healthy
17452,1036,2025-08-01,39,16,42,1,2025-08-27,Healthy
17453,1036,2025-09-01,53,15,47,2,2025-09-30,Healthy
17454,1036,2025-10-01,52,26,27,2,2025-10-27,Healthy
17455,1036,2025-11-01,42,29,31,0,2025-11-29,Healthy
17456,1036,2025-12-01,53,19,29,2,2025-12-27,Healthy
17457,1036,2026-01-01,56,21,23,1,2026-01-28,Healthy
17458,1036,2026-02-01,52,23,23,0,2026-02-24,Healthy
17459,1036,2026-03-01,40,26,29,0,2026-03-30,Healthy
17460,1036,2026-04-01,49,16,20,2,2026-04-25,Healthy
17461,1036,2026-05-01,36,23,31,0,2026-05-29,Healthy
17462,1036,2026-06-01,34,23,30,0,2026-06-25,Healthy
17463,1037,2024-05-01,3,8,11,5,2024-05-22,At Risk
17464,1037,2024-06-01,1,1,6,8,2024-06-11,Critical
17465,1037,2024-07-01,5,28,47,0,2024-07-28,Healthy
17466,1037,2024-08-01,9,27,21,2,2024-08-31,Healthy
17467,1037,2024-09-01,6,26,32,1,2024-09-25,Healthy
17468,1037,2024-10-01,6,30,41,2,2024-10-28,Healthy
17469,1037,2024-11-01,6,24,20,2,2024-11-29,Healthy
17470,1037,2024-12-01,5,23,24,1,2024-12-30,Healthy
17471,1037,2025-01-01,7,16,34,0,2025-01-30,Healthy
17472,1037,2025-02-01,8,16,29,1,2025-02-23,Healthy
17473,1037,2025-03-01,4,27,25,2,2025-03-29,Healthy
17474,1037,2025-04-01,7,26,44,2,2025-04-30,Healthy
17475,1037,2025-05-01,8,22,31,0,2025-05-28,Healthy
17476,1037,2025-06-01,8,23,34,2,2025-06-27,Healthy
17477,1037,2025-07-01,6,18,44,1,2025-07-31,Healthy
17478,1037,2025-08-01,8,24,24,0,2025-08-30,Healthy
17479,1037,2025-09-01,4,6,15,5,2025-09-22,At Risk
17480,1037,2025-10-01,2,6,10,3,2025-10-25,At Risk
17481,1037,2025-11-01,3,6,18,5,2025-11-21,At Risk
17482,1037,2025-12-01,3,13,15,2,2025-12-24,At Risk
17483,1037,2026-01-01,1,1,5,8,2026-01-15,Critical
17484,1037,2026-02-01,3,6,18,5,2026-02-15,At Risk
17485,1037,2026-03-01,4,11,15,2,2026-03-16,At Risk
17486,1037,2026-04-01,5,25,20,0,2026-04-28,Healthy
17487,1037,2026-05-01,8,28,48,2,2026-05-28,Healthy
17488,1037,2026-06-01,5,19,27,1,2026-06-30,Healthy
17489,1038,2025-08-01,70,15,28,0,2025-08-31,Healthy
17490,1038,2025-09-01,38,7,11,5,2025-09-21,At Risk
17491,1038,2025-10-01,37,12,11,2,2025-10-21,At Risk
17492,1038,2025-11-01,9,1,6,4,2025-10-31,Critical
17493,1038,2025-12-01,26,13,13,2,2025-12-16,At Risk
17494,1038,2026-01-01,52,16,21,1,2026-01-31,Healthy
17495,1038,2026-02-01,58,23,34,2,2026-02-23,Healthy
17496,1038,2026-03-01,72,19,28,0,2026-03-26,Healthy
17497,1038,2026-04-01,63,30,28,2,2026-04-30,Healthy
17498,1038,2026-05-01,60,15,39,2,2026-05-29,Healthy
17499,1038,2026-06-01,44,23,41,2,2026-06-26,Healthy
17500,1039,2025-10-01,48,22,42,1,2025-10-31,Healthy
17501,1039,2025-11-01,47,23,41,2,2025-11-25,Healthy
17502,1039,2025-12-01,68,29,33,0,2025-12-30,Healthy
17503,1039,2026-01-01,26,8,8,4,2026-01-21,At Risk
17504,1039,2026-02-01,37,13,15,5,2026-02-14,At Risk
17505,1039,2026-03-01,28,6,14,1,2026-03-21,At Risk
17506,1039,2026-04-01,8,0,1,4,2026-04-10,Critical
17507,1039,2026-05-01,4,4,3,8,2026-05-01,Critical
17508,1039,2026-06-01,8,0,7,3,2026-06-12,Critical
17509,1040,2024-04-01,33,17,47,1,2024-04-27,Healthy
17510,1040,2024-05-01,27,30,41,1,2024-05-29,Healthy
17511,1040,2024-06-01,14,14,11,3,2024-06-22,At Risk
17512,1040,2024-07-01,13,11,9,1,2024-07-22,At Risk
17513,1040,2024-08-01,13,10,9,5,2024-08-18,At Risk
17514,1040,2024-09-01,41,26,34,0,2024-09-27,Healthy
17515,1040,2024-10-01,27,23,28,0,2024-10-30,Healthy
17516,1040,2024-11-01,41,22,30,1,2024-11-29,Healthy
17517,1040,2024-12-01,36,19,30,0,2024-12-26,Healthy
17518,1040,2025-01-01,25,24,49,0,2025-01-31,Healthy
17519,1040,2025-02-01,41,18,41,0,2025-02-28,Healthy
17520,1040,2025-03-01,31,19,35,1,2025-03-31,Healthy
17521,1040,2025-04-01,46,27,37,1,2025-04-26,Healthy
17522,1040,2025-05-01,19,14,19,3,2025-05-25,At Risk
17523,1040,2025-06-01,10,7,8,1,2025-06-15,At Risk
17524,1040,2025-07-01,22,11,9,5,2025-07-18,At Risk
17525,1040,2025-08-01,3,2,0,6,2025-08-10,Critical
17526,1040,2025-09-01,19,9,11,1,2025-09-19,At Risk
17527,1040,2025-10-01,22,7,17,4,2025-10-17,At Risk
17528,1040,2025-11-01,39,18,50,1,2025-11-30,Healthy
17529,1040,2025-12-01,34,16,30,1,2025-12-27,Healthy
17530,1040,2026-01-01,4,2,1,7,2026-01-15,Critical
17531,1040,2026-02-01,12,11,14,1,2026-02-22,At Risk
17532,1040,2026-03-01,12,14,11,4,2026-03-16,At Risk
17533,1040,2026-04-01,32,22,20,1,2026-04-28,Healthy
17534,1040,2026-05-01,37,17,29,1,2026-05-26,Healthy
17535,1040,2026-06-01,22,10,13,1,2026-06-24,At Risk
17536,1041,2025-08-01,562,11,14,1,2025-08-25,At Risk
17537,1041,2025-09-01,311,2,2,4,2025-09-11,Critical
17538,1041,2025-10-01,424,4,6,3,2025-10-14,Critical
17539,1041,2025-11-01,185,1,1,8,2025-11-09,Critical
17540,1041,2025-12-01,199,3,1,4,2025-12-11,Critical
17541,1041,2026-01-01,1029,14,13,4,2026-01-18,At Risk
17542,1041,2026-02-01,1993,15,33,0,2026-02-23,Healthy
17543,1041,2026-03-01,1009,12,17,5,2026-03-21,At Risk
17544,1041,2026-04-01,565,5,18,1,2026-04-17,At Risk
17545,1041,2026-05-01,977,7,9,3,2026-05-25,At Risk
17546,1041,2026-06-01,2531,25,21,0,2026-06-29,Healthy
17547,1042,2025-06-01,28,14,18,4,2025-06-24,At Risk
17548,1042,2025-07-01,20,2,1,8,2025-07-11,Critical
17549,1042,2025-08-01,3,2,6,6,2025-08-13,Critical
17550,1042,2025-09-01,29,11,10,3,2025-09-19,At Risk
17551,1042,2025-10-01,32,10,14,5,2025-10-23,At Risk
17552,1042,2025-11-01,80,29,46,0,2025-11-25,Healthy
17553,1042,2025-12-01,71,26,39,1,2025-12-27,Healthy
17554,1042,2026-01-01,51,8,11,5,2026-01-24,At Risk
17555,1042,2026-02-01,7,2,5,7,2026-01-30,Critical
17556,1042,2026-03-01,15,2,4,8,2026-03-03,Critical
17557,1042,2026-04-01,9,2,1,3,2026-04-09,Critical
17558,1042,2026-05-01,52,9,14,4,2026-05-21,At Risk
17559,1042,2026-06-01,60,30,36,1,2026-06-26,Healthy
17560,1043,2025-11-01,16,21,35,2,2025-11-26,Healthy
17561,1043,2025-12-01,7,6,9,3,2025-12-18,At Risk
17562,1043,2026-01-01,7,6,9,3,2026-01-19,At Risk
17563,1043,2026-02-01,12,14,12,4,2026-02-17,At Risk
17564,1043,2026-03-01,6,13,11,3,2026-03-20,At Risk
17565,1043,2026-04-01,19,18,23,1,2026-04-25,Healthy
17566,1043,2026-05-01,16,21,45,2,2026-05-30,Healthy
17567,1043,2026-06-01,29,28,37,0,2026-06-30,Healthy
17568,1044,2025-01-01,564,25,47,1,2025-01-31,Healthy
17569,1044,2025-02-01,657,18,37,0,2025-02-27,Healthy
17570,1044,2025-03-01,491,29,35,2,2025-03-30,Healthy
17571,1044,2025-04-01,768,20,35,2,2025-04-27,Healthy
17572,1044,2025-05-01,131,2,2,5,2025-05-07,Critical
17573,1044,2025-06-01,111,1,1,5,2025-06-11,Critical
17574,1044,2025-07-01,25,2,7,3,2025-07-07,Critical
17575,1044,2025-08-01,220,8,8,1,2025-08-19,At Risk
17576,1044,2025-09-01,833,23,45,2,2025-09-28,Healthy
17577,1044,2025-10-01,529,15,36,0,2025-10-29,Healthy
17578,1044,2025-11-01,726,20,21,2,2025-11-26,Healthy
17579,1044,2025-12-01,546,29,43,1,2025-12-28,Healthy
17580,1044,2026-01-01,238,6,18,1,2026-01-23,At Risk
17581,1044,2026-02-01,418,5,10,1,2026-02-13,At Risk
17582,1044,2026-03-01,305,13,15,1,2026-03-20,At Risk
17583,1044,2026-04-01,67,4,5,8,2026-04-01,Critical
17584,1044,2026-05-01,157,3,7,5,2026-05-13,Critical
17585,1044,2026-06-01,722,20,23,0,2026-06-27,Healthy
17586,1045,2025-10-01,724,29,23,2,2025-10-29,Healthy
17587,1045,2025-11-01,1021,16,22,2,2025-11-29,Healthy
17588,1045,2025-12-01,174,3,7,5,2025-12-03,Critical
17589,1045,2026-01-01,155,0,2,8,2026-01-13,Critical
17590,1045,2026-02-01,297,14,17,3,2026-02-16,At Risk
17591,1045,2026-03-01,175,1,6,8,2026-03-12,Critical
17592,1045,2026-04-01,424,14,9,3,2026-04-19,At Risk
17593,1045,2026-05-01,333,5,15,3,2026-05-24,At Risk
17594,1045,2026-06-01,553,6,13,1,2026-06-21,At Risk
17595,1046,2026-02-01,19,16,50,0,2026-02-26,Healthy
17596,1046,2026-03-01,30,17,35,0,2026-03-26,Healthy
17597,1046,2026-04-01,29,22,39,2,2026-04-28,Healthy
17598,1046,2026-05-01,17,12,9,4,2026-05-17,At Risk
17599,1046,2026-06-01,12,7,16,4,2026-06-16,At Risk
17600,1047,2024-08-01,4,2,1,8,2024-08-10,Critical
17601,1047,2024-09-01,12,29,23,2,2024-09-30,Healthy
17602,1047,2024-10-01,17,19,32,1,2024-10-28,Healthy
17603,1047,2024-11-01,20,18,35,0,2024-11-25,Healthy
17604,1047,2024-12-01,12,17,21,0,2024-12-27,Healthy
17605,1047,2025-01-01,9,14,10,1,2025-01-20,At Risk
17606,1047,2025-02-01,14,17,30,1,2025-02-23,Healthy
17607,1047,2025-03-01,14,20,25,0,2025-03-27,Healthy
17608,1047,2025-04-01,10,6,11,3,2025-04-21,At Risk
17609,1047,2025-05-01,20,20,42,1,2025-05-29,Healthy
17610,1047,2025-06-01,18,25,48,2,2025-06-28,Healthy
17611,1047,2025-07-01,24,20,45,2,2025-07-26,Healthy
17612,1047,2025-08-01,18,18,29,0,2025-08-31,Healthy
17613,1047,2025-09-01,19,23,33,0,2025-09-30,Healthy
17614,1047,2025-10-01,22,19,41,0,2025-10-30,Healthy
17615,1047,2025-11-01,13,20,40,2,2025-11-27,Healthy
17616,1047,2025-12-01,22,20,25,1,2025-12-27,Healthy
17617,1047,2026-01-01,14,22,22,2,2026-01-30,Healthy
17618,1047,2026-02-01,23,18,21,1,2026-02-25,Healthy
17619,1047,2026-03-01,17,18,20,0,2026-03-28,Healthy
17620,1047,2026-04-01,22,30,26,1,2026-04-26,Healthy
17621,1047,2026-05-01,21,26,31,1,2026-05-27,Healthy
17622,1047,2026-06-01,18,22,47,1,2026-06-25,Healthy
17623,1048,2024-02-01,33,17,46,1,2024-02-26,Healthy
17624,1048,2024-03-01,35,16,35,1,2024-03-30,Healthy
17625,1048,2024-04-01,35,21,37,1,2024-04-28,Healthy
17626,1048,2024-05-01,46,19,36,1,2024-05-31,Healthy
17627,1048,2024-06-01,55,24,38,0,2024-06-26,Healthy
17628,1048,2024-07-01,41,30,49,2,2024-07-26,Healthy
17629,1048,2024-08-01,61,22,42,1,2024-08-29,Healthy
17630,1048,2024-09-01,63,19,47,0,2024-09-25,Healthy
17631,1048,2024-10-01,36,15,41,1,2024-10-31,Healthy
17632,1048,2024-11-01,61,15,25,1,2024-11-25,Healthy
17633,1048,2024-12-01,45,20,49,1,2024-12-26,Healthy
17634,1048,2025-01-01,51,25,30,1,2025-01-30,Healthy
17635,1048,2025-02-01,44,28,23,2,2025-02-24,Healthy
17636,1048,2025-03-01,64,17,25,0,2025-03-26,Healthy
17637,1048,2025-04-01,58,24,23,0,2025-04-28,Healthy
17638,1048,2025-05-01,39,23,30,2,2025-05-31,Healthy
17639,1048,2025-06-01,37,26,50,0,2025-06-26,Healthy
17640,1048,2025-07-01,47,23,47,0,2025-07-28,Healthy
17641,1048,2025-08-01,45,17,25,1,2025-08-28,Healthy
17642,1048,2025-09-01,11,2,1,3,2025-09-07,Critical
17643,1048,2025-10-01,41,19,32,0,2025-10-31,Healthy
17644,1048,2025-11-01,56,30,33,2,2025-11-27,Healthy
17645,1048,2025-12-01,37,26,21,0,2025-12-27,Healthy
17646,1048,2026-01-01,18,12,11,5,2026-01-25,At Risk
17647,1048,2026-02-01,63,22,32,2,2026-02-28,Healthy
17648,1048,2026-03-01,43,30,45,2,2026-03-27,Healthy
17649,1048,2026-04-01,55,26,37,2,2026-04-25,Healthy
17650,1048,2026-05-01,49,22,38,0,2026-05-28,Healthy
17651,1048,2026-06-01,34,24,50,2,2026-06-30,Healthy
17652,1049,2024-04-01,56,8,16,3,2024-04-24,At Risk
17653,1049,2024-05-01,24,4,7,3,2024-05-12,Critical
17654,1049,2024-06-01,37,2,7,8,2024-05-31,Critical
17655,1049,2024-07-01,37,3,0,5,2024-07-06,Critical
17656,1049,2024-08-01,45,0,6,6,2024-08-03,Critical
17657,1049,2024-09-01,21,0,0,8,2024-09-13,Critical
17658,1049,2024-10-01,101,11,19,3,2024-10-25,At Risk
17659,1049,2024-11-01,202,18,33,0,2024-11-30,Healthy
17660,1049,2024-12-01,51,6,9,5,2024-12-21,At Risk
17661,1049,2025-01-01,27,3,3,7,2025-01-13,Critical
17662,1049,2025-02-01,83,9,11,4,2025-02-19,At Risk
17663,1049,2025-03-01,10,0,0,5,2025-03-01,Critical
17664,1049,2025-04-01,54,5,15,2,2025-04-24,At Risk
17665,1049,2025-05-01,170,23,27,0,2025-05-27,Healthy
17666,1049,2025-06-01,240,23,44,1,2025-06-28,Healthy
17667,1049,2025-07-01,152,15,42,1,2025-07-28,Healthy
17668,1049,2025-08-01,126,26,23,0,2025-08-26,Healthy
17669,1049,2025-09-01,244,16,34,2,2025-09-27,Healthy
17670,1049,2025-10-01,167,25,23,1,2025-10-26,Healthy
17671,1049,2025-11-01,223,30,24,1,2025-11-25,Healthy
17672,1049,2025-12-01,148,15,43,2,2025-12-28,Healthy
17673,1049,2026-01-01,77,14,12,4,2026-01-19,At Risk
17674,1049,2026-02-01,10,2,6,7,2026-02-08,Critical
17675,1049,2026-03-01,45,1,2,8,2026-03-07,Critical
17676,1049,2026-04-01,24,4,0,3,2026-04-01,Critical
17677,1049,2026-05-01,12,2,1,3,2026-05-06,Critical
17678,1049,2026-06-01,33,1,0,6,2026-06-05,Critical
17679,1050,2025-10-01,252,30,30,1,2025-10-28,Healthy
17680,1050,2025-11-01,238,17,29,1,2025-11-30,Healthy
17681,1050,2025-12-01,141,28,42,0,2025-12-31,Healthy
17682,1050,2026-01-01,217,24,35,1,2026-01-30,Healthy
17683,1050,2026-02-01,170,15,35,1,2026-02-23,Healthy
17684,1050,2026-03-01,166,25,36,1,2026-03-26,Healthy
17685,1050,2026-04-01,178,29,43,1,2026-04-26,Healthy
17686,1050,2026-05-01,251,18,44,2,2026-05-27,Healthy
17687,1050,2026-06-01,252,19,47,2,2026-06-28,Healthy
17688,1051,2025-11-01,1388,25,27,1,2025-11-28,Healthy
17689,1051,2025-12-01,1172,19,37,0,2025-12-29,Healthy
17690,1051,2026-01-01,644,11,8,3,2026-01-21,At Risk
17691,1051,2026-02-01,264,1,7,4,2026-02-10,Critical
17692,1051,2026-03-01,311,4,7,7,2026-03-13,Critical
17693,1051,2026-04-01,297,4,0,7,2026-04-11,Critical
17694,1051,2026-05-01,252,1,7,8,2026-05-07,Critical
17695,1051,2026-06-01,243,1,3,6,2026-06-13,Critical
17696,1052,2025-04-01,18,2,2,5,2025-04-09,Critical
17697,1052,2025-05-01,104,13,19,1,2025-05-22,At Risk
17698,1052,2025-06-01,114,13,10,1,2025-06-24,At Risk
17699,1052,2025-07-01,81,5,12,3,2025-07-24,At Risk
17700,1052,2025-08-01,364,20,39,1,2025-08-28,Healthy
17701,1052,2025-09-01,365,26,22,0,2025-09-27,Healthy
17702,1052,2025-10-01,227,15,22,2,2025-10-28,Healthy
17703,1052,2025-11-01,361,23,25,1,2025-11-28,Healthy
17704,1052,2025-12-01,383,27,46,2,2025-12-30,Healthy
17705,1052,2026-01-01,306,24,29,0,2026-01-28,Healthy
17706,1052,2026-02-01,377,15,39,0,2026-02-23,Healthy
17707,1052,2026-03-01,317,23,27,1,2026-03-29,Healthy
17708,1052,2026-04-01,142,13,14,5,2026-04-19,At Risk
17709,1052,2026-05-01,179,8,13,3,2026-05-19,At Risk
17710,1052,2026-06-01,118,6,19,4,2026-06-16,At Risk
17711,1053,2026-04-01,27,2,6,6,2026-04-11,Critical
17712,1053,2026-05-01,473,25,39,2,2026-05-29,Healthy
17713,1053,2026-06-01,91,3,7,3,2026-06-07,Critical
17714,1054,2024-02-01,30,17,35,2,2024-02-27,Healthy
17715,1054,2024-03-01,45,18,35,0,2024-03-26,Healthy
17716,1054,2024-04-01,30,23,25,2,2024-04-27,Healthy
17717,1054,2024-05-01,24,14,19,1,2024-05-23,At Risk
17718,1054,2024-06-01,24,12,18,4,2024-06-23,At Risk
17719,1054,2024-07-01,31,28,34,0,2024-07-28,Healthy
17720,1054,2024-08-01,34,30,26,2,2024-08-26,Healthy
17721,1054,2024-09-01,31,24,36,1,2024-09-25,Healthy
17722,1054,2024-10-01,53,22,46,1,2024-10-30,Healthy
17723,1054,2024-11-01,28,30,47,1,2024-11-29,Healthy
17724,1054,2024-12-01,7,4,5,8,2024-12-02,Critical
17725,1054,2025-01-01,39,20,32,1,2025-01-27,Healthy
17726,1054,2025-02-01,27,8,16,4,2025-02-18,At Risk
17727,1054,2025-03-01,17,8,9,3,2025-03-17,At Risk
17728,1054,2025-04-01,15,6,15,3,2025-04-22,At Risk
17729,1054,2025-05-01,43,20,25,2,2025-05-29,Healthy
17730,1054,2025-06-01,27,21,37,1,2025-06-26,Healthy
17731,1054,2025-07-01,38,15,45,1,2025-07-27,Healthy
17732,1054,2025-08-01,7,3,3,4,2025-08-11,Critical
17733,1054,2025-09-01,22,14,12,1,2025-09-15,At Risk
17734,1054,2025-10-01,36,21,31,0,2025-10-28,Healthy
17735,1054,2025-11-01,27,21,25,2,2025-11-27,Healthy
17736,1054,2025-12-01,39,25,35,2,2025-12-28,Healthy
17737,1054,2026-01-01,48,19,40,0,2026-01-31,Healthy
17738,1054,2026-02-01,53,20,35,1,2026-02-24,Healthy
17739,1054,2026-03-01,32,27,34,1,2026-03-29,Healthy
17740,1054,2026-04-01,40,27,27,1,2026-04-26,Healthy
17741,1054,2026-05-01,22,10,17,5,2026-05-18,At Risk
17742,1054,2026-06-01,17,8,16,5,2026-06-22,At Risk
17743,1055,2025-07-01,12,11,19,5,2025-07-16,At Risk
17744,1055,2025-08-01,33,22,40,2,2025-08-27,Healthy
17745,1055,2025-09-01,17,14,10,4,2025-09-17,At Risk
17746,1055,2025-10-01,10,13,8,1,2025-10-18,At Risk
17747,1055,2025-11-01,12,9,19,1,2025-11-21,At Risk
17748,1055,2025-12-01,9,11,11,1,2025-12-20,At Risk
17749,1055,2026-01-01,3,4,4,5,2026-01-10,Critical
17750,1055,2026-02-01,5,3,3,4,2026-02-04,Critical
17751,1055,2026-03-01,6,2,3,4,2026-03-13,Critical
17752,1055,2026-04-01,6,4,1,7,2026-03-31,Critical
17753,1055,2026-05-01,24,29,42,0,2026-05-30,Healthy
17754,1055,2026-06-01,25,17,31,2,2026-06-30,Healthy
17755,1056,2024-12-01,4,1,2,3,2024-12-07,Critical
17756,1056,2025-01-01,13,13,8,5,2025-01-16,At Risk
17757,1056,2025-02-01,23,5,18,4,2025-02-15,At Risk
17758,1056,2025-03-01,4,1,4,3,2025-03-12,Critical
17759,1056,2025-04-01,4,4,1,6,2025-04-14,Critical
17760,1056,2025-05-01,14,13,12,1,2025-05-17,At Risk
17761,1056,2025-06-01,27,26,33,1,2025-06-27,Healthy
17762,1056,2025-07-01,41,29,34,0,2025-07-29,Healthy
17763,1056,2025-08-01,44,28,34,1,2025-08-30,Healthy
17764,1056,2025-09-01,33,20,27,1,2025-09-25,Healthy
17765,1056,2025-10-01,42,21,39,1,2025-10-26,Healthy
17766,1056,2025-11-01,42,19,28,2,2025-11-27,Healthy
17767,1056,2025-12-01,47,24,39,2,2025-12-26,Healthy
17768,1056,2026-01-01,35,27,25,2,2026-01-31,Healthy
17769,1056,2026-02-01,47,27,36,2,2026-02-25,Healthy
17770,1056,2026-03-01,38,19,44,2,2026-03-26,Healthy
17771,1056,2026-04-01,22,13,18,1,2026-04-24,At Risk
17772,1056,2026-05-01,44,23,48,0,2026-05-30,Healthy
17773,1056,2026-06-01,32,23,39,2,2026-06-28,Healthy
17774,1057,2024-08-01,10,0,2,6,2024-08-04,Critical
17775,1057,2024-09-01,16,9,11,1,2024-09-19,At Risk
17776,1057,2024-10-01,4,3,0,8,2024-10-05,Critical
17777,1057,2024-11-01,11,4,0,8,2024-11-05,Critical
17778,1057,2024-12-01,23,14,17,1,2024-12-21,At Risk
17779,1057,2025-01-01,41,25,40,2,2025-01-27,Healthy
17780,1057,2025-02-01,50,20,27,2,2025-02-24,Healthy
17781,1057,2025-03-01,52,30,26,0,2025-03-29,Healthy
17782,1057,2025-04-01,34,23,48,0,2025-04-25,Healthy
17783,1057,2025-05-01,19,9,15,5,2025-05-22,At Risk
17784,1057,2025-06-01,3,0,6,5,2025-06-08,Critical
17785,1057,2025-07-01,6,1,5,6,2025-07-10,Critical
17786,1057,2025-08-01,14,7,9,5,2025-08-25,At Risk
17787,1057,2025-09-01,16,5,19,2,2025-09-22,At Risk
17788,1057,2025-10-01,30,13,10,4,2025-10-17,At Risk
17789,1057,2025-11-01,29,8,14,5,2025-11-17,At Risk
17790,1057,2025-12-01,17,11,16,4,2025-12-25,At Risk
17791,1057,2026-01-01,4,3,4,6,2026-01-06,Critical
17792,1057,2026-02-01,9,1,2,3,2026-01-30,Critical
17793,1057,2026-03-01,3,3,0,7,2026-03-08,Critical
17794,1057,2026-04-01,3,0,2,7,2026-04-09,Critical
17795,1057,2026-05-01,6,4,2,4,2026-05-05,Critical
17796,1057,2026-06-01,11,1,2,8,2026-06-07,Critical
17797,1058,2025-05-01,370,16,41,0,2025-05-27,Healthy
17798,1058,2025-06-01,276,15,21,0,2025-06-27,Healthy
17799,1058,2025-07-01,254,23,38,2,2025-07-29,Healthy
17800,1058,2025-08-01,282,18,27,1,2025-08-29,Healthy
17801,1058,2025-09-01,217,28,36,0,2025-09-30,Healthy
17802,1058,2025-10-01,88,12,8,4,2025-10-25,At Risk
17803,1058,2025-11-01,140,7,15,2,2025-11-18,At Risk
17804,1058,2025-12-01,23,0,0,8,2025-12-12,Critical
17805,1058,2026-01-01,129,11,15,2,2026-01-24,At Risk
17806,1058,2026-02-01,348,16,50,0,2026-02-27,Healthy
17807,1058,2026-03-01,275,25,49,2,2026-03-29,Healthy
17808,1058,2026-04-01,270,29,23,1,2026-04-28,Healthy
17809,1058,2026-05-01,212,29,24,0,2026-05-26,Healthy
17810,1058,2026-06-01,371,24,35,0,2026-06-27,Healthy
17811,1059,2024-08-01,42,20,20,0,2024-08-27,Healthy
17812,1059,2024-09-01,45,24,33,1,2024-09-30,Healthy
17813,1059,2024-10-01,35,23,23,2,2024-10-26,Healthy
17814,1059,2024-11-01,24,17,36,0,2024-11-27,Healthy
17815,1059,2024-12-01,28,18,40,2,2024-12-31,Healthy
17816,1059,2025-01-01,44,28,42,2,2025-01-30,Healthy
17817,1059,2025-02-01,47,23,45,2,2025-02-27,Healthy
17818,1059,2025-03-01,34,16,25,0,2025-03-30,Healthy
17819,1059,2025-04-01,45,16,45,1,2025-04-30,Healthy
17820,1059,2025-05-01,39,21,47,2,2025-05-31,Healthy
17821,1059,2025-06-01,39,22,23,1,2025-06-27,Healthy
17822,1059,2025-07-01,5,4,4,6,2025-07-11,Critical
17823,1059,2025-08-01,8,3,2,7,2025-08-08,Critical
17824,1059,2025-09-01,4,4,0,3,2025-09-04,Critical
17825,1059,2025-10-01,5,0,3,4,2025-10-06,Critical
17826,1059,2025-11-01,8,3,6,3,2025-11-02,Critical
17827,1059,2025-12-01,8,3,0,4,2025-12-05,Critical
17828,1059,2026-01-01,6,3,1,3,2026-01-13,Critical
17829,1059,2026-02-01,2,2,6,7,2026-02-09,Critical
17830,1059,2026-03-01,15,12,19,4,2026-03-21,At Risk
17831,1059,2026-04-01,22,9,11,3,2026-04-15,At Risk
17832,1059,2026-05-01,23,14,11,1,2026-05-16,At Risk
17833,1059,2026-06-01,19,10,10,4,2026-06-15,At Risk
17834,1060,2024-10-01,101,5,10,2,2024-10-17,At Risk
17835,1060,2024-11-01,169,11,16,3,2024-11-16,At Risk
17836,1060,2024-12-01,43,2,0,3,2024-12-06,Critical
17837,1060,2025-01-01,95,13,17,3,2025-01-16,At Risk
17838,1060,2025-02-01,184,11,12,4,2025-02-17,At Risk
17839,1060,2025-03-01,178,8,12,5,2025-03-19,At Risk
17840,1060,2025-04-01,347,18,45,2,2025-04-28,Healthy
17841,1060,2025-05-01,222,28,35,0,2025-05-27,Healthy
17842,1060,2025-06-01,312,23,47,0,2025-06-30,Healthy
17843,1060,2025-07-01,213,20,20,2,2025-07-26,Healthy
17844,1060,2025-08-01,223,22,34,2,2025-08-26,Healthy
17845,1060,2025-09-01,244,28,50,1,2025-09-28,Healthy
17846,1060,2025-10-01,296,22,27,2,2025-10-27,Healthy
17847,1060,2025-11-01,359,21,30,2,2025-11-27,Healthy
17848,1060,2025-12-01,203,17,29,0,2025-12-30,Healthy
17849,1060,2026-01-01,245,29,26,0,2026-01-30,Healthy
17850,1060,2026-02-01,380,26,32,0,2026-02-25,Healthy
17851,1060,2026-03-01,321,16,48,2,2026-03-27,Healthy
17852,1060,2026-04-01,293,28,32,0,2026-04-25,Healthy
17853,1060,2026-05-01,44,4,6,8,2026-05-15,Critical
17854,1060,2026-06-01,104,10,10,4,2026-06-22,At Risk
17855,1061,2024-05-01,25,30,44,2,2024-05-27,Healthy
17856,1061,2024-06-01,21,27,45,1,2024-06-27,Healthy
17857,1061,2024-07-01,22,30,37,1,2024-07-30,Healthy
17858,1061,2024-08-01,28,24,41,1,2024-08-30,Healthy
17859,1061,2024-09-01,28,22,35,2,2024-09-26,Healthy
17860,1061,2024-10-01,24,27,26,0,2024-10-28,Healthy
17861,1061,2024-11-01,17,21,50,2,2024-11-25,Healthy
17862,1061,2024-12-01,22,26,20,1,2024-12-26,Healthy
17863,1061,2025-01-01,27,24,42,2,2025-01-29,Healthy
17864,1061,2025-02-01,18,17,48,2,2025-02-27,Healthy
17865,1061,2025-03-01,21,15,42,0,2025-03-30,Healthy
17866,1061,2025-04-01,28,20,34,1,2025-04-26,Healthy
17867,1061,2025-05-01,27,30,39,0,2025-05-31,Healthy
17868,1061,2025-06-01,23,18,36,1,2025-06-28,Healthy
17869,1061,2025-07-01,25,19,26,2,2025-07-26,Healthy
17870,1061,2025-08-01,6,11,8,4,2025-08-16,At Risk
17871,1061,2025-09-01,27,27,47,1,2025-09-29,Healthy
17872,1061,2025-10-01,27,18,50,2,2025-10-31,Healthy
17873,1061,2025-11-01,23,18,22,1,2025-11-30,Healthy
17874,1061,2025-12-01,23,20,22,2,2025-12-31,Healthy
17875,1061,2026-01-01,19,26,26,2,2026-01-27,Healthy
17876,1061,2026-02-01,18,29,33,0,2026-02-27,Healthy
17877,1061,2026-03-01,27,30,22,2,2026-03-31,Healthy
17878,1061,2026-04-01,20,18,34,1,2026-04-25,Healthy
17879,1061,2026-05-01,22,29,21,2,2026-05-30,Healthy
17880,1061,2026-06-01,19,25,38,0,2026-06-29,Healthy
17881,1062,2024-02-01,19,6,18,5,2024-02-19,At Risk
17882,1062,2024-03-01,8,0,1,6,2024-03-11,Critical
17883,1062,2024-04-01,5,1,1,4,2024-04-03,Critical
17884,1062,2024-05-01,10,2,7,4,2024-05-03,Critical
17885,1062,2024-06-01,9,4,6,8,2024-06-11,Critical
17886,1062,2024-07-01,6,2,3,6,2024-07-08,Critical
17887,1062,2024-08-01,9,3,7,6,2024-08-14,Critical
17888,1062,2024-09-01,9,0,4,6,2024-09-10,Critical
17889,1062,2024-10-01,29,9,14,2,2024-10-24,At Risk
17890,1062,2024-11-01,56,29,25,2,2024-11-29,Healthy
17891,1062,2024-12-01,62,22,42,0,2024-12-26,Healthy
17892,1062,2025-01-01,19,6,10,5,2025-01-23,At Risk
17893,1062,2025-02-01,34,16,33,2,2025-02-28,Healthy
17894,1062,2025-03-01,25,9,15,4,2025-03-19,At Risk
17895,1062,2025-04-01,5,1,3,6,2025-04-10,Critical
17896,1062,2025-05-01,7,0,4,6,2025-05-02,Critical
17897,1062,2025-06-01,18,7,19,2,2025-06-19,At Risk
17898,1062,2025-07-01,25,10,17,3,2025-07-25,At Risk
17899,1062,2025-08-01,2,3,7,5,2025-08-12,Critical
17900,1062,2025-09-01,29,10,10,1,2025-09-23,At Risk
17901,1062,2025-10-01,43,24,49,1,2025-10-26,Healthy
17902,1062,2025-11-01,42,22,44,2,2025-11-27,Healthy
17903,1062,2025-12-01,62,22,42,1,2025-12-27,Healthy
17904,1062,2026-01-01,26,5,14,2,2026-01-23,At Risk
17905,1062,2026-02-01,16,11,9,3,2026-02-19,At Risk
17906,1062,2026-03-01,34,17,32,2,2026-03-29,Healthy
17907,1062,2026-04-01,40,29,21,2,2026-04-26,Healthy
17908,1062,2026-05-01,29,12,19,3,2026-05-16,At Risk
17909,1062,2026-06-01,24,14,10,2,2026-06-16,At Risk
17910,1063,2026-01-01,27,30,27,2,2026-01-31,Healthy
17911,1063,2026-02-01,42,28,34,2,2026-02-23,Healthy
17912,1063,2026-03-01,33,22,24,2,2026-03-26,Healthy
17913,1063,2026-04-01,46,27,30,2,2026-04-30,Healthy
17914,1063,2026-05-01,36,18,34,2,2026-05-30,Healthy
17915,1063,2026-06-01,28,30,42,2,2026-06-29,Healthy
17916,1064,2025-10-01,124,28,35,0,2025-10-27,Healthy
17917,1064,2025-11-01,165,23,43,0,2025-11-26,Healthy
17918,1064,2025-12-01,173,22,41,2,2025-12-26,Healthy
17919,1064,2026-01-01,103,19,45,1,2026-01-26,Healthy
17920,1064,2026-02-01,115,26,35,1,2026-02-28,Healthy
17921,1064,2026-03-01,112,25,27,1,2026-03-29,Healthy
17922,1064,2026-04-01,143,16,48,1,2026-04-25,Healthy
17923,1064,2026-05-01,119,16,21,1,2026-05-28,Healthy
17924,1064,2026-06-01,140,20,42,1,2026-06-28,Healthy
17925,1065,2026-01-01,211,18,35,2,2026-01-27,Healthy
17926,1065,2026-02-01,195,26,37,1,2026-02-27,Healthy
17927,1065,2026-03-01,196,29,43,1,2026-03-28,Healthy
17928,1065,2026-04-01,172,20,36,1,2026-04-26,Healthy
17929,1065,2026-05-01,125,19,30,0,2026-05-29,Healthy
17930,1065,2026-06-01,127,20,30,2,2026-06-27,Healthy
17931,1066,2025-04-01,13,17,37,2,2025-04-30,Healthy
17932,1066,2025-05-01,11,19,50,2,2025-05-29,Healthy
17933,1066,2025-06-01,8,16,38,0,2025-06-28,Healthy
17934,1066,2025-07-01,8,20,42,1,2025-07-29,Healthy
17935,1066,2025-08-01,13,27,29,1,2025-08-28,Healthy
17936,1066,2025-09-01,12,26,26,2,2025-09-25,Healthy
17937,1066,2025-10-01,11,16,45,2,2025-10-30,Healthy
17938,1066,2025-11-01,2,1,6,7,2025-11-14,Critical
17939,1066,2025-12-01,1,1,5,4,2025-12-09,Critical
17940,1066,2026-01-01,6,11,12,4,2026-01-23,At Risk
17941,1066,2026-02-01,4,14,18,3,2026-02-22,At Risk
17942,1066,2026-03-01,2,1,0,7,2026-03-14,Critical
17943,1066,2026-04-01,6,12,17,4,2026-04-20,At Risk
17944,1066,2026-05-01,1,4,4,6,2026-05-14,Critical
17945,1066,2026-06-01,3,4,0,8,2026-06-07,Critical
17946,1067,2025-11-01,9,20,35,2,2025-11-25,Healthy
17947,1067,2025-12-01,4,9,18,5,2025-12-22,At Risk
17948,1067,2026-01-01,13,15,27,2,2026-01-30,Healthy
17949,1067,2026-02-01,12,21,29,0,2026-02-23,Healthy
17950,1067,2026-03-01,13,25,26,1,2026-03-27,Healthy
17951,1067,2026-04-01,10,18,39,1,2026-04-25,Healthy
17952,1067,2026-05-01,4,14,13,4,2026-05-18,At Risk
17953,1067,2026-06-01,8,19,43,1,2026-06-28,Healthy
17954,1068,2024-12-01,283,23,35,2,2024-12-29,Healthy
17955,1068,2025-01-01,182,5,8,5,2025-01-21,At Risk
17956,1068,2025-02-01,156,7,19,1,2025-02-17,At Risk
17957,1068,2025-03-01,120,9,19,2,2025-03-17,At Risk
17958,1068,2025-04-01,324,23,44,1,2025-04-25,Healthy
17959,1068,2025-05-01,124,14,17,2,2025-05-23,At Risk
17960,1068,2025-06-01,49,2,2,4,2025-06-09,Critical
17961,1068,2025-07-01,30,3,4,6,2025-07-07,Critical
17962,1068,2025-08-01,157,5,10,3,2025-08-19,At Risk
17963,1068,2025-09-01,71,3,5,6,2025-09-03,Critical
17964,1068,2025-10-01,13,4,1,5,2025-10-06,Critical
17965,1068,2025-11-01,55,4,4,5,2025-11-05,Critical
17966,1068,2025-12-01,59,0,5,5,2025-12-06,Critical
17967,1068,2026-01-01,37,1,2,6,2026-01-13,Critical
17968,1068,2026-02-01,61,4,7,3,2026-02-07,Critical
17969,1068,2026-03-01,30,4,4,6,2026-03-01,Critical
17970,1068,2026-04-01,59,4,7,5,2026-04-02,Critical
17971,1068,2026-05-01,302,21,20,1,2026-05-26,Healthy
17972,1068,2026-06-01,240,23,43,1,2026-06-30,Healthy
